Vehicle_ID,Vehicle_Type,Vehicle_Age,Mileage,Engine_Temp,RPM,Oil_Pressure,Fuel_Consumption,Battery_Voltage,Brake_Pressure,Tire_Pressure,Tire_Condition,Vibration_Level,Last_Service_Months,Accident_History,KM_Range_Before_Defect
V1,Sedan,2,105292,100,1908,50,6.1,11.62,41,37,Good,Low,7,Yes,"80,001+"
V2,Truck,5,118092,106,1681,33,16.7,11.63,43,92,Critical,High,12,Yes,"10,001–25,000"
V3,SUV,13,145965,91,2309,41,16.9,11.77,36,102,Good,Medium,4,No,"80,001+"
V4,Sedan,4,134240,96,1921,39,11.2,12.06,34,57,Moderate,Medium,4,No,"80,001+"
V5,Sedan,15,40626,93,2387,48,16.2,11.05,38,68,Worn,Low,4,No,"80,001+"
V6,Hatchback,14,163528,93,1526,32,18.1,11.45,30,56,Worn,High,10,No,"50,001–80,000"
V7,Truck,5,164886,96,2224,43,14.7,12.7,35,50,Critical,High,4,Yes,"50,001–80,000"
V8,Sedan,12,153805,108,2738,23,7.0,11.99,40,72,Moderate,Medium,3,Yes,"25,001–50,000"
V9,SUV,15,155042,105,2376,24,5.1,11.73,38,64,Moderate,Low,3,Yes,"25,001–50,000"
V10,Sedan,13,130468,96,2934,30,16.3,11.85,40,73,Critical,Low,3,No,"50,001–80,000"
V11,SUV,3,172594,88,2539,39,16.4,12.39,43,86,Worn,Medium,7,Yes,"80,001+"
V12,Sedan,2,109158,90,1825,27,9.0,12.86,40,44,Critical,Medium,2,No,"50,001–80,000"
V13,SUV,5,191363,90,2533,49,19.2,12.11,33,53,Worn,Low,3,No,"80,001+"
V14,SUV,10,145661,89,2987,43,13.2,12.62,31,36,Good,Low,4,No,"80,001+"
V15,Sedan,1,160069,86,2024,50,18.0,12.77,39,34,Good,Low,7,Yes,"80,001+"
V16,Hatchback,7,191038,100,2858,29,6.6,11.61,41,107,Worn,Low,10,Yes,"50,001–80,000"
V17,SUV,14,130600,102,2467,39,10.5,11.3,44,96,Moderate,Medium,1,Yes,"50,001–80,000"
V18,Hatchback,13,146568,87,2917,39,16.1,11.57,43,44,Good,Medium,8,No,"80,001+"
V19,Truck,13,181162,85,2690,26,19.6,11.36,30,45,Moderate,Medium,11,No,"50,001–80,000"
V20,Truck,8,148338,97,1757,49,12.8,12.8,37,79,Critical,Medium,2,Yes,"80,001+"
V21,Truck,12,103494,110,2889,46,15.6,12.72,37,90,Critical,Low,11,No,"25,001–50,000"
V22,Hatchback,5,198244,107,2346,37,8.5,12.71,37,94,Worn,Medium,1,Yes,"80,001+"
V23,Sedan,4,163340,95,2444,46,19.2,11.08,39,97,Moderate,Low,2,No,"80,001+"
V24,Hatchback,1,81582,103,2886,23,15.4,11.71,43,41,Worn,Low,3,Yes,"50,001–80,000"
V25,Truck,15,169416,88,2397,30,5.7,11.75,40,79,Critical,Low,6,No,"50,001–80,000"
V26,Truck,15,43118,100,2990,20,14.7,11.61,40,42,Good,High,6,Yes,"25,001–50,000"
V27,Sedan,10,159986,94,2918,45,14.1,11.33,33,49,Worn,High,6,Yes,"80,001+"
V28,Hatchback,12,37566,107,2011,39,8.3,11.86,35,49,Moderate,Low,8,No,"50,001–80,000"
V29,Sedan,7,17125,97,1629,21,14.3,12.96,31,39,Worn,Medium,6,Yes,"80,001+"
V30,Truck,14,104430,108,1728,27,19.3,12.96,41,110,Good,Medium,7,Yes,"25,001–50,000"
V31,Sedan,9,17136,89,1690,42,5.6,12.39,30,84,Critical,Medium,6,Yes,"80,001+"
V32,Hatchback,2,150293,86,2319,40,6.6,12.15,39,97,Good,Low,3,No,"80,001+"
V33,Sedan,15,129212,102,2201,25,14.2,12.68,30,86,Worn,Low,5,Yes,"25,001–50,000"
V34,Truck,14,115186,103,1970,44,8.6,11.71,30,92,Critical,Medium,8,Yes,"25,001–50,000"
V35,Truck,3,167030,101,1623,45,8.5,12.31,41,65,Moderate,Low,4,No,"80,001+"
V36,Truck,7,197247,87,2894,45,18.3,12.41,32,46,Moderate,Medium,4,Yes,"80,001+"
V37,Hatchback,15,101580,97,1546,20,8.6,11.78,35,85,Worn,High,7,Yes,"25,001–50,000"
V38,Sedan,13,56046,90,2730,36,12.8,11.09,30,66,Critical,Low,5,No,"50,001–80,000"
V39,Sedan,2,98973,98,2586,27,8.2,12.48,44,64,Critical,Medium,9,Yes,"25,001–50,000"
V40,Sedan,3,114804,104,1665,29,17.4,12.01,43,98,Critical,Low,9,No,"10,001–25,000"
V41,Sedan,12,196919,98,2885,30,10.5,11.84,31,91,Worn,High,7,Yes,"50,001–80,000"
V42,SUV,7,195913,97,1868,31,9.5,11.34,37,40,Good,High,6,No,"80,001+"
V43,Hatchback,9,93392,97,2362,25,9.8,11.28,33,60,Worn,Medium,8,Yes,"80,001+"
V44,Sedan,6,173346,87,1736,20,13.3,11.78,40,63,Good,Medium,9,Yes,"50,001–80,000"
V45,Truck,1,160248,103,2292,44,19.3,12.59,44,55,Good,High,12,Yes,"25,001–50,000"
V46,SUV,4,143409,92,1814,40,10.4,12.82,44,103,Moderate,High,8,No,"80,001+"
V47,SUV,9,52608,87,2897,35,19.2,12.3,40,76,Critical,Medium,2,No,"80,001+"
V48,SUV,9,169294,91,2398,35,13.9,11.86,33,60,Moderate,Medium,7,Yes,"80,001+"
V49,Sedan,14,193869,100,2394,35,10.0,11.35,40,39,Moderate,Medium,2,Yes,"80,001+"
V50,SUV,11,142407,86,1637,44,12.6,12.9,43,54,Good,Low,4,No,"80,001+"
V51,Hatchback,7,85260,98,2859,46,14.1,11.22,37,63,Critical,Low,10,Yes,"50,001–80,000"
V52,Truck,6,118449,106,1742,34,6.9,11.76,34,90,Critical,Medium,3,Yes,"50,001–80,000"
V53,SUV,8,58906,97,2117,35,11.0,12.86,35,101,Worn,Low,4,No,"80,001+"
V54,Hatchback,15,108120,110,2939,46,5.7,11.18,41,37,Critical,High,10,No,"10,001–25,000"
V55,Truck,1,58659,90,2421,48,13.8,11.33,34,90,Good,Medium,5,Yes,"80,001+"
V56,Truck,11,164304,86,2320,30,19.4,11.24,40,43,Good,Medium,9,Yes,"80,001+"
V57,SUV,4,59777,87,2275,21,15.2,12.34,43,110,Good,High,7,No,"50,001–80,000"
V58,SUV,11,112514,87,2095,31,10.6,11.76,42,81,Worn,Low,3,Yes,"80,001+"
V59,SUV,4,157795,102,2571,23,19.7,11.14,43,34,Good,Medium,12,Yes,"25,001–50,000"
V60,Hatchback,1,22211,110,1822,50,15.3,11.35,45,96,Worn,High,3,No,"50,001–80,000"
V61,Sedan,6,37660,90,1540,47,7.0,11.54,32,55,Good,Medium,7,Yes,"80,001+"
V62,SUV,8,154586,99,2420,37,16.1,12.54,30,44,Moderate,Medium,5,Yes,"80,001+"
V63,Truck,2,59712,97,2882,31,14.0,11.44,31,57,Critical,Low,2,Yes,"80,001+"
V64,SUV,8,133029,92,2020,48,15.0,12.39,36,87,Worn,Medium,9,No,"80,001+"
V65,SUV,12,141412,99,2174,20,16.4,11.78,42,82,Worn,Medium,9,No,"50,001–80,000"
V66,Hatchback,14,153567,91,1784,50,19.1,12.42,40,85,Worn,High,8,Yes,"50,001–80,000"
V67,Hatchback,13,80761,95,1552,23,13.0,12.03,40,60,Moderate,Medium,10,Yes,"50,001–80,000"
V68,Sedan,8,115001,90,1749,20,13.8,11.77,34,102,Moderate,High,12,Yes,"25,001–50,000"
V69,SUV,10,130291,101,2833,43,15.3,11.37,45,50,Worn,Low,12,Yes,"50,001–80,000"
V70,Sedan,10,137019,108,2673,43,9.4,12.39,43,77,Critical,Low,6,No,"50,001–80,000"
V71,SUV,15,67917,97,2110,21,8.0,11.42,35,63,Moderate,Medium,4,Yes,"50,001–80,000"
V72,SUV,5,86874,87,2762,31,9.5,12.8,38,76,Critical,Medium,3,Yes,"80,001+"
V73,SUV,10,100186,107,2692,50,11.5,11.93,44,77,Good,Low,6,No,"80,001+"
V74,Truck,14,42700,92,2798,35,7.6,11.58,42,54,Worn,Low,9,No,"80,001+"
V75,Truck,2,131567,105,1872,45,16.6,11.69,33,89,Worn,Medium,7,Yes,"80,001+"
V76,Sedan,3,11706,95,2657,26,10.1,11.33,45,67,Good,Medium,9,Yes,"50,001–80,000"
V77,SUV,13,107611,106,2389,36,12.9,12.36,40,83,Moderate,Medium,10,No,"50,001–80,000"
V78,Truck,3,77884,90,2155,46,6.2,11.95,43,70,Good,Low,5,Yes,"80,001+"
V79,Hatchback,11,21127,93,1567,46,9.9,12.65,31,97,Good,High,10,No,"50,001–80,000"
V80,SUV,14,72694,105,1656,30,7.1,11.03,38,60,Moderate,High,8,No,"25,001–50,000"
V81,Truck,7,34139,87,2564,23,11.6,12.08,33,42,Good,Medium,5,Yes,"80,001+"
V82,Sedan,2,101573,103,1662,43,17.9,11.3,35,62,Worn,Medium,2,No,"80,001+"
V83,Sedan,5,41798,99,1888,44,6.1,12.27,37,93,Good,Medium,12,Yes,"80,001+"
V84,Hatchback,1,94217,104,2001,46,5.6,12.34,34,91,Good,Low,3,Yes,"80,001+"
V85,Sedan,10,65436,108,2787,36,17.9,11.42,36,71,Worn,Low,9,Yes,"50,001–80,000"
V86,Hatchback,9,118555,98,2880,22,12.3,12.0,33,48,Good,Low,11,Yes,"50,001–80,000"
V87,Truck,12,111009,107,2019,47,19.0,12.07,31,93,Worn,Medium,9,Yes,"50,001–80,000"
V88,SUV,2,52172,107,1963,41,8.3,12.68,31,110,Good,High,5,No,"50,001–80,000"
V89,Truck,7,126993,91,1889,37,13.3,11.18,34,95,Worn,Low,6,Yes,"80,001+"
V90,SUV,13,128884,90,1632,21,15.8,11.35,43,55,Good,Medium,7,Yes,"50,001–80,000"
V91,Hatchback,13,125413,109,2406,38,13.4,12.48,34,42,Good,Medium,12,No,"50,001–80,000"
V92,Truck,6,56041,97,1830,28,8.5,11.95,42,68,Good,Medium,3,Yes,"80,001+"
V93,SUV,15,27987,110,2320,25,14.3,11.59,38,90,Worn,Medium,12,Yes,"25,001–50,000"
V94,Truck,2,195340,109,1824,23,6.1,11.54,33,86,Critical,Low,7,No,"25,001–50,000"
V95,Truck,8,8783,87,2351,46,14.2,11.19,38,82,Moderate,High,3,No,"80,001+"
V96,Truck,11,161334,101,1904,29,17.5,12.46,32,36,Critical,High,8,No,"0–10,000"
V97,Sedan,11,72635,101,1733,26,7.3,11.39,36,100,Critical,Medium,10,No,"10,001–25,000"
V98,Hatchback,9,187948,103,2711,48,5.3,12.7,41,67,Moderate,High,8,No,"50,001–80,000"
V99,Truck,9,84152,95,2475,28,18.1,11.68,35,84,Worn,High,7,No,"50,001–80,000"
V100,Hatchback,2,32252,108,1973,43,12.1,11.1,42,61,Critical,Low,11,Yes,"25,001–50,000"
V101,SUV,11,189894,102,2783,45,8.1,11.56,34,32,Moderate,Low,7,Yes,"50,001–80,000"
V102,Truck,4,122376,102,2731,34,13.7,11.26,38,89,Worn,Medium,2,No,"80,001+"
V103,SUV,9,54595,101,2266,33,13.3,11.44,36,54,Moderate,Medium,10,Yes,"50,001–80,000"
V104,Truck,11,24004,103,2791,29,7.9,11.21,34,75,Worn,Medium,12,No,"25,001–50,000"
V105,SUV,9,176588,85,1974,31,10.4,12.57,44,59,Good,Low,3,Yes,"80,001+"
V106,Truck,13,168195,110,2300,26,17.4,12.64,39,31,Moderate,Medium,7,No,"25,001–50,000"
V107,Hatchback,9,110218,95,2451,50,12.3,11.14,43,75,Moderate,Medium,8,No,"80,001+"
V108,Truck,8,135824,92,1813,42,14.9,12.12,32,32,Critical,Medium,6,No,"80,001+"
V109,SUV,12,78586,85,2869,34,9.0,11.42,35,94,Moderate,Medium,5,No,"80,001+"
V110,SUV,5,88063,93,2923,21,11.8,11.5,32,87,Worn,Low,10,No,"50,001–80,000"
V111,Hatchback,12,113987,86,1921,22,17.1,12.42,39,100,Moderate,Low,1,No,"50,001–80,000"
V112,Hatchback,12,159021,85,1788,26,14.5,11.97,34,93,Worn,Low,11,No,"50,001–80,000"
V113,Truck,8,174394,89,2316,31,13.0,12.75,31,59,Critical,Low,12,No,"50,001–80,000"
V114,Sedan,13,15179,93,2397,48,12.9,12.28,38,59,Critical,Medium,6,Yes,"50,001–80,000"
V115,SUV,10,102916,97,2687,23,12.0,11.65,35,55,Worn,High,12,No,"25,001–50,000"
V116,Truck,4,173580,88,2057,40,14.6,12.65,35,34,Good,Low,7,Yes,"80,001+"
V117,Hatchback,14,12651,89,2860,21,19.1,12.08,38,76,Moderate,Medium,7,No,"50,001–80,000"
V118,Truck,9,106505,91,2659,41,11.1,11.96,35,100,Critical,Low,11,No,"50,001–80,000"
V119,Hatchback,11,101663,93,1984,22,15.7,11.47,34,92,Moderate,High,6,Yes,"25,001–50,000"
V120,Sedan,4,165199,91,1899,24,19.8,12.5,38,33,Good,Medium,11,Yes,"50,001–80,000"
V121,SUV,3,147227,106,2063,22,19.9,11.02,40,96,Moderate,Low,11,Yes,"25,001–50,000"
V122,Hatchback,9,80833,108,2075,33,13.5,12.42,30,59,Good,Medium,9,No,"50,001–80,000"
V123,Sedan,12,79776,97,2351,42,15.1,11.9,36,70,Moderate,High,8,No,"50,001–80,000"
V124,SUV,2,137318,100,1831,34,11.3,11.45,30,51,Critical,Low,7,Yes,"80,001+"
V125,SUV,10,50573,93,1579,37,7.9,12.21,44,104,Critical,Low,4,No,"80,001+"
V126,SUV,9,86254,109,2102,41,5.1,11.33,38,94,Moderate,High,5,Yes,"50,001–80,000"
V127,Truck,1,101123,96,2921,46,16.1,11.78,35,105,Moderate,High,7,Yes,"80,001+"
V128,Hatchback,2,193363,94,1777,25,7.7,12.65,32,32,Worn,Medium,9,Yes,"50,001–80,000"
V129,SUV,14,193430,94,1772,40,18.1,12.09,32,104,Critical,High,6,No,"25,001–50,000"
V130,Truck,6,41984,102,2990,31,14.6,12.94,40,108,Good,High,1,No,"50,001–80,000"
V131,Truck,12,20026,109,2944,30,6.1,12.83,30,83,Moderate,High,3,No,"25,001–50,000"
V132,SUV,14,68394,93,2402,34,7.6,11.87,32,76,Critical,Low,10,No,"50,001–80,000"
V133,Sedan,9,113968,87,2487,45,11.0,12.09,43,75,Worn,Low,7,No,"80,001+"
V134,Truck,5,78723,101,2832,46,14.0,11.95,44,70,Worn,High,9,Yes,"25,001–50,000"
V135,Hatchback,13,119192,106,1773,31,12.5,11.57,36,46,Worn,Low,10,No,"50,001–80,000"
V136,Sedan,1,199645,94,1606,42,11.3,11.14,36,50,Worn,Low,9,Yes,"80,001+"
V137,Hatchback,14,54895,92,2107,50,14.8,12.56,40,83,Worn,High,7,No,"50,001–80,000"
V138,Hatchback,6,119934,90,2748,22,7.4,11.88,30,34,Critical,High,7,Yes,"25,001–50,000"
V139,Sedan,7,154024,89,2370,42,14.9,12.17,38,75,Moderate,Low,4,No,"80,001+"
V140,Truck,9,119177,102,2453,24,6.9,11.38,45,46,Worn,Low,9,Yes,"25,001–50,000"
V141,Sedan,8,104896,104,2042,24,14.7,12.51,42,98,Good,High,2,No,"25,001–50,000"
V142,Hatchback,11,24605,110,2417,32,8.9,11.82,31,52,Good,Medium,9,No,"50,001–80,000"
V143,Hatchback,3,66238,87,2145,45,18.8,12.09,39,68,Good,Low,12,Yes,"80,001+"
V144,SUV,4,73762,107,2682,43,10.5,12.2,32,49,Critical,Medium,4,Yes,"50,001–80,000"
V145,SUV,1,152590,110,1938,34,8.1,12.37,42,88,Critical,Medium,10,No,"25,001–50,000"
V146,Truck,13,148721,94,2238,49,15.3,12.42,43,108,Worn,Medium,12,No,"80,001+"
V147,Sedan,6,50431,105,2321,41,17.6,12.07,34,67,Moderate,Medium,11,Yes,"50,001–80,000"
V148,SUV,7,180046,107,1574,43,11.8,12.1,33,81,Critical,High,2,No,"25,001–50,000"
V149,Truck,2,42468,88,2532,34,6.6,11.31,40,38,Critical,High,2,No,"50,001–80,000"
V150,Truck,4,190348,101,2327,48,10.3,11.31,32,46,Critical,High,6,Yes,"25,001–50,000"
V151,SUV,8,99765,103,2333,43,9.0,11.01,35,80,Critical,High,4,No,"25,001–50,000"
V152,Truck,6,128878,97,2435,43,9.2,12.41,41,99,Worn,Low,5,No,"80,001+"
V153,Truck,8,199455,104,2969,36,16.1,12.47,36,67,Moderate,Low,6,No,"80,001+"
V154,SUV,13,163458,97,2815,24,16.8,12.79,39,42,Moderate,High,10,No,"25,001–50,000"
V155,Truck,12,89471,108,2200,46,9.5,11.68,31,42,Critical,Low,12,No,"25,001–50,000"
V156,Sedan,6,175844,93,2873,38,6.3,11.29,45,103,Critical,Low,12,Yes,"50,001–80,000"
V157,Sedan,6,164403,108,1892,31,14.8,12.16,44,59,Critical,Low,12,No,"25,001–50,000"
V158,Sedan,2,198955,87,1768,48,15.6,12.64,45,41,Good,Medium,5,No,"80,001+"
V159,Sedan,8,193608,86,2010,40,9.1,12.77,35,43,Worn,Medium,7,No,"80,001+"
V160,Sedan,5,147412,98,2390,30,19.7,11.88,38,72,Good,Medium,4,No,"80,001+"
V161,Sedan,5,72166,85,2516,21,11.2,12.29,32,62,Good,High,11,Yes,"25,001–50,000"
V162,Sedan,1,103390,107,2188,37,19.5,13.0,36,87,Worn,Low,3,No,"80,001+"
V163,Truck,7,136326,95,2836,30,6.8,11.58,40,85,Good,Low,8,No,"80,001+"
V164,SUV,3,176867,108,1812,33,9.7,11.8,31,64,Critical,Medium,7,No,"50,001–80,000"
V165,SUV,2,164089,91,2852,28,11.0,11.42,39,64,Worn,Low,12,No,"50,001–80,000"
V166,Sedan,4,173581,87,2871,49,14.7,12.49,38,59,Good,High,10,Yes,"50,001–80,000"
V167,Sedan,12,160737,88,1974,41,5.1,12.15,43,32,Moderate,High,3,No,"50,001–80,000"
V168,Truck,9,105736,110,1833,41,16.5,11.44,40,73,Worn,Low,7,No,"80,001+"
V169,Sedan,10,20093,97,2112,37,14.0,12.65,33,61,Good,Medium,6,Yes,"80,001+"
V170,Truck,12,85788,99,2150,25,9.9,11.14,40,100,Moderate,Low,5,Yes,"50,001–80,000"
V171,Hatchback,6,21811,92,1842,29,6.2,11.71,44,104,Critical,High,11,No,"10,001–25,000"
V172,Truck,2,44795,93,1619,24,15.6,12.82,33,88,Moderate,High,1,No,"50,001–80,000"
V173,Hatchback,14,172762,87,2804,28,13.3,11.32,33,58,Worn,Medium,12,Yes,"50,001–80,000"
V174,SUV,4,131142,106,2318,30,9.6,12.99,41,80,Worn,High,5,Yes,"50,001–80,000"
V175,SUV,10,170893,99,2372,27,6.7,12.09,35,30,Critical,Medium,3,No,"50,001–80,000"
V176,Truck,14,75780,109,2357,47,13.2,12.26,44,67,Critical,Low,5,No,"25,001–50,000"
V177,Sedan,9,78063,110,2166,43,15.1,11.64,35,71,Worn,Low,1,Yes,"80,001+"
V178,SUV,13,176629,106,2602,41,18.5,12.99,44,104,Moderate,Low,12,No,"50,001–80,000"
V179,Hatchback,3,173346,88,2800,37,16.5,11.85,40,42,Good,Low,11,Yes,"80,001+"
V180,SUV,8,75437,108,2700,20,12.3,12.45,38,81,Critical,Medium,9,Yes,"10,001–25,000"
V181,Hatchback,4,77391,109,2178,44,15.1,12.8,33,110,Worn,Medium,9,Yes,"50,001–80,000"
V182,Truck,15,34876,108,2315,28,7.2,12.06,43,83,Worn,Medium,2,Yes,"25,001–50,000"
V183,Hatchback,7,56156,98,1961,47,7.3,12.75,38,82,Worn,Medium,8,No,"80,001+"
V184,Truck,9,64011,93,2217,44,9.1,11.44,34,105,Good,Medium,1,No,"80,001+"
V185,Truck,10,195325,99,2664,46,11.0,12.58,38,57,Good,High,8,Yes,"80,001+"
V186,Hatchback,15,168991,101,1858,29,17.4,11.96,37,32,Worn,Medium,7,No,"25,001–50,000"
V187,SUV,15,100259,100,2266,47,5.6,12.82,33,57,Good,High,4,No,"50,001–80,000"
V188,Sedan,8,63142,85,1940,23,14.7,12.39,41,52,Worn,High,5,Yes,"50,001–80,000"
V189,SUV,5,67340,97,2962,24,7.8,11.27,43,80,Worn,Medium,2,No,"80,001+"
V190,Hatchback,8,166447,103,2660,50,19.8,11.03,33,102,Moderate,High,5,Yes,"50,001–80,000"
V191,Truck,7,48483,110,2667,35,10.2,11.01,36,93,Moderate,High,10,No,"25,001–50,000"
V192,SUV,3,98779,99,2154,36,6.5,11.71,38,57,Critical,Medium,9,Yes,"50,001–80,000"
V193,Sedan,12,18461,110,2044,26,12.6,12.81,40,61,Worn,Medium,10,No,"25,001–50,000"
V194,SUV,9,124888,89,2098,33,19.5,11.01,31,48,Good,High,6,No,"80,001+"
V195,Truck,7,162137,110,1739,42,12.3,12.02,42,59,Worn,Medium,1,Yes,"80,001+"
V196,Hatchback,6,105808,101,1891,50,19.1,12.53,35,69,Good,Low,2,No,"80,001+"
V197,SUV,6,183400,109,1976,29,6.6,12.47,32,39,Worn,Medium,10,No,"25,001–50,000"
V198,Sedan,9,197092,95,2665,25,7.3,11.19,34,47,Critical,Medium,4,Yes,"50,001–80,000"
V199,Hatchback,10,94355,86,2459,35,9.7,12.58,42,106,Good,Medium,2,No,"80,001+"
V200,Truck,11,102660,100,2559,43,10.3,11.32,36,91,Moderate,Low,1,No,"80,001+"
V201,Truck,8,76792,89,2555,30,5.6,11.56,35,81,Good,High,7,Yes,"80,001+"
V202,Sedan,10,43016,86,1756,36,18.1,11.73,42,92,Critical,High,3,No,"50,001–80,000"
V203,Sedan,1,82317,85,1950,43,12.6,11.79,30,100,Moderate,High,7,No,"80,001+"
V204,SUV,14,186880,100,2765,46,9.1,12.89,36,63,Good,High,11,Yes,"50,001–80,000"
V205,Hatchback,13,54832,104,2471,50,19.1,12.35,44,75,Good,Medium,11,Yes,"50,001–80,000"
V206,Truck,1,92129,92,1955,30,10.0,12.23,45,72,Good,Low,7,No,"80,001+"
V207,Truck,4,44940,100,1822,50,7.7,11.02,33,87,Critical,Medium,1,Yes,"80,001+"
V208,Hatchback,1,119353,88,1688,38,9.9,12.3,41,51,Moderate,High,3,Yes,"80,001+"
V209,Sedan,4,96196,92,2488,26,15.2,12.8,35,46,Good,Medium,6,Yes,"80,001+"
V210,Sedan,11,101041,93,2694,23,8.0,12.43,38,102,Critical,Low,12,No,"25,001–50,000"
V211,Hatchback,4,50562,97,1812,31,7.0,11.42,37,51,Moderate,Low,11,Yes,"80,001+"
V212,Truck,13,68639,100,1536,36,14.2,12.07,34,61,Worn,Low,3,No,"80,001+"
V213,Sedan,4,82787,109,2613,43,12.6,11.93,37,32,Good,Low,3,No,"80,001+"
V214,Truck,8,70396,93,1969,20,11.3,11.08,31,66,Moderate,Low,9,No,"50,001–80,000"
V215,SUV,8,48330,101,2363,50,7.8,12.76,40,97,Worn,High,3,No,"50,001–80,000"
V216,SUV,2,46878,109,2128,41,10.0,12.18,34,81,Moderate,High,10,No,"25,001–50,000"
V217,SUV,3,133532,95,2979,31,16.4,11.61,41,51,Worn,High,12,Yes,"50,001–80,000"
V218,Sedan,1,115574,105,2269,33,14.0,12.69,35,93,Good,Low,7,Yes,"80,001+"
V219,Truck,9,199514,107,1905,43,5.7,11.79,45,88,Moderate,Medium,4,No,"80,001+"
V220,Sedan,5,173774,91,1808,44,13.3,12.31,33,43,Worn,High,3,Yes,"80,001+"
V221,SUV,12,28377,96,1953,35,9.3,12.67,38,92,Worn,High,1,No,"50,001–80,000"
V222,Sedan,13,155528,103,2444,41,9.4,12.07,43,38,Worn,High,2,Yes,"25,001–50,000"
V223,Truck,9,183648,92,2941,21,8.3,11.19,30,67,Good,High,2,Yes,"50,001–80,000"
V224,Sedan,5,37692,87,2157,36,6.4,12.68,35,97,Critical,High,4,No,"50,001–80,000"
V225,Hatchback,4,153778,106,2609,24,15.5,12.58,38,99,Critical,Low,8,No,"25,001–50,000"
V226,Truck,4,199557,96,1642,50,12.9,12.37,33,50,Worn,Medium,7,Yes,"80,001+"
V227,SUV,12,180463,105,1615,26,18.2,12.37,40,68,Critical,Low,3,Yes,"10,001–25,000"
V228,Hatchback,10,97125,97,2290,36,10.8,11.04,38,105,Good,High,12,No,"50,001–80,000"
V229,Truck,7,98841,91,2361,22,6.5,11.6,31,85,Worn,High,2,Yes,"50,001–80,000"
V230,Hatchback,13,61234,86,2381,30,11.9,12.25,38,40,Good,High,8,No,"50,001–80,000"
V231,SUV,4,68118,106,2601,34,13.6,12.9,35,102,Moderate,Medium,5,Yes,"80,001+"
V232,Hatchback,15,68173,100,1960,39,13.1,12.84,35,60,Critical,Low,11,No,"50,001–80,000"
V233,Truck,8,114775,92,2567,35,18.1,11.04,38,82,Good,Low,3,Yes,"80,001+"
V234,SUV,7,34189,101,2695,47,7.7,12.63,42,36,Critical,High,11,Yes,"10,001–25,000"
V235,SUV,10,177202,105,1586,25,11.0,12.62,44,39,Critical,High,9,Yes,"0–10,000"
V236,SUV,15,31203,98,2555,25,19.2,12.88,43,49,Good,High,11,Yes,"25,001–50,000"
V237,Sedan,10,134566,99,2252,42,16.4,12.86,44,59,Good,Low,9,No,"80,001+"
V238,Sedan,9,25936,105,1845,26,5.0,12.07,37,53,Worn,High,1,Yes,"25,001–50,000"
V239,Sedan,5,77894,97,1796,33,19.8,12.69,39,43,Good,Medium,11,Yes,"80,001+"
V240,Truck,12,183312,86,2187,24,6.5,11.28,45,51,Moderate,Medium,3,No,"50,001–80,000"
V241,SUV,14,6732,104,1909,28,16.4,12.73,44,42,Worn,Medium,3,No,"25,001–50,000"
V242,Truck,3,157909,100,2418,25,19.0,11.47,37,56,Good,Low,3,No,"80,001+"
V243,Hatchback,3,104331,86,2090,46,13.1,11.59,37,72,Good,High,8,Yes,"80,001+"
V244,SUV,2,35578,94,1857,21,19.8,12.09,43,90,Good,Low,9,Yes,"50,001–80,000"
V245,SUV,7,57844,88,2153,36,16.1,11.45,33,100,Good,Low,11,No,"80,001+"
V246,Truck,3,34944,94,1505,32,15.1,11.96,38,87,Good,Medium,4,No,"80,001+"
V247,Sedan,1,140641,108,1649,46,9.5,11.33,39,101,Moderate,High,2,Yes,"50,001–80,000"
V248,Sedan,14,121704,106,2753,32,13.6,12.51,35,41,Good,Medium,6,Yes,"50,001–80,000"
V249,SUV,8,79551,101,1509,23,8.2,11.62,37,108,Good,High,6,No,"25,001–50,000"
V250,Sedan,9,188456,89,2419,40,19.5,12.12,43,100,Critical,Medium,4,No,"80,001+"
V251,Hatchback,10,162216,103,2226,35,8.8,11.49,43,105,Moderate,Low,7,No,"80,001+"
V252,Hatchback,4,35041,110,2969,41,13.1,12.68,45,81,Good,High,3,Yes,"50,001–80,000"
V253,Sedan,8,34961,89,2055,43,16.8,11.75,44,87,Good,High,7,No,"80,001+"
V254,Sedan,7,115785,90,2891,45,15.6,12.9,36,105,Critical,High,8,Yes,"50,001–80,000"
V255,Hatchback,9,13816,99,1936,49,13.1,11.57,34,86,Critical,Low,10,Yes,"50,001–80,000"
V256,Hatchback,7,182098,85,1613,39,15.6,11.25,45,59,Good,High,1,No,"80,001+"
V257,Sedan,3,117132,98,2860,25,12.9,12.4,41,78,Good,Low,4,Yes,"80,001+"
V258,SUV,14,183863,86,1994,42,9.6,12.88,31,82,Worn,Low,6,No,"80,001+"
V259,Hatchback,12,139497,105,2927,25,11.6,12.33,37,41,Moderate,High,4,No,"10,001–25,000"
V260,Sedan,3,44626,104,2695,23,7.0,12.81,33,68,Good,Low,4,No,"50,001–80,000"
V261,Hatchback,7,110428,93,2499,43,14.6,12.06,34,39,Worn,Low,3,No,"80,001+"
V262,Truck,11,86638,102,2501,47,14.2,11.92,45,56,Critical,High,5,No,"10,001–25,000"
V263,SUV,8,145865,99,1812,41,11.5,11.67,41,58,Moderate,Medium,3,No,"80,001+"
V264,Hatchback,15,142922,85,1692,23,18.5,12.11,30,106,Worn,High,2,Yes,"25,001–50,000"
V265,Sedan,1,57142,97,2262,28,18.0,12.83,35,95,Good,High,8,No,"50,001–80,000"
V266,Hatchback,12,151475,108,1924,44,18.1,12.35,45,85,Good,Medium,4,No,"50,001–80,000"
V267,Hatchback,12,9526,99,1692,50,19.1,11.44,35,32,Moderate,Low,5,No,"80,001+"
V268,Hatchback,13,82877,108,2760,28,18.0,12.81,32,34,Critical,Low,9,No,"10,001–25,000"
V269,Sedan,7,164810,110,2554,47,12.1,11.21,32,108,Good,Low,11,No,"50,001–80,000"
V270,Sedan,11,88921,97,1831,32,18.4,11.67,36,71,Critical,High,3,Yes,"25,001–50,000"
V271,Sedan,3,89867,96,2526,42,7.0,11.62,40,77,Good,Low,6,Yes,"80,001+"
V272,SUV,3,148704,107,2022,35,18.0,12.09,34,76,Worn,Medium,8,Yes,"80,001+"
V273,Hatchback,14,181873,98,1961,49,9.2,12.6,45,108,Critical,Medium,4,Yes,"50,001–80,000"
V274,Sedan,12,131348,100,2586,39,6.7,11.55,30,74,Critical,Medium,6,No,"50,001–80,000"
V275,SUV,13,125206,107,1654,22,14.5,11.73,42,50,Critical,Medium,6,No,"10,001–25,000"
V276,Truck,10,85788,104,2660,50,19.7,11.08,34,64,Worn,Low,5,No,"80,001+"
V277,SUV,8,150553,94,2243,44,6.5,11.35,41,86,Critical,High,9,Yes,"25,001–50,000"
V278,SUV,1,67034,88,2700,39,5.0,12.05,33,69,Worn,High,1,Yes,"80,001+"
V279,SUV,9,39471,99,1847,39,14.9,11.78,37,30,Critical,Medium,5,No,"80,001+"
V280,Hatchback,1,5612,95,2212,48,9.4,11.87,32,81,Critical,High,5,Yes,"50,001–80,000"
V281,SUV,4,46289,109,2467,20,6.0,12.64,36,61,Worn,Low,7,Yes,"50,001–80,000"
V282,Truck,5,16802,107,2926,44,10.5,11.71,39,61,Moderate,Medium,3,Yes,"80,001+"
V283,Truck,13,103040,86,2172,50,5.8,12.67,41,84,Worn,Low,6,No,"80,001+"
V284,Hatchback,15,163934,103,2466,37,8.8,12.8,37,57,Worn,Low,3,Yes,"50,001–80,000"
V285,Hatchback,9,84245,87,2055,39,13.8,11.41,43,77,Good,High,4,No,"80,001+"
V286,SUV,5,39091,94,1723,43,13.8,11.3,45,95,Worn,Low,1,No,"80,001+"
V287,Sedan,7,122997,110,2209,32,8.3,11.1,39,62,Good,Medium,7,No,"80,001+"
V288,SUV,12,37025,107,2147,30,9.2,11.62,44,104,Moderate,High,12,Yes,"25,001–50,000"
V289,Truck,1,46873,97,2917,25,14.8,12.5,44,34,Worn,Medium,2,Yes,"80,001+"
V290,Truck,1,195109,108,1953,29,15.8,11.26,45,37,Worn,Medium,9,Yes,"25,001–50,000"
V291,SUV,12,6391,102,2666,44,6.2,11.83,31,63,Good,High,8,Yes,"25,001–50,000"
V292,Truck,10,63579,107,2393,41,12.9,11.05,39,33,Critical,Medium,11,No,"25,001–50,000"
V293,Sedan,5,145484,97,1616,24,8.8,11.29,42,45,Critical,High,4,No,"25,001–50,000"
V294,SUV,8,83635,93,1541,34,12.7,11.52,34,69,Worn,High,10,Yes,"50,001–80,000"
V295,SUV,7,125189,110,2014,24,7.1,12.43,34,72,Worn,High,10,Yes,"10,001–25,000"
V296,SUV,14,144346,88,2125,21,19.9,12.24,34,53,Worn,Low,7,No,"50,001–80,000"
V297,Truck,5,116423,93,2474,37,8.8,11.2,34,50,Good,Medium,9,Yes,"80,001+"
V298,SUV,8,47381,86,1952,29,15.1,11.65,41,85,Moderate,High,3,Yes,"50,001–80,000"
V299,Sedan,4,73421,88,2614,27,8.5,12.56,32,60,Worn,Medium,12,Yes,"50,001–80,000"
V300,SUV,8,12330,85,2273,49,8.4,12.32,40,108,Good,Low,11,Yes,"80,001+"
V301,Hatchback,4,105633,87,2364,30,10.0,11.49,33,87,Critical,Low,1,No,"80,001+"
V302,SUV,5,129353,90,2195,37,15.0,12.73,45,51,Moderate,Medium,11,Yes,"80,001+"
V303,Hatchback,11,126396,109,2959,50,16.1,11.75,31,34,Worn,Low,6,Yes,"50,001–80,000"
V304,SUV,4,37065,90,2265,45,12.6,12.73,34,37,Critical,High,9,No,"25,001–50,000"
V305,Truck,12,46247,94,2765,27,14.6,12.23,32,84,Critical,High,9,No,"10,001–25,000"
V306,SUV,11,191282,95,2519,43,7.1,11.55,43,66,Good,Low,2,No,"80,001+"
V307,Sedan,7,79884,86,2290,22,9.2,11.57,34,31,Worn,Low,6,Yes,"80,001+"
V308,SUV,5,150408,101,1575,38,7.0,11.76,32,40,Critical,High,6,No,"25,001–50,000"
V309,Hatchback,10,114250,108,2305,31,17.7,12.24,45,43,Critical,High,2,No,"25,001–50,000"
V310,Hatchback,14,150338,100,2790,34,19.3,12.29,35,56,Worn,Medium,9,No,"80,001+"
V311,Hatchback,6,135983,95,2140,42,19.8,11.85,32,96,Critical,Medium,12,No,"50,001–80,000"
V312,SUV,10,16709,98,2857,37,5.6,12.83,41,88,Critical,Low,5,No,"80,001+"
V313,Hatchback,8,193446,107,2435,49,11.8,12.13,44,53,Worn,High,8,Yes,"50,001–80,000"
V314,SUV,4,45489,91,1786,42,6.9,11.43,41,75,Moderate,Medium,9,No,"80,001+"
V315,Hatchback,15,117053,107,1962,20,15.8,12.69,45,86,Moderate,Low,4,No,"25,001–50,000"
V316,SUV,7,53691,92,2827,39,10.6,12.37,40,58,Worn,High,1,No,"80,001+"
V317,Sedan,10,120026,95,2039,40,12.2,12.22,43,44,Critical,Low,12,No,"50,001–80,000"
V318,SUV,13,136449,101,2103,45,15.2,12.11,36,31,Good,Medium,2,No,"50,001–80,000"
V319,SUV,4,55558,93,2062,43,8.1,12.12,39,42,Critical,Low,1,No,"80,001+"
V320,SUV,8,146539,108,1723,35,8.7,11.58,37,31,Good,Medium,11,No,"50,001–80,000"
V321,SUV,6,77494,99,2709,25,6.6,12.48,30,35,Good,Low,1,No,"80,001+"
V322,SUV,11,6046,94,2401,38,13.6,11.72,31,65,Good,Medium,10,No,"80,001+"
V323,SUV,11,5211,86,1612,36,11.1,11.41,37,85,Critical,Medium,3,No,"50,001–80,000"
V324,Truck,9,18159,97,2155,29,16.3,12.4,42,60,Critical,Low,12,Yes,"25,001–50,000"
V325,Sedan,11,150455,107,2840,49,15.6,12.93,43,35,Moderate,Medium,7,No,"50,001–80,000"
V326,Sedan,6,25314,108,1893,41,13.7,12.62,42,92,Critical,Low,3,Yes,"50,001–80,000"
V327,Truck,5,149951,99,2784,41,13.0,11.48,33,92,Moderate,High,5,No,"80,001+"
V328,Truck,11,46259,98,2294,31,19.1,12.62,39,101,Worn,Low,12,No,"80,001+"
V329,Truck,1,31038,103,2556,48,5.4,12.8,42,86,Worn,Medium,8,No,"80,001+"
V330,Truck,10,95868,97,1783,33,6.8,11.86,42,107,Moderate,Low,8,No,"80,001+"
V331,Sedan,7,172558,99,1675,23,19.0,12.83,39,108,Moderate,Medium,5,No,"80,001+"
V332,Truck,15,26442,91,1992,21,7.2,11.07,35,87,Critical,Low,10,Yes,"25,001–50,000"
V333,Hatchback,10,113335,105,2108,34,5.9,12.16,38,33,Worn,Medium,1,No,"80,001+"
V334,Truck,1,32137,110,1609,40,5.1,12.79,40,78,Critical,Low,1,Yes,"50,001–80,000"
V335,SUV,14,101260,100,2970,35,14.2,11.47,43,74,Good,Low,11,Yes,"80,001+"
V336,Truck,2,139622,98,1574,50,14.5,12.81,40,92,Good,Medium,4,Yes,"80,001+"
V337,Hatchback,4,152637,96,1932,47,18.8,11.19,38,52,Critical,Medium,3,Yes,"80,001+"
V338,SUV,9,197904,103,2374,41,8.0,12.35,35,56,Good,High,10,Yes,"25,001–50,000"
V339,Hatchback,15,81665,99,2416,31,15.6,12.34,37,73,Moderate,Medium,5,No,"80,001+"
V340,Truck,12,189029,104,1752,25,13.8,12.45,45,63,Worn,Medium,1,Yes,"25,001–50,000"
V341,Hatchback,6,133548,87,2222,41,16.8,12.43,35,71,Moderate,Medium,9,No,"80,001+"
V342,SUV,15,28596,109,1701,44,19.7,12.69,36,77,Critical,Medium,8,Yes,"25,001–50,000"
V343,SUV,10,74496,104,2093,25,16.8,11.42,32,104,Good,High,9,Yes,"10,001–25,000"
V344,Sedan,3,124227,88,2889,37,19.7,12.42,42,77,Moderate,High,8,No,"80,001+"
V345,Hatchback,6,80158,87,1711,23,7.4,12.62,41,83,Moderate,High,6,No,"50,001–80,000"
V346,Truck,14,16969,85,2769,36,6.6,12.64,35,83,Critical,Low,1,Yes,"50,001–80,000"
V347,Hatchback,5,93694,98,2251,24,18.9,12.62,33,99,Good,Low,8,No,"80,001+"
V348,Truck,5,42565,108,2098,34,10.7,11.67,38,101,Worn,High,3,Yes,"50,001–80,000"
V349,Truck,4,28592,88,2780,38,18.3,11.67,40,49,Good,Medium,7,No,"80,001+"
V350,Truck,7,123463,86,1684,21,11.2,11.86,37,108,Good,Low,6,Yes,"80,001+"
V351,Sedan,11,53257,87,2957,41,12.3,11.58,40,88,Worn,High,7,No,"50,001–80,000"
V352,Hatchback,5,144748,103,2740,26,14.0,11.02,35,77,Moderate,High,4,No,"25,001–50,000"
V353,Sedan,10,96222,85,2056,45,16.6,11.58,30,63,Moderate,Low,7,No,"80,001+"
V354,Sedan,2,11754,85,2571,25,5.5,12.72,33,47,Worn,High,2,Yes,"50,001–80,000"
V355,SUV,4,32759,91,2580,27,19.4,11.59,34,95,Moderate,Low,1,No,"80,001+"
V356,Hatchback,2,59798,93,2236,20,13.8,11.76,30,33,Worn,Medium,5,No,"80,001+"
V357,Hatchback,13,161480,87,1573,40,19.8,12.86,34,64,Good,Medium,5,Yes,"80,001+"
V358,Sedan,4,21417,100,1897,40,5.5,11.26,43,102,Critical,High,5,No,"50,001–80,000"
V359,Hatchback,5,10140,104,2628,43,5.1,12.81,41,33,Critical,High,5,No,"25,001–50,000"
V360,Hatchback,15,166512,110,2037,30,19.6,12.94,32,36,Worn,Medium,2,No,"50,001–80,000"
V361,Hatchback,11,77183,109,2222,23,9.2,11.58,37,104,Worn,High,1,Yes,"10,001–25,000"
V362,Sedan,15,167970,91,2349,36,17.9,11.71,34,106,Critical,High,6,No,"25,001–50,000"
V363,Truck,1,125407,108,2622,36,15.9,11.4,45,80,Good,High,6,No,"50,001–80,000"
V364,Sedan,9,43941,98,2869,46,18.5,12.35,40,89,Moderate,Medium,6,No,"80,001+"
V365,SUV,13,62787,90,2703,36,9.5,12.78,42,57,Critical,Medium,3,Yes,"50,001–80,000"
V366,Sedan,10,87874,100,2532,22,9.9,11.06,39,84,Critical,High,1,Yes,"25,001–50,000"
V367,Truck,5,121531,103,1963,20,11.5,11.01,42,62,Good,Low,9,No,"25,001–50,000"
V368,Hatchback,5,76945,108,2826,24,17.3,11.49,35,92,Critical,Medium,9,No,"10,001–25,000"
V369,Hatchback,1,91347,110,1790,38,19.9,12.13,32,87,Worn,Low,1,Yes,"80,001+"
V370,Truck,15,130959,105,1508,21,6.3,11.35,38,105,Worn,Medium,6,No,"25,001–50,000"
V371,Sedan,9,158367,85,2674,44,11.8,12.25,30,40,Good,High,5,Yes,"80,001+"
V372,Truck,13,165704,91,1683,22,15.2,12.46,39,67,Worn,High,6,No,"25,001–50,000"
V373,Truck,7,73286,85,2666,47,18.6,11.69,38,83,Critical,High,11,No,"25,001–50,000"
V374,Hatchback,3,112067,98,2500,47,15.8,12.22,40,44,Moderate,High,3,No,"80,001+"
V375,Hatchback,11,21937,89,2709,49,12.7,11.46,33,53,Worn,Low,2,No,"80,001+"
V376,Truck,9,178379,96,2955,49,16.9,11.59,35,95,Good,Medium,4,No,"80,001+"
V377,SUV,15,6976,109,2282,37,10.2,11.5,44,61,Moderate,Low,7,No,"50,001–80,000"
V378,Hatchback,6,69870,87,2529,27,17.6,12.61,38,42,Worn,High,4,No,"50,001–80,000"
V379,Sedan,7,49815,108,1794,36,12.5,11.65,35,37,Moderate,Low,10,Yes,"50,001–80,000"
V380,Truck,11,114233,92,2815,31,9.7,12.66,36,40,Moderate,High,5,No,"50,001–80,000"
V381,Truck,15,46718,86,1740,36,13.1,11.13,38,63,Worn,Medium,9,No,"80,001+"
V382,Truck,5,57600,104,2017,39,11.9,11.21,38,72,Critical,Medium,11,Yes,"25,001–50,000"
V383,SUV,3,123097,100,2339,32,8.9,11.39,36,70,Good,Low,4,No,"80,001+"
V384,Truck,7,132763,109,2325,26,12.6,11.01,44,101,Critical,Medium,4,No,"25,001–50,000"
V385,Sedan,5,10367,94,1828,44,16.1,11.6,35,81,Moderate,Medium,2,Yes,"80,001+"
V386,SUV,13,153286,91,2169,50,5.3,12.98,32,31,Worn,Low,3,No,"80,001+"
V387,Truck,8,180275,100,1870,43,16.7,12.36,43,95,Worn,Low,7,No,"80,001+"
V388,Truck,8,193978,108,2946,47,7.9,11.09,37,39,Worn,Low,2,No,"80,001+"
V389,Truck,1,32166,98,2940,34,11.6,12.34,44,59,Moderate,Low,7,Yes,"80,001+"
V390,Sedan,15,31152,90,1748,25,15.1,11.06,45,65,Good,High,5,No,"25,001–50,000"
V391,Hatchback,5,65750,87,1972,45,15.2,11.04,38,77,Worn,Medium,7,No,"80,001+"
V392,Sedan,1,100675,91,2248,23,9.1,11.07,31,89,Moderate,Low,4,No,"80,001+"
V393,Sedan,13,135558,85,2602,20,13.9,11.02,39,110,Good,Medium,4,No,"50,001–80,000"
V394,SUV,13,66199,99,2435,42,18.2,12.46,34,56,Moderate,Medium,8,Yes,"80,001+"
V395,Truck,15,178145,108,2344,43,7.0,11.53,42,86,Critical,Low,2,Yes,"25,001–50,000"
V396,Sedan,4,70335,104,2749,20,10.6,11.77,31,81,Good,High,3,Yes,"25,001–50,000"
V397,Sedan,7,168408,87,1900,44,16.3,12.5,34,82,Good,High,11,No,"50,001–80,000"
V398,SUV,1,63302,85,2070,43,16.8,12.48,42,67,Good,Medium,6,Yes,"80,001+"
V399,Hatchback,5,62596,99,2036,28,17.9,11.82,41,46,Moderate,Medium,4,No,"80,001+"
V400,Truck,1,67740,96,2923,39,16.4,11.51,42,65,Good,High,11,Yes,"50,001–80,000"
V401,Sedan,9,109018,106,2253,38,18.3,12.95,33,91,Moderate,Low,2,No,"80,001+"
V402,SUV,9,44561,85,2616,50,16.3,11.08,32,84,Moderate,Low,12,Yes,"80,001+"
V403,SUV,7,140040,91,2044,38,11.0,12.14,31,37,Good,Medium,5,Yes,"80,001+"
V404,Truck,9,123190,86,2099,41,11.6,12.44,40,53,Good,High,10,No,"50,001–80,000"
V405,SUV,2,39706,88,2505,30,8.6,12.15,40,81,Critical,High,3,No,"50,001–80,000"
V406,Truck,9,18619,106,2158,48,14.6,11.77,30,39,Moderate,Low,4,Yes,"80,001+"
V407,Hatchback,14,31463,107,1948,41,8.5,12.2,30,64,Good,High,2,Yes,"25,001–50,000"
V408,Sedan,12,46510,108,2731,42,13.0,12.65,30,91,Critical,Low,6,Yes,"25,001–50,000"
V409,Truck,7,163317,105,1578,39,12.1,11.68,36,50,Good,Low,12,Yes,"50,001–80,000"
V410,SUV,9,35626,110,1801,40,9.9,11.75,41,83,Critical,High,4,Yes,"25,001–50,000"
V411,Sedan,10,185705,102,1642,47,5.3,11.15,45,82,Moderate,Medium,1,Yes,"80,001+"
V412,Hatchback,11,101021,91,2634,39,6.4,12.13,37,77,Critical,High,5,Yes,"25,001–50,000"
V413,Truck,10,183476,108,2784,23,7.0,11.39,41,41,Moderate,Medium,8,No,"50,001–80,000"
V414,Truck,6,197883,105,2552,44,15.0,11.88,45,35,Moderate,Low,3,No,"80,001+"
V415,Sedan,15,136707,85,2563,34,6.2,11.85,35,63,Worn,High,12,No,"50,001–80,000"
V416,Sedan,13,7906,94,2014,37,8.2,11.11,35,49,Worn,Low,12,No,"80,001+"
V417,SUV,6,42868,91,2076,50,13.4,11.88,44,64,Moderate,Medium,2,Yes,"80,001+"
V418,Truck,12,161241,105,2016,46,13.1,11.58,33,30,Critical,High,4,Yes,"10,001–25,000"
V419,Truck,4,186215,93,1808,22,17.6,11.56,39,86,Critical,Medium,8,No,"50,001–80,000"
V420,Sedan,4,198302,107,1760,23,14.3,12.71,35,31,Worn,Low,12,Yes,"25,001–50,000"
V421,Hatchback,6,181413,104,2202,46,6.9,12.2,42,65,Worn,Low,11,Yes,"50,001–80,000"
V422,Sedan,2,71834,110,1666,37,8.0,11.04,41,94,Critical,High,11,Yes,"10,001–25,000"
V423,Sedan,1,60625,96,2349,28,19.4,12.14,36,33,Worn,High,5,No,"50,001–80,000"
V424,Sedan,13,58050,107,2064,37,14.5,11.73,30,33,Moderate,Low,7,Yes,"50,001–80,000"
V425,SUV,13,174658,102,2335,22,13.7,11.36,31,90,Worn,High,7,No,"10,001–25,000"
V426,Hatchback,2,34533,99,1764,33,12.0,11.52,33,35,Moderate,Low,6,No,"80,001+"
V427,Truck,6,197071,96,2951,28,15.1,11.89,39,96,Good,High,4,No,"50,001–80,000"
V428,Hatchback,14,182444,107,2691,40,7.9,12.61,31,71,Moderate,Medium,6,No,"50,001–80,000"
V429,SUV,5,130767,90,2410,48,11.5,12.74,33,92,Worn,High,1,Yes,"80,001+"
V430,Hatchback,14,106223,105,2939,43,18.5,11.72,32,69,Critical,Medium,6,Yes,"25,001–50,000"
V431,Sedan,15,58044,94,2300,25,17.3,11.8,38,59,Moderate,High,8,No,"25,001–50,000"
V432,Truck,9,163995,89,2257,33,14.3,11.25,31,56,Good,High,9,Yes,"50,001–80,000"
V433,Truck,8,183680,99,2430,49,7.4,11.82,36,31,Moderate,Low,8,Yes,"80,001+"
V434,Sedan,2,109205,87,1771,43,18.8,12.34,31,53,Critical,High,10,Yes,"25,001–50,000"
V435,SUV,9,35868,103,1647,44,15.7,12.11,39,75,Worn,Low,5,Yes,"80,001+"
V436,SUV,1,16373,91,2008,28,13.5,12.64,39,74,Worn,Medium,8,Yes,"80,001+"
V437,Sedan,7,109373,97,1841,34,8.7,12.98,30,68,Good,Medium,10,Yes,"80,001+"
V438,SUV,5,101000,103,2900,21,18.5,11.75,39,34,Moderate,Low,2,Yes,"50,001–80,000"
V439,Truck,7,165003,105,2196,21,14.3,11.22,34,33,Moderate,Medium,1,Yes,"50,001–80,000"
V440,Hatchback,12,168590,85,1907,48,11.4,12.35,38,96,Good,Low,3,No,"80,001+"
V441,Sedan,5,57640,87,2887,42,6.3,12.16,38,63,Moderate,High,7,No,"80,001+"
V442,Truck,5,135468,110,2862,46,13.0,12.01,30,62,Critical,Low,5,Yes,"50,001–80,000"
V443,Sedan,6,167878,93,2681,48,6.9,11.97,37,53,Good,Medium,3,Yes,"80,001+"
V444,Truck,12,118854,92,1682,26,13.8,12.38,35,101,Moderate,High,8,Yes,"25,001–50,000"
V445,SUV,10,136194,93,2732,30,9.7,12.95,30,75,Critical,Medium,3,No,"80,001+"
V446,Hatchback,9,142547,94,2228,40,16.2,11.4,39,51,Moderate,High,1,Yes,"80,001+"
V447,SUV,7,191350,91,2547,50,18.0,11.35,30,65,Critical,Medium,8,Yes,"80,001+"
V448,Sedan,7,110957,88,1750,42,19.7,11.22,30,89,Moderate,High,6,No,"80,001+"
V449,Hatchback,14,191975,88,1962,34,19.6,11.98,37,81,Moderate,Low,12,No,"80,001+"
V450,Truck,8,171629,90,1959,41,7.6,11.9,44,84,Critical,High,11,Yes,"25,001–50,000"
V451,Hatchback,13,100376,95,2965,23,17.2,11.22,30,46,Worn,Low,2,Yes,"50,001–80,000"
V452,Truck,9,99231,97,1659,27,5.6,11.84,43,94,Moderate,High,5,Yes,"50,001–80,000"
V453,SUV,5,98028,86,2151,30,12.1,11.25,44,67,Moderate,Low,3,No,"80,001+"
V454,Hatchback,10,40653,90,2139,47,10.4,12.17,35,61,Good,Medium,11,No,"80,001+"
V455,SUV,10,157212,88,2377,39,11.1,11.82,38,38,Worn,Low,1,No,"80,001+"
V456,Sedan,6,27682,86,2334,31,13.1,12.05,43,44,Critical,Medium,7,Yes,"80,001+"
V457,Hatchback,3,147609,104,2334,43,19.2,12.05,33,47,Worn,Low,4,Yes,"80,001+"
V458,Sedan,8,83078,102,2881,30,6.9,11.3,32,98,Worn,Low,2,Yes,"80,001+"
V459,Hatchback,15,154581,90,2654,26,9.6,11.5,38,53,Worn,Low,10,Yes,"50,001–80,000"
V460,Sedan,3,49593,89,2852,25,8.1,12.07,45,45,Critical,Low,3,No,"50,001–80,000"
V461,SUV,15,162616,92,2472,50,19.5,11.42,45,89,Good,Medium,7,No,"80,001+"
V462,Sedan,5,60393,107,1772,44,14.7,12.31,39,103,Moderate,Medium,7,No,"80,001+"
V463,SUV,8,61823,98,1598,49,14.8,11.29,37,57,Critical,Medium,2,Yes,"80,001+"
V464,SUV,5,8570,90,1657,34,15.7,11.95,42,78,Moderate,Low,9,No,"80,001+"
V465,Hatchback,10,123066,108,1877,49,5.6,11.52,34,30,Good,Low,6,No,"80,001+"
V466,Hatchback,5,29762,103,2700,21,6.1,12.56,32,73,Moderate,High,12,Yes,"10,001–25,000"
V467,Truck,4,67699,89,1853,42,12.3,12.45,40,75,Good,Low,7,No,"80,001+"
V468,Hatchback,3,148121,101,2740,43,13.2,11.55,43,83,Moderate,Medium,6,No,"80,001+"
V469,Sedan,12,114966,86,1732,20,17.9,11.58,33,84,Critical,Low,10,No,"25,001–50,000"
V470,Sedan,3,111597,104,2770,33,5.8,11.37,36,56,Worn,Medium,11,No,"50,001–80,000"
V471,Sedan,10,136007,103,2963,50,12.3,11.85,30,67,Critical,High,11,No,"10,001–25,000"
V472,Truck,6,197650,92,2449,41,9.7,12.36,42,56,Critical,Low,6,Yes,"80,001+"
V473,Hatchback,1,130766,104,2897,50,16.3,11.73,38,45,Critical,Medium,4,Yes,"50,001–80,000"
V474,Sedan,7,85671,91,2667,25,12.9,11.53,33,78,Worn,High,11,No,"25,001–50,000"
V475,Sedan,15,88574,109,2817,36,7.9,12.37,33,92,Good,Medium,1,No,"50,001–80,000"
V476,Sedan,9,194422,105,2980,48,8.4,12.71,34,32,Good,High,1,No,"50,001–80,000"
V477,SUV,10,168506,85,2285,44,10.5,11.3,43,86,Critical,High,10,No,"25,001–50,000"
V478,Truck,13,17912,86,2322,41,19.9,11.35,36,41,Critical,Medium,10,No,"50,001–80,000"
V479,Truck,9,192832,108,2822,20,7.5,12.87,39,104,Good,Low,7,No,"50,001–80,000"
V480,Truck,4,108093,105,1981,46,16.3,11.37,30,58,Good,Low,9,Yes,"50,001–80,000"
V481,SUV,11,191774,103,1968,32,12.5,12.38,45,46,Critical,High,5,Yes,"10,001–25,000"
V482,SUV,4,59543,85,2598,33,6.1,12.38,33,42,Moderate,Low,2,No,"80,001+"
V483,Hatchback,7,138525,107,1561,50,5.3,12.7,35,51,Good,High,8,Yes,"50,001–80,000"
V484,Sedan,13,45936,89,1637,33,8.4,12.6,32,58,Moderate,Low,5,No,"80,001+"
V485,SUV,7,150255,98,2811,41,6.5,11.11,36,90,Worn,Low,2,Yes,"80,001+"
V486,SUV,9,128566,85,2947,32,15.2,12.72,37,62,Worn,High,12,No,"50,001–80,000"
V487,Sedan,2,166398,93,1514,37,19.7,12.72,36,59,Worn,High,11,Yes,"50,001–80,000"
V488,Truck,10,49620,101,1644,35,8.1,11.31,38,54,Moderate,High,1,Yes,"50,001–80,000"
V489,Hatchback,15,52396,87,2393,32,14.7,12.77,30,91,Good,High,7,No,"50,001–80,000"
V490,Sedan,5,181341,101,1928,29,9.9,11.37,32,107,Good,Low,2,No,"50,001–80,000"
V491,Hatchback,4,129945,98,2578,22,8.7,12.97,43,71,Good,Medium,2,No,"80,001+"
V492,Hatchback,10,86286,90,2741,29,7.6,12.62,43,74,Critical,Medium,6,No,"50,001–80,000"
V493,Hatchback,12,124252,110,2427,30,16.4,12.22,45,89,Critical,Low,10,Yes,"25,001–50,000"
V494,Hatchback,8,95419,93,1939,37,19.3,12.98,35,46,Good,Medium,2,Yes,"80,001+"
V495,SUV,4,158283,99,2534,32,14.6,11.76,31,84,Worn,Low,4,No,"80,001+"
V496,SUV,6,132352,102,2661,23,18.0,11.27,36,61,Worn,High,7,No,"25,001–50,000"
V497,Hatchback,7,28973,100,2526,30,16.1,11.15,33,82,Moderate,Low,6,No,"80,001+"
V498,Hatchback,15,139743,104,2423,29,5.2,12.4,39,107,Moderate,Medium,10,No,"25,001–50,000"
V499,Sedan,12,98852,102,1710,44,7.7,13.0,43,40,Good,High,1,Yes,"25,001–50,000"
V500,Sedan,11,166476,97,2124,41,12.7,12.96,34,65,Critical,High,11,No,"25,001–50,000"
V501,Hatchback,7,101353,92,2110,49,16.2,12.4,34,83,Moderate,Low,8,No,"80,001+"
V502,Hatchback,15,15262,97,1740,44,12.3,11.47,40,102,Critical,High,3,Yes,"25,001–50,000"
V503,Hatchback,3,142046,103,2843,32,18.7,11.36,31,32,Good,High,7,Yes,"50,001–80,000"
V504,SUV,7,74911,108,2458,50,19.1,12.67,42,87,Moderate,High,5,Yes,"50,001–80,000"
V505,Sedan,8,45863,105,1837,27,10.8,11.96,35,90,Good,Low,5,Yes,"50,001–80,000"
V506,Hatchback,13,176566,109,1962,40,9.9,12.61,43,95,Good,Medium,9,Yes,"50,001–80,000"
V507,Truck,6,94377,88,2700,43,15.7,12.47,36,30,Moderate,Low,2,No,"80,001+"
V508,SUV,9,55159,89,2773,37,14.5,11.86,33,96,Critical,High,3,Yes,"50,001–80,000"
V509,Truck,15,55456,89,2885,47,5.0,12.11,31,65,Moderate,Medium,5,Yes,"80,001+"
V510,Hatchback,5,8381,92,2144,47,12.5,12.94,41,57,Moderate,High,1,No,"80,001+"
V511,SUV,9,166998,90,1980,22,6.6,12.74,45,66,Worn,Medium,8,No,"80,001+"
V512,Truck,7,35347,88,2117,33,9.2,12.08,42,35,Moderate,High,10,Yes,"50,001–80,000"
V513,Sedan,2,166067,103,1572,20,11.8,11.58,30,98,Moderate,Low,2,No,"50,001–80,000"
V514,Truck,11,72866,98,1992,31,11.8,12.05,39,109,Critical,Low,1,Yes,"50,001–80,000"
V515,Hatchback,2,103252,85,2976,45,6.4,11.9,32,90,Worn,High,9,Yes,"50,001–80,000"
V516,Hatchback,15,136552,86,2266,35,16.0,12.15,45,57,Critical,Medium,6,No,"50,001–80,000"
V517,SUV,14,139712,105,1906,24,19.2,11.89,36,104,Worn,Medium,11,No,"25,001–50,000"
V518,Truck,8,164301,99,1894,42,12.1,12.43,44,58,Good,Low,4,Yes,"80,001+"
V519,SUV,7,80309,98,2479,39,8.0,11.68,35,49,Worn,Low,12,Yes,"80,001+"
V520,Hatchback,8,79348,102,2005,46,11.8,12.67,36,52,Critical,High,1,No,"25,001–50,000"
V521,SUV,4,145302,97,2548,45,11.2,12.69,41,41,Moderate,High,3,Yes,"80,001+"
V522,Truck,2,76137,98,1713,26,8.6,11.36,37,66,Worn,Low,4,Yes,"80,001+"
V523,Sedan,6,57538,91,2566,45,5.0,12.89,41,30,Good,Low,9,Yes,"80,001+"
V524,SUV,11,155661,110,2438,45,12.9,11.58,33,89,Worn,High,7,Yes,"25,001–50,000"
V525,SUV,6,8027,95,1868,41,18.5,12.1,42,65,Good,High,7,Yes,"80,001+"
V526,Sedan,3,136077,97,1751,24,14.8,12.66,42,63,Moderate,High,5,No,"50,001–80,000"
V527,Hatchback,13,37669,89,2623,32,16.8,11.97,45,38,Worn,High,10,No,"50,001–80,000"
V528,Truck,8,102120,95,1502,23,14.3,12.94,42,96,Critical,Low,11,Yes,"25,001–50,000"
V529,Sedan,9,152990,102,2619,34,10.0,12.38,44,61,Worn,Medium,1,Yes,"80,001+"
V530,Hatchback,10,32774,100,1826,38,7.9,12.35,30,58,Worn,High,1,No,"80,001+"
V531,Hatchback,3,136931,102,2098,36,9.8,12.83,45,105,Good,High,12,No,"25,001–50,000"
V532,Sedan,4,95200,100,2223,29,11.1,12.08,31,46,Worn,Medium,2,Yes,"80,001+"
V533,SUV,6,126781,101,1716,21,11.7,11.47,31,41,Moderate,Medium,10,No,"25,001–50,000"
V534,Truck,8,6818,85,2059,30,7.6,12.1,31,67,Moderate,Low,12,Yes,"80,001+"
V535,Sedan,12,160817,97,2372,48,6.0,12.21,35,77,Moderate,High,3,No,"50,001–80,000"
V536,Sedan,12,21553,100,2677,49,11.8,11.46,40,99,Moderate,High,8,Yes,"50,001–80,000"
V537,Hatchback,13,128613,100,1524,20,5.1,12.19,37,97,Worn,Low,9,No,"50,001–80,000"
V538,SUV,8,145004,109,2699,44,19.1,12.52,33,91,Critical,Low,4,Yes,"50,001–80,000"
V539,Truck,15,129457,93,1799,40,5.8,11.73,33,96,Worn,Low,5,No,"80,001+"
V540,SUV,8,107521,97,2917,45,7.9,12.46,41,83,Critical,Low,1,Yes,"80,001+"
V541,Hatchback,10,151958,93,1616,35,17.2,11.82,41,81,Worn,Medium,8,Yes,"80,001+"
V542,Sedan,2,166205,85,2937,44,8.6,11.79,44,50,Good,Medium,8,No,"80,001+"
V543,Hatchback,5,65550,85,2130,31,5.7,11.94,44,49,Good,High,1,No,"80,001+"
V544,Truck,5,47445,100,2920,21,5.6,12.33,40,50,Moderate,High,12,Yes,"25,001–50,000"
V545,SUV,7,113580,98,2705,29,13.8,11.68,34,77,Moderate,Low,8,No,"80,001+"
V546,Truck,3,127809,88,1978,38,10.6,12.57,45,74,Critical,Low,5,No,"80,001+"
V547,SUV,11,63309,93,1518,46,5.6,11.21,45,60,Critical,Medium,10,Yes,"50,001–80,000"
V548,Sedan,15,162465,96,1937,20,5.6,11.0,37,65,Worn,High,4,Yes,"25,001–50,000"
V549,SUV,6,133712,95,1778,50,13.9,12.03,44,52,Critical,High,8,Yes,"50,001–80,000"
V550,Truck,3,52987,87,2593,47,10.2,12.82,43,37,Good,Medium,8,Yes,"80,001+"
V551,Sedan,3,14237,103,2345,48,17.0,11.53,30,64,Good,High,7,Yes,"50,001–80,000"
V552,Sedan,1,160124,102,2627,42,12.5,12.74,40,110,Good,Medium,2,No,"80,001+"
V553,Truck,14,92453,98,1926,50,14.0,11.67,42,32,Good,Low,1,Yes,"80,001+"
V554,Truck,11,195032,94,2141,29,10.4,11.58,30,90,Good,High,1,Yes,"25,001–50,000"
V555,Sedan,9,21100,100,1971,27,16.3,11.63,37,101,Worn,High,6,Yes,"50,001–80,000"
V556,Hatchback,2,128340,108,2846,33,9.1,11.57,35,40,Moderate,Medium,5,Yes,"80,001+"
V557,Hatchback,5,115740,101,1638,29,16.4,11.75,40,79,Moderate,Medium,5,Yes,"50,001–80,000"
V558,SUV,2,90144,96,2402,36,5.9,11.58,33,70,Critical,Low,4,No,"80,001+"
V559,Hatchback,9,100554,95,2667,33,5.5,12.25,39,81,Critical,Low,2,Yes,"80,001+"
V560,Hatchback,7,134705,93,2741,47,12.5,11.18,43,88,Moderate,High,1,Yes,"80,001+"
V561,SUV,12,106128,107,2257,40,6.1,12.91,40,102,Worn,Low,12,Yes,"50,001–80,000"
V562,SUV,6,125730,99,2001,44,11.1,11.09,32,51,Critical,Medium,8,Yes,"80,001+"
V563,Sedan,14,5058,109,2546,48,18.7,11.09,41,53,Moderate,Low,5,No,"50,001–80,000"
V564,Hatchback,1,198473,109,2424,38,17.8,12.91,35,49,Good,Low,1,No,"80,001+"
V565,Sedan,6,25732,92,1957,40,18.6,12.55,35,47,Worn,Low,11,Yes,"80,001+"
V566,SUV,1,52806,108,1610,23,14.1,12.13,34,35,Critical,Low,3,Yes,"25,001–50,000"
V567,Hatchback,10,119128,88,1670,30,15.0,12.83,41,55,Good,Medium,4,Yes,"80,001+"
V568,SUV,12,127032,106,2646,47,14.0,12.18,42,33,Good,Medium,7,Yes,"50,001–80,000"
V569,Sedan,5,5490,104,2770,39,12.1,11.76,37,59,Critical,Low,2,No,"50,001–80,000"
V570,Hatchback,10,70837,104,2316,21,11.7,11.31,30,43,Moderate,Medium,8,Yes,"50,001–80,000"
V571,SUV,15,91255,104,2546,26,10.4,12.39,35,55,Moderate,Low,7,Yes,"25,001–50,000"
V572,Hatchback,4,57185,108,2658,49,5.1,11.38,35,61,Moderate,Low,3,No,"80,001+"
V573,Hatchback,11,9454,89,2210,48,7.7,11.16,41,103,Worn,Low,3,Yes,"80,001+"
V574,Sedan,10,38458,105,2673,32,11.3,11.13,35,108,Good,Medium,7,Yes,"80,001+"
V575,Sedan,10,107975,96,1698,30,11.1,12.31,36,65,Moderate,Medium,4,Yes,"80,001+"
V576,Truck,15,33703,86,2076,24,7.1,12.45,45,82,Moderate,Low,11,Yes,"50,001–80,000"
V577,Hatchback,10,74944,96,1519,48,10.0,11.89,42,74,Moderate,High,5,Yes,"80,001+"
V578,SUV,5,197463,107,1777,47,6.3,11.95,37,86,Moderate,High,7,Yes,"50,001–80,000"
V579,SUV,10,112850,100,1723,46,7.3,12.82,40,77,Worn,Medium,8,No,"80,001+"
V580,Hatchback,10,47350,103,2591,23,13.0,12.51,41,83,Moderate,Medium,6,Yes,"50,001–80,000"
V581,Hatchback,3,46036,110,2545,32,16.6,12.27,38,68,Moderate,Medium,6,Yes,"80,001+"
V582,Hatchback,10,198567,97,2930,45,10.6,12.21,42,48,Critical,High,1,No,"50,001–80,000"
V583,Sedan,11,15534,106,2068,41,18.8,12.39,34,94,Critical,Low,12,No,"25,001–50,000"
V584,Truck,4,47913,100,2315,41,19.0,12.57,40,69,Worn,Low,9,Yes,"80,001+"
V585,Hatchback,12,55364,99,2237,37,12.7,12.73,41,36,Worn,Low,7,No,"80,001+"
V586,Hatchback,6,138888,86,1832,43,12.2,11.25,40,45,Moderate,Medium,4,Yes,"80,001+"
V587,Truck,13,24686,96,2949,49,8.4,12.54,35,42,Moderate,High,8,Yes,"50,001–80,000"
V588,Truck,5,27286,102,2841,48,14.1,12.97,33,104,Moderate,High,6,No,"50,001–80,000"
V589,Hatchback,6,169156,90,2633,24,7.7,12.37,38,40,Critical,Low,8,No,"50,001–80,000"
V590,Hatchback,3,141508,86,1710,24,15.3,12.29,38,91,Good,Medium,2,No,"80,001+"
V591,Hatchback,5,84682,109,2462,28,8.3,12.54,42,43,Worn,Low,1,Yes,"50,001–80,000"
V592,Truck,14,191034,93,2822,21,12.6,11.54,44,78,Moderate,Medium,3,No,"50,001–80,000"
V593,SUV,5,101469,85,2427,40,8.0,11.42,34,49,Critical,High,2,No,"50,001–80,000"
V594,Hatchback,8,128355,100,2003,45,9.5,11.78,35,52,Critical,Low,6,Yes,"80,001+"
V595,Sedan,13,171111,93,2881,30,6.4,11.22,44,106,Critical,High,5,No,"25,001–50,000"
V596,SUV,4,80223,97,2969,40,15.4,11.7,33,48,Moderate,High,9,No,"50,001–80,000"
V597,Truck,3,91651,106,1523,50,16.3,12.11,32,77,Worn,Medium,4,Yes,"80,001+"
V598,Sedan,8,76180,90,1507,38,6.8,11.5,30,48,Worn,High,9,Yes,"50,001–80,000"
V599,Truck,2,71895,108,2059,50,11.3,12.25,45,45,Moderate,Low,8,Yes,"80,001+"
V600,Hatchback,1,74781,85,2704,47,17.5,11.02,45,81,Moderate,Low,3,No,"80,001+"
V601,Truck,15,54199,86,1554,34,18.7,12.41,35,75,Good,Low,9,Yes,"80,001+"
V602,Truck,9,19809,101,2859,39,17.6,12.89,37,60,Moderate,High,3,No,"50,001–80,000"
V603,Sedan,4,166101,92,2850,29,6.0,12.14,36,65,Critical,High,4,No,"25,001–50,000"
V604,Sedan,14,84972,105,2885,37,5.9,11.67,30,50,Good,High,6,No,"25,001–50,000"
V605,Hatchback,3,148295,92,1920,33,18.0,12.5,32,82,Critical,High,11,Yes,"25,001–50,000"
V606,Hatchback,6,31003,108,2262,37,19.9,11.87,32,56,Moderate,High,11,Yes,"25,001–50,000"
V607,Truck,5,18381,110,2502,20,6.9,12.07,36,53,Good,High,3,Yes,"25,001–50,000"
V608,Hatchback,13,148815,86,1896,43,14.8,12.68,41,85,Good,Low,8,Yes,"80,001+"
V609,Truck,14,53239,109,1973,33,11.7,11.33,43,97,Critical,Medium,10,Yes,"25,001–50,000"
V610,Sedan,4,100133,92,1865,40,7.5,12.83,35,33,Worn,Low,10,No,"80,001+"
V611,Hatchback,6,182911,100,2120,40,18.0,11.91,44,102,Good,High,2,No,"80,001+"
V612,Hatchback,5,154300,87,1646,45,14.5,11.8,31,99,Good,Low,5,Yes,"80,001+"
V613,Sedan,14,129476,96,2310,35,7.0,11.94,39,35,Moderate,Low,1,Yes,"80,001+"
V614,Hatchback,11,130088,103,2840,33,9.8,11.91,42,106,Moderate,Low,11,No,"50,001–80,000"
V615,Hatchback,11,194185,103,2521,33,16.6,11.01,31,75,Moderate,Medium,9,Yes,"50,001–80,000"
V616,Hatchback,3,131627,106,1903,33,17.9,11.09,42,47,Worn,Low,3,Yes,"80,001+"
V617,Hatchback,12,188276,86,1837,35,10.1,12.89,42,85,Critical,Low,12,Yes,"50,001–80,000"
V618,Truck,10,62894,95,2472,20,10.4,11.77,34,88,Moderate,Low,12,No,"50,001–80,000"
V619,Hatchback,1,18240,86,2339,29,15.3,11.54,33,36,Good,High,6,Yes,"50,001–80,000"
V620,Sedan,13,123894,98,2205,43,10.5,12.45,42,59,Moderate,Low,8,No,"80,001+"
V621,Sedan,12,147772,99,2879,34,6.6,11.88,37,65,Good,Low,7,No,"80,001+"
V622,Hatchback,5,155056,85,2880,35,13.0,12.99,31,81,Moderate,Medium,7,No,"80,001+"
V623,Truck,9,42934,103,1612,33,9.2,11.57,30,47,Critical,Medium,7,No,"50,001–80,000"
V624,SUV,14,181229,101,2922,38,15.5,11.51,42,107,Worn,Low,10,No,"50,001–80,000"
V625,SUV,12,33585,88,2592,32,12.6,11.79,33,89,Critical,High,8,No,"25,001–50,000"
V626,Sedan,7,17308,96,2844,38,7.8,11.28,30,93,Worn,High,10,No,"50,001–80,000"
V627,Truck,7,56818,90,1762,42,9.9,12.86,31,72,Good,Medium,2,No,"80,001+"
V628,Hatchback,2,137413,105,2011,41,8.9,11.6,33,59,Critical,Low,11,No,"25,001–50,000"
V629,SUV,5,42554,95,1786,33,16.0,11.34,40,71,Good,Low,4,Yes,"80,001+"
V630,Truck,10,147890,102,2455,46,7.2,12.99,34,58,Moderate,Medium,3,No,"80,001+"
V631,Sedan,2,43941,103,2340,20,13.2,12.97,41,38,Worn,Medium,8,No,"50,001–80,000"
V632,Hatchback,10,192798,86,1893,34,14.0,12.44,42,68,Critical,High,5,Yes,"50,001–80,000"
V633,Truck,12,34601,87,2705,47,5.2,11.5,42,45,Worn,Low,6,No,"80,001+"
V634,Sedan,14,22813,102,2686,21,6.1,12.02,31,61,Critical,High,11,No,"0–10,000"
V635,SUV,9,96340,97,2849,31,10.7,11.71,42,40,Good,High,3,No,"80,001+"
V636,SUV,10,79686,103,2794,30,16.4,11.79,32,40,Worn,Medium,10,Yes,"50,001–80,000"
V637,SUV,15,64478,108,1947,24,9.6,11.87,33,66,Moderate,Low,8,No,"25,001–50,000"
V638,Hatchback,13,160269,93,2603,40,17.6,11.63,43,92,Worn,Low,4,No,"80,001+"
V639,Sedan,12,32723,94,2808,44,13.6,12.18,34,81,Critical,High,8,Yes,"25,001–50,000"
V640,Truck,13,69240,85,2299,48,15.8,12.12,34,69,Moderate,Medium,4,Yes,"80,001+"
V641,Sedan,6,125575,100,2121,32,16.4,11.31,41,38,Worn,Medium,4,Yes,"80,001+"
V642,Sedan,1,77135,99,2706,25,13.3,12.01,43,87,Good,Low,8,No,"80,001+"
V643,SUV,11,84088,108,1773,42,12.0,12.79,39,100,Critical,Low,2,Yes,"25,001–50,000"
V644,Truck,1,178933,102,1785,26,7.9,12.84,43,34,Good,Medium,7,No,"50,001–80,000"
V645,Truck,9,128243,89,2764,50,6.5,11.4,43,104,Critical,Medium,10,Yes,"50,001–80,000"
V646,Hatchback,3,129310,86,2285,30,10.2,12.06,40,43,Good,Low,1,Yes,"80,001+"
V647,SUV,2,40192,92,2384,46,5.6,11.75,38,54,Critical,Low,11,No,"50,001–80,000"
V648,SUV,6,73596,92,2836,41,14.6,12.69,40,70,Worn,High,9,No,"50,001–80,000"
V649,Hatchback,5,30061,100,2797,33,13.9,12.34,44,68,Good,Medium,12,No,"80,001+"
V650,Hatchback,9,43299,110,2301,45,18.2,11.65,30,71,Good,High,10,Yes,"25,001–50,000"
V651,Sedan,15,49240,95,2729,22,7.1,11.18,32,54,Good,Medium,5,Yes,"50,001–80,000"
V652,Sedan,6,192905,105,1718,41,18.9,13.0,30,52,Good,Medium,9,Yes,"50,001–80,000"
V653,Sedan,9,54425,105,2621,36,11.3,12.03,32,45,Critical,Medium,6,No,"50,001–80,000"
V654,Truck,4,149979,98,2111,39,13.6,11.86,42,46,Good,Low,2,No,"80,001+"
V655,SUV,14,133035,90,2553,21,19.7,11.72,35,74,Worn,Medium,10,Yes,"50,001–80,000"
V656,Truck,14,57708,106,2875,34,6.7,12.63,41,100,Critical,Low,5,Yes,"25,001–50,000"
V657,SUV,5,21952,100,1506,46,5.4,12.46,42,91,Good,Medium,5,No,"80,001+"
V658,SUV,12,50627,96,2384,46,19.0,11.28,43,104,Good,High,10,Yes,"50,001–80,000"
V659,Hatchback,9,133184,86,1646,28,16.0,12.84,33,109,Good,Medium,11,No,"50,001–80,000"
V660,Hatchback,1,107693,101,1510,33,15.0,12.64,44,92,Good,Medium,1,No,"80,001+"
V661,Hatchback,13,141864,93,2330,39,7.8,12.4,42,96,Moderate,Low,12,Yes,"80,001+"
V662,Truck,14,78389,104,2227,20,18.3,12.85,40,83,Moderate,High,8,No,"10,001–25,000"
V663,SUV,2,45165,102,2509,21,7.5,11.22,45,46,Good,Low,7,Yes,"50,001–80,000"
V664,SUV,11,86146,105,1733,49,7.2,11.22,33,39,Worn,High,8,No,"25,001–50,000"
V665,SUV,15,197664,86,2274,49,16.4,12.45,41,72,Critical,High,1,No,"25,001–50,000"
V666,Sedan,12,188234,98,1859,32,8.5,11.94,45,48,Critical,High,8,No,"25,001–50,000"
V667,SUV,7,31791,93,1994,47,19.9,12.3,33,109,Good,High,3,Yes,"80,001+"
V668,Hatchback,15,98722,96,2700,37,9.0,11.68,43,32,Moderate,High,6,Yes,"50,001–80,000"
V669,Sedan,11,139786,95,2426,35,12.2,11.07,31,73,Good,Low,5,No,"80,001+"
V670,SUV,15,78631,97,2713,50,9.2,12.32,44,46,Moderate,Medium,2,No,"80,001+"
V671,Truck,3,47176,88,2735,29,17.4,11.31,41,52,Worn,Medium,2,Yes,"80,001+"
V672,Truck,10,124652,103,1855,47,16.1,11.23,34,97,Critical,Low,9,No,"25,001–50,000"
V673,Sedan,7,145693,106,1880,29,12.9,12.28,36,110,Critical,Low,12,No,"10,001–25,000"
V674,Hatchback,7,173372,96,2750,40,8.3,11.31,44,92,Worn,Low,2,Yes,"80,001+"
V675,Truck,9,16943,98,1946,23,8.3,11.77,37,78,Moderate,Low,12,No,"50,001–80,000"
V676,Truck,5,75252,89,2861,50,14.1,11.44,41,106,Good,Medium,6,No,"80,001+"
V677,Hatchback,4,117439,97,2107,39,17.8,12.67,31,44,Critical,Medium,12,Yes,"50,001–80,000"
V678,Truck,8,85332,88,2474,38,9.7,12.79,32,97,Moderate,Low,12,No,"80,001+"
V679,Truck,9,159608,105,2293,21,14.4,12.48,43,102,Good,Medium,1,Yes,"50,001–80,000"
V680,SUV,1,159252,87,2383,47,18.6,11.89,43,88,Critical,Medium,1,No,"80,001+"
V681,Hatchback,3,87814,108,2525,30,11.1,11.74,36,84,Moderate,High,3,No,"50,001–80,000"
V682,Sedan,15,122573,94,2523,27,19.2,12.99,30,76,Worn,Low,6,Yes,"50,001–80,000"
V683,Hatchback,13,180272,97,1690,24,8.4,12.84,38,106,Good,Low,11,No,"50,001–80,000"
V684,SUV,15,171350,97,2362,25,17.7,12.7,45,103,Good,High,12,Yes,"25,001–50,000"
V685,Sedan,12,158030,85,1992,24,14.2,12.62,38,54,Good,Medium,3,No,"50,001–80,000"
V686,Truck,10,36707,89,2436,40,15.7,11.55,39,35,Moderate,Medium,4,Yes,"80,001+"
V687,Hatchback,7,141539,105,2209,21,6.9,12.32,43,46,Critical,Medium,5,Yes,"25,001–50,000"
V688,SUV,14,31577,101,2749,39,11.0,12.65,35,61,Critical,Medium,12,Yes,"25,001–50,000"
V689,SUV,6,113695,97,1586,48,14.3,12.31,36,92,Critical,Medium,9,Yes,"50,001–80,000"
V690,SUV,3,103867,99,1808,24,6.3,11.55,35,103,Moderate,Medium,8,Yes,"80,001+"
V691,Hatchback,1,141369,94,2484,27,14.9,12.39,39,106,Moderate,Low,5,No,"80,001+"
V692,Truck,3,86818,101,2179,21,19.6,12.2,35,34,Critical,Medium,3,Yes,"25,001–50,000"
V693,Sedan,8,110046,93,1652,33,15.7,11.67,43,107,Critical,Low,1,Yes,"80,001+"
V694,Hatchback,10,183545,106,2817,43,12.0,11.84,43,73,Worn,High,9,No,"25,001–50,000"
V695,Truck,13,8147,108,1860,27,17.1,11.71,34,99,Moderate,Low,7,Yes,"25,001–50,000"
V696,Sedan,4,98675,101,2583,48,14.4,11.45,45,54,Critical,High,10,Yes,"10,001–25,000"
V697,Sedan,12,55461,91,2079,40,14.7,12.72,37,78,Worn,High,11,Yes,"50,001–80,000"
V698,Sedan,11,71969,107,2689,37,17.0,12.13,32,50,Critical,High,3,No,"10,001–25,000"
V699,Sedan,13,7607,99,2214,27,7.3,12.82,35,53,Moderate,High,5,Yes,"25,001–50,000"
V700,Hatchback,9,159499,104,2139,26,10.8,11.58,40,41,Worn,Medium,5,No,"50,001–80,000"
V701,Sedan,2,24881,100,2913,44,17.0,12.98,45,99,Moderate,Low,3,Yes,"80,001+"
V702,Sedan,11,26337,92,1623,27,12.4,12.29,36,106,Worn,Low,12,Yes,"50,001–80,000"
V703,Truck,13,180964,106,2489,40,12.6,11.78,43,92,Worn,High,11,No,"25,001–50,000"
V704,Sedan,12,99860,110,1577,34,12.1,12.53,40,81,Moderate,Low,3,Yes,"50,001–80,000"
V705,Sedan,9,66112,109,1850,35,9.2,11.28,39,32,Critical,Medium,7,Yes,"50,001–80,000"
V706,Sedan,14,129325,102,1949,47,11.8,11.05,42,43,Good,Low,3,No,"50,001–80,000"
V707,Sedan,4,177376,91,1675,48,14.8,12.43,41,96,Moderate,High,11,Yes,"50,001–80,000"
V708,SUV,13,68593,103,2053,41,12.8,11.91,43,103,Moderate,High,9,No,"25,001–50,000"
V709,Truck,13,45469,101,2573,26,19.0,12.61,43,51,Good,Medium,3,No,"25,001–50,000"
V710,Sedan,9,190652,107,2655,34,10.1,12.63,32,109,Worn,High,5,Yes,"50,001–80,000"
V711,Hatchback,3,42774,95,2466,47,10.5,12.47,37,74,Moderate,Medium,4,Yes,"80,001+"
V712,Sedan,10,88505,90,1897,41,6.6,11.39,45,106,Worn,Low,1,No,"80,001+"
V713,Hatchback,7,67294,85,2904,39,13.5,12.86,45,49,Worn,Low,4,Yes,"80,001+"
V714,Truck,2,93542,104,1838,45,17.0,12.36,34,64,Critical,Low,6,No,"50,001–80,000"
V715,Truck,1,58672,110,2812,49,6.7,11.96,40,85,Good,Medium,9,No,"50,001–80,000"
V716,Hatchback,5,80564,86,1832,34,15.2,12.31,37,44,Critical,Medium,1,No,"80,001+"
V717,Sedan,4,137609,95,2688,43,15.0,11.98,40,69,Moderate,Low,7,Yes,"80,001+"
V718,Truck,12,40830,93,2735,49,16.5,11.36,38,46,Good,Medium,11,Yes,"80,001+"
V719,Hatchback,1,175872,101,1679,20,18.7,12.52,42,71,Critical,Medium,6,No,"25,001–50,000"
V720,Sedan,4,35117,104,1630,46,18.0,12.41,32,108,Moderate,Low,6,Yes,"80,001+"
V721,Truck,2,39761,87,2947,44,12.6,12.07,36,73,Moderate,Medium,2,Yes,"80,001+"
V722,Truck,4,169715,100,2467,32,15.5,12.75,36,107,Good,High,8,No,"80,001+"
V723,SUV,3,119655,97,2842,24,8.1,11.87,44,51,Critical,Low,1,No,"50,001–80,000"
V724,Truck,15,161522,102,2618,37,19.0,11.27,34,43,Good,Medium,4,No,"50,001–80,000"
V725,Truck,4,155008,88,2624,31,17.2,11.23,44,76,Critical,Medium,9,No,"50,001–80,000"
V726,Truck,9,46650,106,2141,21,19.8,11.43,33,100,Moderate,Medium,7,Yes,"50,001–80,000"
V727,Hatchback,15,156008,96,2754,22,10.2,12.53,40,60,Moderate,High,12,No,"25,001–50,000"
V728,Sedan,12,47517,87,2555,23,13.6,12.27,38,62,Critical,Low,2,No,"25,001–50,000"
V729,Truck,2,180977,95,1605,39,15.5,11.46,37,85,Moderate,High,11,Yes,"50,001–80,000"
V730,Hatchback,4,119328,97,2432,44,15.2,12.77,38,89,Moderate,High,3,No,"80,001+"
V731,Hatchback,2,71104,87,1828,27,18.3,11.24,33,91,Moderate,Low,11,Yes,"50,001–80,000"
V732,SUV,8,13384,110,2422,27,14.9,12.02,38,30,Moderate,Medium,7,No,"50,001–80,000"
V733,Hatchback,10,85752,110,2416,29,9.1,11.46,32,45,Moderate,Low,7,Yes,"50,001–80,000"
V734,SUV,10,78373,93,2706,20,14.7,12.99,39,52,Worn,Medium,6,Yes,"80,001+"
V735,Truck,3,169626,98,2302,32,11.3,12.98,42,50,Critical,High,10,Yes,"25,001–50,000"
V736,Hatchback,10,104894,94,1535,37,17.0,12.3,32,36,Critical,High,9,No,"25,001–50,000"
V737,Truck,6,172634,88,2600,49,8.6,11.9,44,73,Worn,Low,6,Yes,"80,001+"
V738,Sedan,11,24429,101,1603,25,10.7,12.15,45,93,Critical,Low,4,No,"10,001–25,000"
V739,SUV,14,106000,89,2359,26,9.2,12.75,42,101,Critical,Medium,9,Yes,"25,001–50,000"
V740,Truck,3,21451,96,2449,30,19.8,11.95,44,62,Worn,High,1,No,"80,001+"
V741,Truck,15,8977,104,2086,24,15.3,11.89,30,93,Worn,Medium,11,Yes,"25,001–50,000"
V742,Hatchback,9,49647,89,2498,49,12.0,12.48,42,92,Worn,Medium,12,No,"80,001+"
V743,Sedan,7,141930,94,1656,24,17.6,12.47,40,66,Moderate,Medium,6,No,"80,001+"
V744,Sedan,4,54983,92,1734,28,6.3,12.06,30,109,Moderate,Medium,7,No,"80,001+"
V745,Sedan,7,99125,107,1695,38,15.0,12.11,41,33,Worn,Low,10,Yes,"50,001–80,000"
V746,Sedan,4,194892,97,2218,30,10.1,11.96,32,83,Moderate,High,10,No,"50,001–80,000"
V747,Sedan,15,94808,88,1908,42,15.2,12.62,43,53,Good,High,7,Yes,"50,001–80,000"
V748,SUV,12,120336,109,1936,47,8.2,11.38,41,48,Good,High,7,No,"25,001–50,000"
V749,Truck,11,35356,103,2863,50,14.1,11.64,43,64,Worn,Low,8,No,"50,001–80,000"
V750,SUV,12,170411,110,2618,29,13.1,12.93,44,85,Good,Low,4,Yes,"25,001–50,000"
V751,Sedan,13,188405,108,1880,49,16.8,12.98,45,37,Critical,High,7,Yes,"10,001–25,000"
V752,Sedan,2,153235,96,1758,33,18.3,11.74,36,35,Worn,Low,5,Yes,"80,001+"
V753,Hatchback,1,156030,88,2780,35,7.5,12.98,42,100,Moderate,High,10,Yes,"50,001–80,000"
V754,Hatchback,6,71654,96,2841,23,6.4,11.69,44,37,Good,Medium,9,Yes,"50,001–80,000"
V755,Truck,1,154956,108,2452,38,16.2,12.58,30,77,Critical,Medium,8,No,"50,001–80,000"
V756,Truck,9,34343,95,2926,49,16.3,11.04,42,67,Worn,High,5,No,"80,001+"
V757,SUV,11,186382,101,1966,49,7.0,11.52,41,80,Good,Medium,6,No,"50,001–80,000"
V758,Truck,13,163936,109,2350,44,10.1,11.62,42,99,Worn,Low,2,No,"50,001–80,000"
V759,Truck,14,179728,90,1910,44,11.2,11.69,32,69,Moderate,Medium,8,Yes,"80,001+"
V760,SUV,12,96571,85,2003,31,11.9,11.07,30,109,Moderate,Low,4,Yes,"80,001+"
V761,Truck,14,159927,100,2008,31,7.2,12.36,39,54,Critical,Low,5,No,"50,001–80,000"
V762,Hatchback,13,7621,101,1928,23,5.3,11.17,45,76,Moderate,Low,9,No,"25,001–50,000"
V763,Truck,4,99297,103,1632,31,18.6,11.63,43,99,Good,Low,5,Yes,"80,001+"
V764,Hatchback,13,24645,97,2181,44,17.5,11.28,44,89,Moderate,High,2,Yes,"50,001–80,000"
V765,SUV,11,124385,93,2560,43,8.5,11.41,41,53,Critical,Low,3,Yes,"50,001–80,000"
V766,Hatchback,2,94997,109,2075,28,5.7,11.53,42,60,Good,Medium,4,No,"50,001–80,000"
V767,Hatchback,5,122370,90,2418,41,5.2,11.73,39,97,Good,Medium,9,Yes,"80,001+"
V768,Truck,14,171468,109,1874,28,16.5,11.73,35,55,Good,Low,11,Yes,"25,001–50,000"
V769,Truck,5,45743,97,1732,45,11.4,12.15,34,59,Critical,Low,4,Yes,"80,001+"
V770,Truck,1,150180,99,2605,24,11.3,12.82,42,67,Worn,Medium,4,No,"80,001+"
V771,SUV,6,123400,94,2564,46,17.9,11.69,35,97,Good,Low,6,Yes,"80,001+"
V772,SUV,3,24586,95,1897,28,16.7,12.47,34,46,Moderate,High,5,No,"50,001–80,000"
V773,Sedan,9,187788,108,1801,21,11.2,11.32,37,77,Good,Low,1,Yes,"50,001–80,000"
V774,Sedan,2,86846,106,2713,38,6.6,11.81,41,30,Critical,Medium,3,Yes,"50,001–80,000"
V775,SUV,4,50106,92,1665,21,12.2,11.69,42,71,Good,Medium,7,No,"80,001+"
V776,Hatchback,1,180490,101,1644,29,9.6,12.03,39,37,Moderate,Medium,9,Yes,"25,001–50,000"
V777,Hatchback,8,192726,97,1521,48,10.4,12.15,36,42,Worn,Low,7,Yes,"80,001+"
V778,Sedan,13,154128,105,1633,23,12.8,11.89,34,62,Critical,High,6,Yes,"0–10,000"
V779,SUV,12,99404,104,2274,47,8.0,12.71,37,49,Worn,Medium,11,No,"50,001–80,000"
V780,Hatchback,15,18784,91,2525,36,8.4,12.0,44,110,Critical,High,9,No,"25,001–50,000"
V781,Hatchback,5,177879,90,2862,36,10.3,12.87,38,69,Good,High,3,No,"80,001+"
V782,Truck,9,112686,101,2418,26,12.9,11.58,32,45,Moderate,Low,7,Yes,"50,001–80,000"
V783,Hatchback,10,199925,89,1669,38,8.2,11.11,40,40,Moderate,High,11,No,"50,001–80,000"
V784,Sedan,1,112591,105,2888,44,13.2,11.33,32,94,Good,Low,1,No,"80,001+"
V785,Hatchback,10,22693,91,2998,48,13.1,12.46,44,47,Moderate,High,7,Yes,"80,001+"
V786,Hatchback,5,86047,102,2630,20,15.1,11.16,38,79,Good,Medium,4,No,"50,001–80,000"
V787,Truck,3,182121,95,2339,46,6.2,11.83,41,31,Critical,Low,2,No,"80,001+"
V788,Hatchback,8,106678,89,2101,50,13.1,11.66,40,68,Good,Low,3,No,"80,001+"
V789,Truck,15,153732,98,2447,22,8.4,12.31,35,85,Good,Medium,8,No,"50,001–80,000"
V790,Hatchback,12,87308,104,1579,22,16.5,12.31,32,99,Moderate,Low,7,Yes,"25,001–50,000"
V791,Sedan,7,58967,94,2806,29,14.9,12.63,30,59,Worn,Low,4,Yes,"80,001+"
V792,Truck,14,70983,102,1994,27,10.5,11.34,33,97,Critical,High,12,No,"0–10,000"
V793,Truck,13,14142,105,2417,46,15.6,11.66,39,103,Moderate,Low,8,No,"50,001–80,000"
V794,SUV,14,174699,99,2462,31,6.1,11.01,32,44,Worn,Low,5,Yes,"80,001+"
V795,Truck,3,46245,98,1687,28,10.6,11.94,34,98,Good,High,11,Yes,"25,001–50,000"
V796,Hatchback,9,145951,96,2111,31,6.6,11.08,31,95,Worn,Medium,2,Yes,"80,001+"
V797,SUV,10,161241,96,2900,30,15.1,12.83,43,31,Worn,High,6,No,"80,001+"
V798,Hatchback,9,76265,104,2811,48,17.8,12.64,40,89,Moderate,Medium,6,No,"80,001+"
V799,Sedan,2,68372,108,2005,24,5.1,12.64,43,53,Worn,Low,9,No,"25,001–50,000"
V800,SUV,15,107267,107,2020,24,18.6,12.73,37,85,Critical,Medium,5,Yes,"10,001–25,000"
V801,Truck,15,117647,98,2111,23,16.8,12.35,33,49,Good,High,2,No,"25,001–50,000"
V802,Hatchback,1,134257,97,2023,47,13.9,11.39,39,79,Worn,Medium,8,No,"80,001+"
V803,Sedan,2,155310,93,2305,40,9.4,12.0,40,110,Moderate,High,3,No,"80,001+"
V804,Truck,8,11527,99,2971,32,10.8,12.09,38,60,Good,Medium,12,No,"80,001+"
V805,Truck,5,153659,108,2288,26,5.5,11.46,44,71,Good,High,12,No,"10,001–25,000"
V806,Hatchback,11,33698,88,2645,25,13.2,11.09,38,50,Worn,Medium,12,Yes,"50,001–80,000"
V807,Sedan,13,166203,107,2894,33,5.8,11.95,31,47,Critical,High,10,No,"10,001–25,000"
V808,Hatchback,7,75008,90,2980,21,5.2,11.93,33,52,Good,Medium,7,Yes,"80,001+"
V809,Hatchback,2,68510,109,1595,27,15.5,11.04,43,101,Good,High,8,Yes,"25,001–50,000"
V810,Hatchback,13,80368,91,2654,50,9.8,11.89,38,78,Critical,Medium,1,Yes,"50,001–80,000"
V811,Hatchback,5,142106,101,2046,33,17.0,11.76,34,101,Moderate,Medium,12,Yes,"50,001–80,000"
V812,Hatchback,2,123789,109,2214,23,17.4,11.53,44,46,Good,Low,11,Yes,"25,001–50,000"
V813,Sedan,5,89690,105,2122,42,18.2,11.95,42,71,Good,Medium,3,No,"80,001+"
V814,Truck,6,192750,102,2329,47,8.1,12.0,37,80,Worn,Low,1,Yes,"80,001+"
V815,Hatchback,7,82848,105,2625,39,10.6,11.19,38,65,Good,Medium,7,No,"80,001+"
V816,Sedan,3,181428,86,1727,20,16.6,12.76,34,62,Worn,Low,11,No,"50,001–80,000"
V817,SUV,1,161283,88,1869,24,14.5,11.08,44,68,Critical,Low,9,No,"25,001–50,000"
V818,Truck,15,77727,88,2814,26,7.9,12.92,44,88,Worn,High,3,Yes,"25,001–50,000"
V819,Truck,2,39524,108,1585,23,9.4,12.22,44,45,Moderate,Low,1,Yes,"50,001–80,000"
V820,Hatchback,3,34040,99,2146,38,14.5,11.46,36,84,Worn,High,4,No,"80,001+"
V821,Truck,9,42084,97,2306,22,15.3,12.58,37,103,Good,High,12,Yes,"25,001–50,000"
V822,SUV,11,28175,88,2227,38,17.5,12.28,38,97,Critical,Low,2,Yes,"50,001–80,000"
V823,Sedan,8,190913,110,1720,29,18.1,11.75,41,106,Worn,Low,1,No,"50,001–80,000"
V824,SUV,5,69616,109,2367,44,9.3,11.81,38,92,Good,Low,7,Yes,"80,001+"
V825,Sedan,1,28069,105,2675,41,14.0,11.38,44,62,Worn,Medium,1,Yes,"80,001+"
V826,SUV,9,52322,106,1672,29,16.8,11.72,35,39,Good,Medium,6,Yes,"50,001–80,000"
V827,Sedan,15,84433,109,2634,27,19.7,12.78,40,98,Worn,Medium,4,No,"25,001–50,000"
V828,SUV,3,141489,85,2128,26,13.0,11.59,45,53,Good,Low,10,Yes,"50,001–80,000"
V829,Sedan,1,171808,91,1897,23,6.9,12.2,39,46,Good,High,9,No,"25,001–50,000"
V830,Hatchback,7,27498,96,1722,23,13.8,12.93,32,35,Worn,Medium,6,No,"80,001+"
V831,SUV,2,195443,89,2935,37,15.4,12.23,35,84,Moderate,Low,2,Yes,"80,001+"
V832,Sedan,15,100433,92,1985,31,10.7,11.14,39,102,Worn,Low,11,Yes,"80,001+"
V833,Hatchback,3,94600,88,1796,42,12.8,12.53,34,93,Moderate,High,11,Yes,"50,001–80,000"
V834,SUV,13,95750,88,2408,38,7.4,12.83,43,52,Worn,Low,9,No,"80,001+"
V835,SUV,11,181423,92,1964,25,5.6,11.39,30,75,Moderate,Medium,12,No,"50,001–80,000"
V836,Hatchback,7,82389,96,2765,40,9.2,12.27,44,58,Critical,Low,9,Yes,"50,001–80,000"
V837,Truck,10,54142,101,1982,21,17.2,11.31,43,42,Good,Low,4,No,"50,001–80,000"
V838,Hatchback,10,126094,104,1507,43,15.5,12.74,35,48,Critical,Medium,1,No,"50,001–80,000"
V839,Hatchback,10,177392,88,2100,36,7.4,11.52,34,64,Moderate,High,11,No,"50,001–80,000"
V840,SUV,3,101515,109,1625,40,9.9,12.18,42,96,Critical,Medium,3,Yes,"50,001–80,000"
V841,Sedan,15,177675,108,2480,26,16.7,11.64,37,46,Moderate,High,2,Yes,"10,001–25,000"
V842,Sedan,5,198160,90,1992,40,13.6,12.34,41,75,Worn,Medium,10,Yes,"80,001+"
V843,Truck,8,6489,89,2287,27,17.5,12.41,40,108,Good,Low,12,No,"50,001–80,000"
V844,Sedan,13,169225,104,2978,23,18.1,12.91,40,43,Worn,Low,10,No,"25,001–50,000"
V845,Truck,12,160072,86,2948,49,10.8,11.15,33,98,Worn,Low,1,No,"80,001+"
V846,Sedan,8,97203,106,2181,35,12.0,12.73,44,100,Good,High,1,Yes,"50,001–80,000"
V847,Sedan,13,95462,87,1891,48,10.0,11.56,44,101,Critical,High,11,No,"25,001–50,000"
V848,Hatchback,6,84170,89,2626,32,14.2,11.8,34,86,Good,Medium,1,Yes,"80,001+"
V849,Hatchback,2,97099,99,2987,42,18.1,11.09,35,109,Worn,High,6,Yes,"80,001+"
V850,Sedan,4,59873,107,2655,41,15.5,12.34,32,89,Worn,Medium,1,No,"80,001+"
V851,SUV,1,14894,85,2676,40,12.4,11.59,40,46,Worn,Medium,1,No,"80,001+"
V852,Truck,3,114797,100,2842,40,5.6,11.55,32,98,Worn,Low,8,Yes,"80,001+"
V853,SUV,1,150711,89,2546,49,14.6,11.42,36,36,Worn,Medium,5,No,"80,001+"
V854,Sedan,12,189752,102,2085,40,10.5,11.6,35,93,Critical,Low,5,No,"25,001–50,000"
V855,SUV,6,184000,99,2983,42,6.3,12.64,40,34,Moderate,Medium,3,Yes,"80,001+"
V856,Hatchback,11,188567,97,2750,25,6.6,11.7,38,51,Moderate,Low,6,No,"50,001–80,000"
V857,Truck,15,106927,105,1902,23,12.3,12.46,31,95,Moderate,High,4,Yes,"10,001–25,000"
V858,Hatchback,8,129107,108,1989,22,6.7,12.52,38,90,Good,Low,11,Yes,"25,001–50,000"
V859,Hatchback,15,39735,96,2683,23,17.3,11.37,38,54,Worn,High,5,No,"25,001–50,000"
V860,Truck,9,193159,101,2371,29,19.7,12.97,31,41,Good,High,4,Yes,"25,001–50,000"
V861,Hatchback,14,62322,108,1961,43,13.5,12.99,45,85,Worn,Low,10,Yes,"50,001–80,000"
V862,SUV,7,194824,105,2856,46,7.2,11.78,32,44,Critical,Medium,11,Yes,"25,001–50,000"
V863,Sedan,13,43281,99,2059,27,18.8,12.43,41,52,Good,Low,3,No,"50,001–80,000"
V864,SUV,3,157837,107,2993,42,13.2,11.05,38,89,Good,Low,8,Yes,"80,001+"
V865,Truck,4,63822,86,1880,50,13.4,11.57,36,51,Good,Medium,3,No,"80,001+"
V866,Hatchback,3,150334,110,1612,33,15.1,11.28,40,84,Good,Low,10,Yes,"50,001–80,000"
V867,Hatchback,10,84086,110,1519,42,10.1,11.73,45,86,Worn,Medium,4,No,"80,001+"
V868,Sedan,8,28029,92,2395,24,12.8,12.08,44,30,Critical,Low,2,Yes,"50,001–80,000"
V869,SUV,8,97302,94,2418,46,12.3,11.11,40,60,Good,Medium,6,Yes,"80,001+"
V870,SUV,8,198934,98,2324,37,18.0,12.1,34,83,Worn,Low,6,Yes,"80,001+"
V871,Sedan,10,42161,102,2974,37,18.2,11.64,38,63,Moderate,Low,5,Yes,"80,001+"
V872,SUV,1,74040,90,2750,30,9.1,11.07,39,99,Critical,Medium,3,No,"80,001+"
V873,Sedan,5,144782,96,2215,34,16.8,12.59,45,91,Good,High,3,Yes,"80,001+"
V874,SUV,11,56617,90,2359,20,12.9,11.16,30,78,Worn,High,7,Yes,"25,001–50,000"
V875,Sedan,14,99697,92,2725,32,6.5,11.53,43,86,Worn,Low,5,Yes,"80,001+"
V876,Hatchback,14,13490,107,1572,27,14.1,12.14,37,53,Moderate,Medium,11,No,"25,001–50,000"
V877,Truck,14,132656,104,2710,35,9.8,12.67,43,47,Critical,High,10,No,"10,001–25,000"
V878,Hatchback,5,187536,96,1759,46,9.4,12.37,44,43,Good,Medium,12,Yes,"80,001+"
V879,Hatchback,10,31950,92,2915,39,18.9,11.63,44,110,Worn,Medium,12,Yes,"80,001+"
V880,SUV,2,52001,98,2850,39,9.5,12.81,41,93,Good,Low,3,No,"80,001+"
V881,Hatchback,10,71893,94,2181,29,6.1,11.48,36,38,Good,Medium,3,No,"80,001+"
V882,Hatchback,3,193886,87,1849,24,17.8,12.94,35,35,Moderate,Medium,11,No,"50,001–80,000"
V883,SUV,4,71116,91,1954,27,6.7,11.83,43,68,Good,Low,9,Yes,"50,001–80,000"
V884,Hatchback,14,133986,109,2919,25,17.6,11.29,43,110,Good,High,8,Yes,"10,001–25,000"
V885,SUV,10,173997,108,2990,27,7.0,11.29,39,94,Worn,High,9,No,"10,001–25,000"
V886,Sedan,4,174647,103,2362,44,16.0,12.73,37,75,Worn,High,5,Yes,"50,001–80,000"
V887,Truck,14,176965,86,2846,44,13.6,12.04,45,32,Critical,Medium,4,Yes,"50,001–80,000"
V888,Hatchback,3,23951,89,2737,30,6.1,11.98,42,85,Good,High,12,No,"50,001–80,000"
V889,SUV,12,32601,103,1602,42,8.5,11.94,38,59,Good,High,5,No,"25,001–50,000"
V890,Hatchback,12,129611,104,2378,20,15.7,12.34,32,109,Good,High,7,No,"10,001–25,000"
V891,SUV,5,98455,102,2466,44,5.9,11.56,45,85,Worn,High,8,No,"50,001–80,000"
V892,SUV,15,162795,89,2364,31,12.0,11.15,43,34,Critical,Medium,5,Yes,"50,001–80,000"
V893,Sedan,10,138206,92,1956,43,11.1,12.1,32,39,Good,Medium,10,No,"80,001+"
V894,Truck,11,124447,90,2308,20,10.7,12.17,40,106,Moderate,Low,2,Yes,"50,001–80,000"
V895,Truck,15,118102,91,2822,37,5.9,11.91,44,79,Good,High,7,Yes,"50,001–80,000"
V896,Truck,3,83784,86,2497,41,8.1,12.99,41,65,Good,High,1,No,"80,001+"
V897,SUV,8,23735,108,1943,40,6.5,11.01,35,86,Worn,High,2,Yes,"50,001–80,000"
V898,SUV,9,192986,109,2098,22,18.0,11.75,30,54,Worn,Medium,9,No,"25,001–50,000"
V899,Truck,2,189207,94,2575,35,13.4,11.12,43,46,Critical,Medium,3,No,"80,001+"
V900,SUV,2,197373,90,2327,40,5.4,11.83,32,65,Critical,Low,6,No,"80,001+"
V901,Truck,2,67606,108,2274,24,15.1,11.98,42,73,Worn,Low,2,No,"50,001–80,000"
V902,Sedan,4,30326,85,2935,48,20.0,12.27,44,72,Good,Low,8,No,"80,001+"
V903,SUV,5,193289,94,1501,29,8.6,12.44,41,44,Moderate,Low,11,Yes,"50,001–80,000"
V904,SUV,10,139242,107,1628,48,13.1,11.14,42,82,Critical,Low,11,Yes,"25,001–50,000"
V905,Sedan,1,188345,96,1586,28,8.7,12.95,38,59,Worn,Low,9,No,"50,001–80,000"
V906,Hatchback,4,146549,108,2309,35,16.1,11.79,43,63,Moderate,Low,5,Yes,"80,001+"
V907,Hatchback,5,156126,85,2999,28,11.3,11.39,39,101,Worn,Low,11,Yes,"50,001–80,000"
V908,SUV,8,199872,106,2243,45,8.5,12.71,31,46,Critical,High,2,No,"25,001–50,000"
V909,Sedan,12,184912,94,2301,50,9.9,12.25,41,89,Moderate,Medium,5,No,"80,001+"
V910,SUV,2,143114,89,1739,25,5.7,11.33,42,107,Worn,Medium,2,Yes,"80,001+"
V911,Hatchback,10,102095,93,1751,43,8.2,12.93,45,74,Good,Medium,6,No,"80,001+"
V912,Truck,7,128816,86,2372,24,14.6,11.34,34,84,Critical,High,7,No,"25,001–50,000"
V913,Truck,13,76834,100,2867,37,8.5,12.6,34,51,Critical,Low,2,Yes,"50,001–80,000"
V914,Sedan,10,56056,103,1569,49,14.0,12.29,38,43,Good,High,3,No,"50,001–80,000"
V915,Truck,6,50963,91,2871,25,12.7,11.12,42,46,Good,High,4,Yes,"50,001–80,000"
V916,Sedan,6,15139,101,2674,29,14.7,12.71,31,31,Worn,Medium,4,Yes,"50,001–80,000"
V917,SUV,10,196345,87,2998,38,16.5,11.14,40,42,Critical,Low,8,No,"80,001+"
V918,Hatchback,6,180930,93,2901,24,12.2,12.44,43,103,Moderate,Medium,2,No,"80,001+"
V919,Truck,12,143932,110,2810,21,11.0,11.55,42,55,Critical,Low,7,No,"10,001–25,000"
V920,Hatchback,2,141380,96,2857,29,14.4,12.07,40,104,Good,High,10,Yes,"25,001–50,000"
V921,Sedan,8,118277,106,2352,26,8.1,11.93,37,50,Critical,Medium,11,No,"10,001–25,000"
V922,Sedan,13,163367,91,2341,35,10.2,12.93,43,34,Worn,Medium,4,No,"80,001+"
V923,SUV,4,148803,100,1735,27,6.2,11.81,32,63,Good,High,10,No,"25,001–50,000"
V924,Sedan,13,96503,110,2487,36,14.4,11.86,31,64,Worn,Medium,8,No,"50,001–80,000"
V925,Hatchback,10,159266,110,1897,31,10.5,12.91,31,95,Good,Low,7,No,"80,001+"
V926,SUV,10,20948,100,2115,24,6.6,12.75,38,92,Moderate,Low,1,Yes,"80,001+"
V927,Hatchback,3,180410,94,2169,24,9.2,11.23,45,52,Moderate,High,6,No,"50,001–80,000"
V928,SUV,15,7028,90,2311,32,16.1,12.0,32,81,Critical,Low,3,No,"50,001–80,000"
V929,SUV,13,97916,101,2766,33,18.3,12.78,45,52,Good,Medium,5,No,"50,001–80,000"
V930,Sedan,7,163298,105,2250,44,16.9,12.08,38,34,Moderate,High,5,No,"50,001–80,000"
V931,Truck,6,54943,104,2486,49,15.7,11.39,30,50,Good,Low,5,No,"80,001+"
V932,Truck,1,65744,109,1774,29,10.1,11.34,37,61,Moderate,High,3,Yes,"25,001–50,000"
V933,Sedan,14,129432,94,1817,39,16.5,12.56,41,100,Worn,Low,5,No,"80,001+"
V934,Hatchback,2,62444,97,1868,41,6.9,11.48,34,102,Critical,Medium,11,No,"50,001–80,000"
V935,SUV,5,42125,96,2998,30,7.7,11.25,38,32,Critical,High,9,Yes,"25,001–50,000"
V936,SUV,8,71511,98,2413,22,13.9,12.14,39,88,Critical,Low,8,Yes,"50,001–80,000"
V937,Sedan,9,14386,92,1687,39,15.0,12.33,38,41,Moderate,High,11,Yes,"50,001–80,000"
V938,Hatchback,3,184214,88,2804,24,16.4,11.71,37,39,Moderate,Low,4,No,"80,001+"
V939,Hatchback,5,47149,95,2614,35,12.3,11.69,33,80,Good,Low,2,Yes,"80,001+"
V940,Sedan,8,130138,97,2394,41,16.6,12.18,44,85,Good,Medium,7,No,"80,001+"
V941,Hatchback,14,180303,93,2011,46,17.4,12.28,45,91,Moderate,Medium,8,Yes,"80,001+"
V942,Truck,1,179864,99,2702,23,15.8,11.93,45,48,Good,Low,11,Yes,"50,001–80,000"
V943,Sedan,4,41345,108,1621,23,16.8,12.87,43,77,Critical,Medium,9,Yes,"10,001–25,000"
V944,Truck,2,133608,109,2932,21,9.6,11.67,36,90,Critical,Medium,4,Yes,"25,001–50,000"
V945,Hatchback,12,69548,101,2169,36,15.2,11.15,34,31,Good,High,7,No,"25,001–50,000"
V946,Sedan,4,142749,91,1917,38,5.8,11.44,34,69,Moderate,High,12,Yes,"50,001–80,000"
V947,Truck,10,156205,108,1988,23,13.2,12.0,33,97,Good,High,8,Yes,"25,001–50,000"
V948,Truck,6,161791,86,1553,39,12.9,12.12,35,103,Critical,Low,12,Yes,"50,001–80,000"
V949,SUV,2,117873,87,1994,43,11.8,12.83,39,56,Good,Medium,3,Yes,"80,001+"
V950,SUV,5,105436,105,1782,49,5.3,11.45,44,44,Critical,High,9,Yes,"10,001–25,000"
V951,SUV,10,113935,88,1796,40,6.7,12.44,34,46,Worn,Medium,8,Yes,"80,001+"
V952,Truck,14,67983,89,2952,37,14.3,12.56,30,85,Good,High,11,No,"50,001–80,000"
V953,SUV,5,179494,95,1970,28,18.5,12.77,39,47,Good,High,10,No,"25,001–50,000"
V954,Sedan,12,66365,108,1946,34,14.5,12.37,45,67,Moderate,Medium,7,Yes,"50,001–80,000"
V955,Hatchback,4,163843,92,2830,48,7.9,12.37,41,99,Worn,Medium,10,Yes,"80,001+"
V956,SUV,4,92095,86,2483,38,17.9,11.64,43,41,Worn,Medium,10,Yes,"80,001+"
V957,Sedan,9,22948,91,2567,20,14.7,11.95,42,57,Moderate,Low,5,Yes,"80,001+"
V958,Sedan,4,127957,105,2594,23,6.0,12.18,36,36,Critical,Medium,6,No,"25,001–50,000"
V959,Sedan,5,169175,106,2342,29,15.3,12.12,33,65,Good,Low,11,No,"25,001–50,000"
V960,Truck,13,108622,96,2940,28,15.8,11.09,33,99,Worn,Low,4,Yes,"50,001–80,000"
V961,SUV,9,19085,105,2047,35,11.1,12.75,31,65,Critical,Medium,11,No,"25,001–50,000"
V962,Sedan,4,42582,98,1846,35,18.2,12.98,35,71,Worn,Low,11,Yes,"80,001+"
V963,Truck,5,135786,99,2043,25,6.7,11.99,30,73,Good,Low,4,No,"80,001+"
V964,Sedan,8,66574,94,1738,34,6.8,12.59,32,108,Worn,Medium,7,Yes,"80,001+"
V965,SUV,15,109594,105,2113,49,5.2,11.05,40,53,Moderate,Medium,12,No,"50,001–80,000"
V966,Truck,8,63856,110,2110,40,18.8,12.2,38,40,Critical,High,9,Yes,"10,001–25,000"
V967,Sedan,10,126684,102,2431,27,15.1,12.17,42,78,Moderate,Low,1,No,"50,001–80,000"
V968,SUV,7,98342,101,2169,25,18.9,11.38,45,51,Critical,Low,9,No,"10,001–25,000"
V969,SUV,13,195754,98,1932,26,16.7,11.79,38,58,Critical,Medium,10,No,"25,001–50,000"
V970,Hatchback,13,184460,105,1884,28,12.9,12.0,32,37,Good,Medium,9,No,"25,001–50,000"
V971,SUV,1,133655,87,1804,22,18.8,11.79,37,105,Moderate,Medium,5,Yes,"80,001+"
V972,Sedan,8,159832,93,2342,35,10.5,12.57,41,55,Worn,Low,10,No,"80,001+"
V973,Hatchback,1,199719,87,2606,49,6.9,11.77,43,63,Good,High,3,No,"80,001+"
V974,Hatchback,4,164796,109,1620,49,15.8,12.68,34,62,Worn,Low,6,Yes,"80,001+"
V975,SUV,1,141722,101,2055,23,6.3,12.06,33,39,Worn,High,8,Yes,"25,001–50,000"
V976,Hatchback,1,49182,93,2442,45,9.5,12.75,43,80,Critical,Medium,8,Yes,"80,001+"
V977,SUV,11,139811,100,1503,41,6.0,12.91,41,75,Critical,Medium,6,Yes,"50,001–80,000"
V978,Truck,10,130559,106,2897,41,11.1,11.71,40,105,Critical,Low,8,Yes,"50,001–80,000"
V979,Sedan,2,89796,85,2217,25,9.0,11.42,30,87,Good,Low,10,No,"50,001–80,000"
V980,Sedan,14,11688,103,2925,30,6.4,11.1,31,30,Worn,Low,7,No,"50,001–80,000"
V981,SUV,10,103659,101,2205,26,9.8,11.86,36,105,Worn,Low,10,No,"25,001–50,000"
V982,Sedan,8,123692,103,2327,31,6.7,11.44,32,32,Critical,Low,8,Yes,"50,001–80,000"
V983,Truck,5,165552,97,2967,42,17.8,11.07,38,64,Moderate,Low,9,Yes,"80,001+"
V984,Sedan,3,113011,108,1926,41,13.3,12.31,35,58,Moderate,Medium,7,Yes,"80,001+"
V985,Sedan,12,189011,85,1749,49,15.8,11.97,42,90,Worn,Medium,8,Yes,"80,001+"
V986,Truck,15,105971,101,2882,24,14.1,11.25,40,70,Worn,High,7,Yes,"10,001–25,000"
V987,Sedan,12,30813,95,1929,29,6.8,11.92,34,80,Good,Low,6,No,"50,001–80,000"
V988,Truck,1,120887,92,1669,36,10.3,12.5,32,64,Moderate,Medium,12,Yes,"80,001+"
V989,SUV,8,84463,93,2949,48,17.2,12.07,33,54,Moderate,Low,6,Yes,"80,001+"
V990,Truck,5,11609,94,1597,30,13.0,12.22,43,63,Critical,Medium,10,No,"50,001–80,000"
V991,Truck,10,131916,91,1911,21,11.8,11.17,42,93,Good,Low,2,No,"80,001+"
V992,Hatchback,15,121025,108,1522,45,13.7,11.16,38,41,Worn,Medium,12,No,"50,001–80,000"
V993,Sedan,7,10911,98,2847,22,11.9,11.89,36,49,Worn,Low,6,No,"80,001+"
V994,Hatchback,13,128403,95,1818,38,10.7,12.83,42,65,Worn,Low,10,No,"80,001+"
V995,Sedan,1,96642,104,1747,24,15.3,12.3,33,98,Critical,Low,1,No,"25,001–50,000"
V996,SUV,8,170608,94,2603,39,15.7,11.96,37,73,Worn,Low,8,No,"80,001+"
V997,Hatchback,8,25614,104,2950,45,10.2,11.13,43,34,Moderate,High,6,Yes,"50,001–80,000"
V998,Sedan,9,45583,108,2501,25,8.9,11.57,30,55,Critical,High,6,Yes,"10,001–25,000"
V999,SUV,11,161090,100,2829,32,10.3,11.61,41,109,Moderate,Medium,5,No,"80,001+"
V1000,Hatchback,9,130217,99,2661,41,14.9,11.12,34,93,Critical,High,2,No,"50,001–80,000"
V1001,Truck,6,123570,105,2580,48,13.1,11.71,44,43,Critical,High,9,Yes,"10,001–25,000"
V1002,Hatchback,11,148017,92,2161,24,8.0,11.16,37,109,Critical,High,9,No,"10,001–25,000"
V1003,Hatchback,5,44126,95,2172,27,6.1,12.01,31,71,Moderate,Medium,12,Yes,"50,001–80,000"
V1004,Sedan,1,10067,100,2455,39,15.7,12.03,33,75,Good,High,3,No,"80,001+"
V1005,SUV,14,63534,90,1681,45,6.4,11.15,33,61,Critical,Medium,6,Yes,"50,001–80,000"
V1006,Sedan,13,74463,85,2539,24,5.7,12.06,36,99,Worn,Medium,12,Yes,"50,001–80,000"
V1007,Sedan,15,193966,93,1844,40,16.8,12.3,31,75,Worn,Low,3,Yes,"80,001+"
V1008,Sedan,8,114779,95,2376,22,5.1,11.81,32,46,Good,Low,10,No,"50,001–80,000"
V1009,Sedan,9,80937,91,1643,48,6.5,11.35,32,60,Good,Medium,9,No,"80,001+"
V1010,SUV,5,102317,86,2916,32,17.1,12.64,32,60,Good,Medium,8,No,"80,001+"
V1011,Hatchback,5,143719,85,2323,46,13.7,11.37,36,93,Good,Medium,3,No,"80,001+"
V1012,Sedan,13,46738,91,2163,22,11.7,11.34,35,70,Worn,High,8,Yes,"25,001–50,000"
V1013,Hatchback,3,179498,107,2715,23,19.3,11.88,45,73,Moderate,High,1,Yes,"25,001–50,000"
V1014,Hatchback,5,34309,101,1719,37,6.6,11.75,31,95,Worn,High,8,Yes,"50,001–80,000"
V1015,Sedan,1,74158,100,1863,21,6.4,11.31,42,43,Critical,High,11,Yes,"10,001–25,000"
V1016,Truck,8,139059,86,1882,27,10.5,12.52,30,93,Critical,Medium,10,No,"25,001–50,000"
V1017,Sedan,2,51715,103,1586,46,18.4,11.29,34,94,Critical,High,1,No,"25,001–50,000"
V1018,SUV,11,144091,107,1572,43,9.5,11.92,43,99,Moderate,High,12,No,"25,001–50,000"
V1019,Hatchback,12,91205,97,2788,26,15.3,12.87,31,91,Good,High,4,Yes,"25,001–50,000"
V1020,Hatchback,12,12291,85,2802,26,12.9,12.57,32,76,Critical,Medium,4,Yes,"25,001–50,000"
V1021,Sedan,4,46916,91,2566,34,18.6,12.76,39,31,Moderate,High,12,No,"50,001–80,000"
V1022,Sedan,13,172963,107,1841,29,16.5,11.66,42,53,Good,High,7,No,"10,001–25,000"
V1023,Hatchback,7,166265,106,2616,45,5.4,11.84,36,36,Moderate,Medium,5,Yes,"80,001+"
V1024,Sedan,1,179628,109,2716,44,15.5,11.04,37,82,Good,High,2,No,"50,001–80,000"
V1025,SUV,14,130220,86,1564,40,9.9,11.97,35,38,Good,High,2,No,"50,001–80,000"
V1026,SUV,12,185601,95,1695,34,17.7,11.74,35,91,Moderate,Medium,10,Yes,"80,001+"
V1027,SUV,11,121371,106,1528,21,19.9,11.73,44,35,Moderate,High,1,Yes,"10,001–25,000"
V1028,Sedan,12,98343,99,2885,25,16.3,11.27,39,38,Moderate,High,6,Yes,"25,001–50,000"
V1029,SUV,13,32630,104,1814,48,16.2,12.73,30,86,Critical,Low,6,No,"25,001–50,000"
V1030,Sedan,6,161632,94,1610,21,17.5,11.88,34,66,Moderate,Low,6,Yes,"80,001+"
V1031,SUV,2,128812,106,2922,36,5.3,12.74,39,71,Moderate,Medium,5,No,"80,001+"
V1032,Truck,4,76507,106,1713,24,7.4,12.86,41,62,Critical,Medium,3,Yes,"25,001–50,000"
V1033,SUV,6,57857,105,2318,30,19.4,11.08,33,77,Critical,High,4,Yes,"25,001–50,000"
V1034,SUV,3,185245,89,2057,20,9.8,12.42,33,92,Moderate,Medium,8,Yes,"80,001+"
V1035,Sedan,12,183946,102,2030,22,6.5,12.85,38,37,Critical,High,9,No,"0–10,000"
V1036,SUV,8,169552,105,2881,35,17.2,11.53,30,96,Good,Medium,11,No,"50,001–80,000"
V1037,SUV,6,105634,108,2182,26,12.5,11.24,31,72,Worn,High,5,Yes,"25,001–50,000"
V1038,Hatchback,3,136297,99,2151,32,17.4,11.7,33,31,Moderate,Medium,1,Yes,"80,001+"
V1039,SUV,5,21930,89,1673,35,12.3,11.32,34,87,Good,Low,4,No,"80,001+"
V1040,Hatchback,11,35663,92,1821,48,10.3,11.24,43,43,Moderate,High,8,No,"50,001–80,000"
V1041,SUV,2,157492,98,2589,47,13.6,11.25,45,45,Worn,High,3,No,"80,001+"
V1042,Sedan,13,141356,87,2654,41,5.2,12.6,37,72,Good,High,9,Yes,"50,001–80,000"
V1043,Hatchback,2,5211,105,2494,46,13.7,12.03,35,90,Good,Low,7,No,"80,001+"
V1044,Sedan,14,163220,92,2870,21,16.5,12.02,39,74,Moderate,High,10,No,"25,001–50,000"
V1045,Truck,3,26361,104,2656,34,5.8,12.92,34,89,Critical,Medium,4,No,"50,001–80,000"
V1046,Truck,10,52539,102,2967,46,5.7,11.55,41,92,Critical,High,12,No,"10,001–25,000"
V1047,Hatchback,8,26559,100,1795,40,6.3,12.52,33,104,Worn,Medium,3,No,"80,001+"
V1048,Sedan,9,46950,87,1659,29,5.5,12.53,32,37,Good,Low,12,Yes,"50,001–80,000"
V1049,Hatchback,12,5742,91,1934,35,9.2,11.89,45,32,Critical,High,6,No,"25,001–50,000"
V1050,Hatchback,9,194242,100,1599,49,9.1,12.78,38,56,Moderate,Medium,3,No,"80,001+"
V1051,SUV,7,185781,101,1521,27,13.2,11.66,31,62,Critical,Medium,10,Yes,"10,001–25,000"
V1052,Sedan,11,143969,106,1826,37,17.4,11.96,35,59,Worn,Low,12,No,"50,001–80,000"
V1053,SUV,7,99378,95,2195,44,11.9,12.84,45,75,Moderate,Medium,4,Yes,"80,001+"
V1054,SUV,11,36221,88,2188,22,15.5,11.56,36,41,Good,Medium,3,Yes,"50,001–80,000"
V1055,SUV,3,70367,105,2846,27,16.6,12.0,37,101,Good,High,12,No,"10,001–25,000"
V1056,SUV,15,92078,105,2676,35,14.6,12.57,39,55,Moderate,High,12,No,"25,001–50,000"
V1057,Sedan,7,193550,88,1831,34,17.1,12.83,32,107,Good,High,12,No,"50,001–80,000"
V1058,Sedan,13,88174,100,2362,46,7.8,12.84,32,34,Worn,Low,7,Yes,"80,001+"
V1059,Sedan,14,14116,97,2338,34,5.1,11.52,43,78,Critical,Medium,9,No,"50,001–80,000"
V1060,Hatchback,14,126628,98,2768,36,19.6,12.34,34,53,Good,Medium,10,No,"80,001+"
V1061,Hatchback,8,71190,85,2662,29,7.9,11.27,41,44,Worn,Medium,12,Yes,"50,001–80,000"
V1062,Hatchback,5,110773,96,1913,28,9.6,12.3,36,50,Good,High,11,Yes,"25,001–50,000"
V1063,Sedan,1,5125,86,2921,47,7.6,11.19,42,110,Worn,High,7,No,"80,001+"
V1064,Truck,6,187188,100,2011,33,8.1,12.92,37,86,Worn,Medium,5,No,"80,001+"
V1065,SUV,12,68569,109,2530,43,18.8,12.44,33,104,Good,High,10,No,"25,001–50,000"
V1066,Truck,14,61339,91,2263,41,10.9,11.08,45,34,Good,Medium,9,Yes,"80,001+"
V1067,Sedan,5,95896,104,2567,29,11.4,11.1,36,90,Worn,Low,5,No,"50,001–80,000"
V1068,Sedan,12,175230,108,2694,48,8.1,11.45,43,94,Moderate,Medium,11,No,"50,001–80,000"
V1069,Sedan,15,42014,104,1694,40,17.6,11.17,45,84,Critical,Medium,2,No,"25,001–50,000"
V1070,Hatchback,1,5082,92,2643,31,17.8,12.61,39,47,Moderate,High,12,Yes,"50,001–80,000"
V1071,Truck,11,52491,107,1886,21,17.4,11.35,43,40,Critical,High,2,No,"0–10,000"
V1072,SUV,4,12947,85,1895,45,5.7,12.98,44,66,Moderate,Medium,2,Yes,"80,001+"
V1073,Truck,15,163090,86,1654,38,8.8,11.55,41,38,Critical,Medium,3,No,"50,001–80,000"
V1074,SUV,2,198970,107,1714,50,15.5,11.33,42,64,Moderate,Low,6,Yes,"80,001+"
V1075,Sedan,15,126821,91,2070,48,16.4,11.27,39,73,Critical,High,12,Yes,"25,001–50,000"
V1076,Truck,2,186380,101,2936,37,19.9,11.82,44,78,Moderate,Low,6,No,"80,001+"
V1077,Hatchback,7,101170,108,2270,41,5.6,12.01,40,67,Moderate,High,12,Yes,"25,001–50,000"
V1078,SUV,2,157570,92,2667,34,18.9,12.05,42,102,Good,Medium,9,Yes,"80,001+"
V1079,Truck,7,50531,90,2786,33,16.1,12.03,33,97,Worn,High,10,Yes,"50,001–80,000"
V1080,Sedan,13,143867,104,2650,44,16.7,11.82,30,54,Moderate,Low,1,Yes,"50,001–80,000"
V1081,SUV,6,40734,103,2668,45,7.2,12.96,34,70,Critical,Medium,8,No,"50,001–80,000"
V1082,SUV,9,77582,96,1735,42,10.8,11.79,31,46,Moderate,Medium,4,No,"80,001+"
V1083,Truck,4,142794,94,2102,38,15.2,11.5,38,54,Good,Low,12,No,"80,001+"
V1084,Truck,10,10175,102,2334,50,6.5,11.99,44,39,Critical,Medium,9,Yes,"25,001–50,000"
V1085,Hatchback,14,99571,85,2370,45,11.7,12.07,31,88,Moderate,Low,11,Yes,"80,001+"
V1086,Hatchback,15,61878,100,1886,33,12.0,11.09,39,68,Good,Medium,9,Yes,"80,001+"
V1087,Sedan,1,90462,88,2850,29,19.9,11.87,44,50,Good,High,7,Yes,"50,001–80,000"
V1088,Truck,8,26829,93,2146,29,19.2,11.74,36,50,Moderate,Medium,9,No,"50,001–80,000"
V1089,Truck,10,186352,92,2378,31,10.3,12.97,36,38,Good,Low,1,No,"80,001+"
V1090,SUV,4,38275,110,2201,44,14.5,11.45,43,99,Critical,Medium,6,Yes,"50,001–80,000"
V1091,Hatchback,4,149769,101,2783,35,13.2,12.71,42,34,Moderate,Low,2,Yes,"80,001+"
V1092,Hatchback,10,120334,100,2781,46,18.2,11.46,41,32,Critical,Low,11,No,"50,001–80,000"
V1093,Truck,14,193269,93,2421,39,16.5,12.27,44,76,Moderate,Medium,5,Yes,"80,001+"
V1094,Sedan,3,156129,93,1721,28,13.4,12.18,33,65,Critical,Medium,1,Yes,"50,001–80,000"
V1095,SUV,4,167630,96,2485,42,18.0,12.7,32,67,Good,Low,4,No,"80,001+"
V1096,Hatchback,13,157056,87,2101,45,11.0,11.62,40,92,Critical,Low,4,Yes,"50,001–80,000"
V1097,Sedan,3,57166,109,2984,28,19.4,11.44,40,107,Good,High,5,Yes,"25,001–50,000"
V1098,Hatchback,11,114056,100,1928,27,18.5,12.83,36,59,Good,Medium,11,Yes,"50,001–80,000"
V1099,Sedan,14,42214,91,2025,23,9.1,12.29,32,51,Good,Medium,4,Yes,"50,001–80,000"
V1100,Hatchback,11,114423,92,1507,32,11.6,11.29,39,66,Moderate,Medium,11,No,"80,001+"
V1101,Truck,6,156883,86,2694,41,18.3,12.77,34,81,Good,Medium,6,Yes,"80,001+"
V1102,Truck,13,149364,85,2235,21,14.1,11.65,33,85,Good,Low,12,No,"50,001–80,000"
V1103,SUV,1,162852,95,2950,29,8.9,11.82,38,31,Good,Medium,7,No,"80,001+"
V1104,Sedan,13,73460,93,1710,32,9.5,11.59,32,59,Good,High,9,Yes,"50,001–80,000"
V1105,Truck,15,34766,90,2110,34,16.5,12.04,31,92,Moderate,High,4,Yes,"50,001–80,000"
V1106,SUV,1,144111,101,2825,41,6.8,11.19,30,57,Critical,Low,2,No,"50,001–80,000"
V1107,Truck,9,85767,100,2200,39,8.1,12.69,33,82,Good,Low,11,Yes,"80,001+"
V1108,SUV,9,28036,95,2055,50,16.3,12.25,33,59,Moderate,Low,6,No,"80,001+"
V1109,SUV,5,52809,108,1617,48,6.4,11.24,40,70,Worn,High,5,Yes,"50,001–80,000"
V1110,SUV,9,97884,98,2284,26,8.5,11.51,38,36,Critical,High,3,No,"25,001–50,000"
V1111,Truck,3,73342,94,1862,47,15.6,12.21,45,95,Worn,Low,3,No,"80,001+"
V1112,Truck,4,13204,101,2903,21,19.2,11.58,39,41,Critical,High,12,Yes,"0–10,000"
V1113,Sedan,10,25297,92,2911,50,13.3,12.1,43,74,Good,Low,6,No,"80,001+"
V1114,SUV,1,177211,102,1526,30,20.0,12.24,42,87,Moderate,Low,6,Yes,"80,001+"
V1115,Hatchback,14,115015,89,2759,29,8.9,12.76,38,78,Moderate,Low,5,Yes,"50,001–80,000"
V1116,Hatchback,2,49075,89,1543,45,6.3,11.64,42,38,Worn,High,7,Yes,"80,001+"
V1117,Hatchback,13,57773,104,2315,31,7.8,11.08,44,108,Critical,Low,6,Yes,"25,001–50,000"
V1118,SUV,15,83339,110,1607,28,10.8,12.95,30,107,Good,High,2,No,"10,001–25,000"
V1119,Sedan,9,183801,94,2881,25,19.7,12.64,35,95,Moderate,High,11,No,"25,001–50,000"
V1120,SUV,13,182163,91,2481,29,18.2,12.32,45,85,Moderate,Medium,9,Yes,"50,001–80,000"
V1121,Truck,5,192680,101,1864,35,14.7,12.12,44,73,Good,Low,8,Yes,"80,001+"
V1122,Sedan,4,181913,89,2537,43,15.7,11.65,42,102,Critical,Low,8,Yes,"80,001+"
V1123,Sedan,12,23397,108,2243,29,9.5,12.95,36,44,Moderate,Low,4,No,"25,001–50,000"
V1124,Truck,1,88803,91,1793,27,17.8,11.1,30,71,Critical,Low,7,No,"50,001–80,000"
V1125,Sedan,13,110775,90,2303,48,7.4,12.89,36,46,Critical,High,1,Yes,"25,001–50,000"
V1126,Hatchback,3,158804,100,1905,45,14.1,12.86,35,98,Critical,Low,5,Yes,"80,001+"
V1127,Sedan,10,126706,95,2539,33,18.0,12.07,34,102,Critical,Medium,11,Yes,"50,001–80,000"
V1128,Sedan,15,151613,109,2081,39,17.4,12.67,30,30,Moderate,High,9,No,"25,001–50,000"
V1129,Truck,3,147174,106,1804,43,16.7,11.17,40,109,Good,Low,8,Yes,"80,001+"
V1130,Hatchback,2,136610,99,2247,36,8.6,12.05,33,101,Moderate,High,7,Yes,"80,001+"
V1131,Truck,14,188992,102,1517,28,13.4,12.08,30,99,Critical,High,12,No,"0–10,000"
V1132,Sedan,12,79292,103,1904,34,14.7,11.97,36,58,Worn,Low,12,Yes,"50,001–80,000"
V1133,Truck,3,18718,104,1937,49,14.1,12.02,44,60,Critical,High,12,No,"10,001–25,000"
V1134,Hatchback,15,174299,91,2138,25,5.3,11.08,44,65,Moderate,Medium,10,Yes,"50,001–80,000"
V1135,SUV,7,117751,92,2974,27,16.4,12.68,34,65,Worn,Medium,6,No,"80,001+"
V1136,Sedan,1,188688,90,2519,46,9.0,12.84,32,52,Good,Low,1,No,"80,001+"
V1137,Truck,13,121420,90,2226,38,9.9,11.73,42,47,Critical,Low,8,Yes,"50,001–80,000"
V1138,Hatchback,12,59124,95,2870,46,18.8,11.89,45,35,Worn,High,2,Yes,"50,001–80,000"
V1139,SUV,15,37848,105,2457,35,19.0,11.47,30,92,Critical,High,4,No,"10,001–25,000"
V1140,Truck,15,58522,91,2220,46,10.9,12.61,40,92,Moderate,Medium,12,Yes,"80,001+"
V1141,SUV,11,149749,101,2335,49,19.7,11.39,45,60,Worn,Medium,12,Yes,"50,001–80,000"
V1142,Hatchback,11,127857,103,2390,35,19.3,12.6,45,105,Critical,Medium,9,No,"25,001–50,000"
V1143,Truck,2,56421,94,2901,29,8.4,12.8,36,74,Critical,Medium,3,No,"50,001–80,000"
V1144,SUV,5,84992,106,2941,37,12.0,12.14,38,41,Good,High,4,No,"50,001–80,000"
V1145,Sedan,9,96391,93,1862,41,13.1,12.4,37,62,Good,Low,9,No,"80,001+"
V1146,Sedan,6,64813,104,1604,38,17.3,11.77,35,96,Worn,Low,12,Yes,"50,001–80,000"
V1147,Hatchback,14,55011,110,2288,37,9.6,12.12,38,33,Moderate,High,9,Yes,"25,001–50,000"
V1148,Truck,13,16603,105,2396,32,6.3,12.1,41,110,Critical,Medium,4,Yes,"25,001–50,000"
V1149,Sedan,8,83684,88,2198,47,16.3,11.74,40,34,Critical,Low,11,No,"50,001–80,000"
V1150,Hatchback,1,72270,102,2742,30,7.4,11.0,34,62,Moderate,Medium,4,No,"80,001+"
V1151,Sedan,12,155364,106,2354,46,6.9,11.96,44,70,Worn,Low,2,Yes,"50,001–80,000"
V1152,Hatchback,2,46707,85,1722,26,16.7,11.7,42,58,Good,Medium,10,Yes,"50,001–80,000"
V1153,SUV,8,134797,95,2350,25,8.4,12.88,39,48,Moderate,High,1,Yes,"50,001–80,000"
V1154,SUV,11,72923,96,2785,20,15.8,11.47,42,45,Critical,Low,11,No,"25,001–50,000"
V1155,Truck,10,49963,106,1785,35,7.5,12.66,41,73,Good,High,3,No,"50,001–80,000"
V1156,Hatchback,2,156382,101,2333,26,6.8,12.64,34,83,Moderate,Low,12,Yes,"25,001–50,000"
V1157,Sedan,8,162149,93,2977,35,10.2,12.67,45,41,Critical,Low,7,Yes,"80,001+"
V1158,Hatchback,11,74445,102,2294,47,16.5,12.42,31,62,Good,High,8,Yes,"25,001–50,000"
V1159,Hatchback,1,164109,95,2955,25,6.2,12.61,38,30,Good,High,6,No,"50,001–80,000"
V1160,SUV,6,11273,92,1787,35,10.8,12.86,30,80,Critical,High,2,No,"50,001–80,000"
V1161,Hatchback,11,78394,90,2840,33,7.0,12.71,31,109,Moderate,Low,4,No,"80,001+"
V1162,Hatchback,8,6092,100,1770,38,8.7,12.82,36,50,Critical,Medium,8,Yes,"80,001+"
V1163,Sedan,4,44171,88,1855,27,6.9,12.91,39,59,Good,High,12,Yes,"25,001–50,000"
V1164,Truck,13,30295,99,2048,24,11.7,11.42,34,53,Critical,Low,7,Yes,"25,001–50,000"
V1165,Sedan,5,83012,92,2127,29,12.9,12.49,42,79,Worn,Medium,6,Yes,"80,001+"
V1166,Truck,1,100101,104,1537,34,8.1,11.7,30,75,Good,Medium,1,Yes,"80,001+"
V1167,Hatchback,9,190058,88,2004,36,15.3,11.28,40,94,Critical,Low,11,Yes,"50,001–80,000"
V1168,Sedan,3,86130,100,2108,24,12.2,11.06,39,71,Critical,Low,7,Yes,"50,001–80,000"
V1169,Sedan,5,78440,102,1629,45,9.0,12.5,35,54,Moderate,Low,6,Yes,"80,001+"
V1170,SUV,15,123564,96,2970,45,12.2,11.82,31,85,Moderate,Medium,2,Yes,"80,001+"
V1171,SUV,3,25078,101,2016,37,13.3,12.99,37,32,Moderate,Medium,10,No,"50,001–80,000"
V1172,Hatchback,9,36039,92,2901,36,10.4,11.08,41,47,Worn,High,4,Yes,"80,001+"
V1173,Hatchback,12,35584,101,2415,44,12.1,12.36,43,100,Moderate,Low,6,Yes,"50,001–80,000"
V1174,Truck,12,193836,96,2445,32,19.8,11.03,34,91,Critical,Low,10,No,"50,001–80,000"
V1175,Truck,14,85710,97,2552,43,14.2,11.22,41,60,Moderate,Medium,9,Yes,"80,001+"
V1176,Truck,13,106017,106,2738,41,7.3,11.7,44,92,Moderate,High,10,No,"25,001–50,000"
V1177,SUV,15,100882,92,2878,49,12.0,11.38,45,57,Worn,Low,6,No,"80,001+"
V1178,Truck,9,61552,97,1714,26,11.4,12.22,39,110,Worn,High,11,Yes,"25,001–50,000"
V1179,Truck,4,148707,105,2053,47,5.1,11.3,32,40,Critical,Low,12,Yes,"25,001–50,000"
V1180,Sedan,8,125671,107,1799,22,15.6,12.77,30,53,Worn,High,8,No,"25,001–50,000"
V1181,Truck,3,123001,102,2716,23,15.1,12.23,36,58,Good,High,8,No,"25,001–50,000"
V1182,Truck,15,108370,95,2930,31,10.4,11.37,38,46,Good,High,8,Yes,"50,001–80,000"
V1183,SUV,2,72599,96,1907,43,9.0,11.88,40,93,Worn,Medium,8,No,"80,001+"
V1184,SUV,10,144952,102,2427,27,7.6,11.06,42,70,Good,Medium,5,No,"50,001–80,000"
V1185,Truck,5,176297,86,2455,33,10.2,11.36,40,41,Good,High,4,Yes,"80,001+"
V1186,Hatchback,11,180897,105,1692,27,6.6,11.51,36,64,Critical,Medium,6,No,"10,001–25,000"
V1187,SUV,8,144606,93,2651,20,16.6,11.31,43,90,Good,Medium,4,No,"80,001+"
V1188,Truck,4,162781,85,2151,33,17.2,12.08,44,62,Moderate,Low,1,No,"80,001+"
V1189,Sedan,1,95064,94,1604,45,12.7,12.48,43,51,Good,High,3,Yes,"80,001+"
V1190,SUV,13,11669,91,1594,49,16.9,11.38,38,92,Critical,Low,9,Yes,"50,001–80,000"
V1191,Sedan,13,199888,106,1753,47,10.5,11.26,30,97,Worn,High,2,Yes,"25,001–50,000"
V1192,Truck,11,184933,97,1972,33,14.6,12.94,34,56,Critical,Low,4,Yes,"50,001–80,000"
V1193,Hatchback,2,56290,85,2459,31,17.1,12.08,38,58,Moderate,High,11,No,"50,001–80,000"
V1194,Truck,12,109801,102,1528,27,14.2,11.55,42,76,Moderate,High,8,No,"10,001–25,000"
V1195,Hatchback,7,172727,90,2249,21,10.4,11.84,45,34,Worn,Low,11,No,"50,001–80,000"
V1196,Sedan,6,95832,97,2544,34,15.6,11.55,33,45,Worn,Medium,5,No,"80,001+"
V1197,SUV,15,81178,99,2691,36,8.1,12.38,37,62,Critical,High,4,No,"25,001–50,000"
V1198,Truck,3,119149,96,1985,28,6.0,12.6,34,92,Good,Low,10,Yes,"50,001–80,000"
V1199,Sedan,4,70613,108,2646,49,5.7,12.25,37,68,Worn,High,4,No,"50,001–80,000"
V1200,Hatchback,1,47263,91,2436,50,16.8,11.99,36,46,Moderate,High,11,No,"50,001–80,000"
V1201,Hatchback,14,68772,86,1529,35,17.9,12.32,30,43,Good,Low,5,Yes,"80,001+"
V1202,Sedan,12,47926,104,1593,42,19.0,12.15,32,100,Moderate,High,6,No,"25,001–50,000"
V1203,Truck,1,62382,96,2679,44,7.5,11.37,35,81,Critical,Medium,1,No,"80,001+"
V1204,SUV,1,131232,96,1995,22,8.8,11.54,33,52,Critical,Medium,6,Yes,"50,001–80,000"
V1205,Sedan,3,40517,85,1838,20,16.2,11.58,39,61,Worn,Low,4,No,"80,001+"
V1206,Truck,4,172522,107,1936,40,9.3,12.52,32,51,Good,Medium,9,Yes,"50,001–80,000"
V1207,Hatchback,15,68584,93,2407,41,16.8,11.28,39,71,Critical,Medium,6,Yes,"50,001–80,000"
V1208,Truck,14,184678,103,2716,37,8.3,11.37,41,110,Moderate,Medium,1,Yes,"50,001–80,000"
V1209,SUV,3,101956,86,2330,26,13.7,11.92,38,59,Good,Low,6,Yes,"80,001+"
V1210,SUV,12,78931,104,1683,32,14.9,11.49,34,82,Moderate,High,8,No,"25,001–50,000"
V1211,Sedan,12,28993,89,1815,30,9.8,11.41,34,44,Worn,Low,4,Yes,"80,001+"
V1212,Hatchback,9,53952,85,2882,20,7.4,12.15,31,68,Worn,Low,1,Yes,"80,001+"
V1213,Truck,9,116136,95,1875,47,14.3,11.71,35,88,Good,Low,9,Yes,"80,001+"
V1214,Hatchback,11,42029,92,2098,46,19.2,11.1,31,71,Worn,High,9,Yes,"50,001–80,000"
V1215,SUV,7,187589,95,2464,50,18.3,12.45,37,69,Critical,Medium,8,Yes,"80,001+"
V1216,Sedan,6,155258,96,1625,42,7.9,11.85,33,89,Critical,High,7,Yes,"50,001–80,000"
V1217,SUV,11,174944,89,2121,48,8.8,12.97,42,48,Moderate,High,3,No,"50,001–80,000"
V1218,SUV,13,193387,91,2178,32,16.7,11.66,39,73,Good,High,5,Yes,"50,001–80,000"
V1219,Hatchback,9,197381,92,2587,34,14.0,12.33,31,100,Worn,Medium,12,Yes,"80,001+"
V1220,Hatchback,7,67247,91,1877,26,5.1,12.7,44,100,Moderate,Medium,8,No,"80,001+"
V1221,SUV,15,116755,91,2521,39,16.6,11.28,30,42,Moderate,Medium,10,No,"80,001+"
V1222,Truck,8,45366,101,2881,32,19.1,12.96,40,65,Critical,Low,4,Yes,"50,001–80,000"
V1223,Hatchback,8,36325,85,2700,46,18.2,12.51,38,38,Good,Low,11,No,"80,001+"
V1224,SUV,9,52471,86,2362,25,9.2,12.19,34,36,Critical,Low,8,Yes,"50,001–80,000"
V1225,Truck,9,112033,102,1712,40,6.3,11.76,39,54,Worn,High,2,No,"50,001–80,000"
V1226,Truck,6,129815,103,1925,24,9.9,12.71,32,65,Moderate,Low,10,No,"25,001–50,000"
V1227,Sedan,2,93887,96,2488,48,14.4,12.7,43,54,Good,Medium,5,Yes,"80,001+"
V1228,Sedan,2,11024,88,2617,23,17.6,11.08,30,38,Critical,Medium,5,No,"50,001–80,000"
V1229,SUV,15,13778,85,2336,46,11.5,11.58,32,45,Good,Low,11,No,"80,001+"
V1230,Sedan,6,99629,101,2254,41,13.2,12.16,37,61,Moderate,High,3,Yes,"50,001–80,000"
V1231,SUV,5,170312,94,2497,34,16.4,11.59,32,37,Critical,High,10,No,"25,001–50,000"
V1232,Sedan,9,158584,91,1810,20,6.5,12.53,43,38,Critical,Medium,2,No,"50,001–80,000"
V1233,Truck,8,7827,109,2970,38,18.4,12.71,42,103,Critical,Low,4,No,"50,001–80,000"
V1234,SUV,10,121607,86,1601,34,19.1,12.18,40,80,Critical,High,7,No,"50,001–80,000"
V1235,Sedan,14,27821,96,2274,27,6.3,11.85,30,42,Worn,High,3,Yes,"25,001–50,000"
V1236,SUV,10,95973,109,2369,48,6.2,12.75,36,48,Worn,Low,2,Yes,"80,001+"
V1237,Sedan,13,171037,105,2875,38,11.1,12.96,38,93,Critical,Medium,5,Yes,"25,001–50,000"
V1238,Hatchback,5,180890,87,2530,33,15.5,12.95,41,79,Worn,High,6,No,"80,001+"
V1239,SUV,6,23360,104,1664,41,5.6,12.26,36,103,Worn,High,5,No,"50,001–80,000"
V1240,SUV,14,113002,93,1623,36,10.7,11.02,43,59,Good,Low,3,Yes,"80,001+"
V1241,Hatchback,14,106603,95,2474,38,18.0,12.98,35,74,Critical,High,8,Yes,"25,001–50,000"
V1242,Hatchback,12,192367,87,1701,20,10.8,11.33,36,37,Moderate,High,4,No,"25,001–50,000"
V1243,SUV,4,67240,92,2590,44,9.1,12.25,37,86,Worn,Medium,6,No,"80,001+"
V1244,Truck,8,52907,92,2376,45,11.0,11.98,38,51,Worn,High,12,Yes,"50,001–80,000"
V1245,Sedan,1,191363,103,1702,34,11.3,12.64,38,79,Critical,Low,8,Yes,"50,001–80,000"
V1246,Sedan,1,153249,97,1858,26,18.4,11.64,32,34,Worn,Medium,4,Yes,"80,001+"
V1247,Truck,12,178278,96,2062,32,10.7,12.56,35,97,Moderate,Low,5,Yes,"80,001+"
V1248,Sedan,11,61344,97,2667,27,19.5,12.99,35,84,Worn,High,6,Yes,"25,001–50,000"
V1249,SUV,9,118894,92,1972,42,15.5,12.54,42,103,Good,Medium,9,Yes,"80,001+"
V1250,SUV,11,163607,103,2877,28,18.3,11.53,42,107,Worn,Medium,6,No,"25,001–50,000"
V1251,Truck,2,54809,101,2265,50,19.4,12.22,35,95,Good,Low,1,Yes,"80,001+"
V1252,Sedan,3,141193,94,1910,35,5.2,12.74,34,88,Critical,Medium,4,Yes,"80,001+"
V1253,Truck,15,180588,89,1693,42,19.8,11.33,36,37,Moderate,Low,9,No,"80,001+"
V1254,Hatchback,10,46369,109,2664,45,13.1,12.43,44,67,Moderate,Medium,1,No,"80,001+"
V1255,Hatchback,13,127015,103,1811,28,12.2,11.37,45,33,Moderate,High,5,No,"10,001–25,000"
V1256,Hatchback,2,198651,86,2711,29,6.2,11.15,38,87,Good,Medium,8,Yes,"80,001+"
V1257,Truck,9,129536,98,1687,45,8.7,12.03,37,80,Moderate,Low,8,No,"80,001+"
V1258,Hatchback,12,9561,100,2494,46,12.3,12.8,35,79,Moderate,Low,7,No,"80,001+"
V1259,Sedan,1,35493,100,2735,24,5.9,11.4,42,99,Good,High,7,Yes,"50,001–80,000"
V1260,SUV,10,100554,100,2948,46,13.2,12.25,32,82,Good,Medium,5,Yes,"80,001+"
V1261,Hatchback,3,84947,99,1997,20,12.1,11.92,37,95,Moderate,Medium,10,Yes,"50,001–80,000"
V1262,SUV,3,167361,90,1834,34,16.5,12.17,41,54,Worn,High,9,Yes,"50,001–80,000"
V1263,SUV,1,121941,91,2089,24,13.1,11.93,37,104,Critical,Low,5,No,"50,001–80,000"
V1264,Sedan,12,89054,94,2998,45,10.5,11.93,36,88,Critical,Medium,8,No,"50,001–80,000"
V1265,SUV,10,33058,91,2358,37,14.1,11.91,39,50,Good,High,11,No,"50,001–80,000"
V1266,Hatchback,7,48311,96,2052,49,10.5,12.12,41,101,Good,Medium,11,Yes,"80,001+"
V1267,Hatchback,7,112367,87,1708,25,9.6,11.63,31,72,Moderate,High,3,No,"50,001–80,000"
V1268,Truck,5,85294,100,1854,32,19.7,11.75,37,77,Good,High,9,No,"50,001–80,000"
V1269,Sedan,11,51542,95,2152,37,19.9,11.49,31,46,Worn,High,10,Yes,"50,001–80,000"
V1270,Hatchback,11,106915,96,1955,42,12.7,12.83,36,43,Good,Medium,2,Yes,"80,001+"
V1271,Sedan,11,161522,85,1944,39,7.4,12.6,33,60,Good,High,7,Yes,"50,001–80,000"
V1272,SUV,3,85355,91,2098,34,16.6,12.49,30,54,Worn,Medium,11,No,"80,001+"
V1273,Sedan,9,74289,109,1713,35,11.2,11.05,36,97,Critical,Medium,1,No,"50,001–80,000"
V1274,Sedan,5,18103,101,2431,26,17.7,11.84,43,71,Moderate,Low,5,Yes,"50,001–80,000"
V1275,Sedan,15,38878,96,1776,38,16.0,11.22,34,39,Worn,High,2,Yes,"50,001–80,000"
V1276,Sedan,4,22239,99,2190,47,7.9,11.05,39,49,Moderate,High,7,Yes,"80,001+"
V1277,Hatchback,12,112356,105,1567,43,6.3,11.81,38,72,Critical,Low,10,No,"25,001–50,000"
V1278,SUV,4,110716,86,1910,43,8.8,11.14,44,98,Worn,Medium,9,No,"80,001+"
V1279,Hatchback,1,123537,94,1558,22,17.1,11.22,34,51,Moderate,Low,2,No,"80,001+"
V1280,Hatchback,5,30453,109,2965,29,10.7,12.78,43,62,Moderate,Medium,4,Yes,"50,001–80,000"
V1281,Truck,9,121249,93,2604,47,5.7,11.1,42,44,Critical,Medium,10,Yes,"50,001–80,000"
V1282,Truck,15,24602,107,2445,46,11.0,12.49,43,93,Worn,High,10,No,"25,001–50,000"
V1283,Truck,12,110621,102,1609,32,11.3,12.86,44,57,Critical,Low,1,No,"25,001–50,000"
V1284,SUV,2,98288,92,2410,36,8.1,11.99,35,57,Moderate,Medium,9,Yes,"80,001+"
V1285,Sedan,11,93205,103,2982,36,7.6,12.62,38,66,Good,High,1,Yes,"25,001–50,000"
V1286,Hatchback,4,40213,105,1695,34,14.6,12.43,38,43,Critical,Medium,3,Yes,"50,001–80,000"
V1287,SUV,8,188758,91,1867,29,6.8,11.8,33,47,Good,High,8,Yes,"50,001–80,000"
V1288,Hatchback,12,128727,96,2831,33,19.2,11.89,37,62,Worn,Medium,5,No,"80,001+"
V1289,Hatchback,1,23271,91,2200,36,10.5,12.22,32,101,Good,High,6,No,"80,001+"
V1290,SUV,4,74949,97,2261,33,18.8,12.13,32,109,Moderate,High,4,No,"80,001+"
V1291,Hatchback,2,83124,92,2222,27,6.4,12.14,37,73,Moderate,Low,8,Yes,"80,001+"
V1292,Truck,5,125311,101,2120,41,12.7,12.74,31,100,Worn,Low,4,No,"80,001+"
V1293,Sedan,14,38363,103,2352,49,19.0,11.33,36,93,Good,Medium,2,No,"50,001–80,000"
V1294,Hatchback,1,21513,100,2860,35,16.3,12.66,36,53,Critical,Medium,2,No,"80,001+"
V1295,Truck,12,114557,90,1557,39,6.8,11.68,30,73,Worn,Medium,11,Yes,"80,001+"
V1296,Hatchback,14,190964,96,1528,37,17.3,12.61,42,90,Critical,High,5,No,"25,001–50,000"
V1297,Truck,12,105198,107,2680,34,16.9,11.29,42,38,Critical,Low,2,Yes,"25,001–50,000"
V1298,Hatchback,14,153512,89,2698,35,10.3,11.72,33,45,Critical,Medium,2,No,"50,001–80,000"
V1299,Truck,6,157456,105,2990,34,9.6,11.81,36,106,Moderate,Low,5,No,"80,001+"
V1300,Hatchback,8,196109,109,1876,37,15.4,11.29,33,52,Critical,High,4,Yes,"25,001–50,000"
V1301,Truck,6,97623,106,2546,24,9.5,11.63,42,71,Critical,Medium,1,Yes,"25,001–50,000"
V1302,Truck,2,71465,109,2640,43,12.0,11.5,43,57,Moderate,High,4,No,"50,001–80,000"
V1303,SUV,3,27007,95,1900,21,14.4,12.48,32,58,Good,Medium,11,No,"50,001–80,000"
V1304,Truck,11,51501,97,2495,41,10.0,12.68,41,55,Moderate,Medium,1,Yes,"80,001+"
V1305,Sedan,8,53622,93,2201,43,16.6,12.69,30,42,Moderate,High,8,No,"80,001+"
V1306,Hatchback,14,7159,104,2267,22,12.2,12.57,38,98,Critical,High,8,No,"0–10,000"
V1307,Truck,8,186602,91,2895,47,6.1,12.4,32,97,Critical,Low,6,No,"80,001+"
V1308,Truck,6,86254,108,1915,45,9.1,12.89,34,42,Worn,Medium,8,No,"80,001+"
V1309,Truck,1,25726,100,2836,23,7.4,12.25,32,108,Good,Medium,2,No,"80,001+"
V1310,Truck,8,18229,109,1700,35,16.8,11.05,30,88,Good,Low,10,Yes,"50,001–80,000"
V1311,Hatchback,2,143738,87,2379,42,13.8,12.81,35,79,Critical,Medium,4,No,"80,001+"
V1312,SUV,8,198802,91,1820,28,14.7,12.67,31,36,Worn,High,8,No,"50,001–80,000"
V1313,Sedan,7,190775,89,1716,30,10.5,12.66,40,98,Moderate,High,12,No,"50,001–80,000"
V1314,Sedan,13,163322,85,2174,38,6.6,12.39,32,48,Moderate,Low,9,No,"80,001+"
V1315,Hatchback,9,62662,106,2408,46,12.9,11.54,31,99,Critical,Low,10,Yes,"25,001–50,000"
V1316,Truck,1,9177,93,2639,24,11.0,12.83,37,60,Critical,Medium,10,No,"25,001–50,000"
V1317,Sedan,9,64471,102,2653,38,10.2,12.68,40,77,Critical,High,8,No,"25,001–50,000"
V1318,Truck,8,36831,93,2532,50,19.5,12.09,36,30,Moderate,Low,3,No,"80,001+"
V1319,Hatchback,4,189711,91,2108,44,5.6,12.2,36,101,Good,Medium,11,Yes,"80,001+"
V1320,Hatchback,12,106039,85,2113,31,15.5,12.75,40,103,Critical,Low,12,Yes,"50,001–80,000"
V1321,SUV,12,188321,103,2644,48,14.9,11.72,38,74,Moderate,Medium,10,Yes,"50,001–80,000"
V1322,Sedan,13,24681,102,1791,50,19.2,11.46,33,61,Worn,Low,8,Yes,"50,001–80,000"
V1323,Hatchback,13,92770,97,2340,47,10.1,11.99,31,52,Moderate,Low,7,Yes,"80,001+"
V1324,SUV,12,97313,86,2571,34,12.4,11.2,30,79,Moderate,High,9,No,"50,001–80,000"
V1325,Sedan,10,136318,85,2960,29,17.8,12.56,45,97,Moderate,High,9,Yes,"25,001–50,000"
V1326,Sedan,13,104670,87,2575,34,7.0,12.24,42,63,Moderate,Medium,8,No,"80,001+"
V1327,Sedan,11,7892,105,2391,31,14.4,11.61,33,65,Good,High,1,No,"25,001–50,000"
V1328,SUV,9,106436,98,2795,25,18.4,11.12,35,109,Critical,High,4,Yes,"25,001–50,000"
V1329,Hatchback,4,107913,106,2643,36,16.6,12.04,39,62,Moderate,Low,1,No,"80,001+"
V1330,SUV,13,113370,97,2742,24,19.3,12.52,43,38,Critical,High,10,No,"10,001–25,000"
V1331,SUV,5,164222,94,2023,26,7.7,12.28,37,93,Critical,High,12,No,"10,001–25,000"
V1332,SUV,9,73047,87,2155,37,5.7,12.58,39,98,Good,Medium,8,Yes,"80,001+"
V1333,SUV,12,87607,88,2013,31,6.5,12.75,45,63,Worn,Low,10,Yes,"80,001+"
V1334,SUV,8,171435,98,2658,20,16.3,12.63,39,99,Moderate,Medium,12,Yes,"50,001–80,000"
V1335,Hatchback,9,47317,109,2047,43,6.9,11.02,42,45,Good,Medium,6,Yes,"80,001+"
V1336,Truck,14,92927,107,1706,47,11.6,11.05,30,84,Moderate,Medium,10,No,"50,001–80,000"
V1337,Truck,9,12405,109,2435,43,6.7,12.51,32,108,Critical,Low,11,Yes,"25,001–50,000"
V1338,SUV,1,176035,104,2467,30,6.1,12.56,40,43,Good,Low,6,Yes,"80,001+"
V1339,Hatchback,7,65457,91,2507,24,7.2,11.48,33,51,Moderate,High,12,No,"25,001–50,000"
V1340,Truck,12,59391,103,2420,47,13.3,12.38,34,57,Good,High,5,Yes,"25,001–50,000"
V1341,Sedan,11,120943,107,1853,42,12.1,11.56,33,79,Worn,High,5,No,"25,001–50,000"
V1342,Truck,10,173824,110,1682,50,15.1,11.01,39,67,Worn,High,2,No,"50,001–80,000"
V1343,Sedan,6,193883,90,2667,27,15.6,11.74,37,64,Critical,Low,4,Yes,"50,001–80,000"
V1344,SUV,5,43050,110,2469,32,12.5,12.7,39,108,Good,High,5,No,"50,001–80,000"
V1345,Sedan,2,67252,97,2490,31,15.9,11.55,44,101,Good,Low,2,No,"80,001+"
V1346,Sedan,1,26496,91,2891,27,16.8,11.56,40,66,Critical,Low,5,No,"50,001–80,000"
V1347,Sedan,8,27402,107,2760,31,8.6,11.6,33,88,Worn,Medium,2,Yes,"80,001+"
V1348,Sedan,3,23079,97,2346,41,5.8,11.66,41,108,Moderate,Medium,2,No,"80,001+"
V1349,Hatchback,8,118604,98,1913,24,8.2,12.0,31,81,Critical,Low,6,Yes,"50,001–80,000"
V1350,Sedan,11,170296,88,2939,43,19.3,11.02,31,110,Critical,Medium,6,Yes,"50,001–80,000"
V1351,Sedan,6,142622,87,2328,30,16.9,11.43,40,62,Worn,Low,2,No,"80,001+"
V1352,Sedan,9,115821,110,2132,38,19.6,12.15,38,64,Critical,High,2,Yes,"25,001–50,000"
V1353,SUV,13,183629,102,1752,37,16.3,11.9,40,97,Critical,Medium,9,Yes,"25,001–50,000"
V1354,SUV,8,171256,95,2104,48,8.8,12.68,32,102,Critical,Medium,3,No,"80,001+"
V1355,Truck,13,165862,85,1962,29,16.1,12.33,45,72,Critical,High,5,No,"10,001–25,000"
V1356,Hatchback,6,91054,92,2483,36,6.3,12.49,38,66,Critical,Medium,4,Yes,"80,001+"
V1357,Truck,13,37062,89,2908,24,16.5,12.38,40,31,Worn,Medium,9,No,"50,001–80,000"
V1358,Hatchback,12,159358,94,2164,27,12.5,12.23,37,53,Worn,Low,5,No,"50,001–80,000"
V1359,SUV,13,65989,104,1861,31,5.6,11.31,40,51,Good,High,5,No,"25,001–50,000"
V1360,SUV,11,52007,91,2396,25,11.0,11.88,34,78,Critical,Low,2,No,"25,001–50,000"
V1361,Hatchback,4,56150,85,2682,48,19.3,11.62,45,110,Moderate,Low,11,Yes,"80,001+"
V1362,Sedan,8,126028,88,2370,38,5.4,12.53,42,72,Worn,High,9,No,"50,001–80,000"
V1363,Sedan,11,95505,108,2924,22,12.5,12.1,31,70,Moderate,Low,1,No,"25,001–50,000"
V1364,SUV,5,198759,107,2692,33,17.6,11.19,40,89,Moderate,Medium,3,No,"80,001+"
V1365,SUV,15,59307,110,2874,37,7.3,12.47,42,34,Good,Medium,4,Yes,"50,001–80,000"
V1366,Sedan,4,180422,109,2419,34,6.9,11.8,44,67,Worn,Medium,8,No,"80,001+"
V1367,Hatchback,11,111144,88,1657,42,9.7,12.81,36,83,Worn,Low,4,No,"80,001+"
V1368,SUV,6,124429,106,1622,20,15.4,11.51,30,81,Good,Low,11,No,"25,001–50,000"
V1369,Truck,13,77634,92,2766,25,6.8,11.47,38,102,Worn,Low,10,Yes,"50,001–80,000"
V1370,SUV,10,169888,101,2971,22,14.0,12.63,38,71,Moderate,High,9,No,"10,001–25,000"
V1371,Sedan,8,131649,110,2522,25,19.2,11.78,38,43,Critical,Low,2,Yes,"25,001–50,000"
V1372,SUV,3,121747,108,2798,49,17.0,11.38,39,59,Good,Low,2,No,"80,001+"
V1373,Hatchback,13,64415,88,1924,46,5.8,12.45,30,61,Worn,High,12,Yes,"50,001–80,000"
V1374,Truck,4,55228,88,2943,28,11.5,12.18,40,54,Worn,Medium,12,Yes,"50,001–80,000"
V1375,SUV,14,181435,95,2674,36,14.5,12.39,32,60,Moderate,High,6,Yes,"50,001–80,000"
V1376,Truck,4,113991,101,1813,30,19.8,11.9,45,94,Worn,High,1,Yes,"50,001–80,000"
V1377,Hatchback,1,102766,110,2628,26,8.1,12.83,43,93,Critical,High,9,Yes,"0–10,000"
V1378,Truck,12,131845,85,2040,30,10.6,11.72,33,31,Critical,Low,4,Yes,"50,001–80,000"
V1379,SUV,7,134091,89,2207,20,15.3,12.55,31,54,Critical,Medium,1,No,"50,001–80,000"
V1380,Hatchback,1,187653,87,1883,34,12.4,11.53,36,60,Worn,Low,9,No,"80,001+"
V1381,Truck,5,88378,106,1705,35,17.8,12.27,32,91,Good,Low,6,Yes,"80,001+"
V1382,SUV,2,45420,106,1948,28,15.6,12.23,30,108,Good,Low,11,No,"25,001–50,000"
V1383,Truck,4,64572,106,2595,35,16.9,12.8,36,66,Worn,Low,7,Yes,"80,001+"
V1384,Sedan,9,7503,86,2844,30,17.5,11.39,34,56,Moderate,Low,1,Yes,"80,001+"
V1385,Sedan,9,152107,108,2271,45,13.9,11.02,36,31,Good,Low,4,No,"80,001+"
V1386,SUV,10,12532,88,1586,26,8.8,11.85,35,110,Worn,Low,11,No,"50,001–80,000"
V1387,Hatchback,2,70954,91,2414,39,5.3,12.79,37,57,Good,Medium,4,Yes,"80,001+"
V1388,Hatchback,15,16886,103,1947,30,19.3,11.47,31,39,Worn,Low,10,Yes,"50,001–80,000"
V1389,SUV,9,30089,88,2178,36,17.9,12.77,43,96,Worn,Medium,1,Yes,"80,001+"
V1390,Hatchback,1,43764,85,1840,49,7.7,12.05,32,76,Good,Low,7,Yes,"80,001+"
V1391,Sedan,8,67659,94,1563,24,5.8,12.27,36,95,Moderate,Medium,6,No,"80,001+"
V1392,Hatchback,7,169221,105,1696,32,9.0,12.58,42,65,Worn,Medium,9,Yes,"50,001–80,000"
V1393,Truck,11,102467,86,1696,35,17.3,12.94,34,84,Good,Medium,4,Yes,"80,001+"
V1394,Sedan,13,9504,106,2548,22,9.9,11.51,40,74,Good,Low,12,No,"25,001–50,000"
V1395,SUV,2,153157,97,2953,22,14.2,11.65,31,60,Worn,Medium,7,No,"80,001+"
V1396,SUV,2,11232,86,2507,24,18.9,12.1,37,47,Good,Medium,12,Yes,"50,001–80,000"
V1397,Sedan,4,69619,102,1776,47,5.2,11.64,43,53,Moderate,Low,11,Yes,"50,001–80,000"
V1398,Hatchback,10,187958,108,2050,44,5.3,11.71,41,40,Moderate,Low,4,Yes,"80,001+"
V1399,Hatchback,8,125250,85,2710,22,17.1,11.06,44,38,Good,High,4,Yes,"50,001–80,000"
V1400,Sedan,13,38371,101,2811,40,7.8,12.22,41,104,Worn,High,5,Yes,"25,001–50,000"
V1401,SUV,5,148237,93,1938,41,13.1,11.9,33,105,Good,Low,5,No,"80,001+"
V1402,Sedan,14,62856,101,1570,35,18.9,12.02,43,54,Moderate,Low,11,Yes,"50,001–80,000"
V1403,Hatchback,13,144313,109,1718,48,5.8,12.67,32,83,Worn,Medium,3,Yes,"50,001–80,000"
V1404,Hatchback,12,112005,91,2203,27,18.4,12.17,32,80,Critical,Medium,5,No,"25,001–50,000"
V1405,Truck,6,59340,96,2617,34,7.5,11.96,35,109,Good,High,1,Yes,"80,001+"
V1406,SUV,3,51631,109,2432,36,7.1,11.68,33,33,Worn,Low,4,Yes,"80,001+"
V1407,SUV,3,26078,93,2010,46,12.0,12.12,32,78,Moderate,High,5,No,"80,001+"
V1408,SUV,13,152952,102,1585,48,6.7,11.52,43,70,Moderate,Medium,8,Yes,"50,001–80,000"
V1409,Hatchback,13,196673,92,2518,23,13.3,11.69,36,81,Worn,Medium,9,Yes,"50,001–80,000"
V1410,SUV,2,184566,87,2014,37,11.1,12.39,40,67,Worn,Medium,2,No,"80,001+"
V1411,Sedan,10,44640,105,2941,34,12.2,11.32,42,81,Good,High,7,Yes,"50,001–80,000"
V1412,Truck,14,52152,108,1903,43,19.1,11.39,45,44,Moderate,High,7,Yes,"25,001–50,000"
V1413,Hatchback,3,161087,87,2059,31,17.1,12.43,30,66,Critical,Medium,10,No,"50,001–80,000"
V1414,Hatchback,14,168263,95,2652,39,11.4,12.32,39,106,Worn,Medium,5,Yes,"80,001+"
V1415,SUV,10,27017,95,1604,29,8.0,11.25,37,66,Moderate,Low,12,No,"50,001–80,000"
V1416,Hatchback,13,27108,90,2138,37,14.0,12.9,32,95,Worn,Medium,2,Yes,"80,001+"
V1417,Sedan,4,169805,105,2064,21,11.0,11.18,38,89,Worn,Medium,5,Yes,"50,001–80,000"
V1418,SUV,7,126177,90,2340,31,13.4,11.45,39,95,Moderate,High,8,Yes,"80,001+"
V1419,Truck,2,97719,102,2799,48,17.3,11.01,32,58,Moderate,Low,1,Yes,"80,001+"
V1420,SUV,2,60136,90,2750,50,17.9,12.03,37,57,Worn,Medium,1,No,"80,001+"
V1421,Hatchback,7,39594,92,1877,40,17.1,11.31,31,70,Critical,High,5,Yes,"50,001–80,000"
V1422,Hatchback,1,94852,92,1680,49,6.8,12.91,43,44,Worn,High,8,No,"80,001+"
V1423,Truck,5,31794,98,1958,31,7.6,12.28,43,46,Worn,Low,10,No,"80,001+"
V1424,Sedan,9,95349,98,2650,49,12.1,11.37,42,44,Good,High,7,No,"80,001+"
V1425,Sedan,3,175606,97,2205,22,8.0,11.54,39,87,Worn,Medium,5,Yes,"80,001+"
V1426,Truck,15,121353,87,2491,34,18.7,12.86,33,85,Worn,High,10,No,"50,001–80,000"
V1427,Hatchback,6,81134,92,2491,49,14.8,12.69,38,58,Good,High,3,Yes,"80,001+"
V1428,Hatchback,7,98435,87,2848,31,18.6,12.99,45,109,Worn,Medium,9,Yes,"80,001+"
V1429,Hatchback,9,188595,86,1562,26,15.2,11.89,42,92,Worn,Medium,11,No,"50,001–80,000"
V1430,Truck,1,69196,98,2246,42,12.0,12.23,34,51,Good,High,1,No,"80,001+"
V1431,Sedan,12,82349,100,2076,42,10.7,12.87,34,50,Critical,High,9,No,"25,001–50,000"
V1432,Hatchback,11,167093,87,1923,36,19.3,11.14,40,83,Worn,Medium,4,Yes,"80,001+"
V1433,SUV,6,55359,93,1704,42,16.3,12.11,45,34,Good,Low,4,No,"80,001+"
V1434,SUV,11,52916,99,1588,35,8.4,11.64,35,53,Worn,Low,3,Yes,"80,001+"
V1435,Truck,5,42628,102,1641,34,17.5,12.03,39,31,Critical,High,5,Yes,"25,001–50,000"
V1436,Truck,9,41119,85,1586,22,12.9,12.06,40,57,Worn,High,8,No,"50,001–80,000"
V1437,Hatchback,6,159846,102,1551,32,17.2,12.55,38,92,Critical,High,7,Yes,"25,001–50,000"
V1438,Sedan,3,29210,104,2923,43,16.0,11.64,43,33,Good,High,5,No,"50,001–80,000"
V1439,Sedan,7,44733,105,1858,42,10.2,11.15,35,62,Good,Medium,5,No,"80,001+"
V1440,Truck,14,92271,94,1649,40,10.3,12.11,35,65,Worn,Medium,2,No,"80,001+"
V1441,Hatchback,1,82959,93,2210,23,18.9,11.21,40,102,Worn,Low,11,No,"50,001–80,000"
V1442,Sedan,7,185256,87,2966,49,7.7,12.92,30,83,Good,Low,5,No,"80,001+"
V1443,Truck,2,136836,86,2346,41,17.3,12.54,45,68,Good,Medium,4,Yes,"80,001+"
V1444,SUV,15,162387,110,2134,44,18.9,11.02,30,44,Worn,Low,4,Yes,"50,001–80,000"
V1445,Sedan,12,78509,91,2861,26,14.9,11.65,30,60,Critical,Medium,10,No,"25,001–50,000"
V1446,Truck,12,136150,98,2179,45,8.6,12.06,37,39,Moderate,High,3,No,"50,001–80,000"
V1447,Sedan,6,80604,102,2841,34,10.2,11.71,45,46,Critical,High,1,Yes,"25,001–50,000"
V1448,Hatchback,14,184526,108,1947,28,16.4,12.22,37,66,Moderate,Medium,10,Yes,"25,001–50,000"
V1449,Sedan,15,142210,99,2770,50,16.5,12.33,38,109,Critical,High,10,Yes,"25,001–50,000"
V1450,Truck,2,123597,88,1981,22,19.1,11.35,39,75,Critical,Medium,12,No,"25,001–50,000"
V1451,Hatchback,4,162669,100,1851,47,12.5,12.46,38,88,Good,Medium,7,Yes,"80,001+"
V1452,Truck,3,93694,94,1505,28,5.4,11.09,30,101,Moderate,Low,12,No,"50,001–80,000"
V1453,SUV,3,173175,100,2949,36,19.8,11.71,32,46,Moderate,Low,7,Yes,"80,001+"
V1454,Hatchback,12,60496,110,2446,39,14.8,12.45,43,67,Good,Medium,6,No,"50,001–80,000"
V1455,Hatchback,12,96419,105,1511,33,10.1,12.55,32,87,Worn,Low,8,Yes,"50,001–80,000"
V1456,Truck,15,23567,99,2769,38,16.5,11.03,45,94,Critical,Medium,10,No,"50,001–80,000"
V1457,Sedan,6,96582,104,2680,21,17.2,12.85,36,53,Worn,Low,9,No,"25,001–50,000"
V1458,Truck,6,171465,87,2534,38,7.8,11.94,36,37,Moderate,Medium,4,No,"80,001+"
V1459,Sedan,15,40071,86,1685,20,7.6,11.89,30,82,Good,Low,9,No,"50,001–80,000"
V1460,SUV,15,172434,96,2599,29,10.1,11.18,38,109,Worn,Low,5,No,"50,001–80,000"
V1461,SUV,2,187678,89,2787,38,13.9,12.23,33,100,Moderate,High,8,No,"80,001+"
V1462,Hatchback,3,154316,89,2713,37,13.6,12.82,41,43,Worn,Medium,10,Yes,"80,001+"
V1463,SUV,12,45099,88,2440,48,19.4,12.21,36,69,Moderate,Medium,11,Yes,"80,001+"
V1464,Truck,11,186079,90,2461,48,10.0,12.06,37,108,Moderate,Low,12,No,"80,001+"
V1465,Hatchback,2,70237,88,1745,42,7.1,11.59,45,107,Worn,Low,3,Yes,"80,001+"
V1466,Hatchback,9,122304,95,2216,39,6.4,12.88,39,65,Moderate,Medium,6,Yes,"80,001+"
V1467,Truck,3,146529,103,2176,38,7.3,11.53,42,77,Good,Medium,2,No,"80,001+"
V1468,SUV,2,78282,103,2784,50,14.3,12.51,40,79,Moderate,Medium,7,Yes,"80,001+"
V1469,Sedan,9,128847,110,2681,40,6.9,12.39,43,67,Worn,Medium,9,Yes,"50,001–80,000"
V1470,Truck,13,84754,105,1764,44,10.7,12.1,33,80,Critical,High,7,Yes,"10,001–25,000"
V1471,SUV,1,71563,90,2868,40,13.6,12.62,43,84,Worn,Medium,11,No,"80,001+"
V1472,Hatchback,1,156265,94,2908,21,11.5,11.85,31,57,Critical,Low,5,Yes,"50,001–80,000"
V1473,Sedan,4,142580,110,2897,44,10.6,11.62,39,31,Critical,Low,5,No,"50,001–80,000"
V1474,Sedan,8,132293,90,2260,30,12.2,11.96,38,99,Worn,High,8,Yes,"80,001+"
V1475,Truck,10,93677,110,2917,30,19.1,12.78,37,96,Moderate,High,9,No,"25,001–50,000"
V1476,Truck,6,71719,108,2256,22,13.1,11.33,33,46,Worn,Low,7,Yes,"50,001–80,000"
V1477,Truck,7,71144,90,1536,44,19.9,12.0,43,66,Moderate,Low,2,Yes,"80,001+"
V1478,Truck,12,67712,99,2796,41,6.9,11.44,37,64,Worn,High,6,Yes,"50,001–80,000"
V1479,Sedan,13,145967,103,2320,43,8.8,12.02,33,46,Moderate,Low,3,No,"50,001–80,000"
V1480,Truck,1,10594,90,2916,47,17.6,12.51,37,57,Critical,High,10,Yes,"25,001–50,000"
V1481,Hatchback,3,10731,94,2525,46,13.5,12.13,44,89,Worn,Medium,9,No,"80,001+"
V1482,Sedan,9,60398,107,1661,34,15.0,11.21,36,65,Critical,Low,7,Yes,"50,001–80,000"
V1483,SUV,2,89184,88,1662,38,8.2,11.41,35,82,Good,High,4,No,"80,001+"
V1484,SUV,11,55423,105,2569,25,12.6,12.5,33,107,Good,Low,5,Yes,"25,001–50,000"
V1485,Hatchback,7,123417,96,1914,43,16.7,11.79,41,53,Critical,Low,7,No,"80,001+"
V1486,Truck,10,154437,96,1705,35,5.2,12.5,31,67,Worn,Low,8,No,"80,001+"
V1487,SUV,13,6718,107,2000,47,6.6,11.86,40,40,Good,Medium,3,Yes,"50,001–80,000"
V1488,Truck,11,66426,96,2271,47,12.7,11.02,38,103,Moderate,High,3,No,"50,001–80,000"
V1489,Truck,2,184712,99,1593,39,6.8,11.8,37,90,Good,Low,6,Yes,"80,001+"
V1490,Sedan,8,94448,104,2588,48,19.5,11.11,32,57,Critical,High,8,Yes,"25,001–50,000"
V1491,Sedan,15,124420,94,2576,29,10.0,11.1,38,68,Worn,Medium,5,Yes,"50,001–80,000"
V1492,Sedan,13,140815,91,1822,43,7.9,12.35,32,96,Worn,Medium,6,Yes,"80,001+"
V1493,SUV,14,81427,91,2619,42,16.0,12.15,40,64,Moderate,High,3,Yes,"50,001–80,000"
V1494,Hatchback,9,19076,110,1964,28,13.2,11.57,39,103,Critical,Medium,9,No,"10,001–25,000"
V1495,SUV,5,101400,92,2213,49,6.8,12.88,41,81,Worn,Medium,7,Yes,"80,001+"
V1496,Truck,1,51304,97,2114,43,11.7,11.1,32,57,Good,Medium,5,No,"80,001+"
V1497,Sedan,9,31875,95,1870,46,8.8,12.56,31,109,Moderate,Medium,6,Yes,"80,001+"
V1498,Hatchback,10,24800,90,1582,27,19.3,12.31,45,102,Worn,High,8,No,"50,001–80,000"
V1499,Hatchback,11,53321,93,2970,24,13.2,12.11,40,48,Moderate,Low,2,No,"50,001–80,000"
V1500,Sedan,10,13974,99,1661,39,7.1,12.25,36,78,Critical,High,2,No,"50,001–80,000"
V1501,Hatchback,3,85560,93,2498,29,15.0,12.79,38,71,Worn,High,3,Yes,"50,001–80,000"
V1502,Hatchback,7,131085,109,2583,49,8.6,11.71,34,90,Critical,High,12,No,"10,001–25,000"
V1503,Sedan,4,196665,92,1859,35,10.8,11.91,31,99,Moderate,High,3,Yes,"80,001+"
V1504,Sedan,8,143127,102,2491,28,14.2,11.44,30,101,Critical,Low,12,Yes,"10,001–25,000"
V1505,Truck,13,46804,86,2617,41,5.1,11.44,37,72,Good,Low,11,No,"80,001+"
V1506,Sedan,7,100733,95,2317,48,14.9,12.48,44,106,Critical,Medium,5,No,"80,001+"
V1507,Truck,3,165623,97,2844,42,20.0,11.84,34,56,Good,High,5,No,"80,001+"
V1508,Truck,6,54904,102,2843,50,11.3,11.79,35,106,Good,Low,4,No,"80,001+"
V1509,Truck,10,68239,102,1943,42,14.3,11.63,42,75,Good,Medium,1,Yes,"80,001+"
V1510,Truck,13,28264,104,2841,46,11.8,11.85,40,78,Moderate,High,11,Yes,"25,001–50,000"
V1511,Truck,6,146832,106,2664,36,15.5,11.63,33,75,Moderate,High,1,Yes,"50,001–80,000"
V1512,SUV,1,36607,97,1506,38,11.1,11.57,32,53,Worn,Low,11,Yes,"80,001+"
V1513,Hatchback,9,103674,105,2188,36,7.0,11.26,34,85,Good,Medium,7,No,"80,001+"
V1514,Sedan,13,78570,93,1794,49,12.7,11.85,35,94,Moderate,High,3,Yes,"50,001–80,000"
V1515,Sedan,1,84678,91,2283,47,18.3,11.25,45,68,Good,High,10,Yes,"50,001–80,000"
V1516,Truck,11,16703,101,1918,41,6.8,12.18,31,91,Critical,High,2,Yes,"10,001–25,000"
V1517,Hatchback,5,27777,96,1960,34,11.5,12.23,34,99,Critical,Medium,10,No,"50,001–80,000"
V1518,Truck,4,139167,103,1727,41,9.3,11.54,30,78,Critical,Low,11,Yes,"25,001–50,000"
V1519,Truck,6,184930,87,1977,37,10.7,11.03,42,46,Good,Medium,10,Yes,"80,001+"
V1520,SUV,7,34036,95,1907,35,8.8,11.01,45,34,Critical,Medium,5,No,"80,001+"
V1521,Sedan,7,184649,103,1740,47,8.5,11.35,31,87,Critical,Low,8,Yes,"50,001–80,000"
V1522,Truck,4,191632,86,2930,40,10.7,11.82,37,94,Good,High,12,Yes,"50,001–80,000"
V1523,Hatchback,11,111401,96,2043,33,6.8,12.92,38,33,Good,High,6,Yes,"50,001–80,000"
V1524,SUV,12,46202,105,1840,47,8.4,12.9,37,70,Worn,Low,5,Yes,"50,001–80,000"
V1525,Hatchback,10,52038,100,2138,24,12.1,12.11,34,46,Good,Medium,12,Yes,"50,001–80,000"
V1526,SUV,4,76319,91,2498,26,12.7,11.36,37,65,Moderate,Medium,7,No,"80,001+"
V1527,SUV,14,140170,102,1511,32,19.0,11.1,42,55,Critical,Medium,3,Yes,"25,001–50,000"
V1528,Hatchback,6,94962,106,2269,34,18.5,12.72,34,108,Worn,Low,5,Yes,"80,001+"
V1529,Truck,12,80149,110,2369,48,9.4,12.08,42,51,Moderate,Medium,12,No,"50,001–80,000"
V1530,SUV,8,146166,89,1502,38,10.0,12.13,37,103,Critical,Medium,6,Yes,"80,001+"
V1531,Hatchback,13,192857,89,2173,28,14.8,11.62,40,74,Critical,Low,2,Yes,"25,001–50,000"
V1532,Sedan,6,84219,89,2211,32,12.7,12.47,43,47,Critical,Medium,2,Yes,"80,001+"
V1533,Hatchback,1,140875,94,1963,35,18.9,11.84,36,97,Moderate,Medium,11,Yes,"80,001+"
V1534,Sedan,14,118187,104,1962,22,17.2,12.48,45,51,Moderate,High,10,No,"10,001–25,000"
V1535,SUV,9,97831,99,2648,39,5.3,12.64,35,97,Worn,Medium,9,No,"80,001+"
V1536,SUV,5,50145,88,2184,33,9.2,12.2,38,81,Moderate,Low,12,Yes,"80,001+"
V1537,SUV,3,84917,87,2379,39,13.3,11.26,41,96,Moderate,Low,5,Yes,"80,001+"
V1538,SUV,8,141896,98,2560,23,10.9,11.05,38,89,Worn,Medium,4,No,"80,001+"
V1539,Hatchback,2,102050,106,1738,34,7.4,12.53,30,48,Good,High,1,No,"50,001–80,000"
V1540,Hatchback,15,122155,89,2540,30,10.4,12.72,38,66,Worn,Low,7,Yes,"80,001+"
V1541,SUV,15,85439,106,2519,23,16.4,11.83,40,45,Moderate,Medium,6,Yes,"25,001–50,000"
V1542,SUV,5,24530,104,1639,23,9.0,11.58,35,53,Critical,Medium,5,Yes,"25,001–50,000"
V1543,Truck,1,20733,106,2195,24,11.3,12.34,45,34,Worn,Medium,9,No,"25,001–50,000"
V1544,Sedan,9,94606,100,1702,41,14.5,12.57,37,97,Critical,Medium,3,No,"80,001+"
V1545,Truck,11,118322,86,2711,22,8.5,12.74,34,45,Moderate,Low,5,Yes,"50,001–80,000"
V1546,Sedan,2,123884,97,1983,47,18.6,12.22,43,36,Critical,Low,4,No,"80,001+"
V1547,Hatchback,14,180337,108,2605,33,6.6,12.75,39,85,Worn,Low,9,Yes,"50,001–80,000"
V1548,Hatchback,2,156018,85,2548,50,12.3,12.89,31,73,Critical,High,1,No,"50,001–80,000"
V1549,SUV,11,126092,107,1995,23,6.2,12.12,42,101,Worn,Low,6,No,"25,001–50,000"
V1550,Sedan,5,158628,109,1760,47,19.3,11.98,42,85,Good,Medium,3,Yes,"80,001+"
V1551,SUV,4,102702,100,1895,20,13.9,11.81,36,92,Good,High,12,Yes,"25,001–50,000"
V1552,SUV,14,198246,102,2632,50,19.0,12.88,30,42,Moderate,Medium,9,No,"50,001–80,000"
V1553,Hatchback,3,131868,95,2916,32,6.3,12.91,39,99,Worn,High,9,No,"50,001–80,000"
V1554,Truck,3,179927,88,1701,30,5.1,11.38,45,33,Worn,Low,2,Yes,"80,001+"
V1555,Truck,6,99239,88,1740,27,10.4,11.27,36,98,Moderate,High,11,No,"25,001–50,000"
V1556,Sedan,7,183925,97,2176,36,17.6,11.57,39,85,Good,Low,3,No,"80,001+"
V1557,Sedan,7,181886,110,1661,35,6.7,11.65,43,56,Worn,High,5,Yes,"50,001–80,000"
V1558,Sedan,10,185256,99,1971,34,14.7,11.44,33,96,Critical,Medium,10,No,"50,001–80,000"
V1559,SUV,9,117229,107,1502,26,10.4,11.88,30,83,Worn,High,11,Yes,"10,001–25,000"
V1560,Truck,2,99335,85,2592,36,16.7,12.21,43,47,Moderate,Low,7,No,"80,001+"
V1561,Sedan,15,18612,107,1990,36,14.4,12.66,30,54,Critical,Medium,10,Yes,"25,001–50,000"
V1562,SUV,15,97545,97,2145,24,11.1,11.62,38,41,Critical,High,3,No,"10,001–25,000"
V1563,SUV,12,127226,107,1868,40,9.3,11.64,39,77,Worn,Low,9,No,"50,001–80,000"
V1564,Hatchback,3,93726,103,2638,44,12.6,12.91,38,72,Good,Medium,8,No,"80,001+"
V1565,SUV,10,72291,95,2784,32,12.9,11.91,38,104,Moderate,High,12,No,"50,001–80,000"
V1566,Hatchback,8,173721,100,2079,31,5.3,12.32,44,43,Moderate,Low,7,Yes,"80,001+"
V1567,SUV,4,26302,94,2931,40,14.1,11.37,30,110,Moderate,Medium,6,No,"80,001+"
V1568,Sedan,6,119125,92,2067,30,19.1,11.75,40,79,Good,Medium,1,No,"80,001+"
V1569,Sedan,15,115483,103,2956,26,19.3,12.14,39,71,Critical,Medium,4,No,"10,001–25,000"
V1570,Truck,2,147368,96,2803,30,11.7,11.68,35,44,Moderate,Low,4,No,"80,001+"
V1571,Hatchback,11,17788,93,2173,37,9.5,11.37,30,34,Critical,Medium,4,Yes,"50,001–80,000"
V1572,SUV,6,187919,96,1817,38,15.6,12.47,44,85,Good,Low,4,Yes,"80,001+"
V1573,Sedan,2,120577,100,2300,39,17.6,11.4,42,56,Good,High,1,Yes,"80,001+"
V1574,SUV,9,34753,97,2107,29,18.8,12.93,38,45,Good,High,9,Yes,"25,001–50,000"
V1575,SUV,7,116557,91,2644,45,19.1,12.0,41,84,Good,Low,9,Yes,"80,001+"
V1576,SUV,9,149704,88,2076,42,17.5,12.48,39,77,Good,Low,2,No,"80,001+"
V1577,Truck,11,124661,91,1915,23,18.2,11.53,32,97,Critical,High,11,No,"10,001–25,000"
V1578,Hatchback,8,40858,108,2048,48,16.2,12.25,41,51,Critical,High,5,Yes,"25,001–50,000"
V1579,Sedan,10,98334,104,2532,28,14.1,12.11,38,50,Good,Low,3,No,"50,001–80,000"
V1580,SUV,10,150759,102,2175,37,16.9,12.51,42,80,Worn,High,8,Yes,"50,001–80,000"
V1581,SUV,6,130764,87,2219,39,14.4,11.21,38,54,Worn,Medium,12,Yes,"80,001+"
V1582,Truck,8,161417,109,2852,31,19.7,11.32,35,64,Moderate,Medium,3,Yes,"80,001+"
V1583,Hatchback,12,119009,107,1739,23,6.5,11.32,41,61,Worn,Low,10,No,"25,001–50,000"
V1584,Hatchback,7,150736,108,2481,21,12.7,11.17,45,62,Critical,Medium,8,No,"25,001–50,000"
V1585,Sedan,4,121671,85,1551,48,19.3,12.19,32,76,Worn,High,11,No,"50,001–80,000"
V1586,SUV,15,86062,87,2472,25,5.1,11.68,35,46,Worn,Medium,7,No,"50,001–80,000"
V1587,Hatchback,8,142433,93,2648,21,18.0,12.5,32,83,Good,High,3,Yes,"50,001–80,000"
V1588,Sedan,5,162942,92,1515,24,19.0,12.77,41,64,Critical,High,5,Yes,"25,001–50,000"
V1589,Truck,10,156459,101,2630,37,5.7,12.92,35,85,Good,Low,8,Yes,"80,001+"
V1590,SUV,3,13525,99,2784,45,17.1,11.83,31,60,Good,Low,5,No,"80,001+"
V1591,Sedan,1,15552,89,2381,27,11.6,12.45,32,69,Worn,High,5,Yes,"50,001–80,000"
V1592,Sedan,2,196257,93,2170,50,7.5,12.92,44,30,Moderate,High,4,No,"80,001+"
V1593,SUV,2,186830,98,2330,48,6.0,11.8,38,39,Moderate,Low,4,Yes,"80,001+"
V1594,SUV,15,151039,88,1540,40,19.7,12.54,35,57,Moderate,Low,5,Yes,"80,001+"
V1595,SUV,12,151811,92,1871,43,15.7,11.44,39,85,Worn,Medium,1,Yes,"80,001+"
V1596,Truck,3,17866,88,1664,28,12.6,12.74,45,91,Worn,Low,4,Yes,"80,001+"
V1597,Truck,8,45546,93,2494,43,8.9,12.13,43,100,Critical,Low,4,No,"80,001+"
V1598,SUV,14,35423,100,1529,23,11.0,11.95,44,81,Moderate,High,11,Yes,"25,001–50,000"
V1599,Sedan,10,70002,110,1721,34,19.0,12.91,30,43,Good,Medium,8,Yes,"80,001+"
V1600,Truck,12,35212,110,2509,41,11.7,12.15,45,42,Moderate,High,5,No,"25,001–50,000"
V1601,Sedan,15,62855,100,1793,28,20.0,12.91,36,80,Moderate,Low,12,Yes,"50,001–80,000"
V1602,Truck,15,33466,108,2947,35,17.9,12.62,40,94,Critical,Medium,11,Yes,"25,001–50,000"
V1603,SUV,4,46758,93,1660,34,17.9,11.46,38,89,Moderate,Medium,3,Yes,"80,001+"
V1604,Hatchback,13,84450,96,1700,46,7.1,11.36,43,67,Critical,Medium,11,No,"50,001–80,000"
V1605,Hatchback,11,182015,102,2729,41,14.2,11.88,30,67,Critical,Low,8,No,"25,001–50,000"
V1606,Truck,12,156838,86,2487,22,12.3,12.86,36,39,Good,High,3,Yes,"25,001–50,000"
V1607,Hatchback,11,106678,95,2733,21,18.5,12.08,45,41,Good,Medium,12,Yes,"50,001–80,000"
V1608,SUV,7,89154,99,2292,46,9.0,11.07,44,74,Good,High,7,Yes,"80,001+"
V1609,Sedan,9,69839,85,1831,42,13.2,12.21,45,58,Moderate,Low,10,No,"80,001+"
V1610,SUV,15,106265,96,1857,32,7.5,11.84,36,87,Worn,Medium,2,No,"80,001+"
V1611,SUV,13,32459,110,2838,50,18.0,11.37,43,75,Critical,High,8,No,"10,001–25,000"
V1612,SUV,5,140569,92,1556,30,6.5,12.8,43,101,Good,High,8,No,"80,001+"
V1613,Sedan,15,36314,89,2905,21,18.1,11.84,37,98,Critical,Medium,12,Yes,"25,001–50,000"
V1614,Truck,1,109334,101,1864,48,9.4,12.24,36,109,Critical,Medium,4,Yes,"50,001–80,000"
V1615,SUV,3,58475,98,2119,30,15.1,12.79,40,106,Good,High,3,Yes,"80,001+"
V1616,Sedan,3,189199,102,2693,27,16.5,12.88,42,50,Critical,Medium,4,Yes,"25,001–50,000"
V1617,Sedan,6,119106,97,2657,41,7.9,11.16,45,72,Worn,Medium,8,Yes,"80,001+"
V1618,Hatchback,7,85131,91,2897,36,12.6,12.2,45,73,Moderate,High,12,No,"50,001–80,000"
V1619,Sedan,4,194092,106,1532,25,13.5,12.02,45,42,Good,High,1,No,"25,001–50,000"
V1620,Truck,4,105061,90,2310,43,15.8,11.47,38,60,Critical,Medium,7,Yes,"80,001+"
V1621,Hatchback,12,9966,110,2871,30,14.4,11.31,41,87,Worn,Medium,12,No,"50,001–80,000"
V1622,SUV,13,166518,97,2339,26,5.6,12.46,45,80,Critical,High,7,No,"10,001–25,000"
V1623,Hatchback,7,158334,105,2132,32,5.1,12.57,32,54,Good,High,9,No,"25,001–50,000"
V1624,Truck,12,97299,106,2283,30,10.6,12.17,41,110,Moderate,Medium,4,No,"50,001–80,000"
V1625,SUV,2,34108,108,1823,24,8.0,11.48,39,63,Good,Low,7,Yes,"50,001–80,000"
V1626,SUV,5,145644,101,1676,44,8.8,12.62,36,105,Critical,Medium,8,No,"50,001–80,000"
V1627,SUV,7,114748,106,2597,40,17.4,11.88,43,79,Moderate,High,10,No,"25,001–50,000"
V1628,SUV,12,139668,86,1981,34,5.1,12.25,32,49,Critical,High,9,Yes,"25,001–50,000"
V1629,SUV,9,173387,95,2730,41,12.0,11.44,44,69,Critical,Low,5,No,"80,001+"
V1630,Hatchback,2,94679,99,2232,43,18.0,11.19,34,97,Good,Medium,7,No,"80,001+"
V1631,Hatchback,11,155472,102,2862,45,8.8,11.0,44,75,Moderate,High,2,Yes,"25,001–50,000"
V1632,Sedan,6,117223,90,1912,34,15.3,11.38,35,60,Worn,Low,12,Yes,"80,001+"
V1633,Hatchback,8,104988,104,2436,24,7.2,12.05,42,75,Worn,High,1,Yes,"25,001–50,000"
V1634,Sedan,11,82741,101,1513,23,7.4,11.22,37,86,Critical,Low,5,No,"10,001–25,000"
V1635,Sedan,10,102528,110,1947,45,19.7,11.15,39,44,Moderate,High,3,No,"50,001–80,000"
V1636,Hatchback,15,46527,88,2050,24,7.7,11.13,39,72,Good,High,6,Yes,"25,001–50,000"
V1637,SUV,2,186446,99,2627,26,6.0,12.76,45,88,Worn,High,10,Yes,"25,001–50,000"
V1638,Truck,2,51259,100,2891,20,19.8,11.06,31,79,Moderate,Low,9,No,"50,001–80,000"
V1639,Sedan,1,161021,107,2165,22,14.5,11.41,39,50,Moderate,Medium,7,Yes,"50,001–80,000"
V1640,Sedan,3,103279,106,1549,38,14.5,11.95,30,73,Worn,High,9,Yes,"25,001–50,000"
V1641,Truck,11,116902,87,2405,28,17.0,12.62,45,32,Worn,Medium,1,No,"50,001–80,000"
V1642,SUV,4,106982,96,2867,27,5.6,11.51,34,102,Good,Low,3,No,"80,001+"
V1643,Hatchback,5,180072,101,2201,38,6.2,12.05,35,100,Good,Medium,1,No,"80,001+"
V1644,Truck,11,92452,98,2389,39,18.7,12.26,34,81,Good,Medium,9,No,"80,001+"
V1645,Truck,9,171546,110,1974,46,12.3,12.83,33,106,Worn,Low,4,Yes,"80,001+"
V1646,Truck,9,60586,106,2267,41,16.1,11.17,30,72,Worn,Low,8,No,"80,001+"
V1647,Sedan,12,17567,104,2920,50,11.4,11.48,37,65,Worn,Medium,2,No,"50,001–80,000"
V1648,Sedan,2,43041,94,1604,25,13.7,12.23,38,51,Critical,Medium,5,No,"50,001–80,000"
V1649,Hatchback,12,121226,104,1757,50,6.6,11.56,36,91,Moderate,Medium,9,No,"50,001–80,000"
V1650,Sedan,13,126645,106,1903,23,17.5,12.58,32,102,Worn,Medium,3,No,"25,001–50,000"
V1651,Sedan,11,124008,88,2476,43,10.3,12.81,45,49,Critical,Low,1,No,"50,001–80,000"
V1652,Hatchback,13,91564,106,2677,31,19.5,12.93,30,104,Good,Medium,1,Yes,"50,001–80,000"
V1653,Sedan,6,30751,92,2919,25,15.9,12.86,42,72,Good,Low,3,Yes,"80,001+"
V1654,SUV,15,45728,88,1616,46,7.6,12.93,34,45,Worn,Low,5,No,"80,001+"
V1655,Truck,12,160035,95,1849,35,17.9,12.17,40,88,Moderate,Medium,12,Yes,"80,001+"
V1656,Truck,10,73598,99,2242,49,16.8,12.38,36,109,Good,Medium,6,No,"80,001+"
V1657,Sedan,6,152589,90,2909,24,13.8,11.15,34,54,Good,Low,5,Yes,"80,001+"
V1658,Hatchback,9,87377,95,1783,26,6.8,11.63,31,107,Critical,Low,1,Yes,"50,001–80,000"
V1659,Sedan,8,73335,94,2751,49,11.4,12.82,36,94,Critical,Low,11,No,"50,001–80,000"
V1660,SUV,12,147320,88,2587,43,12.3,12.72,44,52,Good,Low,1,No,"80,001+"
V1661,SUV,12,106024,104,2569,38,7.8,12.3,31,79,Good,Medium,9,No,"50,001–80,000"
V1662,Truck,13,67755,92,1849,28,18.8,12.59,37,50,Good,Low,3,Yes,"50,001–80,000"
V1663,Sedan,12,172600,92,1571,25,11.7,12.79,43,103,Critical,High,8,Yes,"10,001–25,000"
V1664,Truck,3,89628,93,2633,48,18.1,11.3,45,106,Worn,Low,1,Yes,"80,001+"
V1665,Truck,15,136548,91,2845,25,12.1,12.24,38,106,Moderate,High,11,Yes,"25,001–50,000"
V1666,SUV,10,141561,86,2930,37,10.7,12.69,30,77,Critical,High,7,Yes,"50,001–80,000"
V1667,Hatchback,14,94697,88,2545,47,5.8,11.97,35,95,Critical,High,6,No,"25,001–50,000"
V1668,Hatchback,9,40068,98,2764,49,9.5,12.22,30,48,Worn,Medium,11,Yes,"80,001+"
V1669,Hatchback,3,70903,89,2342,26,7.2,12.61,30,39,Worn,Medium,8,Yes,"80,001+"
V1670,Sedan,2,151141,103,1503,21,8.6,11.22,35,31,Worn,High,1,No,"25,001–50,000"
V1671,Sedan,10,77778,93,2619,43,13.6,12.6,31,102,Good,Low,3,Yes,"80,001+"
V1672,Hatchback,3,168413,94,2691,27,6.3,12.13,38,68,Moderate,High,8,Yes,"50,001–80,000"
V1673,SUV,5,23294,103,2176,41,5.1,12.95,33,70,Good,Medium,12,No,"50,001–80,000"
V1674,Truck,3,176515,85,1677,38,12.4,11.3,45,50,Critical,Low,10,Yes,"50,001–80,000"
V1675,Hatchback,2,19358,95,2130,26,13.4,11.83,43,102,Good,Medium,7,No,"80,001+"
V1676,Truck,11,127997,85,1613,40,15.2,12.23,32,89,Moderate,Low,5,No,"80,001+"
V1677,SUV,5,155899,93,1569,37,7.9,11.22,45,48,Moderate,Low,2,No,"80,001+"
V1678,Sedan,6,84007,99,2474,24,5.8,11.07,36,39,Moderate,Medium,8,Yes,"80,001+"
V1679,Sedan,13,50083,105,2801,42,17.0,12.03,40,67,Worn,Medium,12,Yes,"50,001–80,000"
V1680,Hatchback,1,58990,93,2471,25,13.1,11.78,38,66,Critical,High,4,No,"25,001–50,000"
V1681,Truck,6,197813,110,2693,49,11.8,12.4,38,64,Critical,Medium,12,Yes,"25,001–50,000"
V1682,Truck,3,41530,90,1583,25,10.4,11.18,30,42,Worn,High,8,No,"50,001–80,000"
V1683,SUV,2,77244,90,1737,23,14.9,11.36,41,70,Moderate,High,1,No,"50,001–80,000"
V1684,SUV,15,59348,107,1807,31,9.2,11.49,34,54,Moderate,High,5,Yes,"25,001–50,000"
V1685,Truck,1,57323,87,2352,37,11.0,11.43,37,52,Worn,High,10,Yes,"50,001–80,000"
V1686,Hatchback,15,88703,107,2000,24,8.3,11.74,31,78,Good,Low,8,No,"25,001–50,000"
V1687,Hatchback,15,24688,90,1770,50,13.4,12.15,41,40,Worn,High,4,No,"50,001–80,000"
V1688,Hatchback,9,139937,103,1831,48,19.2,11.87,44,93,Good,Medium,4,No,"80,001+"
V1689,Sedan,9,110629,94,2552,47,15.6,12.0,37,78,Worn,High,6,Yes,"80,001+"
V1690,Truck,8,165142,97,2727,36,9.0,11.12,44,47,Moderate,Medium,3,No,"80,001+"
V1691,Sedan,4,30684,104,2546,30,9.1,12.04,34,65,Critical,Low,3,Yes,"50,001–80,000"
V1692,Truck,2,95101,107,1724,32,15.2,12.52,30,33,Moderate,Medium,1,No,"80,001+"
V1693,Truck,15,129355,92,2560,40,8.0,11.51,37,46,Moderate,Low,9,No,"80,001+"
V1694,Truck,3,192644,101,2926,35,17.9,11.78,31,105,Good,Low,12,No,"50,001–80,000"
V1695,Truck,15,117401,85,2266,40,12.7,11.44,41,56,Critical,High,11,Yes,"25,001–50,000"
V1696,Hatchback,3,76571,110,2052,39,12.6,11.4,30,51,Critical,Low,8,Yes,"50,001–80,000"
V1697,Truck,7,21693,105,2727,32,10.2,11.58,40,43,Good,High,6,No,"50,001–80,000"
V1698,Truck,4,92748,96,1573,49,13.7,11.68,41,77,Moderate,Low,5,Yes,"80,001+"
V1699,Truck,6,88736,88,2012,29,12.4,11.8,36,94,Worn,Medium,6,Yes,"80,001+"
V1700,Hatchback,4,152065,85,2489,43,14.3,12.76,41,79,Worn,Medium,8,No,"80,001+"
V1701,Truck,13,14083,104,1640,47,12.9,11.54,43,68,Good,Medium,8,No,"50,001–80,000"
V1702,SUV,5,46917,106,1980,47,15.2,12.38,31,46,Worn,High,10,No,"25,001–50,000"
V1703,Hatchback,5,32592,110,2287,42,5.9,11.52,33,90,Critical,High,8,Yes,"25,001–50,000"
V1704,Truck,9,48572,95,1719,43,9.5,11.17,44,55,Moderate,High,11,No,"50,001–80,000"
V1705,Sedan,10,177051,90,2104,41,11.8,12.9,34,106,Moderate,Medium,8,No,"80,001+"
V1706,SUV,8,82585,107,1931,40,9.0,12.24,40,60,Critical,Low,4,Yes,"50,001–80,000"
V1707,SUV,2,171117,99,2297,38,7.1,12.76,37,77,Critical,Low,9,Yes,"50,001–80,000"
V1708,Sedan,3,56786,91,2488,23,19.3,11.64,43,52,Good,Medium,7,No,"80,001+"
V1709,Hatchback,7,163482,97,1948,20,13.9,12.63,34,48,Moderate,High,7,No,"50,001–80,000"
V1710,Truck,6,78147,110,2330,30,12.8,11.92,44,77,Critical,Medium,2,No,"50,001–80,000"
V1711,Sedan,15,23371,89,2995,22,12.1,12.29,30,59,Good,Medium,5,No,"50,001–80,000"
V1712,Hatchback,3,38128,86,2027,36,12.0,11.71,36,109,Critical,High,1,Yes,"50,001–80,000"
V1713,Sedan,8,197596,95,2358,48,6.4,11.39,30,106,Worn,Low,3,Yes,"80,001+"
V1714,SUV,4,167679,102,2944,21,10.1,11.38,30,58,Good,High,6,Yes,"25,001–50,000"
V1715,Truck,5,143060,87,2882,32,13.2,11.26,39,87,Moderate,Medium,1,Yes,"80,001+"
V1716,Sedan,1,197418,92,1718,40,13.0,12.8,35,92,Critical,High,9,No,"25,001–50,000"
V1717,SUV,10,130116,87,2382,41,15.0,12.57,35,110,Moderate,High,12,Yes,"50,001–80,000"
V1718,Truck,5,114881,99,1593,34,15.2,12.9,36,109,Worn,High,7,Yes,"80,001+"
V1719,Truck,11,60221,98,1559,28,9.5,11.52,37,65,Critical,Low,11,Yes,"25,001–50,000"
V1720,Truck,7,62052,104,2313,35,8.0,12.27,42,85,Good,Medium,8,Yes,"80,001+"
V1721,SUV,15,44055,88,2035,39,19.2,12.51,39,43,Worn,High,1,No,"50,001–80,000"
V1722,SUV,10,181631,108,2788,27,14.9,11.41,42,77,Moderate,Low,11,No,"25,001–50,000"
V1723,Sedan,2,5681,100,2440,29,10.0,12.45,31,65,Good,Medium,7,No,"80,001+"
V1724,Hatchback,11,176775,88,1516,49,9.1,12.53,34,58,Moderate,Low,10,Yes,"80,001+"
V1725,Hatchback,12,49353,98,2605,24,9.5,12.49,43,40,Critical,Low,1,No,"25,001–50,000"
V1726,SUV,1,162223,86,2107,21,7.2,12.43,33,63,Good,High,7,No,"50,001–80,000"
V1727,Hatchback,1,150268,105,1776,22,17.7,11.64,45,75,Worn,High,10,Yes,"10,001–25,000"
V1728,Sedan,9,145893,91,2936,23,9.9,11.85,34,99,Moderate,High,12,Yes,"25,001–50,000"
V1729,Sedan,10,64588,99,2174,34,8.5,11.12,44,68,Good,Low,7,No,"80,001+"
V1730,SUV,1,39915,110,2299,21,19.4,11.89,45,62,Worn,High,12,Yes,"10,001–25,000"
V1731,Hatchback,5,190460,96,1938,33,11.4,12.01,41,65,Moderate,Medium,3,No,"80,001+"
V1732,Sedan,6,29124,107,1801,49,12.2,12.22,37,68,Moderate,Low,12,No,"50,001–80,000"
V1733,Truck,12,32874,110,2303,35,11.1,11.59,36,107,Critical,High,4,No,"10,001–25,000"
V1734,Sedan,7,128599,106,2051,22,8.0,11.8,36,85,Moderate,Low,10,Yes,"25,001–50,000"
V1735,Hatchback,14,127532,102,2658,21,13.9,12.23,40,78,Good,Low,7,Yes,"25,001–50,000"
V1736,Truck,11,53133,98,2193,25,17.7,11.04,32,51,Critical,Low,3,No,"25,001–50,000"
V1737,SUV,6,161753,110,2238,38,10.1,12.37,31,58,Good,Low,4,Yes,"80,001+"
V1738,Sedan,9,137146,88,2222,47,16.3,12.14,31,71,Good,High,10,Yes,"50,001–80,000"
V1739,Truck,9,16855,110,2527,50,5.5,12.5,30,92,Moderate,Medium,3,Yes,"80,001+"
V1740,SUV,5,21171,94,2146,33,8.8,12.05,38,50,Worn,Low,1,Yes,"80,001+"
V1741,Hatchback,12,131613,87,2795,38,10.4,11.61,35,110,Worn,Low,8,Yes,"80,001+"
V1742,Hatchback,9,84781,103,1575,44,5.7,11.84,37,50,Moderate,High,6,Yes,"50,001–80,000"
V1743,SUV,14,154762,86,2713,24,16.5,12.96,44,42,Critical,High,3,No,"10,001–25,000"
V1744,Hatchback,4,178419,95,1729,28,12.6,11.82,31,56,Worn,Medium,8,Yes,"80,001+"
V1745,Truck,10,189637,91,1978,39,15.4,11.44,36,47,Worn,Medium,9,Yes,"80,001+"
V1746,Sedan,14,36189,86,1844,35,8.7,11.0,38,73,Worn,High,4,No,"50,001–80,000"
V1747,Truck,1,50018,105,2092,31,15.2,11.27,32,61,Moderate,Medium,10,Yes,"50,001–80,000"
V1748,SUV,2,193267,90,1566,47,18.6,11.38,34,91,Moderate,High,6,Yes,"80,001+"
V1749,Sedan,15,93790,89,2428,36,12.4,11.23,36,68,Worn,Medium,4,No,"80,001+"
V1750,SUV,8,102056,97,1835,44,19.3,11.35,36,42,Critical,Medium,5,Yes,"80,001+"
V1751,Hatchback,11,195302,109,2454,44,19.1,11.72,45,56,Moderate,High,4,No,"25,001–50,000"
V1752,Sedan,7,89039,90,2278,39,10.1,11.01,39,88,Good,Low,8,Yes,"80,001+"
V1753,Sedan,14,167167,93,1687,22,7.7,12.78,45,81,Good,Low,1,Yes,"50,001–80,000"
V1754,Truck,9,166472,100,1528,35,20.0,12.67,37,30,Critical,Medium,3,Yes,"80,001+"
V1755,Hatchback,9,55599,110,1954,29,6.3,12.38,33,81,Critical,Low,3,No,"25,001–50,000"
V1756,Sedan,4,80769,88,1960,29,13.4,12.91,34,73,Critical,High,11,No,"10,001–25,000"
V1757,SUV,15,193080,93,1997,32,5.9,12.02,31,97,Critical,Low,7,No,"50,001–80,000"
V1758,Truck,8,105936,97,1914,46,14.4,11.09,41,44,Worn,High,5,No,"80,001+"
V1759,Truck,3,46936,88,2253,38,12.1,11.98,31,107,Worn,High,12,Yes,"50,001–80,000"
V1760,Hatchback,12,63346,99,2978,23,10.0,11.37,45,85,Moderate,Medium,6,Yes,"50,001–80,000"
V1761,SUV,4,24462,106,2274,50,11.7,12.66,42,58,Moderate,Medium,7,No,"80,001+"
V1762,Hatchback,10,131472,85,2618,46,7.8,12.2,32,68,Good,Medium,8,No,"80,001+"
V1763,SUV,8,71127,95,1569,25,15.5,12.76,30,87,Good,Medium,10,No,"50,001–80,000"
V1764,Sedan,5,130381,99,2949,32,13.5,11.8,44,61,Critical,Medium,11,No,"50,001–80,000"
V1765,Truck,8,123633,108,1895,43,15.5,11.8,40,66,Worn,Low,1,Yes,"80,001+"
V1766,SUV,11,180240,96,2650,23,17.2,11.92,30,100,Critical,High,4,Yes,"10,001–25,000"
V1767,Truck,12,107365,93,1612,48,14.4,12.37,45,108,Good,Low,5,Yes,"80,001+"
V1768,Truck,1,60005,87,2355,48,17.6,12.52,34,89,Good,Low,7,Yes,"80,001+"
V1769,Truck,2,139464,100,2373,26,15.8,11.05,37,106,Good,Low,4,No,"80,001+"
V1770,Sedan,3,66631,94,2829,33,15.4,12.86,39,91,Moderate,Low,7,No,"80,001+"
V1771,Hatchback,8,9999,100,1803,46,10.3,12.39,43,34,Critical,Medium,1,No,"80,001+"
V1772,Hatchback,13,10313,90,1794,36,16.0,12.6,36,50,Worn,Medium,4,Yes,"80,001+"
V1773,SUV,5,55696,95,1726,32,15.9,12.54,39,56,Critical,High,7,No,"50,001–80,000"
V1774,SUV,6,7323,96,1743,43,19.6,12.42,41,63,Good,Low,2,No,"80,001+"
V1775,Sedan,4,194668,101,2561,30,15.2,12.62,45,58,Good,High,6,No,"50,001–80,000"
V1776,SUV,4,170729,94,2672,25,14.9,11.73,44,99,Moderate,High,5,No,"50,001–80,000"
V1777,Sedan,11,78209,90,2622,29,17.1,11.76,33,52,Critical,Low,8,No,"25,001–50,000"
V1778,Hatchback,7,112669,88,1533,39,13.3,12.04,34,34,Good,Low,12,No,"80,001+"
V1779,SUV,11,121697,97,2571,34,6.5,12.01,38,100,Worn,High,8,No,"50,001–80,000"
V1780,Truck,8,66493,86,2503,22,13.9,11.27,32,81,Worn,Low,4,Yes,"80,001+"
V1781,Truck,13,161306,92,1667,49,7.1,11.3,44,34,Worn,Low,5,Yes,"80,001+"
V1782,Hatchback,12,128076,87,1789,24,9.8,11.15,30,55,Worn,Low,6,Yes,"50,001–80,000"
V1783,Hatchback,12,20852,87,2358,33,14.3,11.73,37,82,Good,High,9,Yes,"50,001–80,000"
V1784,Sedan,6,149369,96,1613,31,15.3,12.39,33,79,Worn,Medium,3,Yes,"80,001+"
V1785,Hatchback,15,109467,100,2003,36,11.2,12.78,45,108,Critical,High,10,No,"25,001–50,000"
V1786,Sedan,13,189379,98,2886,26,10.6,12.85,40,45,Good,High,12,Yes,"25,001–50,000"
V1787,Sedan,3,73988,92,1780,28,8.2,11.23,40,46,Moderate,High,3,Yes,"50,001–80,000"
V1788,SUV,1,86353,107,1826,32,14.7,12.48,44,66,Critical,Low,10,No,"25,001–50,000"
V1789,SUV,15,172009,97,2391,38,10.9,11.41,37,91,Moderate,Low,5,No,"80,001+"
V1790,Truck,13,55958,102,2483,30,5.6,11.44,43,80,Critical,High,4,Yes,"10,001–25,000"
V1791,Hatchback,5,199371,95,1836,40,9.3,11.36,43,62,Moderate,Medium,2,No,"80,001+"
V1792,SUV,9,39650,100,2593,38,8.1,11.18,37,56,Critical,Medium,1,Yes,"80,001+"
V1793,Truck,13,7821,101,1919,28,10.5,12.73,43,91,Worn,Low,1,Yes,"25,001–50,000"
V1794,SUV,6,62769,96,1817,20,14.5,11.13,30,89,Good,Low,3,Yes,"80,001+"
V1795,SUV,11,174287,104,2709,48,12.2,11.62,40,37,Worn,High,3,Yes,"25,001–50,000"
V1796,SUV,11,108000,95,1801,36,11.6,11.38,37,82,Good,Low,9,Yes,"80,001+"
V1797,Truck,3,19431,103,1709,20,12.9,12.2,39,95,Moderate,Low,9,No,"25,001–50,000"
V1798,Sedan,10,140106,93,1754,31,18.2,11.73,45,74,Moderate,Low,3,Yes,"80,001+"
V1799,SUV,7,69989,103,1660,44,5.6,11.01,33,90,Critical,Low,12,No,"25,001–50,000"
V1800,Sedan,5,20418,106,2487,22,18.5,12.11,39,68,Worn,Low,7,Yes,"50,001–80,000"
V1801,Hatchback,6,28193,95,2332,21,19.8,12.48,37,89,Critical,Medium,8,Yes,"50,001–80,000"
V1802,SUV,2,189477,101,2854,45,11.4,12.35,38,48,Moderate,Low,6,Yes,"80,001+"
V1803,SUV,5,88504,93,1721,32,20.0,12.57,33,108,Worn,Medium,8,No,"80,001+"
V1804,Truck,2,45876,96,2462,31,10.0,11.38,44,63,Moderate,High,2,No,"80,001+"
V1805,Truck,15,187523,94,2559,27,19.3,12.85,34,56,Moderate,Low,3,Yes,"50,001–80,000"
V1806,Truck,14,19615,99,2838,36,19.9,12.4,35,43,Good,Low,12,Yes,"80,001+"
V1807,Truck,2,31027,93,2737,21,5.8,11.6,33,80,Good,Medium,2,Yes,"80,001+"
V1808,Truck,3,77395,85,1522,48,5.9,11.41,33,48,Critical,Medium,6,No,"80,001+"
V1809,Truck,14,182876,86,2330,47,11.1,12.35,45,86,Moderate,High,3,No,"50,001–80,000"
V1810,Sedan,8,177264,102,2329,39,11.2,12.84,32,95,Critical,Medium,2,No,"50,001–80,000"
V1811,SUV,15,135948,95,2713,27,6.2,11.05,31,56,Good,Low,12,No,"50,001–80,000"
V1812,Hatchback,11,163691,106,1811,20,13.7,11.66,30,86,Moderate,Low,11,No,"25,001–50,000"
V1813,Truck,4,70234,106,1838,36,6.4,12.41,39,63,Worn,High,6,Yes,"50,001–80,000"
V1814,Sedan,5,15844,101,2379,26,5.5,12.83,33,60,Critical,High,8,No,"10,001–25,000"
V1815,SUV,5,158919,91,2610,44,6.6,12.6,42,106,Critical,High,10,No,"25,001–50,000"
V1816,Sedan,15,52133,101,2277,37,7.4,12.73,37,61,Good,High,8,No,"25,001–50,000"
V1817,Truck,12,137235,86,1520,50,13.6,11.63,40,53,Worn,High,7,Yes,"50,001–80,000"
V1818,Hatchback,11,117709,108,2921,38,5.4,12.61,36,54,Moderate,Low,8,No,"50,001–80,000"
V1819,Sedan,14,192762,100,1608,41,6.6,12.43,36,48,Critical,High,4,Yes,"25,001–50,000"
V1820,Sedan,7,116471,86,2798,45,14.9,11.19,39,48,Critical,Medium,4,No,"80,001+"
V1821,SUV,2,26304,90,2611,25,14.4,11.74,35,110,Critical,High,1,No,"25,001–50,000"
V1822,SUV,3,22058,109,2438,29,9.4,12.19,39,76,Worn,Medium,5,Yes,"50,001–80,000"
V1823,Hatchback,15,75949,107,1803,41,14.1,11.4,44,38,Worn,Low,12,Yes,"50,001–80,000"
V1824,Sedan,5,157229,90,2905,29,10.0,11.21,42,93,Worn,High,1,Yes,"50,001–80,000"
V1825,Truck,6,43810,105,1705,22,17.2,11.6,30,83,Critical,Medium,2,No,"25,001–50,000"
V1826,SUV,12,175441,87,2227,30,15.1,11.55,40,87,Worn,High,6,Yes,"50,001–80,000"
V1827,Hatchback,15,108070,90,1687,25,5.9,12.21,45,56,Critical,High,8,No,"10,001–25,000"
V1828,Truck,12,64529,90,1897,30,19.4,11.88,34,44,Moderate,Medium,12,Yes,"80,001+"
V1829,Hatchback,3,7923,88,2505,39,17.8,12.24,30,66,Critical,Medium,1,Yes,"80,001+"
V1830,Hatchback,13,193481,104,2100,50,16.5,12.96,45,84,Good,High,8,No,"25,001–50,000"
V1831,Truck,4,134426,100,2947,23,5.1,11.75,37,67,Critical,High,2,Yes,"25,001–50,000"
V1832,Hatchback,3,70466,101,2012,48,17.3,12.65,37,99,Good,High,9,Yes,"25,001–50,000"
V1833,Hatchback,11,51999,85,1681,31,17.0,12.68,34,61,Moderate,Medium,2,No,"80,001+"
V1834,SUV,3,91376,96,2231,39,20.0,11.9,32,42,Critical,Low,8,Yes,"80,001+"
V1835,SUV,8,44411,91,1722,45,18.0,12.62,45,88,Critical,Medium,10,Yes,"50,001–80,000"
V1836,Hatchback,14,185956,98,2968,46,5.9,12.13,33,54,Moderate,Low,6,No,"80,001+"
V1837,Truck,13,42742,100,2904,40,13.3,11.02,30,55,Good,High,2,No,"50,001–80,000"
V1838,Hatchback,13,81616,97,2678,48,16.4,12.08,37,103,Worn,Low,5,Yes,"80,001+"
V1839,Truck,15,160201,87,2896,38,18.1,12.72,30,65,Moderate,High,4,No,"50,001–80,000"
V1840,Hatchback,13,60125,107,2317,42,10.1,12.9,35,83,Critical,Medium,8,Yes,"25,001–50,000"
V1841,Hatchback,5,80940,85,1708,48,10.5,11.39,31,77,Critical,Medium,12,No,"50,001–80,000"
V1842,Sedan,5,106458,95,2674,49,6.9,12.89,39,95,Critical,High,6,No,"50,001–80,000"
V1843,Sedan,4,50668,98,1730,38,13.9,12.57,40,34,Critical,High,3,No,"50,001–80,000"
V1844,Hatchback,6,160088,107,2887,21,19.6,11.19,33,69,Worn,Low,5,Yes,"50,001–80,000"
V1845,Hatchback,8,174737,105,1944,43,9.9,11.11,43,90,Critical,Low,3,Yes,"50,001–80,000"
V1846,Sedan,7,125657,100,2724,46,14.4,12.74,42,91,Critical,Medium,4,Yes,"80,001+"
V1847,Truck,5,176896,99,2943,40,17.1,11.0,31,73,Good,High,6,Yes,"80,001+"
V1848,Sedan,6,28846,90,2838,35,16.8,11.79,45,78,Good,Low,11,Yes,"80,001+"
V1849,Truck,4,176686,93,2959,37,13.6,12.09,39,80,Worn,High,8,No,"80,001+"
V1850,Sedan,12,34246,94,2146,24,16.3,12.97,40,90,Moderate,Low,6,Yes,"50,001–80,000"
V1851,Sedan,14,19671,90,2241,20,5.4,12.13,33,69,Moderate,Medium,3,No,"50,001–80,000"
V1852,Truck,5,156672,85,2412,49,16.2,12.68,45,51,Moderate,High,6,No,"80,001+"
V1853,Sedan,5,112359,91,1524,33,9.2,11.89,43,57,Good,Medium,7,Yes,"80,001+"
V1854,Truck,10,7761,89,2037,27,17.7,12.64,38,95,Critical,Low,4,Yes,"50,001–80,000"
V1855,Sedan,14,156874,102,2790,43,10.0,11.04,35,42,Critical,High,9,Yes,"10,001–25,000"
V1856,Truck,2,42635,108,1781,23,19.4,12.65,43,103,Critical,Low,11,No,"10,001–25,000"
V1857,Hatchback,10,63460,94,1809,45,19.4,11.88,30,61,Worn,Medium,10,Yes,"80,001+"
V1858,Hatchback,11,105783,89,2272,35,16.6,12.38,34,58,Critical,High,6,Yes,"25,001–50,000"
V1859,Hatchback,14,59969,90,2723,40,9.9,12.53,31,66,Critical,High,2,Yes,"25,001–50,000"
V1860,Truck,6,59730,102,2947,46,12.0,12.89,44,85,Moderate,Medium,2,No,"80,001+"
V1861,Hatchback,13,189490,100,2438,36,18.2,12.82,30,55,Critical,Low,9,Yes,"50,001–80,000"
V1862,SUV,15,182744,106,1562,23,5.2,11.47,43,82,Good,Low,8,No,"25,001–50,000"
V1863,Truck,13,167026,88,1765,32,9.1,12.91,40,102,Critical,High,1,Yes,"25,001–50,000"
V1864,Truck,10,114182,85,2072,26,8.7,12.8,37,96,Good,High,2,No,"50,001–80,000"
V1865,Sedan,9,162694,97,1635,44,19.2,11.11,39,103,Critical,High,4,No,"50,001–80,000"
V1866,Truck,4,137472,87,2135,36,17.3,11.29,32,73,Moderate,High,9,Yes,"50,001–80,000"
V1867,Truck,7,13329,88,1887,41,7.5,11.24,42,55,Worn,Medium,9,Yes,"80,001+"
V1868,Truck,13,17521,94,1930,20,16.5,12.48,40,52,Worn,High,2,No,"25,001–50,000"
V1869,Truck,14,167743,87,2369,21,7.8,11.91,30,37,Moderate,Medium,5,Yes,"50,001–80,000"
V1870,Sedan,1,97270,100,1819,35,10.5,11.77,37,93,Critical,Low,4,No,"80,001+"
V1871,Hatchback,15,155911,87,2250,32,18.1,11.03,34,48,Critical,High,1,No,"25,001–50,000"
V1872,Truck,10,75767,108,2504,22,6.4,12.01,30,109,Worn,Medium,9,Yes,"25,001–50,000"
V1873,Truck,14,42629,101,2549,25,19.7,11.96,43,47,Critical,High,7,Yes,"0–10,000"
V1874,Truck,10,59118,110,2856,37,11.5,11.81,44,46,Good,Low,4,Yes,"80,001+"
V1875,Hatchback,4,105360,88,2753,48,9.4,12.29,36,64,Moderate,Medium,12,Yes,"80,001+"
V1876,Hatchback,12,100345,91,2052,26,19.9,12.4,37,56,Moderate,Low,12,No,"50,001–80,000"
V1877,Hatchback,15,181052,92,2798,33,10.2,11.2,44,48,Worn,Medium,2,Yes,"80,001+"
V1878,Hatchback,6,90598,89,2248,48,6.4,11.69,44,106,Good,Medium,5,No,"80,001+"
V1879,Sedan,11,28047,103,1632,34,19.5,12.19,30,88,Moderate,Medium,6,Yes,"50,001–80,000"
V1880,Hatchback,8,152669,99,2094,48,14.9,11.4,39,72,Moderate,Medium,9,Yes,"80,001+"
V1881,Hatchback,3,105660,97,2553,44,5.7,11.01,40,31,Moderate,Low,1,Yes,"80,001+"
V1882,Hatchback,9,173933,94,1993,47,12.6,12.19,35,36,Critical,Medium,1,Yes,"80,001+"
V1883,Truck,11,96443,88,2903,24,13.1,12.42,35,45,Worn,High,2,No,"25,001–50,000"
V1884,Sedan,7,60846,109,1906,48,19.1,11.26,35,61,Worn,High,2,Yes,"50,001–80,000"
V1885,Sedan,1,31188,94,1782,31,19.0,11.09,31,54,Worn,Low,12,No,"80,001+"
V1886,SUV,6,189472,91,1562,44,17.0,12.38,32,108,Critical,Low,6,Yes,"80,001+"
V1887,SUV,2,144544,91,2050,31,6.5,11.57,37,47,Worn,High,11,No,"50,001–80,000"
V1888,Sedan,13,21878,103,2660,21,11.6,11.86,32,76,Critical,Low,9,No,"10,001–25,000"
V1889,SUV,15,198559,88,1519,29,6.8,12.8,35,47,Good,High,9,Yes,"25,001–50,000"
V1890,Sedan,5,140739,96,2081,40,10.3,12.01,34,83,Worn,High,3,No,"80,001+"
V1891,Truck,9,139156,100,1586,49,14.2,11.63,33,107,Critical,High,10,No,"25,001–50,000"
V1892,SUV,9,82579,107,1851,39,12.8,12.99,42,82,Good,Low,7,No,"80,001+"
V1893,Truck,4,67998,96,2405,37,16.8,12.26,35,51,Worn,High,5,No,"80,001+"
V1894,Hatchback,1,12608,93,2758,24,9.8,11.89,42,60,Worn,High,7,Yes,"50,001–80,000"
V1895,Truck,8,35198,97,2686,28,17.1,12.45,45,59,Critical,Low,7,Yes,"50,001–80,000"
V1896,Sedan,14,155129,86,2379,27,19.8,11.73,31,61,Critical,Low,4,No,"25,001–50,000"
V1897,Hatchback,14,147862,104,2345,31,13.9,11.01,41,88,Moderate,Low,12,Yes,"50,001–80,000"
V1898,Sedan,13,85864,101,1976,47,10.4,11.78,41,71,Worn,High,10,Yes,"25,001–50,000"
V1899,SUV,8,53023,96,2436,49,9.9,12.7,34,73,Good,High,4,No,"80,001+"
V1900,SUV,5,44498,94,1554,26,19.5,11.76,40,67,Worn,High,5,Yes,"50,001–80,000"
V1901,Truck,5,194845,105,1602,29,13.3,12.17,41,32,Critical,Low,10,Yes,"10,001–25,000"
V1902,SUV,14,66799,87,2812,37,8.4,12.63,43,79,Critical,Medium,8,No,"50,001–80,000"
V1903,SUV,5,161376,93,2813,20,18.3,11.1,42,93,Moderate,Low,12,Yes,"50,001–80,000"
V1904,Sedan,10,18355,94,2148,35,15.4,12.54,36,90,Worn,Low,7,No,"80,001+"
V1905,SUV,1,75106,108,2519,31,14.5,11.04,39,36,Good,Low,7,No,"80,001+"
V1906,SUV,1,70082,106,2050,21,19.5,12.24,43,79,Worn,Low,5,Yes,"50,001–80,000"
V1907,Truck,2,7079,97,1518,50,14.3,11.21,39,90,Worn,Low,2,Yes,"80,001+"
V1908,Sedan,8,187543,88,1754,46,12.8,11.09,40,61,Good,High,6,Yes,"80,001+"
V1909,SUV,1,155500,108,2422,26,18.6,12.57,37,40,Critical,High,2,No,"10,001–25,000"
V1910,Truck,7,78438,106,1800,36,18.1,11.5,42,84,Good,Medium,9,Yes,"50,001–80,000"
V1911,SUV,3,63610,93,1680,39,7.1,11.3,39,38,Worn,Low,9,Yes,"80,001+"
V1912,Sedan,3,18590,94,1883,26,6.2,11.72,31,108,Moderate,High,8,No,"50,001–80,000"
V1913,Sedan,8,175314,95,1654,29,6.5,12.14,31,50,Worn,Medium,4,Yes,"80,001+"
V1914,Truck,11,143226,96,2866,36,9.9,11.81,36,44,Critical,Low,1,Yes,"50,001–80,000"
V1915,Hatchback,13,176488,91,1642,48,10.6,11.27,34,78,Worn,Low,7,Yes,"80,001+"
V1916,Hatchback,8,116992,103,2648,25,5.1,11.67,40,39,Good,Low,12,Yes,"25,001–50,000"
V1917,Sedan,3,195180,98,2609,35,9.2,12.61,42,104,Critical,Medium,8,Yes,"80,001+"
V1918,Truck,15,22142,100,1631,31,9.6,12.73,32,44,Critical,High,3,No,"25,001–50,000"
V1919,Truck,1,157591,93,2512,33,8.8,12.73,42,34,Worn,Low,4,No,"80,001+"
V1920,Hatchback,15,16321,106,1979,37,8.9,11.9,30,101,Worn,Low,12,Yes,"50,001–80,000"
V1921,Sedan,9,72951,105,1528,49,10.2,12.43,31,107,Critical,Low,6,No,"50,001–80,000"
V1922,Truck,5,87145,91,2598,31,19.8,12.71,35,59,Critical,Low,3,No,"80,001+"
V1923,Hatchback,10,44306,110,2183,20,7.8,12.96,32,54,Critical,Low,5,No,"25,001–50,000"
V1924,Sedan,5,150857,105,2809,36,17.0,12.6,42,30,Critical,Medium,12,No,"25,001–50,000"
V1925,SUV,10,102329,88,2142,35,11.7,12.37,33,94,Worn,Medium,9,No,"80,001+"
V1926,Hatchback,15,164440,97,2406,25,9.2,11.83,30,94,Good,Low,2,Yes,"50,001–80,000"
V1927,Sedan,10,48850,100,1548,36,16.6,12.04,43,42,Worn,Low,5,No,"80,001+"
V1928,SUV,15,121528,96,1839,21,10.9,11.6,43,63,Moderate,Medium,5,No,"50,001–80,000"
V1929,SUV,1,195273,92,1730,45,8.9,12.26,38,42,Moderate,Medium,12,No,"80,001+"
V1930,Hatchback,8,168115,105,2081,46,14.1,11.93,35,103,Good,Medium,12,Yes,"50,001–80,000"
V1931,Truck,8,25535,85,1549,25,13.3,11.26,35,87,Good,High,1,Yes,"50,001–80,000"
V1932,Hatchback,2,143616,85,2755,33,12.7,11.82,34,108,Critical,Medium,5,No,"80,001+"
V1933,Truck,15,151008,85,1894,26,14.9,12.57,38,44,Critical,High,6,No,"10,001–25,000"
V1934,Sedan,4,132914,110,2651,23,12.9,12.91,41,58,Worn,Low,5,Yes,"50,001–80,000"
V1935,Truck,3,179149,86,2104,30,8.2,11.03,39,65,Moderate,Low,3,Yes,"80,001+"
V1936,Hatchback,5,81048,86,2587,38,12.7,12.35,42,103,Worn,High,10,No,"50,001–80,000"
V1937,Hatchback,6,129852,88,2227,42,14.7,11.95,31,30,Good,High,11,Yes,"50,001–80,000"
V1938,Hatchback,7,156796,89,2974,38,5.8,11.28,35,68,Moderate,High,5,Yes,"80,001+"
V1939,Truck,12,99162,94,2834,41,9.8,11.65,38,39,Moderate,Low,12,Yes,"80,001+"
V1940,Truck,10,61865,110,2522,39,5.6,11.56,30,104,Moderate,Low,10,Yes,"50,001–80,000"
V1941,Sedan,8,48120,107,2065,48,16.5,12.24,31,31,Worn,High,8,No,"50,001–80,000"
V1942,Hatchback,6,194180,94,2398,38,9.8,12.73,31,106,Critical,Low,5,No,"80,001+"
V1943,Truck,4,197352,94,1599,31,13.7,12.87,43,97,Critical,Low,4,Yes,"80,001+"
V1944,Hatchback,10,95951,108,2899,36,6.5,11.37,38,69,Moderate,Low,2,No,"80,001+"
V1945,Hatchback,13,149927,97,1536,42,7.8,11.62,31,96,Worn,High,3,No,"50,001–80,000"
V1946,Sedan,2,185964,96,1536,21,17.8,12.9,39,35,Worn,Medium,10,Yes,"50,001–80,000"
V1947,Sedan,15,120400,102,1914,40,7.5,12.84,34,85,Good,High,7,No,"25,001–50,000"
V1948,Hatchback,12,103079,109,2224,42,12.8,12.8,32,76,Worn,Low,2,No,"50,001–80,000"
V1949,Sedan,1,176021,104,1826,27,7.4,11.64,41,78,Critical,High,9,No,"0–10,000"
V1950,Truck,7,28227,100,2050,34,12.0,12.56,44,58,Worn,Low,12,Yes,"80,001+"
V1951,Hatchback,13,32643,92,2877,44,12.1,12.82,40,87,Moderate,High,6,No,"50,001–80,000"
V1952,Hatchback,4,29161,92,2131,28,8.7,12.31,41,85,Critical,Low,12,Yes,"25,001–50,000"
V1953,Sedan,10,30334,93,1979,27,6.4,12.18,31,61,Worn,Low,8,No,"80,001+"
V1954,SUV,1,154457,85,2662,36,11.6,11.29,37,43,Worn,Low,12,No,"80,001+"
V1955,Sedan,7,16822,98,2781,31,6.2,12.2,32,74,Moderate,High,11,No,"50,001–80,000"
V1956,Hatchback,2,89253,96,2914,34,12.8,11.37,43,61,Worn,Medium,6,Yes,"80,001+"
V1957,Truck,2,36344,108,2534,43,13.6,12.27,35,102,Critical,Medium,8,Yes,"50,001–80,000"
V1958,Sedan,10,95294,106,2759,31,10.6,12.46,42,105,Moderate,High,11,Yes,"25,001–50,000"
V1959,SUV,6,105893,90,2402,30,19.5,12.99,37,35,Good,High,6,Yes,"80,001+"
V1960,Truck,11,105131,93,2043,46,11.3,12.14,32,49,Good,Low,11,Yes,"80,001+"
V1961,SUV,14,78980,109,1694,30,7.3,11.86,33,75,Moderate,Low,5,No,"50,001–80,000"
V1962,Sedan,5,82618,91,1747,37,6.6,11.36,44,97,Critical,High,11,Yes,"25,001–50,000"
V1963,Sedan,12,30025,93,2486,37,8.2,12.88,37,79,Worn,Medium,4,No,"80,001+"
V1964,SUV,6,133271,85,1902,38,12.4,12.56,37,34,Moderate,Medium,9,Yes,"80,001+"
V1965,Hatchback,10,92313,91,1690,33,11.7,12.27,37,83,Good,High,8,Yes,"80,001+"
V1966,Sedan,13,184094,97,2895,35,16.8,12.21,35,91,Moderate,Medium,11,Yes,"80,001+"
V1967,Hatchback,3,40531,108,2987,31,6.6,11.85,44,90,Critical,Medium,2,No,"50,001–80,000"
V1968,Truck,7,192236,98,2217,44,11.6,12.69,36,38,Good,Medium,8,No,"80,001+"
V1969,Sedan,10,61673,93,2573,32,16.1,12.36,32,80,Moderate,Medium,6,Yes,"80,001+"
V1970,Truck,14,41177,108,1960,48,6.8,12.6,45,46,Critical,Low,3,No,"25,001–50,000"
V1971,SUV,14,97684,110,2690,45,14.0,12.53,35,70,Critical,High,12,No,"10,001–25,000"
V1972,Hatchback,14,166127,86,2392,23,9.7,11.48,40,53,Critical,Low,6,No,"25,001–50,000"
V1973,Sedan,3,72016,104,2513,21,15.8,12.9,45,91,Worn,Medium,8,Yes,"50,001–80,000"
V1974,Sedan,2,90933,97,2637,33,13.6,12.07,36,51,Moderate,Medium,11,No,"80,001+"
V1975,Truck,7,168730,102,1725,20,18.2,11.3,45,90,Good,High,7,No,"25,001–50,000"
V1976,Hatchback,13,182216,110,2895,27,10.0,12.66,43,39,Good,High,3,Yes,"10,001–25,000"
V1977,Truck,13,64695,100,1572,35,12.6,12.91,36,89,Worn,Medium,2,No,"80,001+"
V1978,Sedan,5,169287,88,1922,31,11.9,11.71,39,72,Good,High,10,Yes,"50,001–80,000"
V1979,SUV,3,55560,106,2125,46,19.9,12.87,34,57,Critical,Medium,9,No,"25,001–50,000"
V1980,Truck,2,184793,88,1822,50,18.9,12.78,36,70,Worn,Low,9,Yes,"80,001+"
V1981,Truck,9,88962,110,1920,28,14.4,11.69,33,36,Critical,Medium,2,No,"25,001–50,000"
V1982,Sedan,2,170747,89,1686,21,13.1,11.01,42,85,Critical,High,10,No,"10,001–25,000"
V1983,Sedan,13,11171,106,1802,41,10.4,11.03,38,34,Moderate,Low,11,Yes,"50,001–80,000"
V1984,SUV,10,26064,105,2046,37,15.1,11.81,30,39,Worn,High,11,No,"25,001–50,000"
V1985,Truck,5,101007,109,1911,34,18.5,11.77,35,93,Critical,High,10,Yes,"10,001–25,000"
V1986,SUV,1,106960,96,2051,35,8.0,11.28,39,59,Critical,Medium,8,No,"80,001+"
V1987,Sedan,15,146844,85,2009,43,17.0,12.21,36,100,Good,High,4,Yes,"50,001–80,000"
V1988,SUV,14,154797,110,1772,48,19.5,12.0,42,99,Critical,Low,5,No,"25,001–50,000"
V1989,Hatchback,3,153515,106,2333,44,5.2,11.63,30,96,Critical,High,11,Yes,"10,001–25,000"
V1990,Hatchback,6,84532,93,2826,35,7.6,11.02,32,81,Moderate,Low,10,No,"80,001+"
V1991,SUV,5,130193,94,2981,48,15.8,12.9,43,63,Worn,Low,12,Yes,"80,001+"
V1992,Hatchback,15,84890,88,2963,27,6.6,11.84,30,46,Good,Low,8,Yes,"50,001–80,000"
V1993,Hatchback,7,79465,107,2575,28,16.3,12.34,41,39,Good,Low,2,Yes,"50,001–80,000"
V1994,Truck,4,138841,89,1894,30,17.0,11.2,38,51,Critical,High,6,Yes,"50,001–80,000"
V1995,SUV,1,35078,99,2951,48,9.2,12.8,32,79,Moderate,Low,7,No,"80,001+"
V1996,Hatchback,15,139653,91,1505,47,19.2,12.0,33,75,Good,High,10,No,"50,001–80,000"
V1997,Sedan,12,44474,85,1765,36,9.3,12.83,35,88,Good,Low,3,Yes,"80,001+"
V1998,Hatchback,8,130899,90,2825,20,9.8,11.3,32,39,Worn,Medium,7,No,"80,001+"
V1999,Truck,9,100396,86,2046,27,18.1,12.14,31,97,Critical,High,12,No,"10,001–25,000"
V2000,Sedan,9,131423,105,1640,24,6.2,12.95,40,95,Worn,Low,7,No,"50,001–80,000"
V2001,Sedan,6,192897,106,1780,38,8.0,11.06,41,79,Critical,High,3,Yes,"25,001–50,000"
V2002,Sedan,6,168914,97,2448,32,13.3,11.94,44,31,Good,High,11,No,"50,001–80,000"
V2003,SUV,3,188373,103,2777,31,11.1,12.3,37,30,Worn,High,5,No,"50,001–80,000"
V2004,Sedan,5,172714,88,2689,23,16.4,11.46,33,56,Critical,Low,3,No,"50,001–80,000"
V2005,SUV,7,46973,94,1955,50,6.2,12.96,33,105,Worn,High,8,No,"80,001+"
V2006,SUV,14,46390,87,2530,27,7.7,11.08,36,48,Moderate,High,2,Yes,"25,001–50,000"
V2007,SUV,10,146125,99,2980,40,7.3,11.99,40,89,Critical,Medium,2,No,"80,001+"
V2008,Hatchback,8,120914,89,2296,21,11.7,11.93,31,80,Good,Low,1,No,"80,001+"
V2009,Hatchback,3,153585,108,1627,43,9.0,11.91,31,62,Good,Low,11,Yes,"50,001–80,000"
V2010,Hatchback,7,43466,106,1623,22,16.1,12.65,30,75,Moderate,High,1,No,"25,001–50,000"
V2011,Hatchback,8,132266,95,2046,28,15.5,12.89,36,39,Good,High,2,No,"50,001–80,000"
V2012,Hatchback,10,75188,103,2109,45,15.1,13.0,32,79,Moderate,Low,10,Yes,"50,001–80,000"
V2013,Truck,5,107304,109,1874,41,9.8,11.5,34,65,Good,Medium,4,No,"80,001+"
V2014,Hatchback,7,17480,91,1653,33,14.3,12.93,37,65,Critical,Low,8,No,"80,001+"
V2015,Hatchback,4,61629,90,1515,26,15.3,12.3,34,94,Moderate,High,4,No,"50,001–80,000"
V2016,Truck,9,63573,91,2766,45,18.7,11.46,35,80,Worn,Medium,11,No,"80,001+"
V2017,SUV,12,123329,93,2057,40,15.2,11.62,31,79,Moderate,High,12,Yes,"50,001–80,000"
V2018,Sedan,8,162316,106,2557,20,17.9,11.69,34,54,Critical,High,12,Yes,"0–10,000"
V2019,Truck,14,123637,89,2150,46,9.5,12.8,42,102,Critical,Medium,8,No,"50,001–80,000"
V2020,Hatchback,8,29874,96,2562,27,10.7,12.32,34,38,Critical,Low,1,No,"50,001–80,000"
V2021,SUV,10,154600,85,2731,39,14.7,11.59,39,47,Worn,Medium,3,No,"80,001+"
V2022,Sedan,13,143682,88,1637,33,10.1,11.28,39,98,Critical,High,10,Yes,"25,001–50,000"
V2023,SUV,10,59798,88,2103,29,12.6,12.59,44,94,Good,Low,8,Yes,"80,001+"
V2024,SUV,12,196599,108,1724,25,14.1,12.62,43,53,Good,Medium,7,Yes,"25,001–50,000"
V2025,Truck,8,30906,97,2391,35,13.4,11.59,32,48,Good,Medium,12,Yes,"80,001+"
V2026,Sedan,2,18195,99,2831,46,8.5,12.36,32,107,Good,Medium,9,No,"80,001+"
V2027,SUV,6,13011,103,1950,40,6.2,12.9,44,49,Worn,High,3,No,"50,001–80,000"
V2028,SUV,9,139943,110,2782,23,9.6,11.62,44,80,Moderate,Medium,6,Yes,"50,001–80,000"
V2029,Hatchback,1,84666,107,2948,21,9.6,11.71,42,68,Good,Medium,7,No,"50,001–80,000"
V2030,Truck,13,174386,106,1586,48,12.1,12.08,33,88,Critical,Medium,12,No,"25,001–50,000"
V2031,SUV,10,131983,91,2217,26,11.4,11.85,43,34,Worn,Low,11,No,"50,001–80,000"
V2032,Hatchback,9,132950,91,2968,32,9.6,12.53,44,36,Critical,High,5,No,"50,001–80,000"
V2033,SUV,5,189003,103,2178,39,16.9,12.22,33,47,Good,Medium,3,No,"80,001+"
V2034,Truck,11,127457,89,1560,32,11.2,11.21,39,84,Worn,High,9,Yes,"50,001–80,000"
V2035,Sedan,4,113612,94,2023,40,14.5,12.56,33,92,Good,Medium,9,No,"80,001+"
V2036,SUV,2,64104,106,2886,27,11.6,11.62,36,77,Worn,Low,8,No,"50,001–80,000"
V2037,Sedan,14,191019,94,2312,49,10.5,12.62,30,66,Critical,Medium,11,Yes,"50,001–80,000"
V2038,Hatchback,8,6899,88,2071,38,12.6,11.31,33,76,Worn,Medium,3,Yes,"80,001+"
V2039,Truck,1,111155,101,2665,48,7.4,12.61,36,63,Good,Low,12,No,"50,001–80,000"
V2040,Sedan,9,190954,86,2125,32,16.8,11.15,45,108,Good,Medium,9,No,"80,001+"
V2041,SUV,4,36747,87,2157,38,10.2,11.81,37,102,Moderate,Medium,1,Yes,"80,001+"
V2042,Truck,10,174991,108,2827,23,10.2,12.09,38,51,Critical,High,7,Yes,"10,001–25,000"
V2043,SUV,9,52490,91,2626,26,6.9,12.66,34,56,Moderate,Low,6,Yes,"80,001+"
V2044,Sedan,13,120259,85,1838,32,15.9,12.21,38,58,Moderate,Low,7,No,"80,001+"
V2045,Truck,10,125061,109,2419,38,15.9,12.13,38,95,Moderate,Low,11,Yes,"50,001–80,000"
V2046,Truck,10,106931,108,2403,41,17.7,12.11,43,76,Critical,High,6,No,"25,001–50,000"
V2047,Hatchback,2,158443,104,2805,25,7.8,12.27,44,97,Worn,Low,5,Yes,"50,001–80,000"
V2048,Hatchback,5,14249,108,2684,29,7.3,11.5,44,83,Critical,High,2,No,"10,001–25,000"
V2049,Hatchback,5,10174,104,1964,45,18.1,11.53,30,52,Moderate,High,3,No,"50,001–80,000"
V2050,Hatchback,13,140201,108,2238,50,12.2,11.67,41,83,Moderate,Low,5,No,"50,001–80,000"
V2051,SUV,10,181009,104,2600,23,8.3,11.28,37,94,Good,High,4,Yes,"25,001–50,000"
V2052,Hatchback,9,33246,88,1950,27,19.2,12.29,44,64,Critical,Medium,12,No,"25,001–50,000"
V2053,Hatchback,12,72146,88,2038,28,12.2,12.67,34,70,Moderate,High,11,No,"25,001–50,000"
V2054,SUV,6,10584,100,2337,32,15.4,11.61,41,57,Worn,Low,8,Yes,"80,001+"
V2055,Sedan,7,34589,91,2109,48,15.9,11.13,31,34,Worn,High,3,Yes,"80,001+"
V2056,Hatchback,12,140605,108,2790,22,15.2,11.83,35,97,Critical,Medium,4,Yes,"10,001–25,000"
V2057,Truck,11,70450,85,1633,33,7.7,12.59,43,48,Moderate,Medium,5,No,"80,001+"
V2058,Sedan,8,190242,99,2300,38,15.8,12.49,41,54,Critical,Medium,2,Yes,"80,001+"
V2059,Sedan,4,159633,85,2662,43,17.2,11.24,44,71,Good,Low,1,No,"80,001+"
V2060,SUV,10,145212,110,1613,37,18.6,11.52,39,83,Good,Low,6,No,"80,001+"
V2061,Truck,11,181302,107,2726,37,7.9,12.97,31,96,Moderate,Medium,7,No,"50,001–80,000"
V2062,SUV,15,16014,102,2848,29,7.0,11.28,34,40,Good,Low,11,No,"25,001–50,000"
V2063,Hatchback,7,32551,109,2150,42,14.6,12.07,42,106,Good,Low,3,No,"80,001+"
V2064,Truck,5,79230,90,1872,20,14.9,12.52,45,101,Worn,Medium,9,Yes,"50,001–80,000"
V2065,Hatchback,8,49227,109,1885,43,18.6,11.34,32,68,Critical,Medium,11,No,"25,001–50,000"
V2066,Truck,12,84750,85,2117,44,14.6,12.71,32,34,Moderate,Medium,2,Yes,"80,001+"
V2067,Sedan,11,102042,94,2291,22,5.9,12.06,39,46,Moderate,High,8,No,"25,001–50,000"
V2068,SUV,6,106555,101,2058,30,17.1,11.68,35,46,Worn,Low,6,No,"80,001+"
V2069,Sedan,13,36627,96,1938,41,16.5,11.81,30,63,Worn,Medium,5,No,"80,001+"
V2070,SUV,4,120503,105,2617,20,15.0,12.29,44,86,Critical,High,7,Yes,"10,001–25,000"
V2071,Hatchback,14,112769,109,2234,42,17.2,11.83,34,110,Good,High,3,Yes,"25,001–50,000"
V2072,SUV,12,148896,94,2456,34,18.8,12.68,36,63,Good,Medium,1,Yes,"80,001+"
V2073,Sedan,3,101704,102,2494,35,16.8,12.21,33,103,Critical,Medium,9,No,"25,001–50,000"
V2074,Sedan,15,7645,95,1712,42,16.2,12.16,42,103,Good,Low,1,Yes,"80,001+"
V2075,SUV,13,56665,91,1573,27,15.4,12.85,33,47,Critical,Low,5,No,"25,001–50,000"
V2076,Hatchback,8,155403,106,2780,35,16.1,11.08,40,96,Good,High,8,No,"50,001–80,000"
V2077,SUV,7,163544,104,2133,45,13.9,11.22,44,33,Critical,Low,11,Yes,"25,001–50,000"
V2078,Sedan,4,135637,97,2238,30,12.8,12.25,45,87,Good,Medium,3,No,"80,001+"
V2079,SUV,9,168308,95,2468,25,7.2,12.95,30,73,Moderate,Low,1,No,"80,001+"
V2080,Sedan,13,63030,96,2112,44,19.7,12.91,32,58,Good,High,11,Yes,"50,001–80,000"
V2081,Truck,11,134969,107,2802,25,11.3,12.07,35,107,Moderate,Low,6,Yes,"25,001–50,000"
V2082,SUV,9,97611,86,1688,23,17.0,12.13,38,52,Worn,Medium,5,No,"80,001+"
V2083,SUV,11,81187,94,2464,25,16.2,12.31,34,91,Good,High,10,No,"25,001–50,000"
V2084,SUV,12,5001,107,2626,40,10.0,11.65,38,44,Good,Medium,9,No,"50,001–80,000"
V2085,SUV,14,46038,96,1749,38,5.7,11.89,43,91,Critical,Medium,4,No,"50,001–80,000"
V2086,Hatchback,3,100295,100,2834,41,16.1,11.26,32,90,Critical,Medium,9,Yes,"50,001–80,000"
V2087,Truck,3,70237,86,2609,23,5.2,11.19,31,102,Worn,Low,11,Yes,"50,001–80,000"
V2088,Truck,5,197330,91,1913,28,17.3,12.85,36,59,Worn,Low,6,No,"80,001+"
V2089,Sedan,12,32517,88,2910,44,14.7,12.62,44,109,Worn,Low,5,Yes,"80,001+"
V2090,Truck,4,34628,89,1867,39,5.8,11.07,37,30,Good,Medium,1,Yes,"80,001+"
V2091,Sedan,4,15501,92,2850,44,5.7,11.51,39,51,Moderate,Low,8,Yes,"80,001+"
V2092,Truck,3,54333,106,2491,34,12.7,11.06,33,85,Good,Medium,5,No,"80,001+"
V2093,Truck,7,73001,106,2880,36,13.9,12.54,39,43,Good,Medium,2,No,"80,001+"
V2094,Sedan,14,140923,99,2670,25,18.9,12.77,42,43,Good,Low,9,No,"50,001–80,000"
V2095,Truck,5,116709,91,2114,31,6.8,11.09,44,66,Critical,High,7,Yes,"50,001–80,000"
V2096,Hatchback,4,63790,95,2200,23,9.6,11.95,45,82,Critical,Medium,6,No,"50,001–80,000"
V2097,Hatchback,12,163903,94,2586,20,9.2,11.5,35,90,Critical,Medium,6,Yes,"25,001–50,000"
V2098,SUV,2,97638,95,1922,37,17.5,12.42,44,36,Good,High,7,No,"80,001+"
V2099,SUV,6,166333,97,2877,20,5.7,12.45,42,55,Worn,Low,10,No,"50,001–80,000"
V2100,Sedan,11,133952,85,1509,43,14.2,11.06,32,30,Worn,High,5,No,"50,001–80,000"
V2101,Truck,3,12449,88,1532,30,6.3,11.84,34,108,Moderate,High,5,No,"80,001+"
V2102,Truck,15,159228,90,1581,32,11.4,12.76,40,107,Moderate,High,8,No,"50,001–80,000"
V2103,Hatchback,2,39001,102,1801,22,11.9,11.27,41,72,Worn,Medium,7,No,"50,001–80,000"
V2104,Sedan,15,195629,99,2837,30,16.9,11.01,34,39,Critical,Low,10,No,"50,001–80,000"
V2105,SUV,9,64248,94,2506,41,10.6,12.09,42,30,Moderate,High,11,No,"50,001–80,000"
V2106,Hatchback,6,71844,98,2722,24,11.5,11.38,34,30,Moderate,High,4,Yes,"50,001–80,000"
V2107,Hatchback,11,43227,101,1609,20,6.1,11.9,37,42,Worn,High,10,No,"10,001–25,000"
V2108,SUV,5,40682,109,2257,49,8.2,12.45,30,96,Critical,Low,1,Yes,"50,001–80,000"
V2109,SUV,10,134935,94,2597,24,10.1,12.02,31,38,Good,Low,3,Yes,"80,001+"
V2110,Sedan,5,196134,109,1780,38,19.8,11.07,33,94,Critical,Low,6,Yes,"50,001–80,000"
V2111,Truck,11,167919,85,2379,38,8.8,11.38,36,71,Moderate,Medium,8,No,"80,001+"
V2112,Hatchback,14,39128,98,2074,42,7.2,11.92,44,71,Worn,Low,11,Yes,"80,001+"
V2113,Hatchback,15,100075,87,2604,50,12.1,12.96,34,38,Worn,Medium,9,Yes,"80,001+"
V2114,SUV,12,26973,85,2163,23,19.6,12.84,37,48,Critical,High,11,Yes,"10,001–25,000"
V2115,Hatchback,15,37794,107,2633,35,16.4,11.67,37,78,Moderate,Low,7,No,"50,001–80,000"
V2116,Sedan,12,80975,98,2424,35,8.1,11.25,38,62,Good,Medium,1,No,"80,001+"
V2117,Hatchback,3,177361,110,2633,37,15.4,11.73,39,73,Good,Medium,5,Yes,"80,001+"
V2118,Hatchback,11,154321,100,1762,50,5.4,12.46,33,49,Worn,Medium,5,Yes,"80,001+"
V2119,Hatchback,12,164469,96,2101,38,18.0,11.16,40,60,Worn,Medium,10,Yes,"80,001+"
V2120,Truck,13,198652,96,2810,28,5.2,11.67,36,90,Worn,Medium,10,Yes,"50,001–80,000"
V2121,SUV,4,76276,93,1792,34,5.1,11.15,31,86,Critical,Medium,8,Yes,"80,001+"
V2122,Sedan,10,42601,88,1756,21,8.3,12.79,34,68,Critical,Low,1,Yes,"50,001–80,000"
V2123,Truck,9,70022,99,1717,25,13.7,11.03,34,96,Moderate,High,2,Yes,"50,001–80,000"
V2124,Sedan,4,194138,91,2007,49,8.1,11.49,36,42,Moderate,Low,2,No,"80,001+"
V2125,Truck,15,50116,109,2686,49,9.5,12.83,41,74,Moderate,High,1,No,"25,001–50,000"
V2126,Truck,8,23405,104,2452,39,12.0,12.38,30,99,Critical,High,4,No,"25,001–50,000"
V2127,Truck,13,9476,96,1795,28,13.2,12.44,42,78,Worn,High,4,Yes,"25,001–50,000"
V2128,SUV,6,176322,100,1718,41,18.0,12.44,39,75,Critical,Low,3,No,"80,001+"
V2129,SUV,15,154751,100,2425,35,6.0,11.14,32,97,Good,Low,5,Yes,"80,001+"
V2130,Truck,2,121600,109,2487,32,16.4,11.27,41,55,Worn,High,2,No,"50,001–80,000"
V2131,SUV,12,166537,94,2311,30,15.5,11.08,42,69,Moderate,High,6,No,"50,001–80,000"
V2132,Hatchback,4,64739,95,2379,32,7.3,12.24,34,42,Good,High,12,Yes,"50,001–80,000"
V2133,Sedan,4,49126,86,2675,37,18.4,12.59,31,47,Worn,Low,12,No,"80,001+"
V2134,Hatchback,15,187446,110,2617,26,7.2,11.83,37,51,Critical,Low,6,No,"10,001–25,000"
V2135,SUV,8,72535,108,2999,35,10.5,12.45,40,63,Good,Medium,6,Yes,"80,001+"
V2136,Hatchback,10,170125,105,1806,46,12.4,12.12,35,107,Good,Medium,11,Yes,"50,001–80,000"
V2137,Truck,1,104937,101,2192,47,15.2,11.1,39,30,Critical,High,9,Yes,"10,001–25,000"
V2138,Truck,14,117371,87,1789,47,18.1,12.13,38,40,Good,Medium,3,No,"80,001+"
V2139,Sedan,3,58382,92,2121,21,11.9,12.25,34,55,Critical,High,11,Yes,"10,001–25,000"
V2140,Sedan,10,26225,96,2706,28,7.2,12.78,34,33,Good,High,4,Yes,"50,001–80,000"
V2141,Sedan,6,35133,100,1986,32,8.5,12.38,38,84,Good,Medium,3,No,"80,001+"
V2142,Hatchback,10,129709,106,2207,43,5.9,12.37,37,33,Worn,Low,8,No,"80,001+"
V2143,Hatchback,1,115779,103,2097,42,16.2,11.32,30,98,Worn,Low,12,No,"50,001–80,000"
V2144,SUV,3,111592,99,2231,28,9.7,12.92,41,82,Worn,High,3,No,"50,001–80,000"
V2145,Sedan,5,136052,92,1976,44,8.8,11.73,44,72,Moderate,Medium,4,No,"80,001+"
V2146,Hatchback,7,159580,105,2705,29,5.3,11.18,42,42,Good,High,4,No,"25,001–50,000"
V2147,Sedan,5,81038,98,2849,40,10.1,12.39,40,108,Critical,Medium,7,No,"80,001+"
V2148,Sedan,9,15446,108,2133,41,9.6,11.48,45,56,Worn,Low,10,Yes,"50,001–80,000"
V2149,Hatchback,14,110345,95,1956,39,12.2,12.21,31,40,Moderate,Low,7,No,"80,001+"
V2150,Truck,6,69142,95,2225,34,15.8,11.34,44,106,Good,Medium,10,Yes,"80,001+"
V2151,SUV,4,174558,100,2306,42,16.2,11.64,31,76,Worn,Low,9,Yes,"80,001+"
V2152,SUV,2,167574,92,2374,24,16.8,12.52,41,72,Moderate,Medium,8,Yes,"80,001+"
V2153,SUV,3,83941,108,2438,30,9.2,11.86,39,40,Critical,Low,6,No,"50,001–80,000"
V2154,Sedan,8,78477,90,1755,46,18.3,11.12,44,41,Worn,Medium,12,No,"80,001+"
V2155,Hatchback,6,25299,104,1637,37,12.8,11.52,44,80,Worn,High,10,Yes,"25,001–50,000"
V2156,SUV,2,81998,108,1571,35,5.5,12.54,39,47,Good,High,3,Yes,"50,001–80,000"
V2157,SUV,12,64761,106,2123,45,19.6,12.34,31,54,Moderate,High,2,Yes,"25,001–50,000"
V2158,Truck,8,198604,94,1726,39,10.8,12.06,31,91,Critical,Low,8,Yes,"80,001+"
V2159,SUV,3,6221,87,2423,37,6.5,12.71,42,86,Worn,Medium,9,Yes,"80,001+"
V2160,SUV,15,156897,89,2964,30,16.7,12.51,31,109,Critical,High,9,No,"25,001–50,000"
V2161,Truck,10,187984,90,2368,36,5.2,11.38,40,83,Good,Low,7,Yes,"80,001+"
V2162,Sedan,15,41533,102,2012,26,14.7,11.76,45,50,Critical,High,11,No,"0–10,000"
V2163,Sedan,7,103420,99,2283,47,5.3,12.13,34,30,Worn,High,10,No,"50,001–80,000"
V2164,SUV,9,45644,95,1578,20,7.1,12.38,40,66,Worn,Low,3,Yes,"80,001+"
V2165,Sedan,10,159208,93,2580,25,6.6,12.79,34,39,Good,Medium,4,No,"80,001+"
V2166,SUV,5,85682,105,1754,33,17.4,12.09,42,38,Good,High,8,Yes,"50,001–80,000"
V2167,Sedan,2,178932,90,1769,33,17.8,12.3,43,99,Worn,Low,8,Yes,"80,001+"
V2168,Truck,7,89118,88,1804,42,18.5,11.46,40,84,Good,Medium,5,Yes,"80,001+"
V2169,Truck,1,162505,90,2211,35,8.7,12.18,44,30,Worn,High,5,Yes,"80,001+"
V2170,Hatchback,10,109872,89,1669,21,10.2,12.11,40,106,Good,Low,12,No,"50,001–80,000"
V2171,SUV,14,158073,87,1844,37,7.0,12.42,35,53,Critical,High,7,Yes,"25,001–50,000"
V2172,SUV,3,128241,107,1566,27,17.6,11.5,37,81,Critical,Low,11,Yes,"10,001–25,000"
V2173,SUV,12,21453,100,2041,48,12.2,11.28,39,86,Moderate,Low,4,No,"80,001+"
V2174,SUV,3,61689,89,1871,40,5.6,11.29,33,89,Good,Low,9,No,"80,001+"
V2175,SUV,14,156883,105,2343,25,12.2,11.39,45,110,Good,Medium,6,Yes,"25,001–50,000"
V2176,Hatchback,1,85650,92,2017,24,11.7,11.98,34,98,Good,High,1,No,"50,001–80,000"
V2177,SUV,1,165626,86,1602,35,11.8,12.54,36,42,Worn,High,12,Yes,"50,001–80,000"
V2178,SUV,10,140459,86,1862,46,9.3,12.59,30,31,Worn,Medium,7,No,"80,001+"
V2179,SUV,11,111985,93,1640,22,9.4,12.76,35,80,Worn,Medium,9,No,"50,001–80,000"
V2180,Truck,1,36613,110,2611,48,5.3,11.52,34,60,Worn,High,9,Yes,"25,001–50,000"
V2181,SUV,12,118844,93,1940,40,13.1,12.43,44,73,Good,High,3,Yes,"50,001–80,000"
V2182,Truck,9,24296,90,1975,24,14.5,11.33,34,64,Worn,Low,6,Yes,"80,001+"
V2183,Hatchback,11,111703,91,2093,22,15.2,12.1,36,52,Critical,Medium,6,Yes,"25,001–50,000"
V2184,Hatchback,6,150398,93,1696,31,5.3,12.61,31,72,Worn,High,6,No,"80,001+"
V2185,Sedan,7,160550,90,1670,23,12.8,12.99,31,44,Moderate,Medium,2,No,"80,001+"
V2186,Hatchback,13,72507,99,2711,32,19.3,11.01,36,90,Critical,Low,11,No,"50,001–80,000"
V2187,Sedan,4,166619,101,2183,37,11.6,12.79,34,76,Moderate,Low,3,Yes,"80,001+"
V2188,Truck,4,72572,90,1799,36,11.3,11.22,30,66,Worn,High,1,No,"80,001+"
V2189,Truck,3,163592,100,1854,36,6.7,12.12,39,85,Critical,Medium,5,No,"80,001+"
V2190,SUV,9,97293,102,1983,26,5.3,11.95,41,40,Good,Medium,8,No,"50,001–80,000"
V2191,SUV,9,8676,85,1700,46,8.2,12.76,41,50,Worn,Low,5,No,"80,001+"
V2192,Sedan,9,117988,92,2742,32,15.6,11.6,30,64,Good,Low,5,Yes,"80,001+"
V2193,SUV,4,7212,109,2027,35,17.3,12.37,38,85,Worn,Medium,12,Yes,"50,001–80,000"
V2194,SUV,6,177185,100,1917,33,11.2,12.86,31,84,Critical,Medium,3,No,"80,001+"
V2195,SUV,9,135314,100,2481,21,8.0,12.93,45,71,Moderate,Medium,5,Yes,"80,001+"
V2196,Truck,3,27119,97,1688,49,12.6,11.63,37,65,Good,High,2,Yes,"80,001+"
V2197,Sedan,2,158982,102,2668,44,19.0,12.75,32,82,Moderate,Low,12,Yes,"50,001–80,000"
V2198,Sedan,10,47513,88,1606,31,11.2,12.89,43,33,Critical,Low,7,Yes,"80,001+"
V2199,Truck,14,41484,95,2707,37,7.8,11.97,32,77,Moderate,Medium,4,No,"80,001+"
V2200,Truck,10,170769,93,1631,49,5.0,12.67,33,78,Good,Medium,8,No,"80,001+"
V2201,SUV,10,175573,88,2692,38,7.6,11.8,45,47,Moderate,Low,2,No,"80,001+"
V2202,SUV,13,114436,110,1913,35,17.5,12.81,35,78,Critical,Medium,6,No,"25,001–50,000"
V2203,Hatchback,5,165659,97,2557,33,6.8,11.82,42,89,Moderate,High,3,No,"80,001+"
V2204,Sedan,9,58702,108,2822,22,16.7,11.47,43,99,Good,Medium,12,Yes,"25,001–50,000"
V2205,Hatchback,12,28224,106,1539,35,11.9,11.2,39,79,Worn,Medium,12,No,"50,001–80,000"
V2206,SUV,6,169395,105,2106,21,19.0,12.42,44,105,Worn,Medium,4,Yes,"50,001–80,000"
V2207,Hatchback,5,14525,97,1727,23,5.4,12.23,37,87,Moderate,Medium,3,No,"80,001+"
V2208,Truck,10,67233,110,2392,27,8.0,12.13,36,58,Critical,High,6,No,"10,001–25,000"
V2209,Sedan,1,123252,103,2924,46,8.3,11.31,40,57,Moderate,High,4,Yes,"50,001–80,000"
V2210,Truck,2,107175,101,2302,21,12.8,11.51,33,101,Worn,Medium,12,Yes,"25,001–50,000"
V2211,Sedan,9,109459,93,2092,28,8.0,12.76,40,33,Critical,Medium,10,Yes,"25,001–50,000"
V2212,Hatchback,12,73701,97,2213,32,18.3,12.04,41,39,Moderate,Medium,8,Yes,"80,001+"
V2213,Hatchback,2,108331,87,2137,27,6.7,12.02,45,84,Moderate,Low,9,Yes,"50,001–80,000"
V2214,Truck,3,72102,102,1926,31,5.1,11.5,41,37,Moderate,High,8,No,"50,001–80,000"
V2215,Sedan,12,22545,93,2885,36,19.5,11.08,34,49,Worn,Medium,10,No,"80,001+"
V2216,SUV,3,183306,94,2062,50,13.5,12.43,37,64,Good,Low,3,Yes,"80,001+"
V2217,Hatchback,12,108610,98,2427,34,15.3,11.11,44,39,Moderate,High,5,Yes,"50,001–80,000"
V2218,Hatchback,6,133593,94,2787,29,12.9,11.07,37,59,Good,Medium,1,No,"80,001+"
V2219,Sedan,15,62521,86,2719,33,14.0,12.63,36,94,Moderate,Low,4,No,"80,001+"
V2220,Truck,14,90322,98,2252,36,6.2,12.78,45,32,Critical,Medium,4,No,"50,001–80,000"
V2221,Hatchback,13,126099,96,1500,31,16.9,11.57,34,95,Critical,Medium,7,Yes,"50,001–80,000"
V2222,Truck,4,18855,99,2058,47,16.4,11.84,32,35,Moderate,High,3,Yes,"80,001+"
V2223,Truck,15,167188,109,1590,23,5.5,11.5,40,105,Moderate,Low,11,Yes,"25,001–50,000"
V2224,Truck,2,103472,110,2404,49,12.3,11.54,45,72,Good,Low,5,No,"80,001+"
V2225,Truck,3,161795,102,2919,21,19.6,11.81,40,71,Moderate,High,4,Yes,"25,001–50,000"
V2226,Sedan,14,167075,105,2784,41,13.1,11.08,45,60,Critical,Low,6,No,"25,001–50,000"
V2227,Truck,14,182388,87,1771,26,7.5,12.19,30,52,Good,Medium,4,Yes,"50,001–80,000"
V2228,Sedan,12,115739,90,2825,47,6.5,11.68,34,42,Critical,High,10,No,"25,001–50,000"
V2229,SUV,8,75102,97,1808,48,5.2,12.58,31,40,Good,Low,1,No,"80,001+"
V2230,Sedan,5,73583,109,1960,28,11.8,11.79,42,41,Worn,Medium,7,Yes,"50,001–80,000"
V2231,Sedan,2,66852,110,1977,49,9.1,12.76,39,35,Moderate,Low,12,Yes,"50,001–80,000"
V2232,Hatchback,13,40260,86,2997,27,19.4,11.93,45,87,Worn,Medium,5,Yes,"50,001–80,000"
V2233,Hatchback,6,49857,92,2085,33,19.1,11.92,31,64,Good,Medium,5,No,"80,001+"
V2234,Hatchback,2,27211,92,2307,43,13.9,12.8,32,39,Moderate,Low,6,Yes,"80,001+"
V2235,SUV,3,152232,93,2992,43,11.3,12.32,41,57,Critical,Medium,9,No,"50,001–80,000"
V2236,SUV,13,81968,109,2642,42,7.5,12.56,39,97,Worn,Medium,2,Yes,"50,001–80,000"
V2237,Truck,8,187937,101,2648,22,17.9,12.39,34,35,Good,High,3,Yes,"25,001–50,000"
V2238,Truck,10,158924,106,2128,21,8.0,11.65,38,67,Worn,Low,2,No,"50,001–80,000"
V2239,Truck,3,33509,93,2346,24,18.8,11.31,41,76,Critical,High,7,No,"25,001–50,000"
V2240,Sedan,11,60799,91,2804,34,18.5,11.63,31,68,Worn,High,6,Yes,"50,001–80,000"
V2241,Hatchback,11,147584,90,2832,32,12.8,11.31,42,82,Worn,High,7,No,"50,001–80,000"
V2242,Sedan,12,56716,88,2083,22,5.5,11.72,42,93,Worn,Medium,3,Yes,"50,001–80,000"
V2243,Hatchback,6,143868,104,2479,44,17.8,11.31,39,49,Worn,Low,5,No,"80,001+"
V2244,Truck,10,65513,106,2399,42,11.9,11.27,40,34,Moderate,Medium,10,Yes,"50,001–80,000"
V2245,Truck,15,185777,108,2738,31,5.6,12.31,31,73,Critical,High,10,No,"10,001–25,000"
V2246,SUV,12,39357,92,1747,24,14.9,11.11,41,88,Critical,High,12,No,"10,001–25,000"
V2247,Hatchback,12,85216,97,2612,27,9.4,11.47,34,82,Moderate,Low,9,No,"50,001–80,000"
V2248,Truck,3,41412,97,2471,30,19.5,11.73,36,41,Good,High,6,No,"80,001+"
V2249,Hatchback,10,142025,105,2218,40,13.7,11.11,43,72,Critical,Low,7,No,"50,001–80,000"
V2250,Sedan,5,144519,103,2740,47,19.7,12.89,37,36,Critical,High,3,No,"25,001–50,000"
V2251,Truck,8,151624,92,1746,33,11.0,11.71,34,93,Critical,Medium,5,Yes,"80,001+"
V2252,Hatchback,8,190507,88,2462,45,10.3,12.94,45,91,Moderate,Medium,12,Yes,"80,001+"
V2253,SUV,14,99035,97,1897,50,5.5,11.12,45,56,Good,High,8,Yes,"50,001–80,000"
V2254,Hatchback,13,106691,104,2802,48,9.3,11.78,35,102,Worn,Low,5,Yes,"50,001–80,000"
V2255,Sedan,10,120412,110,2637,31,6.8,12.77,44,63,Moderate,Medium,9,Yes,"50,001–80,000"
V2256,Truck,12,114664,110,1792,47,9.1,11.97,44,89,Moderate,Medium,6,No,"50,001–80,000"
V2257,Sedan,5,199620,101,2343,43,7.3,11.46,38,86,Moderate,High,3,No,"50,001–80,000"
V2258,Truck,3,80011,93,2209,21,19.8,11.6,45,51,Good,Low,7,No,"80,001+"
V2259,Hatchback,10,9231,99,1718,46,6.2,11.27,44,90,Critical,High,7,Yes,"50,001–80,000"
V2260,Sedan,11,77541,109,2431,44,8.3,12.69,33,101,Moderate,Low,2,No,"50,001–80,000"
V2261,Sedan,2,55708,98,2193,26,7.6,12.64,42,42,Worn,Low,9,No,"50,001–80,000"
V2262,Hatchback,6,82456,97,2319,42,10.4,12.53,40,107,Worn,Low,7,No,"80,001+"
V2263,SUV,12,141504,95,2886,50,10.6,11.58,34,52,Good,High,3,No,"50,001–80,000"
V2264,Hatchback,4,192541,91,2917,40,11.8,11.87,33,72,Good,Low,8,Yes,"80,001+"
V2265,SUV,3,154674,93,2161,32,6.6,12.24,43,64,Good,Low,3,No,"80,001+"
V2266,Hatchback,6,99154,92,2982,31,15.6,11.04,41,92,Critical,High,6,Yes,"50,001–80,000"
V2267,Sedan,7,170120,108,1521,47,16.8,12.21,32,103,Critical,Low,11,No,"25,001–50,000"
V2268,SUV,12,174127,103,1845,33,11.2,12.93,41,54,Worn,High,10,Yes,"25,001–50,000"
V2269,Sedan,14,100059,106,2901,30,10.3,12.98,36,94,Critical,High,3,No,"10,001–25,000"
V2270,Hatchback,3,160028,101,2598,47,15.7,11.86,30,88,Worn,High,11,Yes,"25,001–50,000"
V2271,Hatchback,9,24990,86,2914,49,19.2,11.11,43,47,Worn,High,8,Yes,"80,001+"
V2272,Sedan,9,176934,91,2268,49,8.0,11.78,43,95,Worn,Medium,1,No,"80,001+"
V2273,Sedan,5,11867,105,1986,35,11.2,11.69,30,61,Critical,High,7,No,"25,001–50,000"
V2274,Sedan,2,58919,97,2380,41,9.0,11.49,45,85,Moderate,Low,8,Yes,"80,001+"
V2275,Truck,4,119803,96,1577,50,15.3,12.13,34,54,Worn,High,11,No,"50,001–80,000"
V2276,SUV,2,155015,109,2984,30,16.5,11.26,45,110,Moderate,High,4,Yes,"50,001–80,000"
V2277,SUV,12,165512,99,2116,43,18.4,11.81,37,59,Moderate,High,11,No,"50,001–80,000"
V2278,Sedan,14,82980,96,2262,50,5.5,11.73,39,65,Critical,High,10,Yes,"25,001–50,000"
V2279,SUV,8,177584,88,2798,21,13.0,12.34,40,82,Critical,High,2,No,"25,001–50,000"
V2280,Truck,8,51405,110,2062,34,8.7,12.45,30,47,Moderate,High,3,No,"50,001–80,000"
V2281,SUV,8,142977,95,2882,45,9.8,12.84,33,56,Critical,Low,5,Yes,"80,001+"
V2282,Truck,1,165952,87,2155,31,5.8,11.54,39,50,Worn,Low,1,No,"80,001+"
V2283,SUV,14,171235,102,2945,47,6.7,12.16,35,84,Moderate,Low,11,No,"50,001–80,000"
V2284,SUV,1,44325,102,2141,26,11.2,11.45,43,41,Moderate,High,11,Yes,"10,001–25,000"
V2285,Truck,11,192251,100,2553,43,16.1,11.63,40,94,Good,Low,9,Yes,"80,001+"
V2286,SUV,6,14771,101,1765,24,8.7,11.91,36,81,Good,Low,11,No,"25,001–50,000"
V2287,Truck,15,62920,100,2423,39,19.2,11.62,34,56,Good,Low,10,No,"80,001+"
V2288,Truck,3,146835,105,1849,26,19.2,12.09,43,77,Good,Low,2,No,"50,001–80,000"
V2289,Truck,6,126638,105,1938,32,7.5,12.09,33,86,Good,Medium,9,No,"50,001–80,000"
V2290,Sedan,8,192762,94,1540,47,13.9,12.31,30,67,Worn,Medium,9,No,"80,001+"
V2291,Hatchback,3,39144,107,2881,23,16.0,11.59,40,61,Moderate,High,6,No,"25,001–50,000"
V2292,Sedan,6,94466,102,2396,36,18.9,12.16,35,59,Critical,Low,4,No,"50,001–80,000"
V2293,Truck,12,88097,98,1678,32,9.7,11.57,32,32,Worn,High,3,Yes,"50,001–80,000"
V2294,Truck,6,177523,93,1593,45,18.7,11.71,32,94,Moderate,Medium,4,No,"80,001+"
V2295,Sedan,2,88363,92,2514,27,6.6,12.28,32,42,Critical,Low,3,Yes,"50,001–80,000"
V2296,Sedan,3,66526,95,1718,38,5.9,11.27,31,90,Moderate,Medium,3,Yes,"80,001+"
V2297,Hatchback,9,159472,91,1562,41,7.3,12.06,33,55,Moderate,Low,11,No,"80,001+"
V2298,Sedan,11,155913,89,2758,30,13.7,12.55,33,98,Good,Low,1,Yes,"80,001+"
V2299,SUV,6,5146,91,1923,50,17.9,11.6,40,73,Moderate,Medium,8,No,"80,001+"
V2300,Truck,3,78566,93,2865,29,16.0,12.2,41,31,Moderate,Medium,2,Yes,"80,001+"
V2301,Sedan,7,185304,106,2098,36,5.0,12.21,32,102,Critical,Medium,6,No,"50,001–80,000"
V2302,Hatchback,3,160410,102,2810,45,12.1,11.99,31,94,Critical,Medium,5,Yes,"50,001–80,000"
V2303,SUV,13,32869,96,1803,33,7.3,12.92,38,106,Worn,Low,7,No,"80,001+"
V2304,SUV,1,128640,87,2462,29,16.7,12.2,39,57,Worn,Low,3,Yes,"80,001+"
V2305,Hatchback,6,88223,94,2724,24,5.5,11.81,33,98,Good,Low,8,Yes,"80,001+"
V2306,Truck,11,23079,106,1697,38,18.4,12.99,33,59,Good,High,2,No,"25,001–50,000"
V2307,SUV,10,120216,86,2326,28,19.1,12.71,41,32,Good,High,5,No,"50,001–80,000"
V2308,Truck,1,76892,102,2589,40,8.1,12.3,39,79,Worn,High,1,Yes,"50,001–80,000"
V2309,Sedan,5,153092,91,2009,45,10.4,12.66,44,64,Moderate,Low,12,Yes,"80,001+"
V2310,Truck,15,54380,94,2875,21,6.0,11.09,34,55,Good,High,11,Yes,"25,001–50,000"
V2311,SUV,13,141531,102,2582,39,13.1,11.28,42,75,Good,High,1,No,"25,001–50,000"
V2312,Truck,13,81321,87,2591,21,18.5,11.82,43,79,Critical,High,7,No,"10,001–25,000"
V2313,Sedan,6,8648,90,2483,25,9.2,11.6,44,77,Good,Low,12,Yes,"50,001–80,000"
V2314,Truck,9,116890,106,2193,27,8.3,12.24,32,82,Good,Low,10,No,"25,001–50,000"
V2315,Hatchback,3,95393,89,2418,27,6.0,12.34,44,109,Good,Medium,5,Yes,"80,001+"
V2316,SUV,15,102952,104,2214,23,16.2,11.47,35,77,Critical,Medium,4,No,"10,001–25,000"
V2317,Hatchback,6,8410,88,2417,27,16.5,12.65,37,33,Moderate,High,10,No,"25,001–50,000"
V2318,SUV,6,156163,110,2749,24,19.3,11.02,35,75,Worn,Medium,1,Yes,"50,001–80,000"
V2319,SUV,9,116530,88,1552,50,8.2,12.93,38,35,Worn,Low,4,Yes,"80,001+"
V2320,Sedan,15,195218,107,2402,46,20.0,11.82,37,91,Critical,Medium,5,No,"25,001–50,000"
V2321,Hatchback,9,128839,100,2364,21,15.2,12.21,41,33,Worn,Medium,2,No,"80,001+"
V2322,Hatchback,15,33447,105,2656,21,5.5,12.3,40,107,Moderate,Low,2,Yes,"25,001–50,000"
V2323,Sedan,13,187924,96,2230,23,16.6,12.87,44,51,Critical,Medium,3,Yes,"25,001–50,000"
V2324,SUV,10,158218,96,2046,31,12.2,12.13,38,64,Moderate,High,8,Yes,"80,001+"
V2325,Hatchback,13,30970,102,1965,37,19.4,11.64,32,93,Good,Medium,9,No,"50,001–80,000"
V2326,SUV,13,114738,86,1528,38,6.1,11.72,42,53,Critical,Low,9,Yes,"50,001–80,000"
V2327,SUV,4,26255,100,2152,34,10.8,12.47,36,69,Good,High,2,No,"80,001+"
V2328,Sedan,2,172794,102,2911,46,11.1,12.32,32,51,Worn,High,11,No,"25,001–50,000"
V2329,Hatchback,7,124680,97,2466,26,6.0,12.57,40,49,Good,High,7,Yes,"50,001–80,000"
V2330,Sedan,7,196532,93,2787,47,15.5,12.65,31,99,Critical,Low,6,No,"80,001+"
V2331,SUV,7,132695,104,1677,30,17.8,11.94,43,69,Worn,Medium,3,No,"80,001+"
V2332,Hatchback,15,79578,94,2301,48,9.0,11.9,43,103,Critical,Low,8,No,"50,001–80,000"
V2333,SUV,1,79608,91,2012,25,5.6,12.62,39,87,Worn,Low,4,No,"80,001+"
V2334,Truck,2,70655,110,2431,22,16.0,11.6,34,49,Critical,High,1,Yes,"10,001–25,000"
V2335,Sedan,2,80965,99,1711,26,18.6,12.46,40,103,Worn,High,5,No,"50,001–80,000"
V2336,SUV,7,98097,107,2871,40,17.2,11.96,31,101,Worn,High,9,Yes,"25,001–50,000"
V2337,Sedan,12,79134,105,2872,30,9.3,11.57,33,61,Worn,Low,6,No,"50,001–80,000"
V2338,SUV,8,28638,92,2289,30,13.7,12.87,44,87,Worn,Low,3,No,"80,001+"
V2339,Sedan,11,105972,91,1888,43,14.7,11.96,36,76,Worn,High,4,Yes,"50,001–80,000"
V2340,SUV,11,164988,90,1893,28,20.0,12.08,40,100,Moderate,High,9,No,"25,001–50,000"
V2341,SUV,5,137982,105,1699,40,14.4,12.01,34,93,Critical,Low,2,Yes,"50,001–80,000"
V2342,SUV,3,108511,90,2594,34,5.7,12.16,32,52,Moderate,Low,12,No,"80,001+"
V2343,Truck,1,192239,102,2598,32,8.6,12.59,33,51,Critical,Medium,4,Yes,"50,001–80,000"
V2344,Hatchback,2,53076,104,2667,43,19.8,12.39,44,99,Good,High,6,Yes,"50,001–80,000"
V2345,Hatchback,3,159942,102,2733,21,7.6,11.72,31,37,Worn,High,6,Yes,"25,001–50,000"
V2346,Sedan,15,195836,94,1914,24,7.4,12.34,45,34,Worn,High,4,No,"25,001–50,000"
V2347,Hatchback,12,79556,104,1564,34,11.6,12.48,33,103,Good,Low,4,No,"50,001–80,000"
V2348,SUV,1,142489,97,1656,46,6.2,12.34,32,31,Critical,High,9,Yes,"25,001–50,000"
V2349,Sedan,1,25119,102,1772,41,18.8,12.28,43,57,Good,Medium,1,Yes,"80,001+"
V2350,Sedan,7,112638,108,2810,29,7.9,12.62,45,68,Critical,Medium,5,No,"25,001–50,000"
V2351,Hatchback,9,12341,88,2803,36,13.6,11.49,40,79,Critical,Medium,2,No,"80,001+"
V2352,Sedan,3,124736,88,2313,22,17.4,11.7,44,63,Good,Low,10,No,"50,001–80,000"
V2353,Hatchback,15,49189,98,1660,38,11.8,11.33,43,52,Good,Medium,5,Yes,"80,001+"
V2354,Truck,12,125525,96,1870,39,10.5,12.89,44,75,Critical,High,9,Yes,"25,001–50,000"
V2355,Sedan,9,186188,86,1629,42,7.2,11.09,31,48,Good,High,5,No,"80,001+"
V2356,Hatchback,3,99416,102,1906,21,5.6,12.69,38,47,Critical,High,8,Yes,"10,001–25,000"
V2357,Hatchback,13,31184,108,2248,33,8.9,11.99,32,56,Worn,Medium,5,Yes,"50,001–80,000"
V2358,Sedan,4,35715,104,2058,35,7.0,11.18,42,37,Moderate,High,8,No,"50,001–80,000"
V2359,Sedan,10,81387,104,1978,35,12.8,11.68,37,80,Worn,Low,6,No,"80,001+"
V2360,Truck,1,102579,107,1600,22,7.6,11.24,39,58,Moderate,Medium,4,Yes,"50,001–80,000"
V2361,SUV,15,98407,92,1533,24,12.1,11.68,32,77,Worn,Medium,7,Yes,"50,001–80,000"
V2362,Hatchback,14,130327,93,2096,34,11.9,11.39,33,39,Moderate,High,7,No,"50,001–80,000"
V2363,Sedan,7,146304,95,2479,45,6.9,11.22,34,38,Moderate,High,1,Yes,"80,001+"
V2364,SUV,7,48837,110,2078,46,17.7,11.99,33,31,Moderate,Low,10,Yes,"50,001–80,000"
V2365,SUV,6,154260,106,2216,38,17.9,12.35,45,48,Good,High,5,Yes,"50,001–80,000"
V2366,Truck,5,29584,87,2046,20,17.1,11.27,41,37,Moderate,High,9,No,"25,001–50,000"
V2367,Hatchback,12,68724,98,2499,42,9.7,12.69,45,61,Critical,Low,10,No,"50,001–80,000"
V2368,Sedan,2,79797,96,1885,31,9.3,11.53,43,64,Good,High,12,Yes,"50,001–80,000"
V2369,Truck,11,143510,86,1649,48,17.5,11.57,41,45,Critical,Medium,3,No,"50,001–80,000"
V2370,Truck,10,38188,99,1656,32,8.7,11.88,32,109,Moderate,High,3,Yes,"80,001+"
V2371,Sedan,8,80743,89,2700,48,8.3,12.94,35,74,Critical,Medium,1,No,"80,001+"
V2372,Sedan,5,180761,110,1902,24,11.8,12.22,39,108,Worn,Low,5,Yes,"50,001–80,000"
V2373,Hatchback,2,79647,86,2574,34,19.4,11.83,42,64,Moderate,Medium,10,No,"80,001+"
V2374,Sedan,1,137254,100,2426,28,14.3,11.82,35,43,Moderate,Medium,3,No,"80,001+"
V2375,SUV,3,18961,108,2772,47,5.8,11.56,32,40,Worn,Low,1,No,"80,001+"
V2376,SUV,13,165358,100,2028,46,17.5,11.98,40,61,Critical,Medium,1,No,"50,001–80,000"
V2377,Sedan,3,142229,89,2909,28,17.1,11.15,31,96,Critical,Low,5,No,"50,001–80,000"
V2378,SUV,2,153752,90,2985,42,19.4,12.39,30,76,Good,Low,7,No,"80,001+"
V2379,Truck,7,30079,92,2013,24,15.1,12.34,34,49,Critical,Low,9,Yes,"25,001–50,000"
V2380,Hatchback,14,193136,110,2848,24,9.3,11.16,45,87,Critical,Low,1,Yes,"10,001–25,000"
V2381,Hatchback,14,126689,96,2769,28,17.3,12.97,44,51,Critical,Low,8,Yes,"25,001–50,000"
V2382,Truck,1,64378,91,1660,37,12.3,12.4,31,91,Good,Medium,12,No,"80,001+"
V2383,Sedan,7,179312,85,2790,49,5.8,12.47,42,89,Worn,Medium,12,Yes,"80,001+"
V2384,SUV,2,164031,95,2110,25,5.5,11.41,42,94,Critical,High,2,No,"25,001–50,000"
V2385,Sedan,12,123021,97,1611,39,10.0,12.9,37,87,Moderate,Low,7,Yes,"80,001+"
V2386,SUV,14,169884,109,2922,48,19.3,11.32,38,107,Worn,Low,10,Yes,"50,001–80,000"
V2387,Truck,8,58377,87,2993,34,11.4,12.53,34,83,Critical,Low,8,Yes,"80,001+"
V2388,Truck,1,59305,100,2048,43,11.3,12.85,31,72,Moderate,High,1,No,"80,001+"
V2389,SUV,6,70900,95,2007,48,17.2,11.95,39,97,Moderate,Low,9,Yes,"80,001+"
V2390,Truck,11,32685,97,2469,40,16.3,12.73,38,106,Worn,Medium,7,Yes,"80,001+"
V2391,Hatchback,12,157733,94,1790,42,18.0,12.66,44,90,Critical,Low,8,Yes,"50,001–80,000"
V2392,SUV,4,153465,87,1501,47,8.1,11.09,33,74,Moderate,High,10,No,"50,001–80,000"
V2393,Sedan,11,108101,102,1791,25,6.9,11.2,31,93,Worn,Low,11,No,"25,001–50,000"
V2394,SUV,2,53167,94,2751,32,19.2,11.22,32,61,Critical,Medium,5,Yes,"80,001+"
V2395,Truck,6,46026,89,1892,31,13.0,12.18,38,35,Good,High,9,No,"50,001–80,000"
V2396,Sedan,4,133844,86,1579,23,6.1,12.61,33,101,Moderate,Medium,12,Yes,"50,001–80,000"
V2397,Sedan,10,113734,103,1936,42,9.9,12.56,31,51,Critical,High,1,Yes,"25,001–50,000"
V2398,Hatchback,12,33934,99,2864,45,11.5,11.68,37,78,Worn,High,4,No,"50,001–80,000"
V2399,Truck,4,59917,108,2279,26,7.0,11.73,37,36,Worn,Low,1,Yes,"50,001–80,000"
V2400,Sedan,10,33274,98,2452,31,19.1,11.82,30,110,Moderate,Low,9,Yes,"80,001+"
V2401,Hatchback,13,7456,92,2853,48,15.5,11.96,43,107,Moderate,High,12,Yes,"50,001–80,000"
V2402,Truck,10,182494,102,1719,24,11.4,11.79,33,65,Worn,High,4,Yes,"25,001–50,000"
V2403,Hatchback,6,65010,105,2198,22,13.6,12.23,34,40,Moderate,Low,11,No,"25,001–50,000"
V2404,SUV,4,87729,99,1758,31,19.1,12.73,36,59,Critical,High,5,Yes,"50,001–80,000"
V2405,SUV,5,68852,95,2711,39,7.6,11.18,39,80,Good,Low,9,Yes,"80,001+"
V2406,Hatchback,11,16196,93,1791,32,5.2,12.74,33,59,Moderate,Medium,11,No,"80,001+"
V2407,Truck,12,67253,98,2331,39,12.1,12.32,31,83,Critical,Medium,5,Yes,"50,001–80,000"
V2408,Sedan,3,88266,103,2400,47,15.9,12.63,41,96,Critical,Low,5,Yes,"50,001–80,000"
V2409,Sedan,14,27087,90,2911,45,16.5,11.23,33,52,Good,Low,3,Yes,"80,001+"
V2410,Sedan,2,90334,87,2492,35,14.8,11.41,38,88,Critical,Low,3,Yes,"80,001+"
V2411,SUV,6,111317,98,1651,25,12.0,12.78,41,34,Moderate,Medium,10,Yes,"50,001–80,000"
V2412,SUV,4,83462,87,2559,41,11.4,11.78,38,66,Moderate,Low,3,No,"80,001+"
V2413,SUV,13,112393,99,2781,41,14.3,11.92,41,94,Good,Low,10,Yes,"80,001+"
V2414,SUV,8,130964,108,2961,38,11.0,12.34,34,50,Worn,Low,9,No,"50,001–80,000"
V2415,SUV,9,16366,94,2062,21,14.2,11.77,44,98,Moderate,Medium,12,Yes,"50,001–80,000"
V2416,Sedan,4,49702,102,2170,43,6.8,11.64,38,81,Worn,High,3,Yes,"50,001–80,000"
V2417,Hatchback,15,174876,88,2638,21,11.4,11.89,43,84,Good,Medium,8,Yes,"50,001–80,000"
V2418,SUV,6,99139,103,2035,29,14.6,11.3,37,45,Moderate,Medium,12,Yes,"25,001–50,000"
V2419,SUV,12,60214,104,2788,45,6.8,12.93,34,34,Moderate,Medium,8,No,"50,001–80,000"
V2420,Hatchback,8,142840,96,1653,30,8.5,11.51,44,58,Moderate,Low,2,Yes,"80,001+"
V2421,Sedan,3,170048,105,1821,33,14.5,11.57,45,77,Moderate,Medium,9,No,"50,001–80,000"
V2422,Truck,13,34485,92,1963,48,15.7,11.5,42,99,Good,Medium,4,No,"80,001+"
V2423,SUV,3,19293,92,2749,22,14.8,12.84,30,65,Worn,Medium,12,No,"50,001–80,000"
V2424,Truck,3,185201,96,2471,40,13.4,12.56,43,47,Moderate,High,12,Yes,"50,001–80,000"
V2425,Truck,11,159618,89,2228,33,18.7,11.79,37,43,Moderate,Medium,3,Yes,"80,001+"
V2426,SUV,2,165677,88,1602,24,15.3,12.01,33,93,Critical,Medium,9,No,"25,001–50,000"
V2427,Hatchback,4,31920,92,1760,21,11.0,12.92,37,55,Worn,High,3,Yes,"50,001–80,000"
V2428,Hatchback,4,18245,89,2785,28,17.0,11.85,36,97,Critical,High,3,Yes,"25,001–50,000"
V2429,Hatchback,3,64863,95,2778,41,6.9,12.82,35,78,Moderate,High,1,No,"80,001+"
V2430,SUV,14,174790,88,1926,30,13.7,12.31,38,98,Critical,High,1,Yes,"25,001–50,000"
V2431,SUV,8,131892,88,2252,42,10.0,12.81,35,42,Moderate,Low,12,Yes,"80,001+"
V2432,SUV,7,118665,100,1721,50,15.7,12.13,42,109,Moderate,Low,9,Yes,"80,001+"
V2433,Sedan,9,186243,88,2993,41,12.1,12.93,38,47,Moderate,Medium,6,No,"80,001+"
V2434,SUV,7,100204,108,2126,30,5.0,12.03,33,56,Moderate,High,4,No,"50,001–80,000"
V2435,Hatchback,3,161079,95,1983,50,18.9,12.5,38,76,Critical,High,9,Yes,"25,001–50,000"
V2436,SUV,12,188055,102,1524,34,8.0,12.64,30,52,Good,Low,3,Yes,"50,001–80,000"
V2437,Hatchback,9,193026,85,2373,24,5.7,11.54,45,102,Good,Low,3,No,"80,001+"
V2438,Truck,13,11575,85,1811,20,18.0,12.74,30,48,Good,Low,4,No,"50,001–80,000"
V2439,SUV,15,46769,92,1706,34,16.2,11.24,43,63,Critical,Medium,7,No,"50,001–80,000"
V2440,SUV,1,152873,92,2628,42,14.2,11.68,39,38,Critical,Low,9,Yes,"50,001–80,000"
V2441,Truck,11,119013,91,2738,41,16.7,11.24,31,76,Critical,Low,2,Yes,"50,001–80,000"
V2442,SUV,2,139917,107,1945,25,16.4,12.32,45,91,Moderate,Medium,7,No,"50,001–80,000"
V2443,Hatchback,4,31821,100,2668,31,10.3,12.84,35,92,Good,Low,9,Yes,"80,001+"
V2444,SUV,14,67702,109,1588,50,7.4,11.21,32,43,Critical,High,10,Yes,"10,001–25,000"
V2445,Sedan,11,161441,103,2162,48,18.0,12.21,44,69,Good,Medium,2,No,"50,001–80,000"
V2446,Truck,11,194951,88,1573,38,8.5,12.67,31,68,Good,High,11,Yes,"50,001–80,000"
V2447,Sedan,9,16878,86,2972,32,7.9,12.02,37,92,Critical,High,1,Yes,"50,001–80,000"
V2448,SUV,10,92979,85,2551,41,6.0,12.74,45,39,Worn,Low,5,Yes,"80,001+"
V2449,Hatchback,7,178952,89,2379,29,19.0,11.84,34,53,Worn,Medium,6,Yes,"80,001+"
V2450,Hatchback,5,143381,87,2032,20,14.9,11.12,34,105,Critical,Low,4,No,"50,001–80,000"
V2451,Hatchback,8,97063,89,1685,21,19.9,11.55,43,73,Good,Medium,8,Yes,"80,001+"
V2452,Truck,8,63081,92,2140,33,18.3,12.92,42,79,Critical,High,8,No,"50,001–80,000"
V2453,SUV,13,139922,90,2408,22,17.8,12.09,33,71,Good,High,9,No,"25,001–50,000"
V2454,Hatchback,13,183320,107,2170,37,17.2,11.04,43,90,Moderate,High,8,No,"25,001–50,000"
V2455,Hatchback,7,117939,85,1726,40,5.5,11.21,37,79,Good,Medium,12,Yes,"80,001+"
V2456,Sedan,5,191690,96,2801,32,11.3,12.41,44,99,Good,Low,7,Yes,"80,001+"
V2457,Truck,4,37932,91,1727,36,6.2,11.04,42,35,Critical,High,6,Yes,"50,001–80,000"
V2458,Hatchback,13,102239,85,2083,50,10.2,12.6,30,64,Worn,Low,6,No,"80,001+"
V2459,SUV,8,133633,87,2092,31,15.3,11.88,30,39,Critical,Medium,4,Yes,"80,001+"
V2460,Sedan,15,115008,102,2554,50,16.8,11.03,38,108,Critical,Medium,7,Yes,"25,001–50,000"
V2461,Sedan,9,92812,101,2669,48,15.0,12.86,30,50,Critical,High,12,No,"10,001–25,000"
V2462,Sedan,7,98461,92,2821,45,6.4,11.49,36,109,Good,Low,10,No,"80,001+"
V2463,SUV,7,12171,88,1611,27,17.8,12.58,40,91,Good,Medium,11,No,"50,001–80,000"
V2464,SUV,4,117089,87,2906,23,19.7,11.17,44,68,Critical,Low,4,No,"50,001–80,000"
V2465,Hatchback,5,161892,103,1831,33,10.7,11.91,38,91,Critical,Medium,10,No,"25,001–50,000"
V2466,Hatchback,6,42546,99,2201,26,9.4,11.24,35,64,Worn,Medium,1,Yes,"80,001+"
V2467,Sedan,1,84102,99,1843,43,13.2,12.08,36,48,Critical,Low,3,No,"80,001+"
V2468,SUV,2,160788,94,2591,48,9.3,12.68,38,59,Critical,Low,1,No,"80,001+"
V2469,Sedan,12,51351,90,2940,50,14.4,11.48,43,50,Good,Medium,5,Yes,"80,001+"
V2470,Sedan,3,8989,90,1985,38,13.7,11.68,34,48,Critical,High,2,Yes,"50,001–80,000"
V2471,Sedan,10,13120,106,2212,29,14.6,12.08,31,33,Worn,Low,1,Yes,"50,001–80,000"
V2472,SUV,12,58889,85,2599,32,17.2,12.86,43,75,Worn,Low,12,Yes,"80,001+"
V2473,Hatchback,3,97630,109,1914,27,18.9,11.0,37,86,Critical,Low,1,No,"25,001–50,000"
V2474,Truck,10,93259,102,2494,40,17.2,12.52,33,40,Good,Low,5,No,"80,001+"
V2475,Truck,15,128901,106,1537,49,18.7,11.06,35,86,Good,High,10,Yes,"25,001–50,000"
V2476,Truck,15,22522,101,1913,46,13.1,12.24,37,79,Critical,High,2,No,"10,001–25,000"
V2477,Sedan,3,80283,109,2869,48,18.2,11.32,41,43,Worn,Medium,10,No,"50,001–80,000"
V2478,Truck,9,138347,109,2025,29,17.1,12.01,35,58,Critical,High,7,No,"10,001–25,000"
V2479,SUV,4,30336,87,2683,29,10.5,12.68,42,47,Good,High,8,No,"50,001–80,000"
V2480,SUV,4,28928,107,2577,34,13.9,11.62,32,75,Moderate,Medium,9,No,"50,001–80,000"
V2481,Sedan,7,168454,106,2304,22,6.6,11.93,33,98,Good,Low,12,No,"25,001–50,000"
V2482,Sedan,14,67844,85,1804,25,18.1,11.92,42,39,Worn,Medium,1,Yes,"50,001–80,000"
V2483,Sedan,2,127521,101,2718,37,17.5,11.96,31,100,Worn,Medium,11,No,"50,001–80,000"
V2484,Hatchback,10,97287,106,1893,46,15.4,11.85,40,54,Good,High,1,No,"50,001–80,000"
V2485,SUV,7,184849,98,2521,24,15.2,12.0,34,49,Moderate,Low,2,Yes,"80,001+"
V2486,SUV,15,24561,96,2521,44,13.4,11.39,37,32,Moderate,High,4,Yes,"50,001–80,000"
V2487,Truck,5,146735,97,2293,23,16.0,11.74,30,62,Worn,Medium,12,No,"50,001–80,000"
V2488,SUV,9,116329,91,2549,38,10.6,11.46,41,94,Worn,Medium,8,Yes,"80,001+"
V2489,Truck,1,112674,91,1713,29,8.5,11.38,33,55,Critical,Medium,7,Yes,"50,001–80,000"
V2490,Sedan,3,74107,105,2591,37,16.9,11.21,30,90,Moderate,Low,4,Yes,"80,001+"
V2491,SUV,4,16563,100,2304,25,5.4,12.82,41,79,Worn,High,7,Yes,"50,001–80,000"
V2492,Sedan,1,14472,98,1525,38,8.4,12.36,40,64,Worn,High,9,Yes,"50,001–80,000"
V2493,Hatchback,13,152839,87,2903,34,5.8,11.3,30,86,Moderate,Low,2,No,"80,001+"
V2494,Hatchback,15,137211,109,1904,41,8.2,12.08,43,50,Moderate,Medium,5,No,"50,001–80,000"
V2495,Sedan,12,137252,95,2307,50,9.8,12.88,30,50,Worn,Low,2,No,"80,001+"
V2496,Sedan,11,80880,86,2769,39,16.5,11.95,39,83,Worn,Low,2,No,"80,001+"
V2497,SUV,14,195851,90,1765,44,8.2,11.92,34,41,Worn,Medium,11,No,"80,001+"
V2498,Sedan,2,114549,91,2883,24,15.1,11.29,36,106,Critical,High,11,Yes,"10,001–25,000"
V2499,Sedan,7,95789,98,2883,31,11.5,11.1,44,52,Worn,Medium,8,No,"80,001+"
V2500,Truck,5,182189,94,1649,22,13.9,11.5,44,33,Critical,Medium,5,Yes,"50,001–80,000"
V2501,SUV,14,27849,96,2574,21,7.0,12.9,41,98,Good,High,1,Yes,"25,001–50,000"
V2502,Sedan,8,72395,85,2772,23,12.5,12.3,43,36,Worn,Medium,10,Yes,"50,001–80,000"
V2503,Truck,3,77222,85,2353,32,5.5,12.95,43,45,Moderate,Low,1,No,"80,001+"
V2504,SUV,3,21783,86,1533,21,9.7,12.35,37,63,Critical,Medium,1,No,"50,001–80,000"
V2505,Hatchback,14,170619,101,2972,30,10.7,12.14,43,87,Moderate,Medium,10,Yes,"50,001–80,000"
V2506,Sedan,9,21069,106,2522,30,12.8,12.75,34,82,Good,Low,7,No,"80,001+"
V2507,Sedan,10,167753,95,2273,49,16.4,12.26,35,97,Worn,Low,6,Yes,"80,001+"
V2508,SUV,1,95985,104,2862,40,7.3,11.05,40,50,Moderate,Low,7,Yes,"80,001+"
V2509,Hatchback,6,33420,105,1929,29,10.2,11.07,32,89,Critical,Low,7,Yes,"25,001–50,000"
V2510,Sedan,11,177136,88,2956,49,8.2,12.65,39,101,Critical,High,1,Yes,"25,001–50,000"
V2511,Truck,14,16233,98,2641,37,6.1,11.32,44,67,Critical,Low,12,No,"50,001–80,000"
V2512,SUV,10,122675,105,2697,32,14.3,11.17,44,52,Good,Low,3,No,"80,001+"
V2513,Sedan,11,113378,92,2647,38,19.2,11.73,42,103,Good,High,6,Yes,"50,001–80,000"
V2514,Truck,4,104555,89,2174,45,16.5,11.47,31,100,Moderate,High,1,Yes,"80,001+"
V2515,Hatchback,14,91553,109,2262,48,14.5,11.76,40,45,Worn,Low,3,No,"50,001–80,000"
V2516,Hatchback,9,100529,100,2358,49,16.4,11.76,39,69,Good,Low,9,No,"80,001+"
V2517,Truck,2,154927,90,1838,34,14.6,11.16,36,65,Good,High,4,Yes,"80,001+"
V2518,Sedan,15,139510,99,2721,23,16.9,12.25,36,34,Critical,High,6,No,"10,001–25,000"
V2519,Hatchback,1,54843,102,2052,42,17.7,11.33,37,71,Moderate,Low,11,No,"50,001–80,000"
V2520,SUV,3,143000,92,1564,20,11.8,11.81,31,89,Good,High,6,Yes,"50,001–80,000"
V2521,Hatchback,3,180017,88,1924,37,14.2,12.08,37,84,Critical,Medium,1,No,"80,001+"
V2522,Hatchback,5,158682,95,1901,34,10.6,12.25,31,41,Critical,Low,3,Yes,"80,001+"
V2523,SUV,13,81002,97,2371,34,16.7,12.4,38,99,Worn,High,12,No,"50,001–80,000"
V2524,SUV,2,79415,87,2492,41,17.5,11.39,31,71,Moderate,Medium,8,No,"80,001+"
V2525,SUV,1,165248,108,2722,47,16.8,12.47,36,85,Critical,Low,3,Yes,"50,001–80,000"
V2526,Truck,15,155685,91,1685,29,7.2,12.3,38,90,Worn,Medium,5,No,"50,001–80,000"
V2527,Truck,4,71158,95,2957,34,9.3,11.16,45,83,Critical,Medium,9,Yes,"50,001–80,000"
V2528,Hatchback,5,125849,91,1960,23,17.4,11.47,30,109,Good,Medium,9,No,"50,001–80,000"
V2529,SUV,11,136664,94,2029,39,18.7,11.81,42,44,Critical,Low,1,Yes,"50,001–80,000"
V2530,Hatchback,12,182821,99,2059,48,16.6,12.99,31,107,Good,Medium,6,No,"80,001+"
V2531,SUV,9,118916,100,2723,36,20.0,11.08,31,99,Worn,High,1,No,"80,001+"
V2532,Truck,14,11023,107,1688,35,12.4,11.85,39,78,Moderate,Low,11,No,"50,001–80,000"
V2533,Sedan,1,197723,100,2490,23,18.7,12.73,36,106,Moderate,High,4,Yes,"50,001–80,000"
V2534,Truck,7,93345,90,1725,27,7.4,11.14,31,37,Good,Medium,4,No,"80,001+"
V2535,Hatchback,4,104553,104,1845,24,6.4,12.89,39,80,Worn,High,5,Yes,"25,001–50,000"
V2536,SUV,9,130349,87,2850,20,11.3,12.94,35,44,Moderate,High,6,Yes,"50,001–80,000"
V2537,Hatchback,5,69318,102,1609,50,12.3,11.11,40,72,Good,Low,4,No,"80,001+"
V2538,SUV,11,62260,106,1875,28,14.8,12.67,41,42,Good,Medium,5,Yes,"25,001–50,000"
V2539,SUV,6,173881,107,2963,22,10.0,12.64,30,66,Good,Medium,9,No,"25,001–50,000"
V2540,Sedan,9,57368,89,2218,27,9.1,11.21,30,53,Good,Medium,11,No,"50,001–80,000"
V2541,SUV,7,132336,100,2893,31,7.7,12.29,34,88,Moderate,Medium,8,No,"80,001+"
V2542,Sedan,1,9388,85,2353,46,12.2,11.31,37,106,Worn,Medium,2,Yes,"80,001+"
V2543,Truck,14,23830,90,2067,25,10.8,11.8,39,30,Good,Medium,2,Yes,"50,001–80,000"
V2544,SUV,13,114390,98,2784,50,17.2,11.21,34,58,Moderate,High,2,Yes,"50,001–80,000"
V2545,Hatchback,11,78962,89,2506,49,5.3,11.15,30,39,Critical,Medium,4,Yes,"50,001–80,000"
V2546,Hatchback,13,39262,101,2221,27,6.1,11.38,34,73,Critical,Medium,1,No,"10,001–25,000"
V2547,Hatchback,10,83601,100,1753,41,5.4,11.57,39,50,Critical,Medium,10,Yes,"50,001–80,000"
V2548,SUV,9,49002,95,2368,25,12.8,12.52,32,109,Critical,Low,1,Yes,"50,001–80,000"
V2549,SUV,3,196361,105,2152,40,9.8,12.69,39,89,Moderate,Medium,5,No,"80,001+"
V2550,SUV,7,146447,89,2762,45,15.6,11.51,31,70,Good,High,9,Yes,"50,001–80,000"
V2551,Sedan,11,183032,95,2742,39,11.5,11.19,45,52,Worn,High,3,Yes,"50,001–80,000"
V2552,Truck,12,176977,107,1547,47,8.0,12.53,36,79,Worn,High,8,No,"25,001–50,000"
V2553,Hatchback,9,155846,85,2964,22,7.2,11.53,35,76,Good,Medium,4,Yes,"80,001+"
V2554,Sedan,12,141765,109,2370,43,18.4,12.01,44,84,Good,High,10,Yes,"25,001–50,000"
V2555,SUV,1,149780,103,1866,37,14.1,12.24,42,79,Good,Low,7,Yes,"80,001+"
V2556,SUV,9,130937,102,2373,24,6.9,11.51,37,75,Good,Low,1,No,"50,001–80,000"
V2557,SUV,12,21079,108,2126,27,10.1,11.49,41,59,Critical,Low,1,No,"10,001–25,000"
V2558,Sedan,14,78945,99,2987,26,12.5,12.41,43,75,Critical,Medium,5,Yes,"25,001–50,000"
V2559,Sedan,3,29777,98,2504,39,19.3,11.09,32,104,Worn,Low,8,No,"80,001+"
V2560,Truck,14,45251,93,2606,20,16.9,11.93,36,77,Critical,Low,12,Yes,"25,001–50,000"
V2561,Truck,15,183684,105,1545,44,12.8,12.44,36,80,Worn,Low,3,Yes,"50,001–80,000"
V2562,SUV,4,62041,92,1635,29,12.7,12.37,31,51,Good,Medium,12,Yes,"50,001–80,000"
V2563,Hatchback,15,104170,103,2125,26,13.4,12.01,44,104,Worn,Medium,7,Yes,"25,001–50,000"
V2564,Hatchback,8,160677,108,1662,36,5.8,12.63,39,101,Critical,Low,12,Yes,"25,001–50,000"
V2565,SUV,3,154199,106,1799,42,16.6,12.43,36,110,Moderate,Medium,7,No,"80,001+"
V2566,Hatchback,14,56383,92,2050,26,8.7,11.56,45,70,Moderate,Medium,9,No,"50,001–80,000"
V2567,Truck,11,106310,98,1903,39,14.3,12.27,42,90,Worn,Low,2,No,"80,001+"
V2568,Sedan,12,46929,103,2139,47,10.5,12.43,34,70,Critical,Medium,8,Yes,"25,001–50,000"
V2569,SUV,4,143710,89,1881,25,16.8,11.06,41,69,Critical,High,8,Yes,"25,001–50,000"
V2570,SUV,9,76641,108,1961,31,13.4,12.24,35,57,Good,Medium,8,Yes,"80,001+"
V2571,Sedan,8,131703,100,1690,36,12.3,11.88,33,48,Moderate,Medium,8,No,"80,001+"
V2572,Hatchback,14,141624,109,1611,23,14.5,11.59,44,52,Worn,Low,7,No,"25,001–50,000"
V2573,Sedan,11,49009,95,2113,41,13.8,12.71,44,82,Moderate,Low,10,Yes,"80,001+"
V2574,Sedan,7,79436,100,2498,38,9.9,11.97,34,78,Moderate,Low,7,No,"80,001+"
V2575,Sedan,4,20350,108,1660,26,15.5,11.9,31,54,Critical,High,7,No,"10,001–25,000"
V2576,Hatchback,8,161179,106,2190,30,16.2,11.44,42,87,Worn,High,8,No,"50,001–80,000"
V2577,SUV,2,119708,102,2878,31,6.8,11.81,39,74,Critical,High,8,No,"25,001–50,000"
V2578,Truck,8,72297,91,2536,22,15.9,12.98,43,81,Good,Low,4,Yes,"80,001+"
V2579,Sedan,9,13038,85,2771,21,10.6,12.73,42,97,Worn,High,12,No,"25,001–50,000"
V2580,Sedan,7,7468,98,2890,26,14.5,11.98,45,64,Moderate,Medium,5,No,"80,001+"
V2581,Hatchback,1,80398,103,2635,43,18.6,12.51,31,49,Critical,Medium,1,No,"50,001–80,000"
V2582,Truck,2,185360,88,2898,25,15.6,12.98,44,91,Worn,Medium,4,Yes,"80,001+"
V2583,Sedan,13,177037,104,2881,37,6.7,12.4,35,64,Moderate,Low,1,No,"50,001–80,000"
V2584,SUV,10,56976,91,2509,36,10.6,12.74,41,79,Worn,Low,3,Yes,"80,001+"
V2585,Hatchback,14,62959,92,2250,21,6.6,11.45,40,44,Critical,Low,8,Yes,"25,001–50,000"
V2586,Truck,1,158024,90,2767,34,13.7,11.69,37,33,Good,Low,4,Yes,"80,001+"
V2587,Truck,10,171180,104,1597,32,8.6,12.06,45,37,Good,High,1,Yes,"50,001–80,000"
V2588,SUV,14,5624,107,2493,46,13.4,11.03,40,103,Critical,High,1,Yes,"10,001–25,000"
V2589,SUV,6,38118,92,1821,31,5.7,12.5,31,83,Moderate,Medium,7,Yes,"80,001+"
V2590,Truck,7,160742,101,2729,46,6.3,12.72,37,106,Critical,High,4,No,"25,001–50,000"
V2591,Hatchback,14,143776,107,2883,20,11.4,11.7,34,45,Moderate,Medium,4,No,"25,001–50,000"
V2592,Sedan,10,174715,104,1596,27,19.2,12.99,34,36,Good,Medium,2,Yes,"50,001–80,000"
V2593,Sedan,1,149420,85,2688,21,6.0,11.05,30,86,Critical,Medium,12,Yes,"25,001–50,000"
V2594,Truck,12,9189,91,2933,28,8.5,11.51,40,108,Good,Low,9,No,"50,001–80,000"
V2595,Truck,14,44337,100,2653,28,16.2,11.33,45,57,Critical,High,9,Yes,"10,001–25,000"
V2596,SUV,3,89562,107,2173,49,16.4,12.18,37,42,Critical,Medium,10,Yes,"25,001–50,000"
V2597,Sedan,7,61947,110,2566,46,11.4,11.64,41,70,Good,Low,10,No,"50,001–80,000"
V2598,Truck,1,148854,85,2546,37,19.9,12.48,31,102,Good,Medium,2,No,"80,001+"
V2599,SUV,12,141418,86,1636,28,7.5,12.13,39,58,Good,Medium,9,No,"50,001–80,000"
V2600,Truck,1,131992,86,2967,28,7.4,12.88,33,82,Worn,Low,4,No,"80,001+"
V2601,SUV,13,192867,94,1939,25,19.7,12.16,31,52,Worn,Medium,11,No,"50,001–80,000"
V2602,Hatchback,7,49978,94,2714,23,5.2,12.93,33,35,Moderate,High,9,Yes,"25,001–50,000"
V2603,Sedan,10,27210,86,2072,26,17.5,12.92,37,86,Critical,Medium,3,Yes,"50,001–80,000"
V2604,Truck,10,137248,108,2251,50,14.9,11.99,35,91,Worn,Low,2,Yes,"80,001+"
V2605,Hatchback,5,15519,90,2425,25,11.3,11.21,44,54,Good,Medium,12,Yes,"50,001–80,000"
V2606,Sedan,11,60881,102,2067,27,18.2,11.92,33,77,Worn,Low,11,No,"25,001–50,000"
V2607,Truck,15,181814,105,1806,31,11.0,11.06,30,75,Worn,Low,10,No,"50,001–80,000"
V2608,Sedan,13,121061,86,2365,40,14.6,11.95,41,75,Critical,Low,10,Yes,"50,001–80,000"
V2609,Sedan,15,126030,100,1584,39,6.9,12.39,40,76,Critical,Medium,3,No,"50,001–80,000"
V2610,Hatchback,11,40057,106,1594,37,9.9,11.46,33,96,Critical,Low,9,Yes,"25,001–50,000"
V2611,Hatchback,6,196917,93,1541,43,6.8,11.04,42,78,Good,High,3,No,"80,001+"
V2612,Sedan,7,151863,85,1742,50,9.0,11.69,45,65,Moderate,Low,7,Yes,"80,001+"
V2613,Hatchback,15,105471,105,1799,29,12.4,12.47,45,66,Good,Low,11,Yes,"25,001–50,000"
V2614,Truck,14,152280,102,2837,23,16.9,12.92,41,97,Critical,Medium,6,Yes,"10,001–25,000"
V2615,Sedan,4,179138,109,2715,43,9.6,12.12,30,81,Critical,Low,10,No,"25,001–50,000"
V2616,Truck,14,157722,99,2249,45,10.8,12.54,31,43,Moderate,High,6,No,"50,001–80,000"
V2617,SUV,2,9783,98,2681,47,10.2,11.12,33,66,Good,Medium,5,No,"80,001+"
V2618,SUV,6,56065,103,1851,32,15.1,12.07,30,90,Critical,Low,9,Yes,"25,001–50,000"
V2619,Truck,5,159407,85,1644,25,12.1,12.21,30,37,Critical,Low,11,Yes,"25,001–50,000"
V2620,SUV,15,190364,96,1953,22,13.5,12.55,31,44,Good,Medium,8,No,"50,001–80,000"
V2621,Hatchback,14,75795,92,1648,48,19.4,11.83,31,103,Good,Low,5,Yes,"80,001+"
V2622,Sedan,11,142956,100,1646,20,6.7,11.01,36,91,Critical,High,8,Yes,"10,001–25,000"
V2623,Hatchback,14,115922,108,2666,24,5.8,12.12,35,64,Critical,High,8,Yes,"0–10,000"
V2624,Hatchback,2,49823,85,2266,42,19.8,11.27,45,109,Moderate,Medium,1,No,"80,001+"
V2625,Hatchback,4,153549,99,2162,42,10.2,12.42,43,62,Critical,Medium,3,Yes,"80,001+"
V2626,Hatchback,6,75887,85,2278,24,10.8,11.99,36,36,Moderate,High,10,No,"25,001–50,000"
V2627,Truck,8,96262,98,1723,22,10.0,12.84,44,100,Good,Medium,8,Yes,"80,001+"
V2628,Truck,3,182076,95,2338,49,16.3,12.59,42,96,Good,Medium,1,No,"80,001+"
V2629,Hatchback,6,186686,93,2665,36,11.9,11.28,42,110,Critical,Low,7,Yes,"80,001+"
V2630,Truck,6,98535,91,1686,31,10.1,12.65,31,109,Worn,Low,10,No,"80,001+"
V2631,Truck,12,113409,91,2634,32,14.1,11.33,39,81,Moderate,Medium,2,Yes,"80,001+"
V2632,SUV,4,134649,107,2439,32,7.6,11.13,31,70,Critical,Low,4,No,"50,001–80,000"
V2633,Hatchback,14,165474,97,1813,24,15.0,11.94,37,62,Critical,Medium,4,No,"25,001–50,000"
V2634,Truck,6,114994,86,2170,41,15.2,11.09,41,103,Worn,High,2,Yes,"80,001+"
V2635,SUV,5,104944,108,2500,27,13.6,11.6,37,77,Critical,Low,1,No,"25,001–50,000"
V2636,Truck,12,138028,93,2848,33,13.1,11.75,37,43,Moderate,Low,9,No,"80,001+"
V2637,Sedan,10,192579,106,1688,44,7.6,12.39,35,48,Critical,High,6,No,"25,001–50,000"
V2638,Hatchback,3,80805,110,2123,50,14.3,11.23,30,110,Critical,Medium,7,Yes,"50,001–80,000"
V2639,Sedan,1,84501,105,2236,24,12.4,11.85,39,35,Moderate,Low,9,No,"25,001–50,000"
V2640,Truck,5,192145,91,1852,47,15.2,12.36,36,107,Critical,Medium,5,No,"80,001+"
V2641,Truck,1,56530,98,2198,29,17.9,11.01,36,96,Worn,Medium,6,No,"80,001+"
V2642,Truck,1,154829,89,2221,20,5.9,11.11,39,36,Moderate,Low,5,Yes,"80,001+"
V2643,Truck,5,20470,86,2686,33,9.8,11.5,32,46,Good,Medium,6,No,"80,001+"
V2644,SUV,15,37061,98,2510,42,20.0,11.63,33,66,Worn,Low,5,Yes,"80,001+"
V2645,Hatchback,4,153819,90,2786,33,11.3,11.01,39,37,Moderate,Low,12,Yes,"80,001+"
V2646,Truck,6,187317,89,2420,23,8.3,12.49,31,51,Worn,High,8,Yes,"50,001–80,000"
V2647,Hatchback,11,198458,87,2451,39,10.4,12.68,41,60,Moderate,Medium,2,No,"80,001+"
V2648,Hatchback,12,93567,110,2669,30,8.4,11.93,36,54,Critical,Low,12,Yes,"25,001–50,000"
V2649,SUV,13,177270,100,2606,43,5.4,12.54,45,69,Worn,High,6,Yes,"50,001–80,000"
V2650,SUV,1,173208,97,2482,24,15.3,12.31,32,94,Good,Low,3,No,"80,001+"
V2651,SUV,15,122303,86,1729,28,10.4,11.3,37,72,Moderate,Medium,7,Yes,"50,001–80,000"
V2652,SUV,8,178761,86,1753,28,6.7,11.44,35,49,Worn,High,3,Yes,"50,001–80,000"
V2653,Sedan,15,27797,102,2913,47,5.1,11.5,45,51,Critical,Medium,8,Yes,"25,001–50,000"
V2654,SUV,1,20223,101,2019,40,10.2,12.18,36,47,Good,Low,6,No,"80,001+"
V2655,SUV,3,182996,85,1820,46,11.5,11.08,42,105,Critical,Medium,10,No,"50,001–80,000"
V2656,SUV,14,119882,103,1700,22,15.3,12.51,40,53,Good,Medium,7,No,"25,001–50,000"
V2657,Sedan,15,31335,98,2635,37,12.4,11.43,37,103,Worn,Low,12,No,"80,001+"
V2658,Hatchback,3,191741,86,2394,20,5.3,11.31,45,43,Worn,Low,3,Yes,"80,001+"
V2659,Truck,1,187434,91,2572,24,17.7,12.31,32,93,Good,Medium,7,Yes,"80,001+"
V2660,Sedan,1,99099,100,2343,47,9.8,12.95,36,73,Good,Medium,8,Yes,"80,001+"
V2661,Hatchback,9,173841,88,1840,30,13.5,12.46,40,59,Good,Medium,11,Yes,"80,001+"
V2662,Hatchback,12,19649,100,2094,37,8.3,12.97,30,68,Worn,High,10,Yes,"50,001–80,000"
V2663,Truck,3,137807,96,2466,42,17.2,11.12,41,89,Critical,Low,10,Yes,"50,001–80,000"
V2664,Sedan,5,168406,98,2588,25,6.3,12.67,44,39,Critical,Medium,4,Yes,"50,001–80,000"
V2665,Hatchback,2,190775,101,2621,32,17.0,12.2,39,51,Worn,Low,11,Yes,"50,001–80,000"
V2666,Sedan,10,76323,101,1708,40,10.2,12.31,32,103,Worn,Medium,11,Yes,"50,001–80,000"
V2667,Truck,12,49078,90,2084,43,7.1,11.01,33,32,Moderate,High,12,No,"50,001–80,000"
V2668,Sedan,15,192810,104,1687,30,17.4,12.61,41,101,Moderate,High,11,Yes,"25,001–50,000"
V2669,Truck,14,176141,104,2631,39,17.3,12.99,41,44,Worn,High,8,No,"25,001–50,000"
V2670,Hatchback,3,187432,109,1608,23,13.8,12.18,34,63,Good,High,1,Yes,"25,001–50,000"
V2671,SUV,8,95742,105,1547,38,19.1,11.6,35,80,Critical,Medium,1,No,"50,001–80,000"
V2672,Hatchback,9,109140,105,2718,34,11.3,11.78,41,81,Good,Medium,10,Yes,"50,001–80,000"
V2673,Hatchback,13,35106,87,2094,40,7.1,11.28,45,76,Moderate,Low,11,Yes,"80,001+"
V2674,Hatchback,14,7098,86,1786,48,17.8,12.02,42,94,Worn,Medium,4,No,"80,001+"
V2675,SUV,14,197139,88,1591,50,11.1,12.45,36,42,Worn,High,9,No,"50,001–80,000"
V2676,Truck,6,5173,107,2638,26,5.1,11.67,31,55,Worn,Low,12,No,"25,001–50,000"
V2677,SUV,3,192096,88,1867,42,9.9,12.59,41,66,Critical,Medium,12,No,"50,001–80,000"
V2678,SUV,12,97533,104,1881,43,11.4,11.34,40,36,Good,High,12,Yes,"25,001–50,000"
V2679,Sedan,7,9041,93,2429,33,8.6,12.34,43,60,Good,Low,11,No,"80,001+"
V2680,Hatchback,2,113625,93,2815,25,10.7,12.54,33,81,Worn,Low,12,No,"50,001–80,000"
V2681,SUV,5,51881,96,2523,31,15.7,12.98,32,38,Worn,High,2,Yes,"80,001+"
V2682,SUV,14,6140,92,2221,49,9.2,12.7,43,36,Moderate,High,12,No,"50,001–80,000"
V2683,Sedan,9,49910,108,2355,50,7.1,11.53,43,42,Critical,Medium,1,No,"50,001–80,000"
V2684,Sedan,7,85385,85,1845,44,16.2,12.21,42,88,Good,Medium,10,Yes,"80,001+"
V2685,SUV,8,42192,95,1696,41,17.0,11.69,34,53,Worn,High,5,Yes,"80,001+"
V2686,Sedan,9,40241,100,2257,30,16.9,11.68,44,46,Critical,Low,8,Yes,"80,001+"
V2687,Hatchback,5,28323,100,2195,25,6.3,12.34,34,54,Critical,High,12,No,"10,001–25,000"
V2688,SUV,9,176252,99,2892,37,14.9,12.16,41,71,Critical,Low,2,No,"80,001+"
V2689,SUV,11,153597,101,2735,30,5.3,12.63,38,64,Critical,Medium,4,No,"25,001–50,000"
V2690,Sedan,13,34785,98,2155,26,11.6,12.19,30,107,Critical,Medium,8,No,"25,001–50,000"
V2691,Truck,7,29545,109,2139,24,8.5,11.58,43,30,Critical,Low,9,Yes,"10,001–25,000"
V2692,Truck,14,176955,88,2266,50,16.1,11.51,37,84,Worn,High,3,No,"50,001–80,000"
V2693,Sedan,11,13406,93,2676,32,11.6,12.17,39,50,Good,Medium,8,No,"80,001+"
V2694,Truck,14,74670,87,2672,28,10.4,12.81,35,67,Critical,High,7,No,"10,001–25,000"
V2695,SUV,7,174354,99,1937,35,8.8,11.63,40,67,Critical,High,7,No,"50,001–80,000"
V2696,Truck,10,108763,86,2114,43,11.8,11.65,39,35,Good,Medium,9,No,"80,001+"
V2697,SUV,6,61365,100,1941,38,9.4,12.01,39,32,Worn,Medium,3,No,"80,001+"
V2698,Sedan,11,48563,103,2512,39,12.3,12.4,42,57,Worn,High,7,Yes,"25,001–50,000"
V2699,SUV,4,183076,105,2792,23,7.4,11.79,43,108,Critical,High,11,No,"0–10,000"
V2700,SUV,14,95741,102,2696,23,16.8,12.41,33,83,Moderate,Medium,10,No,"25,001–50,000"
V2701,SUV,3,185129,107,2140,25,16.6,12.37,32,32,Good,Low,4,Yes,"50,001–80,000"
V2702,SUV,10,84904,88,2754,20,18.2,12.2,45,74,Critical,Low,9,No,"25,001–50,000"
V2703,Truck,11,23690,95,1747,35,8.4,12.82,43,79,Critical,Medium,1,No,"50,001–80,000"
V2704,Truck,5,110391,88,1676,23,17.9,11.96,41,78,Good,Low,10,No,"50,001–80,000"
V2705,Sedan,11,101536,99,1837,28,14.5,12.43,31,40,Good,Medium,8,No,"50,001–80,000"
V2706,Sedan,15,45844,86,2490,20,5.1,12.75,35,69,Moderate,High,5,Yes,"25,001–50,000"
V2707,Hatchback,8,162218,91,1843,39,8.7,11.64,37,95,Worn,Low,11,Yes,"80,001+"
V2708,SUV,13,13042,99,2445,25,19.3,11.45,40,109,Moderate,Low,4,No,"50,001–80,000"
V2709,SUV,13,53658,96,2360,41,19.2,12.57,38,65,Critical,Medium,4,No,"50,001–80,000"
V2710,Sedan,11,160083,95,2986,31,8.5,12.15,35,93,Critical,High,7,Yes,"25,001–50,000"
V2711,SUV,15,87829,107,1831,45,10.7,12.23,31,55,Good,Medium,9,Yes,"50,001–80,000"
V2712,Hatchback,2,186576,96,2237,44,11.9,11.58,30,83,Good,Medium,11,No,"80,001+"
V2713,Hatchback,6,89715,87,1732,22,6.2,12.97,35,59,Moderate,Low,10,Yes,"50,001–80,000"
V2714,Truck,10,53355,105,1614,49,11.2,12.49,34,93,Critical,High,8,No,"25,001–50,000"
V2715,Truck,1,48444,100,1767,43,16.8,11.92,42,67,Critical,High,5,Yes,"50,001–80,000"
V2716,Hatchback,6,156155,103,1821,45,10.5,11.58,35,106,Good,High,8,No,"50,001–80,000"
V2717,Sedan,4,98667,109,1831,43,10.2,12.45,32,95,Worn,High,11,Yes,"25,001–50,000"
V2718,Sedan,13,147824,92,1822,35,17.4,12.62,30,101,Critical,High,2,Yes,"25,001–50,000"
V2719,SUV,1,10158,101,2099,32,8.8,12.2,40,108,Good,High,8,No,"50,001–80,000"
V2720,Hatchback,14,126555,94,2188,30,17.1,11.45,43,41,Moderate,High,3,Yes,"50,001–80,000"
V2721,SUV,9,146702,104,1846,29,12.0,12.17,35,88,Moderate,Medium,8,Yes,"50,001–80,000"
V2722,Sedan,5,181912,110,2643,47,8.0,12.99,44,33,Moderate,High,5,No,"50,001–80,000"
V2723,SUV,2,130667,105,1992,22,6.6,11.37,42,107,Moderate,High,10,No,"10,001–25,000"
V2724,Sedan,11,26318,102,2115,34,12.3,11.04,41,51,Good,Low,1,Yes,"50,001–80,000"
V2725,Sedan,9,9507,90,2046,39,7.9,11.52,44,86,Good,Low,7,Yes,"80,001+"
V2726,Hatchback,7,39586,108,2207,35,6.6,12.87,41,39,Worn,High,2,Yes,"50,001–80,000"
V2727,Sedan,4,176281,102,1852,49,17.0,12.88,30,46,Moderate,High,5,Yes,"50,001–80,000"
V2728,Hatchback,8,33268,90,1966,35,8.8,11.07,31,43,Good,Low,11,Yes,"80,001+"
V2729,Sedan,1,182620,101,2865,21,8.9,12.29,41,62,Worn,Medium,3,No,"50,001–80,000"
V2730,Sedan,6,9579,108,1836,24,17.5,12.08,32,50,Moderate,Medium,4,No,"50,001–80,000"
V2731,Sedan,14,46034,93,1576,45,9.0,11.27,42,66,Worn,High,1,Yes,"50,001–80,000"
V2732,Hatchback,9,53452,98,2807,22,11.9,11.06,30,58,Moderate,Medium,11,No,"50,001–80,000"
V2733,SUV,6,117147,108,2532,45,15.8,12.96,36,66,Critical,Low,5,Yes,"50,001–80,000"
V2734,Truck,2,149464,85,2189,48,10.7,13.0,33,64,Worn,Low,6,Yes,"80,001+"
V2735,Hatchback,14,174771,85,2703,21,8.0,12.52,33,71,Moderate,Low,8,Yes,"50,001–80,000"
V2736,SUV,2,63560,99,1995,48,17.8,12.71,34,103,Worn,Medium,5,Yes,"80,001+"
V2737,SUV,8,5647,88,2602,43,19.5,12.41,40,51,Moderate,High,12,Yes,"50,001–80,000"
V2738,SUV,11,6325,102,2410,32,19.9,12.66,43,110,Worn,Medium,5,No,"50,001–80,000"
V2739,Truck,3,120916,108,2035,43,14.0,12.91,42,83,Good,High,2,No,"50,001–80,000"
V2740,Truck,8,173019,97,1869,26,7.6,11.81,37,73,Critical,Medium,2,Yes,"50,001–80,000"
V2741,SUV,4,17957,97,1930,44,19.0,11.76,38,74,Critical,High,9,No,"25,001–50,000"
V2742,Sedan,8,73546,108,2650,46,7.1,11.71,43,47,Critical,High,4,Yes,"25,001–50,000"
V2743,Truck,13,55695,102,1605,21,12.1,12.72,35,70,Moderate,High,11,No,"10,001–25,000"
V2744,Hatchback,11,158962,93,1673,21,8.6,12.47,42,74,Worn,Low,10,No,"50,001–80,000"
V2745,Hatchback,3,5240,91,1766,45,19.2,11.2,42,58,Good,Medium,3,Yes,"80,001+"
V2746,Sedan,12,103860,89,2126,41,7.6,11.81,45,109,Moderate,Medium,1,No,"80,001+"
V2747,SUV,1,188033,108,1847,27,19.4,11.23,37,72,Worn,High,7,No,"25,001–50,000"
V2748,Sedan,13,143727,89,2666,37,11.7,11.39,41,65,Worn,High,5,No,"50,001–80,000"
V2749,SUV,1,55384,93,1988,45,7.1,12.44,45,96,Moderate,High,3,No,"80,001+"
V2750,Hatchback,9,176983,108,2105,27,9.8,12.52,35,102,Good,Low,10,Yes,"25,001–50,000"
V2751,Truck,7,154402,93,1626,37,6.7,12.06,41,54,Moderate,Low,10,Yes,"80,001+"
V2752,Hatchback,8,64071,104,2318,31,19.6,11.48,35,65,Good,Medium,6,No,"80,001+"
V2753,Sedan,11,78494,102,1813,47,17.2,11.99,42,76,Critical,Low,6,No,"25,001–50,000"
V2754,Hatchback,8,118956,96,2072,31,16.7,11.51,43,86,Good,Low,2,No,"80,001+"
V2755,SUV,4,53858,108,2729,23,14.4,12.83,36,60,Critical,High,8,Yes,"10,001–25,000"
V2756,Hatchback,9,103155,90,1807,22,14.2,12.23,44,55,Good,Medium,4,Yes,"80,001+"
V2757,Hatchback,4,79634,99,2464,50,6.3,11.04,41,46,Worn,High,5,Yes,"80,001+"
V2758,Hatchback,6,50161,109,1891,46,19.0,11.83,35,68,Critical,Medium,3,Yes,"50,001–80,000"
V2759,SUV,8,53906,93,1594,22,16.2,12.73,40,65,Moderate,Low,6,No,"80,001+"
V2760,Truck,6,10141,90,2405,50,18.3,11.21,38,69,Moderate,Medium,1,Yes,"80,001+"
V2761,SUV,12,113023,91,1790,37,19.8,11.8,38,110,Critical,Medium,6,No,"50,001–80,000"
V2762,Hatchback,3,162968,102,2703,48,17.4,12.03,45,108,Critical,Medium,12,Yes,"25,001–50,000"
V2763,Truck,2,128623,106,1711,31,16.1,11.89,30,47,Moderate,Low,10,Yes,"50,001–80,000"
V2764,SUV,10,169007,90,2394,30,10.2,11.29,32,94,Worn,Low,6,No,"80,001+"
V2765,Sedan,1,96469,94,2810,36,9.1,11.11,37,81,Critical,High,5,No,"50,001–80,000"
V2766,SUV,3,52933,85,2837,32,7.9,12.98,34,61,Good,Medium,7,No,"80,001+"
V2767,Hatchback,7,149795,103,2254,49,7.1,12.29,30,33,Critical,Low,5,Yes,"50,001–80,000"
V2768,Sedan,2,113185,96,2407,29,17.6,12.88,45,91,Worn,Medium,11,No,"50,001–80,000"
V2769,Truck,1,166460,99,2551,23,13.1,11.81,31,80,Worn,High,6,No,"50,001–80,000"
V2770,Hatchback,8,152067,91,2325,44,10.9,12.48,34,87,Good,High,1,No,"80,001+"
V2771,Hatchback,2,52543,96,2603,30,7.5,12.6,35,65,Worn,High,1,No,"80,001+"
V2772,Sedan,2,65345,104,2185,36,18.3,12.58,40,39,Critical,High,6,Yes,"25,001–50,000"
V2773,SUV,7,98416,86,1565,42,9.9,11.04,36,82,Good,Low,9,No,"80,001+"
V2774,SUV,11,125782,87,1645,47,13.1,11.1,31,82,Moderate,Low,4,Yes,"80,001+"
V2775,Sedan,7,115643,94,2328,42,6.4,11.29,34,52,Moderate,Medium,5,No,"80,001+"
V2776,SUV,13,186718,98,1829,34,18.0,11.36,42,65,Worn,Medium,5,No,"80,001+"
V2777,SUV,12,153490,102,2561,43,16.5,11.89,37,96,Moderate,High,7,No,"25,001–50,000"
V2778,Truck,11,12418,103,2805,33,15.8,11.7,33,38,Worn,High,10,No,"25,001–50,000"
V2779,Sedan,4,140187,107,1798,22,17.1,11.75,45,62,Worn,High,7,No,"25,001–50,000"
V2780,SUV,10,72073,103,2849,37,15.4,11.81,33,103,Moderate,High,10,Yes,"25,001–50,000"
V2781,Truck,14,110243,108,2082,32,6.8,11.21,39,100,Good,Medium,2,Yes,"50,001–80,000"
V2782,SUV,2,124544,104,1642,41,9.3,12.76,43,58,Good,Medium,7,No,"80,001+"
V2783,Truck,9,185329,86,2735,37,8.2,12.27,34,67,Critical,High,7,No,"50,001–80,000"
V2784,Hatchback,1,173865,97,2453,49,6.3,11.07,34,108,Critical,Medium,1,No,"80,001+"
V2785,Sedan,14,33646,91,2532,49,19.9,11.62,40,99,Good,High,5,Yes,"50,001–80,000"
V2786,SUV,4,94889,99,2861,25,18.8,11.56,35,106,Good,High,2,No,"50,001–80,000"
V2787,Hatchback,3,160380,104,1870,44,5.1,11.99,34,109,Moderate,Low,10,Yes,"50,001–80,000"
V2788,Truck,10,189127,99,2211,39,7.3,11.63,32,91,Moderate,High,7,Yes,"80,001+"
V2789,Hatchback,6,188354,96,2752,38,9.3,12.73,44,36,Worn,High,5,Yes,"80,001+"
V2790,Hatchback,13,174989,95,1835,40,16.5,12.99,40,45,Moderate,Low,6,Yes,"80,001+"
V2791,Sedan,5,98141,95,1995,34,12.2,11.47,37,80,Good,Medium,10,No,"80,001+"
V2792,Truck,15,64910,108,2733,50,5.2,11.56,33,34,Worn,High,1,No,"25,001–50,000"
V2793,Truck,2,17332,85,2004,50,15.5,11.2,37,74,Critical,Medium,8,No,"80,001+"
V2794,Sedan,12,32174,89,1758,27,8.9,11.59,39,55,Critical,High,7,No,"10,001–25,000"
V2795,Hatchback,9,73944,100,2935,41,9.8,12.12,43,93,Critical,High,4,No,"50,001–80,000"
V2796,SUV,1,185154,103,2040,41,6.7,12.48,37,100,Worn,Medium,9,No,"50,001–80,000"
V2797,SUV,1,127641,108,1511,20,8.9,12.87,44,55,Worn,Medium,2,Yes,"50,001–80,000"
V2798,Hatchback,8,54761,101,1552,21,9.6,12.07,32,102,Worn,High,7,Yes,"25,001–50,000"
V2799,Hatchback,15,193560,105,1649,26,17.5,12.61,36,53,Worn,Medium,8,Yes,"25,001–50,000"
V2800,SUV,12,169971,89,1740,43,19.6,12.37,34,58,Worn,Low,9,Yes,"80,001+"
V2801,Hatchback,5,29191,103,2582,25,16.0,12.44,33,54,Worn,High,3,No,"25,001–50,000"
V2802,SUV,1,145364,103,1925,34,8.6,12.11,35,74,Moderate,High,10,No,"25,001–50,000"
V2803,Hatchback,4,155929,94,1677,25,17.9,11.86,33,96,Worn,High,9,Yes,"25,001–50,000"
V2804,Sedan,4,37631,85,1732,46,10.0,12.01,43,82,Worn,Medium,5,No,"80,001+"
V2805,Truck,13,35565,110,2308,38,16.0,12.57,37,65,Critical,Medium,5,No,"25,001–50,000"
V2806,Sedan,7,132542,93,2030,21,18.6,11.67,44,52,Moderate,Medium,3,No,"80,001+"
V2807,Truck,2,77975,105,2890,24,7.6,11.58,43,67,Good,Medium,9,No,"25,001–50,000"
V2808,Hatchback,12,158866,86,2004,31,15.8,11.06,41,97,Critical,High,3,Yes,"25,001–50,000"
V2809,Truck,12,139579,87,2558,37,13.6,11.88,34,78,Worn,Medium,9,No,"80,001+"
V2810,Sedan,7,8222,107,1673,33,14.7,11.26,37,53,Moderate,High,8,No,"50,001–80,000"
V2811,Truck,7,37148,92,2942,47,18.2,12.88,30,97,Moderate,Low,4,Yes,"80,001+"
V2812,Truck,13,117864,94,2583,47,16.8,12.05,39,66,Worn,Medium,5,Yes,"80,001+"
V2813,SUV,7,185197,108,1925,27,11.3,12.09,41,74,Good,Low,11,No,"25,001–50,000"
V2814,Hatchback,10,12882,96,2877,34,15.6,12.96,43,56,Moderate,Low,6,No,"80,001+"
V2815,Truck,14,151887,88,1501,34,17.6,12.58,34,74,Critical,Low,6,No,"50,001–80,000"
V2816,Hatchback,3,132424,97,2110,33,6.8,12.04,38,57,Worn,Low,7,No,"80,001+"
V2817,Hatchback,14,6592,90,1603,46,19.5,11.17,40,38,Worn,Medium,12,Yes,"80,001+"
V2818,Hatchback,11,110483,96,1906,47,9.8,12.15,37,32,Good,High,11,Yes,"50,001–80,000"
V2819,Truck,1,136158,107,2412,39,16.0,11.39,35,86,Good,Medium,9,No,"50,001–80,000"
V2820,SUV,8,156119,110,1904,31,15.8,11.59,31,40,Critical,Low,5,No,"50,001–80,000"
V2821,Hatchback,10,138901,99,2722,49,16.3,11.42,43,58,Critical,High,6,Yes,"50,001–80,000"
V2822,Sedan,8,102958,109,2351,37,13.6,11.97,33,39,Worn,High,5,No,"50,001–80,000"
V2823,SUV,10,137184,107,2533,49,6.6,12.74,34,43,Good,Medium,7,Yes,"80,001+"
V2824,Truck,7,183826,95,2609,37,11.3,12.87,34,71,Moderate,High,4,Yes,"80,001+"
V2825,Sedan,9,85759,100,1729,31,14.7,11.65,34,46,Good,Medium,8,No,"80,001+"
V2826,Sedan,6,5309,107,1803,22,9.8,12.9,40,38,Moderate,Low,7,Yes,"50,001–80,000"
V2827,Hatchback,6,94392,100,2448,42,10.3,12.67,39,49,Moderate,High,2,Yes,"80,001+"
V2828,Sedan,1,12877,91,2206,25,7.6,11.47,45,57,Critical,High,6,No,"25,001–50,000"
V2829,Hatchback,10,110741,85,2443,20,13.5,12.16,43,74,Critical,Medium,7,No,"50,001–80,000"
V2830,Hatchback,8,177659,85,1910,34,15.8,12.82,41,108,Critical,High,7,No,"50,001–80,000"
V2831,Truck,13,178104,93,2313,23,7.8,12.04,31,45,Critical,Low,5,Yes,"25,001–50,000"
V2832,Hatchback,2,121199,87,2421,33,17.5,11.06,31,62,Critical,Low,1,Yes,"80,001+"
V2833,Sedan,13,36850,94,2561,23,12.8,11.59,35,96,Critical,Medium,9,Yes,"25,001–50,000"
V2834,Truck,11,23193,100,2100,20,18.6,12.96,35,69,Moderate,High,10,Yes,"25,001–50,000"
V2835,Truck,5,45659,86,1661,47,7.1,12.97,40,44,Good,High,12,No,"50,001–80,000"
V2836,SUV,10,137172,108,2655,40,15.1,11.2,38,66,Worn,Medium,8,Yes,"80,001+"
V2837,Sedan,9,66926,88,2709,24,9.7,11.53,37,52,Moderate,High,11,No,"25,001–50,000"
V2838,Hatchback,15,168023,102,1581,22,15.4,12.35,44,60,Moderate,Medium,1,No,"25,001–50,000"
V2839,SUV,2,56906,98,1787,34,18.5,11.25,33,82,Good,Low,6,No,"80,001+"
V2840,SUV,6,50696,109,1809,36,5.2,12.66,45,109,Good,Low,8,Yes,"80,001+"
V2841,Truck,15,85505,89,2213,30,8.8,12.03,32,64,Worn,Medium,4,Yes,"80,001+"
V2842,Hatchback,13,84904,100,2521,21,14.9,12.29,36,73,Good,Medium,3,No,"50,001–80,000"
V2843,Hatchback,11,79019,85,1936,30,12.0,12.36,44,84,Good,Low,9,No,"80,001+"
V2844,SUV,6,154435,97,2661,47,5.5,12.93,39,49,Good,High,6,Yes,"80,001+"
V2845,Truck,15,187861,98,2189,24,18.0,11.77,37,63,Moderate,Low,12,Yes,"50,001–80,000"
V2846,Hatchback,7,41692,95,1555,29,19.1,11.29,42,84,Worn,Low,10,Yes,"50,001–80,000"
V2847,Hatchback,11,187344,88,1711,25,18.1,12.46,41,96,Critical,Medium,3,No,"25,001–50,000"
V2848,Hatchback,4,161434,86,2704,47,18.1,11.69,41,86,Worn,Medium,11,Yes,"80,001+"
V2849,Hatchback,3,198509,95,2327,22,12.7,12.74,42,40,Good,Low,11,Yes,"50,001–80,000"
V2850,Hatchback,8,125259,107,1993,25,11.1,12.54,33,46,Critical,Low,6,Yes,"25,001–50,000"
V2851,SUV,11,122477,101,2067,50,16.6,11.46,39,57,Worn,Medium,2,No,"50,001–80,000"
V2852,Hatchback,1,23472,97,1779,31,5.5,11.58,31,93,Worn,Low,5,Yes,"80,001+"
V2853,Hatchback,4,87186,96,2707,21,19.4,11.26,42,68,Worn,High,3,Yes,"50,001–80,000"
V2854,Sedan,14,88549,101,1950,50,10.6,12.4,31,75,Moderate,High,5,No,"25,001–50,000"
V2855,SUV,11,126123,110,1685,40,10.6,11.98,35,99,Worn,Low,1,Yes,"50,001–80,000"
V2856,Truck,5,198466,102,2958,31,14.3,12.85,37,82,Moderate,Medium,8,Yes,"80,001+"
V2857,Sedan,11,38076,96,2886,24,7.1,12.1,38,100,Critical,Medium,12,No,"25,001–50,000"
V2858,Sedan,15,37190,89,1658,42,18.8,12.36,43,88,Critical,Medium,7,No,"50,001–80,000"
V2859,Hatchback,5,153359,98,2041,24,7.0,11.33,30,68,Critical,High,5,Yes,"25,001–50,000"
V2860,Sedan,10,21588,105,2500,43,5.3,12.01,31,39,Moderate,High,12,Yes,"25,001–50,000"
V2861,Sedan,10,28856,105,1569,32,7.0,11.1,31,69,Critical,High,9,No,"10,001–25,000"
V2862,SUV,5,53160,88,2819,49,9.8,12.26,36,69,Good,Medium,10,No,"80,001+"
V2863,SUV,7,107860,99,2469,36,6.8,12.82,32,81,Moderate,High,3,No,"80,001+"
V2864,Sedan,6,140449,92,2814,27,16.1,12.54,31,75,Good,Low,3,Yes,"80,001+"
V2865,Truck,15,63415,92,1825,23,10.3,11.35,39,36,Critical,Medium,10,No,"25,001–50,000"
V2866,Hatchback,4,124172,96,2299,29,17.8,11.91,42,54,Moderate,High,7,No,"50,001–80,000"
V2867,Sedan,1,14596,87,1894,24,8.4,11.65,45,60,Worn,High,4,Yes,"50,001–80,000"
V2868,Hatchback,8,73742,89,2827,33,19.4,12.53,41,81,Worn,High,4,Yes,"80,001+"
V2869,SUV,11,158552,102,2665,22,12.2,12.76,41,45,Worn,Medium,3,Yes,"25,001–50,000"
V2870,Sedan,10,178278,90,2200,32,19.1,11.77,41,107,Worn,Low,4,Yes,"80,001+"
V2871,Truck,5,166791,103,1913,29,10.1,11.31,44,94,Critical,Medium,12,Yes,"10,001–25,000"
V2872,Hatchback,7,192403,86,2315,21,7.2,12.09,30,76,Worn,Medium,7,Yes,"80,001+"
V2873,Sedan,13,48435,97,2289,29,18.5,12.85,35,63,Worn,Medium,6,No,"50,001–80,000"
V2874,SUV,7,176238,90,1516,28,9.2,12.31,40,101,Moderate,Low,11,No,"50,001–80,000"
V2875,Sedan,15,120124,107,2137,49,5.7,11.91,45,57,Moderate,Medium,8,Yes,"50,001–80,000"
V2876,Hatchback,4,148063,95,1599,28,13.4,11.38,44,48,Worn,Medium,4,No,"80,001+"
V2877,Hatchback,10,24190,98,1876,29,19.4,12.12,34,67,Critical,High,7,No,"25,001–50,000"
V2878,Truck,9,199324,106,1594,48,9.8,11.42,35,72,Worn,Medium,2,Yes,"80,001+"
V2879,Sedan,2,89240,97,1752,49,19.8,12.82,40,107,Worn,High,8,Yes,"80,001+"
V2880,Sedan,3,143563,92,2198,46,19.5,12.13,44,83,Moderate,High,8,No,"80,001+"
V2881,Truck,10,70847,105,2821,24,10.4,11.32,35,38,Critical,Medium,10,Yes,"10,001–25,000"
V2882,Truck,7,68997,106,2199,21,16.9,11.84,36,30,Good,Medium,1,Yes,"50,001–80,000"
V2883,Truck,1,22753,105,1852,27,9.6,11.35,36,109,Worn,Low,9,Yes,"25,001–50,000"
V2884,Truck,13,156511,108,2767,46,17.6,11.58,42,88,Worn,Medium,11,No,"50,001–80,000"
V2885,Hatchback,3,18431,88,2446,49,13.1,12.75,35,67,Moderate,High,3,No,"80,001+"
V2886,Sedan,2,56063,99,2214,39,5.1,11.54,43,65,Good,Low,10,No,"80,001+"
V2887,Truck,6,42103,88,1919,30,16.6,11.98,33,97,Good,Medium,12,Yes,"80,001+"
V2888,Sedan,8,188421,90,2188,46,11.0,12.9,33,39,Critical,Low,10,Yes,"50,001–80,000"
V2889,SUV,1,91358,94,1521,36,10.6,12.18,38,104,Worn,High,10,Yes,"50,001–80,000"
V2890,Truck,12,196632,98,2616,37,9.4,11.52,40,57,Moderate,Medium,12,No,"80,001+"
V2891,Hatchback,12,197750,95,1841,34,14.8,12.75,30,57,Critical,Medium,7,Yes,"50,001–80,000"
V2892,Hatchback,11,195518,101,2685,36,16.3,11.41,34,95,Moderate,Low,4,No,"50,001–80,000"
V2893,Truck,12,7278,100,2138,42,6.3,12.14,39,57,Worn,Low,11,Yes,"80,001+"
V2894,Truck,13,152400,102,2677,22,6.8,11.63,32,75,Worn,High,6,Yes,"10,001–25,000"
V2895,Hatchback,10,5306,109,2315,21,15.5,12.85,34,35,Critical,Medium,6,No,"25,001–50,000"
V2896,Hatchback,10,198527,108,2933,46,16.2,11.22,31,98,Moderate,Medium,5,Yes,"80,001+"
V2897,Truck,14,165202,95,1723,30,17.0,12.76,31,83,Worn,Medium,2,No,"80,001+"
V2898,Truck,12,15307,108,2717,38,6.5,12.99,39,94,Critical,High,3,Yes,"10,001–25,000"
V2899,SUV,12,61825,101,2969,42,13.8,12.0,38,32,Good,High,12,No,"25,001–50,000"
V2900,SUV,12,67027,99,1554,50,19.7,11.18,45,40,Moderate,Medium,10,Yes,"80,001+"
V2901,SUV,14,13989,94,1550,49,7.0,12.98,38,110,Moderate,High,8,Yes,"50,001–80,000"
V2902,SUV,14,172314,88,2128,21,15.8,11.09,40,97,Good,Low,4,Yes,"50,001–80,000"
V2903,Sedan,14,194549,89,2918,45,5.5,12.16,37,54,Moderate,Medium,5,No,"80,001+"
V2904,Sedan,12,42094,103,2760,34,10.9,12.79,36,105,Good,Low,10,No,"50,001–80,000"
V2905,Sedan,11,115517,97,1780,31,13.7,11.0,39,97,Critical,Low,7,No,"50,001–80,000"
V2906,SUV,11,137573,98,2235,23,12.8,11.7,37,109,Critical,Low,12,Yes,"25,001–50,000"
V2907,Hatchback,14,186137,87,2821,24,10.0,11.69,39,79,Moderate,Medium,9,Yes,"50,001–80,000"
V2908,Sedan,5,186369,90,2377,34,7.0,12.14,43,40,Critical,High,4,Yes,"50,001–80,000"
V2909,Hatchback,5,194597,87,1559,46,13.3,12.7,36,97,Critical,High,4,Yes,"50,001–80,000"
V2910,Truck,7,48611,98,2081,30,12.8,12.51,38,40,Moderate,Medium,4,No,"80,001+"
V2911,Truck,11,156965,87,2863,47,18.2,11.84,42,63,Worn,High,12,No,"50,001–80,000"
V2912,Sedan,2,11935,110,1954,26,15.8,11.32,45,41,Worn,High,5,Yes,"25,001–50,000"
V2913,SUV,7,197066,87,2276,31,12.7,12.61,42,59,Worn,Low,9,No,"80,001+"
V2914,Truck,4,194757,88,2995,28,15.3,12.79,39,37,Good,Low,8,Yes,"80,001+"
V2915,Sedan,8,32229,85,2631,32,16.0,11.61,30,60,Worn,High,7,No,"80,001+"
V2916,Truck,3,49679,89,2129,23,12.1,12.27,42,87,Good,Low,4,No,"80,001+"
V2917,Sedan,13,13319,107,2253,29,6.5,11.51,43,42,Critical,Low,7,No,"10,001–25,000"
V2918,Hatchback,3,45721,105,1832,43,9.9,12.18,44,44,Good,Low,3,Yes,"80,001+"
V2919,Sedan,7,71014,90,2063,47,18.2,11.62,32,78,Moderate,Low,1,No,"80,001+"
V2920,SUV,4,159698,98,2974,47,19.9,11.11,33,42,Good,Medium,4,Yes,"80,001+"
V2921,Hatchback,3,24545,107,1629,20,8.4,11.56,40,82,Worn,Medium,8,Yes,"50,001–80,000"
V2922,SUV,6,131185,91,2726,35,7.2,11.36,36,60,Good,Low,6,Yes,"80,001+"
V2923,SUV,14,130900,110,1727,42,12.4,11.99,31,93,Worn,Low,1,Yes,"50,001–80,000"
V2924,Sedan,6,15451,94,1612,23,10.8,11.64,31,31,Good,High,1,No,"50,001–80,000"
V2925,Sedan,6,150287,102,1868,45,8.1,11.69,34,64,Good,High,7,Yes,"50,001–80,000"
V2926,Truck,9,116953,103,1514,43,19.7,12.93,39,41,Critical,High,2,No,"25,001–50,000"
V2927,Truck,9,156288,94,2767,29,18.9,12.64,31,40,Critical,Low,2,No,"50,001–80,000"
V2928,Truck,12,195726,108,1570,40,6.2,11.32,34,48,Critical,Medium,1,No,"25,001–50,000"
V2929,Hatchback,11,15611,101,1758,25,11.4,12.43,36,56,Good,Low,8,No,"25,001–50,000"
V2930,SUV,6,173006,103,2285,41,11.3,12.2,39,78,Moderate,Low,3,Yes,"80,001+"
V2931,Truck,13,150347,106,1704,29,5.4,11.83,30,93,Worn,High,6,No,"10,001–25,000"
V2932,Hatchback,6,189839,104,2713,49,14.2,12.67,32,56,Moderate,Medium,8,Yes,"80,001+"
V2933,SUV,14,23669,87,1708,46,17.2,12.59,38,31,Critical,Low,12,No,"50,001–80,000"
V2934,SUV,10,43099,89,2686,27,12.9,12.91,40,87,Worn,High,2,No,"50,001–80,000"
V2935,Hatchback,13,33486,104,2815,28,6.0,12.73,31,104,Worn,Medium,8,No,"25,001–50,000"
V2936,Sedan,5,68832,96,2570,23,5.8,12.9,35,40,Critical,Low,5,No,"50,001–80,000"
V2937,Sedan,9,100390,102,2703,26,12.6,12.05,37,64,Moderate,High,4,Yes,"25,001–50,000"
V2938,Truck,12,152606,99,2158,41,17.5,12.11,37,48,Worn,Medium,6,No,"80,001+"
V2939,Sedan,8,190542,95,1664,25,12.2,11.7,41,92,Good,High,7,Yes,"50,001–80,000"
V2940,SUV,14,56802,99,2959,23,6.5,12.98,40,108,Critical,Medium,2,Yes,"25,001–50,000"
V2941,SUV,15,118899,98,2041,40,7.0,12.33,30,89,Good,Low,6,No,"80,001+"
V2942,Truck,2,163834,93,2009,23,9.7,11.99,43,56,Worn,Low,12,Yes,"50,001–80,000"
V2943,Hatchback,10,156157,109,2078,42,8.2,11.73,30,37,Worn,High,3,No,"50,001–80,000"
V2944,Truck,14,193615,88,1532,42,18.8,12.05,33,110,Good,Medium,7,Yes,"80,001+"
V2945,Hatchback,5,30855,106,2349,39,13.2,11.78,32,62,Critical,High,4,Yes,"25,001–50,000"
V2946,Hatchback,6,152789,87,1874,42,11.9,12.03,45,101,Critical,Medium,8,No,"80,001+"
V2947,Hatchback,2,25685,105,2066,20,19.4,12.75,37,102,Worn,High,1,No,"25,001–50,000"
V2948,Sedan,4,75164,86,1661,50,11.5,12.6,40,93,Critical,Low,11,Yes,"50,001–80,000"
V2949,SUV,12,121812,99,2968,34,8.5,11.58,30,74,Worn,Low,8,No,"80,001+"
V2950,SUV,5,56739,87,2102,48,18.7,11.5,35,85,Good,Medium,11,Yes,"80,001+"
V2951,Truck,5,164628,88,1811,24,14.6,11.26,33,77,Good,Medium,10,Yes,"50,001–80,000"
V2952,Truck,4,49838,89,1813,34,16.1,12.97,34,88,Moderate,Medium,3,Yes,"80,001+"
V2953,SUV,7,98805,107,1560,44,13.3,12.58,30,64,Critical,High,9,No,"10,001–25,000"
V2954,SUV,7,68700,98,2852,30,12.4,12.52,32,55,Good,Low,7,Yes,"80,001+"
V2955,SUV,11,21506,88,2197,46,11.0,11.02,39,62,Good,Medium,6,No,"80,001+"
V2956,SUV,4,153249,87,2847,29,17.6,11.02,36,37,Worn,Medium,5,Yes,"80,001+"
V2957,SUV,1,134628,94,1635,47,13.8,11.07,30,108,Worn,Medium,10,Yes,"80,001+"
V2958,SUV,11,184002,99,1922,38,7.7,12.07,35,40,Worn,High,12,Yes,"50,001–80,000"
V2959,Sedan,5,105716,86,1565,22,11.0,12.15,34,82,Moderate,High,7,Yes,"50,001–80,000"
V2960,Truck,9,81065,97,2600,27,5.9,12.74,32,68,Moderate,High,12,Yes,"25,001–50,000"
V2961,Hatchback,1,62429,102,2274,27,9.0,11.47,33,86,Critical,Low,10,Yes,"10,001–25,000"
V2962,SUV,4,104397,92,2907,46,10.9,12.13,33,67,Worn,Low,9,Yes,"80,001+"
V2963,Sedan,9,54716,96,2519,37,16.1,12.18,41,102,Worn,Medium,4,Yes,"80,001+"
V2964,SUV,5,163290,89,1796,39,14.7,11.61,40,57,Good,Medium,7,No,"80,001+"
V2965,Hatchback,4,30116,107,1704,50,17.6,11.76,31,106,Moderate,Low,6,No,"80,001+"
V2966,Sedan,11,12363,97,2168,29,15.6,11.02,36,56,Worn,Low,11,No,"50,001–80,000"
V2967,Truck,2,7398,92,1607,31,7.5,12.33,42,69,Good,Medium,8,No,"80,001+"
V2968,Sedan,14,119383,96,1759,45,16.7,11.11,35,104,Good,Medium,12,No,"80,001+"
V2969,Sedan,5,179723,90,1563,36,8.5,11.33,30,86,Good,Low,7,No,"80,001+"
V2970,Truck,9,16535,99,1625,24,7.3,11.24,30,95,Critical,Low,8,No,"50,001–80,000"
V2971,Sedan,14,43755,94,1512,33,19.7,11.07,41,39,Moderate,Medium,2,No,"80,001+"
V2972,Truck,8,5195,97,2231,22,6.1,11.62,42,105,Good,Medium,1,Yes,"80,001+"
V2973,Sedan,14,32403,89,2955,42,10.0,11.99,38,50,Worn,Medium,11,No,"80,001+"
V2974,Sedan,9,161097,105,1897,31,15.4,11.83,30,55,Critical,Low,4,No,"50,001–80,000"
V2975,Truck,9,153682,98,2322,35,6.9,11.36,40,52,Moderate,High,6,No,"80,001+"
V2976,Truck,9,70936,96,2620,33,9.7,12.31,34,74,Critical,High,11,No,"25,001–50,000"
V2977,Hatchback,4,155212,109,2276,22,14.9,11.62,45,51,Moderate,High,9,Yes,"10,001–25,000"
V2978,Sedan,11,147088,106,2038,27,7.3,12.99,38,40,Worn,Medium,10,No,"25,001–50,000"
V2979,SUV,1,104344,89,2399,49,11.7,12.99,35,32,Moderate,High,3,Yes,"80,001+"
V2980,Truck,7,180464,99,2219,25,9.3,11.35,36,84,Worn,High,11,Yes,"25,001–50,000"
V2981,Sedan,3,105760,110,2771,40,14.9,12.86,43,39,Critical,Low,7,No,"50,001–80,000"
V2982,Truck,6,117301,99,2559,34,14.6,12.51,30,100,Critical,Low,9,Yes,"50,001–80,000"
V2983,Sedan,1,182263,85,1852,36,5.1,11.52,43,92,Worn,Low,2,Yes,"80,001+"
V2984,Truck,15,183756,97,2714,28,11.0,11.32,37,39,Worn,High,12,No,"25,001–50,000"
V2985,Truck,10,87805,109,2126,38,5.6,12.07,40,60,Good,High,12,No,"25,001–50,000"
V2986,Truck,4,188563,91,1898,20,12.1,12.06,45,110,Good,High,2,Yes,"50,001–80,000"
V2987,Truck,5,75466,87,2003,40,17.3,11.71,43,42,Good,Low,7,No,"80,001+"
V2988,Hatchback,4,97871,101,1697,39,7.7,11.54,32,63,Moderate,High,12,No,"25,001–50,000"
V2989,SUV,1,111708,92,2498,37,14.7,11.33,36,31,Worn,Low,6,Yes,"80,001+"
V2990,Hatchback,11,142722,91,2037,37,16.5,11.65,31,88,Moderate,Low,9,No,"80,001+"
V2991,SUV,4,59338,87,2091,42,6.2,12.66,30,43,Good,Low,3,No,"80,001+"
V2992,SUV,7,61004,91,2245,43,7.3,11.32,34,108,Moderate,Medium,9,Yes,"80,001+"
V2993,Truck,7,86927,91,2784,43,7.2,12.08,43,40,Moderate,Low,10,Yes,"80,001+"
V2994,SUV,14,38498,106,2189,29,13.4,12.21,39,79,Critical,High,10,Yes,"0–10,000"
V2995,Sedan,3,61661,91,2367,26,16.4,12.62,35,101,Critical,High,1,Yes,"25,001–50,000"
V2996,Sedan,12,42061,96,1630,22,13.7,11.28,31,76,Critical,Medium,2,Yes,"25,001–50,000"
V2997,Truck,1,178018,91,2649,33,5.4,12.18,41,60,Worn,High,10,No,"50,001–80,000"
V2998,Sedan,7,154176,106,2441,23,7.8,11.23,30,31,Worn,Medium,11,Yes,"25,001–50,000"
V2999,SUV,6,38572,106,1610,41,14.4,12.46,32,38,Critical,Low,11,Yes,"25,001–50,000"
V3000,Hatchback,6,72812,97,1854,28,17.9,12.17,40,59,Moderate,Low,9,Yes,"50,001–80,000"
V3001,Truck,7,56028,85,1971,27,10.1,12.89,36,78,Moderate,Low,9,Yes,"50,001–80,000"
V3002,Hatchback,10,78553,96,2482,35,17.1,11.9,45,103,Worn,Medium,5,Yes,"80,001+"
V3003,SUV,13,102545,98,2136,23,6.1,11.9,42,50,Moderate,Medium,11,Yes,"50,001–80,000"
V3004,Sedan,8,75929,108,2100,41,8.1,11.32,39,54,Worn,High,3,No,"50,001–80,000"
V3005,Sedan,9,196995,104,2326,26,16.5,12.98,40,56,Critical,Medium,1,No,"25,001–50,000"
V3006,SUV,10,165808,94,2213,40,16.9,11.29,35,83,Worn,Medium,3,No,"80,001+"
V3007,SUV,10,123009,102,2887,42,17.3,12.62,44,34,Moderate,Low,11,No,"50,001–80,000"
V3008,SUV,13,126307,98,1850,29,16.2,13.0,41,96,Good,Low,5,No,"50,001–80,000"
V3009,SUV,2,9304,91,2514,31,15.8,12.94,45,41,Critical,Medium,3,Yes,"80,001+"
V3010,SUV,12,43440,91,2780,43,17.9,12.71,41,87,Moderate,High,5,Yes,"50,001–80,000"
V3011,Sedan,9,148647,99,1937,36,9.0,12.12,43,73,Moderate,Low,2,No,"80,001+"
V3012,Truck,1,184793,110,2192,25,5.4,11.74,35,87,Critical,High,9,No,"0–10,000"
V3013,SUV,15,32762,110,1935,23,6.6,11.96,40,73,Worn,Low,10,Yes,"25,001–50,000"
V3014,SUV,14,129625,106,2892,25,6.9,11.95,38,33,Critical,Medium,4,Yes,"10,001–25,000"
V3015,Sedan,13,35453,91,1855,23,18.8,12.39,36,39,Good,Low,7,Yes,"50,001–80,000"
V3016,Hatchback,8,103530,107,2179,23,10.2,12.68,33,32,Critical,Low,8,No,"25,001–50,000"
V3017,Truck,14,72365,87,2944,27,15.5,11.57,36,89,Moderate,Low,8,Yes,"50,001–80,000"
V3018,Hatchback,12,61486,106,2558,44,16.7,12.07,40,35,Moderate,Medium,9,Yes,"50,001–80,000"
V3019,Sedan,4,70203,85,1774,45,5.8,11.09,40,75,Good,Medium,6,Yes,"80,001+"
V3020,Sedan,2,61407,93,1667,35,9.6,12.34,35,60,Moderate,Medium,1,Yes,"80,001+"
V3021,SUV,5,126974,94,2876,33,17.8,11.87,39,77,Moderate,Medium,10,Yes,"80,001+"
V3022,Truck,1,32518,98,2308,24,5.6,12.93,31,44,Critical,Low,3,Yes,"50,001–80,000"
V3023,Truck,2,89710,104,2603,45,8.4,12.76,42,68,Good,High,5,No,"50,001–80,000"
V3024,Sedan,13,179676,108,2770,45,9.2,11.68,34,85,Critical,Low,10,No,"25,001–50,000"
V3025,Hatchback,12,101355,89,2900,46,16.4,11.63,36,50,Good,Low,5,No,"80,001+"
V3026,Sedan,7,168556,99,1507,20,7.1,12.18,37,104,Good,High,6,Yes,"50,001–80,000"
V3027,SUV,2,97959,100,2079,35,7.5,11.57,32,47,Moderate,High,8,No,"80,001+"
V3028,Truck,1,36111,106,2209,31,11.0,12.87,34,61,Critical,Low,4,Yes,"50,001–80,000"
V3029,SUV,10,129334,86,1964,44,17.3,12.91,44,49,Good,Low,3,No,"80,001+"
V3030,Truck,13,170007,97,1866,35,14.3,12.23,42,41,Critical,Medium,12,Yes,"50,001–80,000"
V3031,Sedan,9,179820,109,2709,47,6.6,11.54,45,57,Worn,Low,3,No,"80,001+"
V3032,Sedan,4,70374,106,1855,23,18.7,11.76,41,59,Good,Medium,9,Yes,"25,001–50,000"
V3033,SUV,2,44251,89,2134,29,12.2,11.26,31,81,Moderate,Medium,8,Yes,"80,001+"
V3034,Truck,6,40210,106,2573,47,18.6,11.46,35,100,Critical,Medium,8,Yes,"50,001–80,000"
V3035,Sedan,13,62577,88,2820,28,11.5,12.09,45,92,Critical,Medium,8,No,"25,001–50,000"
V3036,Truck,3,24890,91,2342,43,16.0,12.16,42,76,Worn,High,10,Yes,"50,001–80,000"
V3037,SUV,13,103758,108,2198,46,17.4,12.03,32,96,Worn,Medium,11,No,"50,001–80,000"
V3038,Truck,13,188458,102,2222,20,11.5,11.29,43,66,Good,Low,12,No,"25,001–50,000"
V3039,Sedan,5,197982,86,2445,31,9.1,12.45,39,74,Critical,Medium,2,Yes,"80,001+"
V3040,Sedan,10,131291,104,1850,38,10.5,12.18,33,63,Critical,Medium,8,Yes,"50,001–80,000"
V3041,Truck,9,124013,89,1570,31,9.5,12.74,30,88,Worn,Medium,5,No,"80,001+"
V3042,Truck,15,90819,100,2205,23,16.0,11.38,43,75,Moderate,High,6,Yes,"25,001–50,000"
V3043,Hatchback,13,187500,95,1512,43,6.9,11.48,44,45,Critical,Low,11,No,"50,001–80,000"
V3044,Hatchback,8,25234,94,2731,34,11.4,11.6,44,108,Critical,Low,5,No,"80,001+"
V3045,Truck,7,198796,97,1737,43,8.8,11.78,38,75,Critical,High,12,No,"25,001–50,000"
V3046,SUV,13,74399,93,1769,43,10.6,11.39,37,40,Critical,High,6,Yes,"25,001–50,000"
V3047,Sedan,9,60043,95,2709,20,18.1,12.41,38,68,Critical,Medium,8,No,"50,001–80,000"
V3048,SUV,15,64811,92,2982,33,18.7,11.59,44,57,Moderate,Low,8,Yes,"80,001+"
V3049,Hatchback,15,11424,89,2000,36,13.2,11.2,32,76,Moderate,High,8,No,"50,001–80,000"
V3050,Sedan,11,29623,109,2092,45,12.6,11.27,39,100,Critical,Low,5,No,"25,001–50,000"
V3051,Truck,12,148724,101,2982,47,5.6,11.18,37,71,Good,Medium,2,No,"50,001–80,000"
V3052,Truck,5,20608,97,1871,38,5.3,12.75,36,98,Moderate,Low,6,No,"80,001+"
V3053,Truck,2,114802,86,1940,28,12.4,11.93,44,46,Critical,Medium,2,Yes,"50,001–80,000"
V3054,Truck,11,171723,100,2862,43,13.5,12.87,33,92,Moderate,Medium,1,No,"80,001+"
V3055,Hatchback,11,197364,96,2673,47,14.9,12.8,42,60,Moderate,Medium,9,Yes,"80,001+"
V3056,Sedan,12,12025,89,1865,47,7.7,11.4,44,50,Critical,Low,8,No,"50,001–80,000"
V3057,SUV,2,55679,99,2377,41,5.9,12.14,34,57,Worn,Medium,8,No,"80,001+"
V3058,SUV,9,15053,110,2335,40,17.9,11.78,39,37,Moderate,Medium,9,Yes,"50,001–80,000"
V3059,Hatchback,13,177285,90,1652,40,19.5,12.89,45,49,Moderate,High,1,No,"50,001–80,000"
V3060,Sedan,9,197048,90,1701,40,18.1,12.97,40,36,Worn,Low,11,Yes,"80,001+"
V3061,Truck,9,78176,105,2298,23,13.2,11.32,39,53,Good,Low,3,Yes,"50,001–80,000"
V3062,Hatchback,7,134269,108,2801,30,12.8,11.77,34,49,Moderate,Medium,2,No,"80,001+"
V3063,Hatchback,5,117082,96,1991,32,13.2,11.53,44,55,Critical,Medium,8,No,"80,001+"
V3064,Truck,15,132653,101,2249,33,14.7,12.75,40,83,Good,Low,10,Yes,"50,001–80,000"
V3065,SUV,7,89694,106,2335,35,7.1,13.0,35,63,Moderate,High,6,No,"50,001–80,000"
V3066,Truck,1,67877,102,2274,47,19.2,12.67,44,82,Worn,Medium,9,No,"50,001–80,000"
V3067,Hatchback,15,159963,102,2113,30,9.8,12.6,43,91,Good,Low,4,Yes,"50,001–80,000"
V3068,Hatchback,5,51957,107,2861,37,15.5,11.19,44,59,Good,Low,3,No,"80,001+"
V3069,Hatchback,8,25305,108,2229,37,15.9,12.81,39,80,Critical,Medium,8,Yes,"50,001–80,000"
V3070,Hatchback,10,37626,104,1889,38,8.8,12.36,36,68,Critical,Low,6,No,"50,001–80,000"
V3071,SUV,14,89933,92,1716,36,17.9,12.37,37,70,Critical,High,9,No,"25,001–50,000"
V3072,Truck,10,135621,96,2942,39,9.1,12.57,38,97,Good,Medium,10,No,"80,001+"
V3073,SUV,2,21204,107,1541,36,5.8,12.27,43,93,Critical,Medium,8,Yes,"50,001–80,000"
V3074,SUV,10,186009,87,2545,28,18.8,11.56,34,78,Critical,High,2,Yes,"25,001–50,000"
V3075,Hatchback,12,20052,90,1774,25,8.1,12.92,34,75,Moderate,Low,12,Yes,"50,001–80,000"
V3076,SUV,1,17111,110,2007,29,10.2,12.85,39,66,Moderate,Low,6,No,"50,001–80,000"
V3077,SUV,7,50955,85,2249,26,7.7,12.43,34,90,Moderate,Low,3,Yes,"80,001+"
V3078,SUV,14,193341,106,2323,25,8.6,12.5,36,103,Worn,High,2,No,"10,001–25,000"
V3079,Hatchback,15,117438,90,1717,23,12.2,11.89,42,30,Good,Low,10,No,"50,001–80,000"
V3080,SUV,2,58895,95,1778,34,12.6,11.21,33,36,Worn,Low,12,No,"80,001+"
V3081,SUV,13,81576,95,1874,22,19.6,11.1,34,32,Moderate,Medium,2,Yes,"50,001–80,000"
V3082,Hatchback,5,191155,106,2191,26,6.6,11.41,37,33,Good,Medium,4,Yes,"50,001–80,000"
V3083,SUV,7,160495,94,1888,38,16.2,11.33,41,45,Critical,High,7,No,"50,001–80,000"
V3084,Truck,1,170601,97,2102,36,10.1,11.68,31,64,Good,Low,4,Yes,"80,001+"
V3085,Truck,4,27561,98,2975,43,11.4,11.48,32,32,Critical,Low,12,Yes,"50,001–80,000"
V3086,Sedan,12,170809,91,1624,32,5.7,11.24,45,72,Worn,High,1,No,"50,001–80,000"
V3087,SUV,8,121330,108,2147,44,7.0,11.51,33,34,Worn,High,4,Yes,"50,001–80,000"
V3088,Truck,2,112822,86,1889,30,11.1,12.88,43,60,Critical,High,9,No,"25,001–50,000"
V3089,Truck,5,164558,99,2913,43,10.6,11.92,41,99,Critical,Low,12,Yes,"50,001–80,000"
V3090,Hatchback,13,29150,87,2011,33,6.8,11.04,41,88,Critical,Medium,3,No,"50,001–80,000"
V3091,Truck,5,7816,92,2401,29,14.7,12.81,35,72,Critical,Low,2,No,"50,001–80,000"
V3092,SUV,9,60979,107,2039,31,9.4,11.96,31,100,Worn,Low,7,No,"80,001+"
V3093,Truck,7,147383,110,2084,48,11.1,12.53,42,89,Worn,Low,4,No,"80,001+"
V3094,Hatchback,8,126198,96,1627,38,14.0,11.19,39,86,Critical,Low,7,Yes,"80,001+"
V3095,SUV,4,112291,102,2199,30,9.7,12.13,33,73,Good,High,11,Yes,"25,001–50,000"
V3096,Truck,14,74293,91,2659,20,12.2,12.64,39,40,Critical,Low,11,Yes,"25,001–50,000"
V3097,Truck,8,153325,91,2457,42,15.4,11.42,40,92,Worn,Low,3,No,"80,001+"
V3098,Hatchback,13,164811,110,1648,26,12.0,12.58,44,101,Moderate,Medium,1,No,"25,001–50,000"
V3099,Truck,13,124513,92,2859,35,18.8,11.48,30,61,Moderate,Medium,4,Yes,"80,001+"
V3100,Sedan,4,99930,93,1753,20,15.2,12.04,44,81,Good,Medium,10,Yes,"50,001–80,000"
V3101,Truck,1,131571,97,1975,37,7.7,12.17,31,95,Good,High,10,No,"50,001–80,000"
V3102,Hatchback,5,53631,101,2002,22,18.7,11.32,41,50,Worn,High,10,Yes,"10,001–25,000"
V3103,Hatchback,12,65578,105,2013,43,14.5,11.54,35,67,Worn,High,5,No,"25,001–50,000"
V3104,Sedan,11,142789,92,1819,47,16.5,12.82,33,77,Worn,High,9,Yes,"50,001–80,000"
V3105,SUV,8,167110,95,2806,42,6.6,11.79,43,92,Worn,Medium,2,No,"80,001+"
V3106,Hatchback,13,115261,108,2972,21,15.2,11.04,32,107,Moderate,Medium,10,No,"25,001–50,000"
V3107,SUV,5,181331,98,2215,33,5.5,11.77,42,41,Good,High,8,Yes,"80,001+"
V3108,Sedan,12,47507,100,2512,23,7.5,11.28,43,50,Good,Medium,11,No,"50,001–80,000"
V3109,SUV,15,132178,99,1845,48,14.9,11.47,37,49,Moderate,Low,9,No,"80,001+"
V3110,SUV,2,80972,107,2126,47,11.2,12.04,43,38,Moderate,Low,8,No,"80,001+"
V3111,SUV,1,140813,86,2983,43,11.5,11.71,39,97,Critical,High,1,Yes,"50,001–80,000"
V3112,Truck,1,62190,91,2230,47,7.4,12.73,37,104,Critical,Medium,9,No,"50,001–80,000"
V3113,Hatchback,1,76331,106,2923,31,13.2,12.68,43,35,Critical,Medium,12,No,"25,001–50,000"
V3114,SUV,3,67463,94,2388,25,17.9,12.25,41,87,Worn,Low,8,No,"80,001+"
V3115,Hatchback,13,57962,103,1652,43,12.2,12.01,31,95,Worn,Medium,12,Yes,"50,001–80,000"
V3116,SUV,8,31417,101,2087,25,5.2,11.45,40,88,Moderate,High,8,Yes,"25,001–50,000"
V3117,Sedan,8,143465,109,2499,26,13.0,11.02,33,109,Critical,Medium,2,No,"25,001–50,000"
V3118,Sedan,11,102092,106,2031,41,9.9,11.3,38,30,Worn,Medium,7,No,"50,001–80,000"
V3119,Hatchback,11,161454,93,2760,23,7.9,12.12,42,43,Moderate,Medium,6,No,"50,001–80,000"
V3120,Sedan,8,171340,104,2310,27,7.4,11.91,38,40,Good,High,8,No,"25,001–50,000"
V3121,Sedan,15,109794,103,2465,50,5.3,12.45,39,83,Critical,Low,7,No,"25,001–50,000"
V3122,Sedan,5,179140,89,2296,49,10.7,12.47,44,74,Moderate,High,5,No,"80,001+"
V3123,Hatchback,12,95578,107,2582,39,7.7,11.15,32,110,Moderate,High,10,Yes,"25,001–50,000"
V3124,Sedan,8,42997,102,1897,22,15.5,12.03,37,82,Moderate,High,7,No,"25,001–50,000"
V3125,SUV,1,14985,89,2561,34,17.7,11.1,36,83,Good,Medium,10,No,"80,001+"
V3126,Truck,1,130038,99,1568,26,12.1,11.73,45,37,Good,High,7,Yes,"50,001–80,000"
V3127,SUV,2,68523,107,2259,28,13.0,11.29,45,49,Moderate,High,3,Yes,"25,001–50,000"
V3128,Truck,14,38179,104,1892,22,18.2,11.64,35,68,Critical,Medium,3,Yes,"10,001–25,000"
V3129,SUV,10,75148,93,2027,41,19.3,12.74,40,84,Worn,Low,3,Yes,"80,001+"
V3130,Sedan,2,181001,89,1564,38,12.0,11.37,38,86,Good,Low,1,Yes,"80,001+"
V3131,Truck,2,135882,94,2401,38,12.8,12.62,37,79,Good,Low,10,No,"80,001+"
V3132,SUV,12,52402,94,2434,22,16.6,12.88,44,83,Worn,Low,6,No,"50,001–80,000"
V3133,SUV,4,71989,108,2889,49,18.6,11.52,43,68,Worn,High,1,No,"50,001–80,000"
V3134,SUV,11,135027,86,2430,26,15.4,12.74,37,100,Moderate,Medium,1,Yes,"50,001–80,000"
V3135,SUV,11,148879,110,1910,49,6.6,12.62,43,90,Moderate,High,2,No,"25,001–50,000"
V3136,SUV,10,34156,102,2344,20,5.4,11.97,41,66,Worn,Low,4,Yes,"50,001–80,000"
V3137,Sedan,13,152434,102,2842,45,5.7,11.62,40,88,Worn,High,11,Yes,"25,001–50,000"
V3138,Sedan,8,157257,96,2285,38,8.9,11.15,40,108,Moderate,Low,8,Yes,"80,001+"
V3139,Sedan,4,93744,105,2678,38,8.5,11.11,45,44,Good,Medium,2,No,"80,001+"
V3140,Hatchback,9,130546,93,1799,30,7.4,12.81,33,105,Moderate,Low,8,No,"80,001+"
V3141,Truck,3,191881,99,2872,29,11.2,11.85,36,84,Worn,High,10,Yes,"25,001–50,000"
V3142,Truck,1,105909,90,2268,36,14.1,12.08,43,88,Good,Low,8,No,"80,001+"
V3143,Sedan,6,11797,86,2083,33,19.0,11.81,35,85,Critical,Medium,7,No,"80,001+"
V3144,SUV,11,167614,95,1896,45,5.6,12.05,39,89,Worn,Low,7,Yes,"80,001+"
V3145,Hatchback,15,153151,93,1882,34,5.9,11.15,42,106,Moderate,High,12,Yes,"50,001–80,000"
V3146,Sedan,8,17758,102,1875,26,13.8,12.65,32,52,Moderate,High,1,Yes,"25,001–50,000"
V3147,Sedan,3,108452,97,1835,30,18.1,12.64,32,72,Critical,High,8,No,"50,001–80,000"
V3148,Truck,5,135608,88,2199,38,11.4,12.96,45,44,Worn,Medium,4,Yes,"80,001+"
V3149,Hatchback,7,155335,88,2262,48,15.8,12.56,44,93,Worn,Medium,5,No,"80,001+"
V3150,SUV,2,54745,89,2330,29,19.2,11.52,35,52,Moderate,High,9,Yes,"25,001–50,000"
V3151,Hatchback,8,28827,97,2317,21,8.2,11.92,38,54,Critical,Low,1,Yes,"50,001–80,000"
V3152,SUV,15,152005,98,1723,48,16.9,12.1,33,110,Worn,Low,2,Yes,"80,001+"
V3153,Truck,7,5483,101,2564,31,5.6,12.24,43,80,Critical,Medium,1,No,"50,001–80,000"
V3154,Truck,10,142691,99,1641,33,16.3,11.92,45,101,Good,High,12,Yes,"50,001–80,000"
V3155,Hatchback,8,196870,87,2201,48,8.1,11.49,34,53,Critical,Low,3,Yes,"80,001+"
V3156,Truck,15,30647,95,2932,41,12.9,11.22,32,37,Critical,Medium,4,No,"50,001–80,000"
V3157,SUV,8,69948,92,2671,24,13.1,12.76,41,42,Good,Low,2,No,"80,001+"
V3158,Sedan,4,138528,108,2099,44,16.7,11.55,37,36,Moderate,Medium,1,Yes,"80,001+"
V3159,Sedan,5,96038,88,1785,22,7.2,11.74,30,97,Good,Low,12,Yes,"50,001–80,000"
V3160,Hatchback,5,106441,101,2326,40,8.2,12.61,33,61,Good,Low,9,No,"50,001–80,000"
V3161,Hatchback,12,140082,99,1943,21,10.9,11.21,39,89,Worn,High,10,No,"25,001–50,000"
V3162,SUV,13,190994,92,2387,44,9.5,12.39,37,60,Critical,Medium,8,No,"50,001–80,000"
V3163,Sedan,7,88087,99,1981,29,17.7,12.92,40,80,Critical,Low,12,No,"25,001–50,000"
V3164,Sedan,6,67862,86,2126,24,13.6,12.08,30,80,Critical,Low,12,No,"25,001–50,000"
V3165,Hatchback,6,190006,85,1607,50,16.8,12.83,30,73,Worn,High,4,No,"80,001+"
V3166,Hatchback,2,165306,89,1847,44,17.0,12.69,30,39,Moderate,High,8,Yes,"80,001+"
V3167,Sedan,6,167741,105,1891,22,10.1,11.79,36,81,Good,High,8,Yes,"25,001–50,000"
V3168,Truck,11,185206,89,2919,38,17.2,12.84,31,62,Critical,Medium,1,Yes,"50,001–80,000"
V3169,Hatchback,1,16824,100,1998,21,9.4,12.61,34,56,Moderate,Medium,1,Yes,"80,001+"
V3170,Hatchback,14,141262,93,2978,46,11.1,11.64,41,58,Worn,High,9,No,"50,001–80,000"
V3171,Sedan,13,60090,87,2281,47,10.3,11.79,38,108,Critical,Low,10,No,"50,001–80,000"
V3172,Hatchback,7,74885,95,1640,31,9.1,12.03,44,48,Moderate,Medium,4,Yes,"80,001+"
V3173,SUV,8,135324,89,2591,37,8.2,11.49,38,89,Moderate,Low,12,No,"80,001+"
V3174,Hatchback,12,171792,92,2541,33,17.9,11.97,38,91,Critical,Medium,2,Yes,"50,001–80,000"
V3175,Sedan,6,33926,104,2977,41,11.3,12.45,32,106,Worn,High,5,Yes,"50,001–80,000"
V3176,Truck,10,100637,105,2775,41,11.6,11.44,39,89,Critical,Medium,6,No,"50,001–80,000"
V3177,Sedan,15,140872,88,1921,24,14.3,12.77,43,84,Good,Low,5,Yes,"50,001–80,000"
V3178,SUV,6,156021,96,2465,48,5.2,12.34,40,72,Worn,Medium,6,No,"80,001+"
V3179,Hatchback,2,165840,87,1789,23,8.4,12.72,42,81,Critical,Low,9,Yes,"25,001–50,000"
V3180,Sedan,8,7322,110,2640,28,16.6,12.24,43,33,Critical,High,4,No,"10,001–25,000"
V3181,Hatchback,8,183447,99,1971,28,8.5,12.61,42,54,Moderate,High,3,Yes,"50,001–80,000"
V3182,Truck,14,188391,92,2842,47,9.0,11.56,34,83,Critical,Medium,8,No,"50,001–80,000"
V3183,SUV,9,117145,99,2970,38,13.8,12.04,32,92,Good,Medium,8,No,"80,001+"
V3184,Sedan,9,31004,102,2945,37,17.1,12.45,45,36,Critical,High,12,No,"10,001–25,000"
V3185,Sedan,11,43736,104,2342,25,6.3,12.13,37,65,Good,High,9,No,"10,001–25,000"
V3186,Truck,5,85051,91,2675,27,13.5,12.14,45,68,Moderate,High,9,Yes,"25,001–50,000"
V3187,Truck,3,126514,89,2319,40,15.5,12.76,42,91,Moderate,Medium,11,No,"80,001+"
V3188,Sedan,13,181244,96,2935,24,10.3,11.55,45,47,Worn,High,10,Yes,"25,001–50,000"
V3189,Hatchback,6,68996,101,1634,28,15.8,12.67,45,98,Moderate,High,12,No,"10,001–25,000"
V3190,SUV,9,83571,106,1936,43,19.0,12.86,44,107,Good,Low,3,Yes,"80,001+"
V3191,SUV,15,169314,103,2854,38,11.0,12.3,35,85,Good,High,5,No,"25,001–50,000"
V3192,Sedan,13,31576,98,2737,20,9.0,12.33,43,62,Moderate,Low,2,No,"50,001–80,000"
V3193,SUV,8,66458,100,2854,27,18.9,11.09,43,38,Worn,High,3,No,"50,001–80,000"
V3194,Truck,14,108926,110,1681,40,19.6,11.05,33,77,Moderate,Low,11,No,"50,001–80,000"
V3195,SUV,5,94110,92,2308,25,8.1,12.7,36,81,Moderate,High,11,Yes,"25,001–50,000"
V3196,SUV,7,48347,86,2471,49,12.4,11.95,39,104,Worn,High,10,No,"50,001–80,000"
V3197,Sedan,8,43980,109,2165,48,6.7,11.22,39,77,Moderate,Low,12,Yes,"50,001–80,000"
V3198,Truck,9,57398,86,2902,26,16.7,11.39,43,59,Worn,Low,6,No,"80,001+"
V3199,Hatchback,14,58786,88,1677,47,14.8,12.14,39,100,Critical,Low,5,No,"50,001–80,000"
V3200,Hatchback,1,194844,104,2071,22,11.4,11.18,35,74,Good,Medium,11,Yes,"25,001–50,000"
V3201,Truck,7,106758,97,1693,23,6.3,11.9,36,107,Moderate,High,11,Yes,"25,001–50,000"
V3202,Sedan,9,13900,101,1694,37,19.8,11.0,30,35,Good,Medium,1,Yes,"80,001+"
V3203,Sedan,4,121159,106,1631,49,14.2,12.98,39,96,Moderate,Medium,6,Yes,"80,001+"
V3204,SUV,2,13769,95,2816,20,18.0,12.44,34,68,Moderate,Medium,7,Yes,"80,001+"
V3205,Sedan,13,23991,87,2230,26,7.1,12.9,40,73,Good,Medium,7,Yes,"50,001–80,000"
V3206,Truck,6,51413,96,1792,23,9.2,11.63,32,101,Moderate,High,3,No,"50,001–80,000"
V3207,Sedan,4,108349,87,2998,31,19.7,12.04,45,88,Worn,Medium,3,No,"80,001+"
V3208,Hatchback,2,114368,107,2375,49,11.9,12.08,39,50,Critical,High,3,Yes,"25,001–50,000"
V3209,Truck,10,50159,96,1518,22,19.3,12.71,42,98,Good,Medium,1,No,"80,001+"
V3210,Truck,13,99654,109,1509,38,7.7,11.74,45,34,Good,High,6,No,"25,001–50,000"
V3211,SUV,9,118540,109,1778,27,17.2,11.99,30,32,Critical,Low,4,No,"25,001–50,000"
V3212,Hatchback,2,26100,96,1844,34,17.3,11.04,33,74,Moderate,High,1,Yes,"80,001+"
V3213,Hatchback,1,195702,99,1611,30,16.5,12.54,32,47,Good,Low,11,No,"80,001+"
V3214,SUV,2,124972,93,2168,30,19.6,12.95,41,101,Good,Medium,10,Yes,"80,001+"
V3215,Sedan,14,20632,87,1915,30,15.7,12.43,44,60,Critical,High,12,Yes,"25,001–50,000"
V3216,SUV,10,158215,103,1988,42,19.3,12.39,45,43,Worn,Medium,8,No,"80,001+"
V3217,Hatchback,3,151869,108,1597,23,9.7,11.73,31,72,Moderate,Medium,3,Yes,"50,001–80,000"
V3218,Sedan,9,150769,89,1644,41,16.9,11.11,44,65,Good,Low,6,No,"80,001+"
V3219,Hatchback,2,123174,107,1761,46,9.6,12.87,31,79,Critical,High,3,Yes,"25,001–50,000"
V3220,Sedan,10,95488,97,2426,48,5.1,11.64,35,86,Moderate,High,10,No,"50,001–80,000"
V3221,Hatchback,4,84226,110,1755,47,9.5,11.05,33,96,Worn,High,2,No,"50,001–80,000"
V3222,Truck,2,183654,97,2494,29,19.9,12.39,31,97,Critical,Medium,12,Yes,"25,001–50,000"
V3223,Hatchback,9,96800,102,2484,34,13.7,11.41,37,102,Worn,Low,12,Yes,"50,001–80,000"
V3224,Sedan,10,114063,98,2275,24,11.7,11.86,42,69,Good,Medium,2,No,"80,001+"
V3225,Hatchback,7,121872,103,2299,37,19.4,12.92,39,66,Moderate,High,8,No,"50,001–80,000"
V3226,Truck,7,135734,89,2853,36,8.3,11.77,36,105,Worn,Low,7,No,"80,001+"
V3227,Truck,13,63716,90,2483,47,9.0,12.12,35,92,Critical,High,8,Yes,"25,001–50,000"
V3228,Truck,1,198973,86,1667,44,13.3,12.34,35,48,Good,Medium,1,Yes,"80,001+"
V3229,Hatchback,9,180191,96,2255,50,8.5,11.2,36,60,Critical,Low,11,No,"50,001–80,000"
V3230,Hatchback,1,79687,101,2998,27,19.7,12.34,30,35,Good,High,1,Yes,"25,001–50,000"
V3231,Hatchback,2,104249,88,2250,25,6.1,12.92,35,93,Good,Low,8,No,"80,001+"
V3232,Truck,14,148947,96,1670,33,6.1,11.74,35,33,Worn,Medium,7,Yes,"80,001+"
V3233,Sedan,11,56359,92,2490,35,18.3,11.91,36,98,Good,Medium,11,Yes,"80,001+"
V3234,SUV,14,153253,105,2434,37,7.4,11.47,39,89,Critical,Low,8,Yes,"25,001–50,000"
V3235,Truck,13,54416,100,2564,35,6.6,12.95,38,33,Moderate,Low,10,No,"80,001+"
V3236,SUV,7,92828,93,1559,42,16.9,12.42,38,30,Worn,Medium,2,No,"80,001+"
V3237,Sedan,9,135479,103,2909,49,7.7,11.71,44,67,Critical,High,11,Yes,"10,001–25,000"
V3238,Truck,3,88146,100,2620,45,10.9,12.77,45,92,Moderate,High,1,No,"80,001+"
V3239,Hatchback,11,161275,93,1758,24,20.0,11.0,30,71,Moderate,Medium,4,Yes,"50,001–80,000"
V3240,Hatchback,5,88617,92,1562,37,7.2,12.75,43,77,Critical,Medium,12,No,"50,001–80,000"
V3241,Sedan,2,65753,106,1561,44,7.8,12.33,37,34,Worn,Low,5,No,"80,001+"
V3242,SUV,13,69457,98,1745,37,17.7,12.2,42,96,Moderate,High,6,No,"50,001–80,000"
V3243,Sedan,13,168703,96,1540,23,6.1,11.29,45,74,Critical,High,9,Yes,"10,001–25,000"
V3244,Truck,11,51330,108,1661,37,15.4,11.4,36,75,Moderate,Low,7,Yes,"50,001–80,000"
V3245,SUV,2,31583,91,2709,22,15.0,11.23,33,50,Moderate,Medium,5,Yes,"80,001+"
V3246,SUV,12,105711,85,2923,41,15.8,12.14,44,65,Good,Low,2,No,"80,001+"
V3247,Sedan,4,116004,108,2826,29,12.3,12.17,43,32,Critical,High,12,Yes,"0–10,000"
V3248,SUV,7,62290,89,1687,28,17.2,12.8,34,56,Critical,High,3,No,"25,001–50,000"
V3249,Hatchback,7,31242,107,1555,27,11.2,12.85,35,38,Moderate,High,3,No,"25,001–50,000"
V3250,SUV,10,160421,95,2914,46,9.3,12.35,31,105,Moderate,Medium,2,No,"80,001+"
V3251,Sedan,5,32837,95,2397,36,14.5,12.83,44,97,Worn,Low,2,Yes,"80,001+"
V3252,Truck,9,112546,86,2083,28,10.4,11.32,41,102,Worn,Low,4,No,"80,001+"
V3253,Sedan,13,130086,86,1890,45,12.1,11.94,35,66,Worn,High,1,No,"50,001–80,000"
V3254,SUV,11,195657,102,2924,48,11.3,12.41,30,71,Good,Medium,11,Yes,"50,001–80,000"
V3255,Truck,15,154356,91,2908,29,9.6,12.22,32,101,Critical,Medium,4,Yes,"25,001–50,000"
V3256,Truck,14,36278,97,2190,44,8.6,11.98,37,95,Good,High,1,No,"50,001–80,000"
V3257,Truck,14,7034,106,2376,40,9.5,12.9,35,84,Critical,Low,8,No,"25,001–50,000"
V3258,Truck,7,136813,93,2498,29,15.9,11.76,31,45,Critical,High,8,No,"25,001–50,000"
V3259,SUV,9,155371,90,2644,24,15.0,11.06,42,83,Moderate,Low,10,No,"50,001–80,000"
V3260,Hatchback,1,126203,97,2686,26,18.2,12.87,30,100,Good,Medium,6,No,"80,001+"
V3261,Hatchback,6,106374,94,1826,27,5.9,11.72,40,103,Moderate,Low,11,Yes,"50,001–80,000"
V3262,Sedan,10,69636,99,1811,45,19.7,11.31,42,96,Good,Low,8,Yes,"80,001+"
V3263,SUV,13,193095,101,2558,28,16.2,12.28,34,50,Worn,Medium,9,Yes,"25,001–50,000"
V3264,Hatchback,5,139212,105,2537,41,15.1,12.39,32,93,Good,Medium,6,No,"80,001+"
V3265,Sedan,11,164958,96,2855,28,10.7,12.33,32,48,Moderate,High,6,Yes,"25,001–50,000"
V3266,Hatchback,14,164710,98,2889,36,16.5,12.15,33,30,Moderate,High,5,No,"50,001–80,000"
V3267,SUV,14,34528,102,1732,43,15.7,11.72,34,36,Good,Medium,4,Yes,"50,001–80,000"
V3268,Hatchback,6,199121,100,2341,29,16.9,11.94,38,30,Critical,Medium,12,Yes,"25,001–50,000"
V3269,Hatchback,12,11881,100,2980,30,8.1,12.4,30,38,Critical,Low,1,Yes,"50,001–80,000"
V3270,SUV,13,17796,109,1610,28,16.3,11.18,31,69,Good,High,11,Yes,"10,001–25,000"
V3271,Hatchback,5,164907,98,1682,46,9.5,11.53,40,110,Worn,Medium,6,No,"80,001+"
V3272,SUV,12,61887,92,2013,41,10.7,12.25,30,58,Moderate,Low,5,No,"80,001+"
V3273,Hatchback,6,33856,85,1881,25,17.8,11.73,45,31,Moderate,High,9,No,"25,001–50,000"
V3274,SUV,15,96666,109,2434,32,15.4,11.95,34,57,Good,High,8,Yes,"25,001–50,000"
V3275,Truck,13,128664,90,2208,23,17.8,11.76,31,105,Moderate,High,7,Yes,"25,001–50,000"
V3276,SUV,6,193125,92,2690,28,11.2,12.9,34,100,Good,Medium,10,Yes,"50,001–80,000"
V3277,Truck,10,54845,87,2129,21,15.9,11.72,39,54,Worn,Low,5,No,"80,001+"
V3278,Truck,2,192891,94,1958,43,14.2,11.05,37,91,Good,High,1,No,"80,001+"
V3279,Hatchback,10,195615,85,1617,50,15.8,12.05,31,71,Worn,Medium,5,Yes,"80,001+"
V3280,Truck,1,67496,102,2642,30,15.7,12.46,31,73,Worn,High,10,Yes,"25,001–50,000"
V3281,Hatchback,3,64393,107,2769,32,9.7,12.52,35,72,Good,Low,11,Yes,"50,001–80,000"
V3282,Sedan,1,187847,86,2979,36,16.4,11.4,43,54,Good,High,8,Yes,"80,001+"
V3283,SUV,10,164112,96,2631,49,13.2,11.68,33,41,Worn,High,7,Yes,"80,001+"
V3284,SUV,8,138815,110,2421,30,18.0,11.03,36,39,Good,High,9,Yes,"25,001–50,000"
V3285,Truck,13,37347,101,1536,47,18.8,12.39,32,96,Worn,Low,8,Yes,"50,001–80,000"
V3286,Hatchback,15,178931,90,2842,49,14.9,12.46,40,59,Critical,High,3,Yes,"25,001–50,000"
V3287,Hatchback,14,131777,93,2536,21,19.3,12.74,42,89,Critical,Low,9,Yes,"25,001–50,000"
V3288,Sedan,7,198233,110,2134,33,11.2,11.12,45,101,Moderate,Low,5,Yes,"80,001+"
V3289,SUV,11,144043,106,2855,37,12.4,11.47,31,102,Moderate,Medium,8,No,"50,001–80,000"
V3290,Sedan,15,34429,94,2053,39,13.4,12.48,39,39,Critical,Low,10,No,"50,001–80,000"
V3291,Hatchback,2,20230,96,2768,41,12.2,12.7,37,43,Worn,High,12,Yes,"50,001–80,000"
V3292,Sedan,13,166392,87,2075,48,12.6,11.49,37,71,Good,High,4,Yes,"50,001–80,000"
V3293,SUV,8,7656,110,1596,25,16.7,11.63,42,61,Critical,Medium,12,Yes,"10,001–25,000"
V3294,SUV,5,103949,103,2817,34,14.4,11.1,44,40,Critical,High,12,No,"10,001–25,000"
V3295,SUV,8,100923,100,2692,35,18.6,12.31,42,60,Critical,High,7,Yes,"50,001–80,000"
V3296,Hatchback,14,144697,102,1855,24,6.6,11.55,36,85,Critical,Low,8,No,"10,001–25,000"
V3297,Truck,13,24927,107,1509,40,7.0,11.41,38,110,Worn,Low,2,Yes,"50,001–80,000"
V3298,Sedan,11,44450,103,2467,37,14.0,12.96,32,48,Moderate,Low,7,No,"50,001–80,000"
V3299,SUV,12,14708,89,2327,35,8.7,11.54,33,73,Good,Medium,8,Yes,"80,001+"
V3300,Truck,9,24571,106,2579,21,10.1,11.82,42,34,Worn,High,3,Yes,"25,001–50,000"
V3301,Sedan,15,150242,100,2699,42,17.6,12.55,36,87,Good,Low,4,No,"80,001+"
V3302,SUV,4,47991,99,1501,20,19.1,11.17,38,72,Moderate,Low,3,No,"80,001+"
V3303,Hatchback,10,13489,109,2961,41,13.8,12.02,44,84,Critical,High,4,No,"25,001–50,000"
V3304,Hatchback,1,99359,102,2496,45,14.5,12.09,31,74,Worn,Low,1,Yes,"80,001+"
V3305,SUV,14,151257,85,2886,26,16.6,11.0,34,61,Critical,Low,10,Yes,"25,001–50,000"
V3306,Hatchback,12,158994,105,1849,30,8.5,12.66,39,47,Good,High,12,Yes,"25,001–50,000"
V3307,Truck,3,97101,102,2243,40,8.8,12.17,33,84,Moderate,Low,12,No,"50,001–80,000"
V3308,Sedan,11,189983,93,1599,26,15.2,12.11,33,95,Critical,Medium,8,No,"25,001–50,000"
V3309,SUV,3,37943,107,1674,36,6.6,12.63,38,92,Good,Medium,10,No,"50,001–80,000"
V3310,Hatchback,8,27076,109,2882,31,9.4,11.69,32,67,Critical,High,11,No,"10,001–25,000"
V3311,Truck,2,140765,101,2904,40,9.5,11.09,36,47,Worn,High,8,Yes,"50,001–80,000"
V3312,Truck,12,90301,104,2555,22,5.1,12.83,33,61,Good,Medium,9,Yes,"25,001–50,000"
V3313,Truck,15,196588,92,2313,26,19.5,11.98,42,78,Moderate,Medium,1,No,"50,001–80,000"
V3314,SUV,5,99947,98,1832,27,15.7,12.06,39,92,Critical,Medium,12,Yes,"25,001–50,000"
V3315,SUV,12,175820,91,2581,43,17.8,12.53,37,53,Worn,High,8,No,"50,001–80,000"
V3316,Sedan,10,172843,92,2310,33,17.5,12.35,32,84,Worn,Low,8,No,"80,001+"
V3317,Truck,3,166539,88,2404,23,11.7,11.87,30,58,Good,Low,3,No,"80,001+"
V3318,Truck,1,108039,98,1786,27,10.8,12.77,31,35,Moderate,Low,6,No,"80,001+"
V3319,SUV,10,167379,89,2522,20,10.4,12.92,38,83,Good,High,6,Yes,"50,001–80,000"
V3320,Hatchback,3,159468,93,1812,41,5.0,12.07,30,34,Worn,High,7,Yes,"80,001+"
V3321,SUV,13,58058,98,2477,43,7.7,12.45,31,102,Worn,Medium,5,No,"80,001+"
V3322,Sedan,12,153916,93,2779,29,16.0,11.68,42,83,Worn,Low,1,Yes,"50,001–80,000"
V3323,SUV,5,106581,103,2923,34,19.9,12.77,40,61,Moderate,Low,11,Yes,"50,001–80,000"
V3324,Truck,3,53780,92,2014,49,13.9,12.87,40,94,Critical,High,11,No,"25,001–50,000"
V3325,SUV,2,182526,100,2994,20,16.5,11.5,45,90,Critical,Medium,9,Yes,"25,001–50,000"
V3326,Hatchback,7,23623,106,2138,40,6.6,11.95,36,34,Moderate,Low,2,No,"80,001+"
V3327,SUV,12,25503,86,2225,37,18.0,12.38,33,31,Moderate,High,12,No,"50,001–80,000"
V3328,Sedan,1,106330,103,2452,20,10.2,11.58,41,35,Moderate,High,7,Yes,"25,001–50,000"
V3329,Sedan,3,151266,104,2214,42,13.0,12.06,35,79,Good,Medium,2,Yes,"80,001+"
V3330,SUV,6,94176,87,2801,41,15.0,11.35,30,50,Worn,High,5,Yes,"80,001+"
V3331,Hatchback,8,111280,89,1869,35,19.2,12.94,34,102,Good,Low,8,No,"80,001+"
V3332,Sedan,14,177001,106,2283,41,13.2,12.01,42,46,Critical,Low,1,Yes,"25,001–50,000"
V3333,SUV,15,196127,94,2901,21,17.6,11.63,38,90,Good,Medium,1,No,"50,001–80,000"
V3334,Truck,12,101966,97,2415,20,14.7,12.12,31,69,Good,Low,8,No,"50,001–80,000"
V3335,Sedan,9,189476,85,1824,42,8.1,12.63,34,106,Worn,Low,2,No,"80,001+"
V3336,SUV,15,145166,108,2261,21,10.0,12.84,32,43,Worn,Low,1,Yes,"25,001–50,000"
V3337,Truck,14,40070,110,2524,30,5.0,12.79,45,108,Good,Medium,8,Yes,"50,001–80,000"
V3338,Sedan,4,61999,109,1766,34,12.4,12.35,45,73,Critical,Medium,8,No,"50,001–80,000"
V3339,Sedan,14,154173,104,2037,50,12.0,11.19,45,60,Worn,High,1,Yes,"25,001–50,000"
V3340,Hatchback,11,15735,93,2417,38,16.1,11.73,44,59,Moderate,Low,8,No,"80,001+"
V3341,Sedan,14,25548,101,2294,37,5.5,12.81,45,106,Good,Low,2,No,"50,001–80,000"
V3342,SUV,10,129568,102,2456,24,5.5,11.66,42,101,Worn,High,12,Yes,"10,001–25,000"
V3343,Hatchback,2,188186,99,1836,32,15.4,11.24,33,96,Worn,Medium,5,Yes,"80,001+"
V3344,SUV,15,177682,85,1800,40,14.7,12.83,34,50,Worn,Medium,9,Yes,"80,001+"
V3345,Sedan,14,194084,91,1657,26,11.6,12.29,44,97,Good,High,8,No,"25,001–50,000"
V3346,Hatchback,7,192771,106,2346,50,6.9,12.4,44,93,Good,Medium,6,No,"80,001+"
V3347,Sedan,6,135966,97,2458,23,7.4,11.01,44,105,Good,Low,11,No,"50,001–80,000"
V3348,Hatchback,1,120203,87,2147,20,9.7,12.13,32,35,Good,High,3,Yes,"50,001–80,000"
V3349,SUV,14,49824,90,1666,41,15.3,12.89,35,90,Worn,Medium,8,No,"80,001+"
V3350,Sedan,5,87271,93,1775,37,15.3,11.22,42,43,Worn,Medium,4,No,"80,001+"
V3351,SUV,7,134614,110,1784,21,17.3,11.24,30,37,Good,Medium,5,No,"50,001–80,000"
V3352,SUV,13,196837,99,2258,43,17.5,11.94,41,59,Moderate,High,4,No,"50,001–80,000"
V3353,SUV,5,122432,91,1713,49,15.1,11.91,42,99,Good,Low,1,No,"80,001+"
V3354,Hatchback,6,144627,95,2942,31,19.4,11.1,45,63,Worn,High,9,Yes,"50,001–80,000"
V3355,SUV,13,81130,102,2265,43,5.4,11.62,45,74,Critical,Low,2,Yes,"25,001–50,000"
V3356,Sedan,13,114223,90,2812,25,16.1,13.0,37,80,Moderate,High,8,No,"25,001–50,000"
V3357,Sedan,9,65800,105,2522,22,8.1,11.48,42,47,Critical,Low,6,No,"25,001–50,000"
V3358,Truck,12,134118,90,2637,50,7.3,11.06,45,44,Good,High,8,No,"50,001–80,000"
V3359,Sedan,3,182305,108,1865,34,18.6,11.24,31,104,Good,Medium,8,No,"80,001+"
V3360,Truck,3,174067,102,2191,31,13.7,12.56,45,54,Worn,Medium,4,Yes,"80,001+"
V3361,Truck,5,75802,97,2630,42,17.5,12.76,33,97,Good,Low,4,Yes,"80,001+"
V3362,Truck,1,164131,97,2743,22,18.5,11.41,36,47,Critical,Medium,8,No,"50,001–80,000"
V3363,Sedan,1,138005,85,1700,27,12.1,12.14,43,81,Good,Low,1,No,"80,001+"
V3364,Sedan,3,34837,108,1985,36,9.4,12.73,39,47,Critical,High,3,Yes,"25,001–50,000"
V3365,Hatchback,7,30306,89,1522,39,18.1,12.97,30,88,Good,Medium,9,No,"80,001+"
V3366,Sedan,13,123560,87,2995,36,14.6,12.81,35,86,Moderate,Medium,9,Yes,"80,001+"
V3367,Truck,4,190412,105,2818,40,13.8,11.63,36,74,Moderate,High,7,Yes,"50,001–80,000"
V3368,Truck,11,167008,86,2999,32,18.1,12.23,42,58,Worn,High,8,No,"50,001–80,000"
V3369,Hatchback,7,147845,100,1912,35,17.8,12.85,31,34,Critical,Low,1,No,"80,001+"
V3370,Sedan,6,58523,101,1571,32,16.4,11.32,31,102,Moderate,High,12,No,"25,001–50,000"
V3371,Hatchback,7,176376,96,1738,44,18.2,11.2,31,101,Moderate,Medium,3,Yes,"80,001+"
V3372,SUV,3,135443,96,2195,46,9.6,11.21,30,84,Good,High,12,Yes,"50,001–80,000"
V3373,Truck,12,197431,96,2370,43,13.4,11.16,39,31,Good,Medium,12,No,"80,001+"
V3374,Hatchback,6,26702,99,2414,24,6.6,12.44,43,71,Moderate,Medium,6,No,"80,001+"
V3375,Sedan,15,128957,96,1976,46,19.6,12.22,32,80,Worn,High,11,Yes,"50,001–80,000"
V3376,SUV,10,84635,92,1716,21,15.2,11.7,44,74,Moderate,Low,6,No,"80,001+"
V3377,SUV,6,35230,101,2919,33,15.4,12.66,30,45,Critical,Low,5,Yes,"50,001–80,000"
V3378,SUV,2,69166,99,2517,43,12.0,12.72,35,55,Critical,Low,12,No,"50,001–80,000"
V3379,SUV,15,56676,104,2340,42,18.9,11.03,38,64,Worn,Low,5,No,"50,001–80,000"
V3380,SUV,8,143842,97,1958,37,10.4,12.98,43,47,Worn,Low,7,No,"80,001+"
V3381,SUV,8,34810,96,2257,37,7.4,11.74,41,38,Critical,Medium,11,No,"50,001–80,000"
V3382,SUV,1,21232,89,2037,26,19.9,11.98,31,79,Worn,Low,11,Yes,"50,001–80,000"
V3383,Sedan,9,103373,110,2782,50,8.4,11.2,33,34,Worn,Medium,12,Yes,"50,001–80,000"
V3384,Hatchback,8,198950,104,2411,49,19.5,12.89,40,109,Good,Medium,12,Yes,"50,001–80,000"
V3385,Sedan,8,147553,100,2628,46,14.1,11.52,42,48,Critical,Low,6,No,"80,001+"
V3386,SUV,13,75812,97,2243,32,16.8,11.78,38,104,Worn,Low,8,No,"80,001+"
V3387,Truck,4,39184,103,2284,24,9.0,12.98,45,50,Critical,Low,5,Yes,"25,001–50,000"
V3388,Sedan,12,136482,101,2062,43,16.6,11.89,32,60,Worn,Low,7,Yes,"50,001–80,000"
V3389,Truck,12,55290,108,1937,44,6.4,11.95,32,96,Worn,High,7,Yes,"25,001–50,000"
V3390,Sedan,5,101608,92,2346,40,5.2,12.14,41,48,Worn,High,2,Yes,"80,001+"
V3391,Sedan,6,192720,94,2916,45,6.1,11.43,32,46,Moderate,Low,9,No,"80,001+"
V3392,SUV,9,91598,100,1767,48,19.8,12.58,44,33,Worn,Medium,7,No,"80,001+"
V3393,Sedan,11,114458,105,2617,27,7.7,11.18,41,63,Worn,Low,2,No,"25,001–50,000"
V3394,Hatchback,9,31966,93,1720,42,14.7,11.27,42,57,Critical,Low,11,Yes,"50,001–80,000"
V3395,SUV,13,145732,93,2366,26,14.3,11.53,39,54,Moderate,Low,8,Yes,"50,001–80,000"
V3396,Truck,1,184827,99,1946,24,6.8,11.71,31,100,Critical,High,9,No,"10,001–25,000"
V3397,Sedan,2,109272,93,1889,46,10.5,12.22,35,56,Worn,High,4,No,"80,001+"
V3398,Hatchback,2,192538,103,2537,45,13.1,11.54,41,33,Critical,Medium,11,No,"25,001–50,000"
V3399,Truck,1,55600,107,2711,50,16.4,12.62,44,50,Worn,High,5,No,"50,001–80,000"
V3400,Sedan,8,167519,103,2295,20,7.6,12.82,44,110,Moderate,Medium,1,No,"50,001–80,000"
V3401,Hatchback,12,122700,93,2018,32,9.5,12.36,38,65,Worn,High,11,No,"50,001–80,000"
V3402,Sedan,11,13396,87,2753,20,8.7,11.55,37,34,Good,Low,6,No,"50,001–80,000"
V3403,Truck,13,181738,85,2246,48,5.7,11.33,33,37,Critical,High,9,Yes,"25,001–50,000"
V3404,SUV,5,183190,104,1521,32,15.8,11.37,45,69,Critical,Medium,6,Yes,"50,001–80,000"
V3405,SUV,4,8743,109,2892,37,8.1,12.38,33,43,Critical,Medium,4,No,"50,001–80,000"
V3406,Hatchback,2,174979,96,1939,23,14.4,11.35,37,49,Moderate,High,8,No,"50,001–80,000"
V3407,Hatchback,14,23490,88,2504,34,15.1,12.47,35,74,Good,High,2,Yes,"50,001–80,000"
V3408,Hatchback,3,163725,94,1906,23,13.7,12.27,38,47,Worn,Low,8,Yes,"80,001+"
V3409,Hatchback,7,75140,96,1621,30,11.7,12.5,38,109,Moderate,Medium,12,Yes,"80,001+"
V3410,Hatchback,8,23695,91,2923,23,5.4,12.5,44,32,Good,Medium,5,No,"80,001+"
V3411,SUV,11,103771,97,2583,25,6.9,11.52,32,95,Critical,Low,7,Yes,"25,001–50,000"
V3412,Sedan,12,93414,107,2403,50,16.0,12.12,40,49,Moderate,Medium,5,Yes,"50,001–80,000"
V3413,Sedan,2,101065,98,2983,45,17.9,11.13,45,95,Moderate,Medium,10,No,"80,001+"
V3414,SUV,2,62615,85,2697,30,16.4,12.95,31,90,Worn,Medium,1,No,"80,001+"
V3415,Sedan,6,172078,98,2632,38,18.9,12.2,35,54,Moderate,High,3,Yes,"80,001+"
V3416,Hatchback,3,137541,90,2709,39,16.2,12.29,40,70,Moderate,Low,9,No,"80,001+"
V3417,SUV,5,75715,89,1712,33,12.8,12.04,45,60,Good,Medium,9,Yes,"80,001+"
V3418,Hatchback,11,119943,87,1951,47,18.2,11.61,33,78,Good,Medium,12,Yes,"80,001+"
V3419,SUV,6,68486,100,1610,42,17.0,12.36,37,56,Moderate,Low,6,Yes,"80,001+"
V3420,Sedan,4,125924,87,2264,31,17.9,11.97,31,91,Worn,Medium,10,No,"80,001+"
V3421,Hatchback,7,151101,94,1911,27,18.2,12.63,36,32,Critical,High,5,No,"25,001–50,000"
V3422,Truck,8,119045,92,2139,43,7.0,11.68,40,60,Good,Low,1,No,"80,001+"
V3423,Truck,8,108751,107,2465,34,7.2,12.02,41,90,Good,Low,5,No,"80,001+"
V3424,SUV,12,147613,97,2747,25,15.7,11.27,41,33,Good,Medium,11,No,"50,001–80,000"
V3425,Truck,7,174990,90,2448,34,11.7,12.34,45,82,Good,High,9,Yes,"50,001–80,000"
V3426,SUV,12,93025,99,1735,48,17.0,12.04,38,79,Moderate,Medium,6,Yes,"80,001+"
V3427,Sedan,4,61078,95,2898,48,16.8,12.84,45,106,Moderate,High,12,No,"50,001–80,000"
V3428,Hatchback,9,113925,89,2249,36,19.5,12.54,34,99,Good,Medium,11,No,"80,001+"
V3429,Hatchback,2,100179,94,2020,27,6.7,12.9,37,33,Critical,Medium,12,Yes,"25,001–50,000"
V3430,SUV,12,40074,108,2337,48,12.9,12.63,30,80,Worn,Medium,11,No,"50,001–80,000"
V3431,SUV,2,32104,88,2066,50,7.5,12.54,43,54,Worn,Medium,3,No,"80,001+"
V3432,SUV,5,49009,105,2964,49,15.3,11.28,37,58,Worn,Low,12,No,"50,001–80,000"
V3433,Hatchback,8,25243,102,1693,30,15.1,12.89,33,107,Moderate,Low,6,Yes,"80,001+"
V3434,Sedan,13,76960,110,1730,36,13.9,12.78,30,92,Critical,Low,6,No,"25,001–50,000"
V3435,Sedan,14,71115,90,2264,30,6.4,11.41,45,48,Good,Low,12,No,"80,001+"
V3436,Hatchback,10,68918,105,2120,37,9.7,11.12,42,81,Good,Low,2,Yes,"80,001+"
V3437,Truck,1,169879,109,1605,47,14.5,12.02,39,108,Critical,Medium,2,No,"50,001–80,000"
V3438,SUV,11,26597,93,2346,48,6.7,11.49,43,78,Worn,High,12,Yes,"50,001–80,000"
V3439,Hatchback,2,125752,108,1756,27,7.3,11.66,33,98,Critical,Low,8,Yes,"25,001–50,000"
V3440,SUV,12,88938,99,1918,20,8.0,11.37,33,49,Worn,Medium,6,No,"50,001–80,000"
V3441,Sedan,12,151704,106,1791,34,12.9,12.44,44,63,Moderate,Low,9,No,"50,001–80,000"
V3442,Truck,3,129850,89,1948,29,19.1,11.64,37,65,Worn,Medium,8,Yes,"80,001+"
V3443,SUV,7,8157,94,2889,45,14.8,11.43,42,103,Moderate,Medium,12,No,"80,001+"
V3444,SUV,10,38034,104,1745,49,12.1,12.57,31,75,Good,High,4,Yes,"50,001–80,000"
V3445,SUV,13,138586,89,2896,30,16.5,11.3,31,45,Worn,Medium,1,Yes,"80,001+"
V3446,Truck,15,74151,98,2895,34,11.1,12.78,31,50,Critical,Low,7,Yes,"50,001–80,000"
V3447,SUV,8,8536,101,1818,48,16.8,12.82,43,63,Worn,Low,2,No,"80,001+"
V3448,Sedan,6,92327,109,2562,46,10.6,11.45,38,92,Worn,High,9,No,"25,001–50,000"
V3449,Hatchback,9,135239,108,2840,29,18.3,12.39,31,91,Moderate,Low,6,No,"50,001–80,000"
V3450,Hatchback,15,125615,91,2231,24,19.5,11.33,34,42,Critical,Low,5,No,"25,001–50,000"
V3451,Truck,1,158272,103,2231,47,7.2,12.95,44,79,Good,High,8,Yes,"50,001–80,000"
V3452,Hatchback,2,117073,96,2928,40,10.5,11.05,31,55,Good,High,4,Yes,"80,001+"
V3453,SUV,13,171152,92,2886,47,6.2,11.38,33,88,Good,Low,11,Yes,"80,001+"
V3454,Hatchback,3,8502,88,2852,49,12.2,11.76,44,47,Moderate,High,1,Yes,"80,001+"
V3455,Truck,13,57677,89,2834,28,9.6,11.61,36,95,Moderate,High,3,No,"25,001–50,000"
V3456,Sedan,6,19097,87,2507,22,10.9,12.49,31,64,Critical,Medium,12,No,"25,001–50,000"
V3457,Hatchback,15,89900,88,2993,24,19.4,12.64,35,96,Good,Low,5,Yes,"50,001–80,000"
V3458,Hatchback,7,115271,108,2508,30,10.4,12.27,45,110,Critical,Medium,12,No,"25,001–50,000"
V3459,Truck,1,104829,87,2512,40,8.2,12.35,41,44,Good,High,10,No,"50,001–80,000"
V3460,Sedan,14,101561,100,2305,27,18.9,11.17,31,74,Worn,Low,4,No,"50,001–80,000"
V3461,Truck,12,12119,88,2173,20,18.9,11.56,33,57,Critical,High,3,No,"10,001–25,000"
V3462,Truck,12,191009,92,2463,25,7.9,12.64,43,51,Critical,Medium,8,No,"25,001–50,000"
V3463,Sedan,7,118571,86,1613,42,5.8,11.75,36,52,Moderate,High,4,Yes,"80,001+"
V3464,Hatchback,9,13630,91,2101,47,13.7,12.9,45,91,Good,Medium,3,No,"80,001+"
V3465,SUV,8,133794,101,1546,26,10.7,12.32,38,78,Good,Low,11,Yes,"25,001–50,000"
V3466,SUV,11,71911,86,2894,37,8.1,11.78,35,77,Worn,Low,11,Yes,"80,001+"
V3467,SUV,2,188938,86,2039,41,15.0,12.11,36,35,Good,Low,8,Yes,"80,001+"
V3468,Sedan,6,68409,104,1970,33,13.3,12.32,41,64,Good,Low,9,Yes,"50,001–80,000"
V3469,SUV,4,78947,109,2237,34,7.9,11.65,33,58,Good,Medium,6,Yes,"80,001+"
V3470,Hatchback,11,37031,96,1645,47,19.9,12.54,32,43,Good,Low,2,Yes,"80,001+"
V3471,Hatchback,6,185880,100,1623,42,15.6,12.73,43,108,Critical,High,12,No,"25,001–50,000"
V3472,Truck,4,169866,91,2202,38,15.4,12.38,31,37,Moderate,Medium,5,Yes,"80,001+"
V3473,Truck,14,105868,88,2191,35,6.2,12.35,33,71,Moderate,Medium,12,Yes,"80,001+"
V3474,Hatchback,1,53204,85,2182,24,6.0,11.69,33,54,Good,High,8,No,"50,001–80,000"
V3475,SUV,15,151498,88,2742,37,7.3,12.37,44,45,Critical,High,6,Yes,"25,001–50,000"
V3476,Sedan,6,134068,108,2702,25,13.6,11.66,40,31,Good,Low,3,Yes,"50,001–80,000"
V3477,Hatchback,6,114618,106,2161,48,10.2,11.75,38,60,Good,High,10,Yes,"25,001–50,000"
V3478,SUV,13,136932,94,2375,37,5.3,12.96,45,61,Worn,High,9,Yes,"50,001–80,000"
V3479,Truck,11,28070,108,1838,41,16.0,12.5,44,48,Moderate,Low,11,No,"50,001–80,000"
V3480,Sedan,14,187980,103,2633,33,11.1,12.99,35,104,Moderate,Medium,6,Yes,"50,001–80,000"
V3481,Sedan,11,84442,85,2368,22,14.1,11.09,42,87,Moderate,High,7,No,"25,001–50,000"
V3482,Truck,5,42847,105,1537,44,18.3,11.44,40,102,Good,High,10,No,"25,001–50,000"
V3483,Sedan,15,55335,104,1799,27,16.3,12.24,32,62,Good,Low,5,Yes,"25,001–50,000"
V3484,SUV,9,92804,103,2870,43,6.6,12.84,35,36,Moderate,Medium,10,Yes,"50,001–80,000"
V3485,SUV,14,35252,103,1509,31,12.4,12.35,37,44,Good,Medium,11,No,"50,001–80,000"
V3486,Truck,5,190642,90,2486,31,7.0,11.24,38,94,Moderate,Medium,1,No,"80,001+"
V3487,Hatchback,13,117916,97,1637,33,9.0,12.46,32,67,Worn,High,4,No,"50,001–80,000"
V3488,SUV,10,32042,96,2137,29,11.8,11.89,34,64,Critical,Medium,9,Yes,"25,001–50,000"
V3489,Sedan,5,8066,89,2979,44,11.6,11.1,33,79,Moderate,Low,6,Yes,"80,001+"
V3490,SUV,14,148202,91,2241,40,7.0,11.06,34,67,Good,Medium,3,Yes,"80,001+"
V3491,Truck,10,87551,89,1666,49,10.3,11.8,43,34,Worn,High,2,No,"80,001+"
V3492,Hatchback,4,147641,88,2245,50,19.5,11.06,36,34,Worn,Low,7,Yes,"80,001+"
V3493,Truck,1,5626,107,1773,24,8.2,12.17,36,50,Moderate,High,6,No,"25,001–50,000"
V3494,Truck,7,8019,106,1809,28,10.9,12.26,45,72,Worn,Low,4,No,"50,001–80,000"
V3495,Sedan,11,181683,96,1958,21,9.2,12.85,43,102,Moderate,Medium,8,Yes,"50,001–80,000"
V3496,SUV,8,35377,97,1912,44,14.5,11.55,35,55,Critical,Medium,6,No,"80,001+"
V3497,SUV,6,100521,89,2409,48,16.2,11.59,43,49,Moderate,Low,10,No,"80,001+"
V3498,Hatchback,12,197619,88,2265,22,11.8,12.44,32,42,Moderate,High,8,No,"25,001–50,000"
V3499,Sedan,10,98102,102,2285,31,19.2,11.7,42,48,Critical,High,8,Yes,"25,001–50,000"
V3500,Truck,14,85366,94,2043,31,5.3,12.46,30,58,Critical,High,2,Yes,"25,001–50,000"
V3501,Truck,8,69411,104,2783,40,16.9,11.33,45,51,Moderate,Medium,11,Yes,"50,001–80,000"
V3502,Truck,7,136486,108,2204,23,5.9,12.85,30,95,Worn,High,3,No,"25,001–50,000"
V3503,Hatchback,1,153418,90,2231,27,16.8,12.8,35,83,Moderate,High,3,Yes,"50,001–80,000"
V3504,Truck,4,59482,103,2196,28,18.2,11.39,34,54,Worn,Medium,9,No,"25,001–50,000"
V3505,Sedan,15,142355,107,1943,45,12.7,11.57,34,64,Moderate,Low,11,No,"50,001–80,000"
V3506,Hatchback,7,163832,106,2136,29,14.0,12.98,36,71,Critical,Medium,6,Yes,"25,001–50,000"
V3507,Sedan,2,163600,93,1655,43,12.3,11.75,33,38,Worn,Medium,1,Yes,"80,001+"
V3508,Truck,7,184356,103,2080,38,12.3,11.71,39,70,Worn,High,8,No,"50,001–80,000"
V3509,SUV,5,7212,105,2668,20,11.4,12.13,31,31,Worn,High,1,Yes,"25,001–50,000"
V3510,Sedan,6,98499,109,1671,49,16.6,12.64,39,85,Critical,Medium,7,No,"50,001–80,000"
V3511,Truck,4,47365,108,1512,22,5.3,12.64,44,50,Moderate,High,3,No,"25,001–50,000"
V3512,Hatchback,8,64691,110,1918,24,10.2,11.97,38,55,Critical,Low,6,No,"25,001–50,000"
V3513,Hatchback,6,13308,104,2481,20,16.0,12.36,36,47,Moderate,High,11,Yes,"10,001–25,000"
V3514,Sedan,1,100411,86,1791,46,16.4,12.79,35,65,Moderate,High,11,Yes,"50,001–80,000"
V3515,Hatchback,6,158807,93,1940,41,20.0,12.83,32,52,Worn,Low,10,No,"80,001+"
V3516,Hatchback,8,192097,99,2674,31,8.1,11.7,31,35,Moderate,Medium,8,Yes,"80,001+"
V3517,Hatchback,15,68038,105,1754,32,10.7,11.06,39,78,Worn,High,3,No,"25,001–50,000"
V3518,Sedan,8,59932,107,2158,33,10.0,11.89,44,67,Worn,Medium,7,Yes,"80,001+"
V3519,Hatchback,11,125742,88,2964,36,14.4,11.34,33,49,Good,Medium,2,No,"80,001+"
V3520,Truck,14,175235,85,1860,31,9.3,12.18,32,69,Worn,Low,1,Yes,"80,001+"
V3521,Hatchback,5,104315,91,1618,27,8.5,11.46,36,79,Critical,High,4,No,"25,001–50,000"
V3522,Sedan,8,142247,86,1637,29,7.9,11.25,35,65,Critical,High,7,Yes,"25,001–50,000"
V3523,Hatchback,1,176231,91,2084,33,14.8,11.25,43,95,Good,High,7,Yes,"80,001+"
V3524,Hatchback,6,127389,99,2243,20,10.4,11.19,40,53,Good,Low,4,Yes,"80,001+"
V3525,SUV,11,14308,109,2241,48,8.4,11.59,30,31,Moderate,Low,6,Yes,"50,001–80,000"
V3526,Hatchback,2,129977,93,2696,24,19.3,11.21,45,110,Moderate,High,12,No,"25,001–50,000"
V3527,Truck,12,106176,105,2528,33,10.3,11.28,45,101,Moderate,Medium,4,Yes,"50,001–80,000"
V3528,Hatchback,3,169632,109,2921,44,15.1,11.28,35,55,Critical,Low,2,No,"50,001–80,000"
V3529,Hatchback,4,176835,104,2784,33,10.8,11.38,32,54,Critical,Medium,12,No,"25,001–50,000"
V3530,Sedan,8,104254,87,1800,45,19.9,12.57,30,90,Good,Medium,1,Yes,"80,001+"
V3531,Sedan,11,93978,89,2713,46,7.5,12.47,40,61,Critical,Medium,5,No,"50,001–80,000"
V3532,Sedan,12,179930,90,2835,34,7.8,12.84,30,79,Good,Medium,5,Yes,"80,001+"
V3533,Hatchback,5,142799,92,2280,33,13.2,12.23,35,38,Worn,High,6,No,"80,001+"
V3534,SUV,15,15917,89,1953,23,10.7,12.42,31,54,Critical,Low,4,No,"25,001–50,000"
V3535,Sedan,1,24607,110,2295,36,12.7,12.46,44,37,Worn,Low,4,No,"80,001+"
V3536,Sedan,1,19971,88,2510,29,8.3,12.66,38,53,Critical,High,1,Yes,"25,001–50,000"
V3537,Hatchback,2,20954,89,1615,26,12.9,12.55,32,33,Worn,Low,8,Yes,"80,001+"
V3538,Truck,5,113909,105,2608,43,10.4,11.59,39,52,Good,Low,7,No,"80,001+"
V3539,Sedan,4,65279,96,2953,33,18.5,12.45,32,90,Critical,High,10,Yes,"25,001–50,000"
V3540,SUV,4,8565,98,1809,46,19.8,11.24,38,58,Good,High,8,No,"80,001+"
V3541,SUV,6,186149,100,2956,42,16.2,12.69,36,88,Critical,Low,2,No,"80,001+"
V3542,Truck,10,148059,99,2931,31,17.0,12.87,35,110,Critical,Medium,6,Yes,"80,001+"
V3543,Truck,7,8992,96,2953,34,14.2,11.18,43,62,Good,Low,3,Yes,"80,001+"
V3544,SUV,8,64313,97,1771,33,19.5,12.45,41,61,Good,Medium,6,Yes,"80,001+"
V3545,SUV,14,75086,101,2154,29,12.9,11.06,34,100,Moderate,Low,5,Yes,"25,001–50,000"
V3546,SUV,5,72988,107,2654,22,19.1,12.59,39,53,Critical,Low,4,Yes,"25,001–50,000"
V3547,SUV,13,34720,100,1840,27,16.1,11.46,31,58,Critical,Low,11,Yes,"25,001–50,000"
V3548,Sedan,1,18557,98,2878,38,11.2,12.89,45,33,Worn,Medium,10,No,"80,001+"
V3549,Hatchback,2,148095,92,2833,26,8.9,11.61,33,94,Worn,Medium,5,Yes,"80,001+"
V3550,Hatchback,13,156072,106,2861,36,13.2,11.66,42,75,Critical,Low,12,Yes,"25,001–50,000"
V3551,Truck,11,67956,99,1735,23,5.5,11.71,42,69,Critical,Medium,11,Yes,"25,001–50,000"
V3552,Hatchback,15,22586,96,2595,31,10.0,12.36,32,87,Moderate,High,10,Yes,"50,001–80,000"
V3553,Truck,10,35936,102,1784,44,16.0,12.32,41,56,Good,Low,11,No,"50,001–80,000"
V3554,SUV,4,77962,98,2115,38,11.2,11.5,32,54,Moderate,Medium,1,No,"80,001+"
V3555,Sedan,6,179275,94,2105,41,5.9,12.37,38,89,Moderate,Medium,1,Yes,"80,001+"
V3556,Hatchback,8,56423,85,2038,40,9.0,12.47,31,50,Moderate,Medium,3,Yes,"80,001+"
V3557,SUV,5,160047,108,2790,46,6.6,12.62,42,79,Moderate,High,3,No,"50,001–80,000"
V3558,SUV,10,60698,101,2025,35,9.2,12.54,42,93,Good,Low,4,Yes,"80,001+"
V3559,Hatchback,9,94831,100,2852,42,17.0,11.49,37,106,Good,Low,1,No,"80,001+"
V3560,Sedan,14,109905,98,1953,33,5.4,12.29,31,99,Worn,High,5,No,"50,001–80,000"
V3561,Truck,10,138651,93,2993,29,18.0,11.62,45,52,Worn,Medium,11,Yes,"50,001–80,000"
V3562,Truck,6,86739,109,2467,33,13.6,11.24,35,80,Moderate,High,11,No,"25,001–50,000"
V3563,SUV,14,29633,93,2127,41,10.5,11.57,35,72,Worn,Low,9,No,"80,001+"
V3564,Truck,6,124275,102,2918,38,17.4,12.79,34,95,Moderate,Medium,6,No,"80,001+"
V3565,Truck,6,197061,97,2877,49,14.7,12.1,40,59,Moderate,Low,10,No,"80,001+"
V3566,Truck,15,37389,89,1886,23,16.8,12.32,31,109,Good,Medium,8,No,"50,001–80,000"
V3567,Truck,1,88075,108,2052,32,8.6,11.69,36,59,Moderate,Medium,12,No,"50,001–80,000"
V3568,Truck,15,58850,90,2258,25,9.0,11.88,30,100,Moderate,Low,7,No,"50,001–80,000"
V3569,SUV,10,165554,96,2382,48,19.2,11.82,43,49,Worn,Low,2,Yes,"80,001+"
V3570,Truck,4,110759,110,2376,26,18.2,11.59,45,96,Moderate,Low,10,No,"25,001–50,000"
V3571,Sedan,13,65810,97,2032,47,19.9,11.65,44,41,Critical,Low,4,No,"50,001–80,000"
V3572,Truck,12,34293,101,2829,29,11.1,12.69,31,110,Worn,High,9,No,"10,001–25,000"
V3573,Hatchback,10,7886,85,2361,38,17.1,11.7,40,36,Good,Medium,5,Yes,"80,001+"
V3574,Truck,6,135349,100,1620,50,18.2,11.13,38,32,Worn,Low,1,Yes,"80,001+"
V3575,Truck,14,72825,91,2808,24,6.8,11.11,42,76,Critical,Medium,10,No,"25,001–50,000"
V3576,Sedan,15,13995,86,2844,31,8.3,12.04,37,59,Critical,Low,1,No,"50,001–80,000"
V3577,Truck,3,144279,105,1774,39,7.3,12.15,44,101,Critical,Medium,5,Yes,"50,001–80,000"
V3578,SUV,8,16597,102,2138,32,7.8,12.08,34,81,Moderate,Low,3,Yes,"80,001+"
V3579,Sedan,11,97687,85,1689,22,17.1,12.98,35,53,Worn,Low,6,No,"50,001–80,000"
V3580,Hatchback,3,45191,101,1613,24,6.9,11.31,41,60,Moderate,Low,6,Yes,"50,001–80,000"
V3581,Hatchback,15,51738,101,1949,44,19.7,12.09,30,94,Moderate,High,1,Yes,"25,001–50,000"
V3582,Sedan,6,21721,85,2789,46,10.2,12.8,44,91,Good,Medium,6,Yes,"80,001+"
V3583,Truck,3,139154,92,2811,40,6.5,11.97,44,57,Worn,High,8,No,"80,001+"
V3584,Truck,14,118045,88,1785,30,11.8,11.66,37,82,Good,High,5,Yes,"50,001–80,000"
V3585,SUV,1,22219,92,2546,27,13.2,12.06,33,70,Good,Low,7,No,"80,001+"
V3586,Sedan,4,71587,109,1949,28,11.6,12.27,42,76,Critical,Medium,2,No,"25,001–50,000"
V3587,Sedan,1,136519,107,2770,32,12.5,12.29,36,98,Moderate,Medium,10,No,"50,001–80,000"
V3588,SUV,2,109596,92,2246,49,9.4,12.7,33,80,Moderate,High,9,Yes,"50,001–80,000"
V3589,Sedan,10,6258,108,1926,37,8.1,12.34,39,78,Moderate,Low,7,Yes,"80,001+"
V3590,Sedan,13,34512,107,2902,43,19.3,12.17,39,62,Worn,Medium,4,Yes,"50,001–80,000"
V3591,Sedan,3,161349,110,2320,40,7.8,11.66,34,35,Good,High,8,No,"50,001–80,000"
V3592,Hatchback,4,5458,92,2069,30,7.3,11.91,45,97,Good,High,2,Yes,"80,001+"
V3593,SUV,5,156011,98,1726,49,7.7,12.32,30,30,Moderate,Medium,9,Yes,"80,001+"
V3594,Hatchback,1,67515,107,1958,28,13.4,11.94,42,103,Critical,Low,10,No,"10,001–25,000"
V3595,SUV,12,124828,109,2786,23,15.2,11.57,36,101,Worn,Medium,5,Yes,"25,001–50,000"
V3596,Hatchback,9,13355,101,2554,27,13.9,12.52,43,85,Good,High,1,Yes,"25,001–50,000"
V3597,Hatchback,1,49318,108,3000,42,19.4,12.91,40,79,Worn,Low,6,No,"80,001+"
V3598,Hatchback,15,160393,96,2995,31,15.5,11.53,35,47,Moderate,Low,3,No,"80,001+"
V3599,Hatchback,13,93568,92,2647,20,15.2,11.08,40,75,Good,Low,10,No,"50,001–80,000"
V3600,SUV,11,57186,93,2047,45,7.3,11.06,41,96,Worn,Low,10,No,"80,001+"
V3601,Hatchback,1,130165,90,1611,44,18.4,12.88,41,107,Critical,Low,11,No,"50,001–80,000"
V3602,Truck,9,31738,92,1813,46,19.7,12.49,39,49,Good,High,3,No,"80,001+"
V3603,Sedan,11,8475,108,2775,32,9.5,12.12,33,82,Moderate,Low,10,No,"50,001–80,000"
V3604,Hatchback,3,26684,97,1562,49,8.9,11.83,44,105,Moderate,High,12,No,"50,001–80,000"
V3605,Hatchback,3,175123,102,1753,31,6.8,11.91,45,64,Critical,High,1,No,"25,001–50,000"
V3606,Hatchback,4,144053,99,1775,28,13.9,11.98,30,89,Good,Low,12,No,"50,001–80,000"
V3607,Truck,4,82322,92,1697,29,16.2,11.3,39,76,Good,Low,10,No,"50,001–80,000"
V3608,Truck,2,7140,96,1552,31,19.3,11.9,31,48,Critical,High,2,No,"50,001–80,000"
V3609,Sedan,2,166262,85,2216,43,17.4,11.1,38,96,Good,High,2,Yes,"80,001+"
V3610,Sedan,13,179201,102,2411,44,15.0,12.0,40,83,Critical,High,11,No,"10,001–25,000"
V3611,SUV,14,182460,100,2895,32,6.8,11.08,42,89,Good,Low,2,No,"80,001+"
V3612,SUV,12,170409,86,1509,31,16.1,12.87,44,67,Good,High,4,No,"50,001–80,000"
V3613,Hatchback,10,120228,85,2795,30,16.3,11.05,32,109,Moderate,Medium,3,Yes,"80,001+"
V3614,Hatchback,14,107420,92,2760,41,7.3,11.05,37,89,Critical,High,11,No,"25,001–50,000"
V3615,Truck,10,37393,99,2656,41,10.7,11.01,30,100,Critical,High,9,Yes,"25,001–50,000"
V3616,Sedan,4,124648,86,1867,20,7.3,12.59,39,72,Worn,High,4,Yes,"50,001–80,000"
V3617,SUV,2,139961,100,1620,48,7.8,12.56,38,106,Worn,High,4,Yes,"80,001+"
V3618,SUV,8,152884,98,2268,41,5.1,12.01,33,96,Worn,Low,4,Yes,"80,001+"
V3619,Hatchback,5,78881,104,2197,48,19.0,12.04,36,46,Critical,High,12,Yes,"10,001–25,000"
V3620,Hatchback,7,5929,88,2067,20,18.2,11.68,42,93,Critical,Low,9,No,"25,001–50,000"
V3621,Truck,8,101961,87,2467,46,20.0,11.81,37,83,Worn,Low,9,Yes,"80,001+"
V3622,SUV,15,82033,92,2679,29,16.5,12.06,37,56,Worn,High,11,No,"25,001–50,000"
V3623,Sedan,13,176734,92,2201,26,14.8,11.14,41,57,Critical,Medium,2,No,"25,001–50,000"
V3624,Sedan,6,72476,104,1814,31,13.6,11.09,43,106,Moderate,High,10,Yes,"25,001–50,000"
V3625,Hatchback,10,87602,86,2162,22,14.5,11.53,44,63,Critical,Low,10,No,"25,001–50,000"
V3626,Hatchback,11,90949,110,2381,49,6.4,11.4,43,62,Critical,Low,11,Yes,"25,001–50,000"
V3627,Hatchback,15,199798,99,2250,30,14.7,11.9,41,107,Worn,High,9,Yes,"50,001–80,000"
V3628,Sedan,1,16441,96,2840,22,10.8,11.64,34,61,Worn,Low,8,No,"80,001+"
V3629,Sedan,8,119670,90,1936,20,6.6,11.18,44,62,Worn,Medium,7,Yes,"80,001+"
V3630,Hatchback,2,187665,106,1804,43,11.3,12.19,38,59,Critical,High,7,Yes,"25,001–50,000"
V3631,Sedan,6,67330,94,2645,43,10.8,11.26,38,94,Good,High,8,No,"80,001+"
V3632,SUV,7,132557,94,1558,24,6.1,11.57,32,64,Worn,High,3,Yes,"50,001–80,000"
V3633,Sedan,5,56514,94,2073,30,15.9,11.57,33,110,Worn,High,6,Yes,"80,001+"
V3634,SUV,11,25922,103,1714,34,12.4,11.31,45,72,Worn,High,12,Yes,"25,001–50,000"
V3635,Truck,3,193382,86,2367,22,13.9,12.96,39,63,Moderate,Medium,6,No,"80,001+"
V3636,Hatchback,15,157852,110,2552,32,7.4,11.94,40,90,Moderate,Low,3,No,"50,001–80,000"
V3637,Hatchback,14,69244,93,2643,33,12.3,12.9,43,71,Moderate,High,5,Yes,"50,001–80,000"
V3638,Hatchback,12,136494,103,1621,27,12.0,12.03,41,43,Critical,Medium,1,No,"10,001–25,000"
V3639,Sedan,6,95490,100,1635,22,15.4,11.6,45,51,Good,High,5,Yes,"50,001–80,000"
V3640,Hatchback,12,12691,109,2643,43,13.2,11.55,44,56,Moderate,Medium,6,Yes,"50,001–80,000"
V3641,Hatchback,14,166381,99,2178,23,14.4,12.77,44,77,Moderate,Low,3,Yes,"50,001–80,000"
V3642,SUV,8,76550,100,1896,47,12.3,12.41,34,75,Moderate,Medium,4,Yes,"80,001+"
V3643,Truck,9,132704,90,1936,27,19.4,11.33,31,93,Good,Low,6,No,"80,001+"
V3644,Hatchback,7,60427,110,1501,48,19.6,12.56,37,104,Critical,Low,10,No,"25,001–50,000"
V3645,Hatchback,1,31947,102,1865,40,14.8,12.05,39,99,Moderate,High,5,Yes,"50,001–80,000"
V3646,SUV,11,126746,104,2087,49,19.1,12.7,44,65,Good,High,3,Yes,"25,001–50,000"
V3647,SUV,14,184302,95,2498,44,6.8,12.78,31,37,Critical,High,4,No,"25,001–50,000"
V3648,Hatchback,8,42195,104,2415,35,12.7,11.67,40,62,Worn,Low,8,No,"80,001+"
V3649,Truck,4,173005,88,2331,22,19.0,12.47,34,66,Worn,High,6,No,"50,001–80,000"
V3650,Truck,11,126247,108,2055,27,5.1,11.4,34,88,Worn,High,5,No,"10,001–25,000"
V3651,SUV,8,13995,105,1902,20,15.4,12.65,42,78,Critical,Medium,9,No,"10,001–25,000"
V3652,Truck,1,129821,99,2512,25,7.5,12.64,43,59,Worn,Medium,6,Yes,"80,001+"
V3653,SUV,15,82815,88,1646,42,12.8,11.86,38,80,Worn,High,11,Yes,"50,001–80,000"
V3654,Hatchback,11,17862,87,2816,23,11.4,11.27,39,87,Worn,Medium,4,Yes,"50,001–80,000"
V3655,Hatchback,10,146435,94,2208,27,16.9,12.28,42,77,Moderate,High,7,Yes,"50,001–80,000"
V3656,SUV,2,170844,94,1527,35,9.9,12.07,40,101,Critical,High,6,No,"50,001–80,000"
V3657,Truck,3,170398,110,2555,20,14.1,11.37,37,47,Moderate,Low,7,No,"50,001–80,000"
V3658,Sedan,6,89064,106,2990,44,9.2,12.72,39,91,Good,Medium,3,Yes,"80,001+"
V3659,Hatchback,5,24765,107,2326,36,14.7,11.33,39,73,Critical,Low,9,No,"25,001–50,000"
V3660,SUV,2,127949,86,1644,37,16.7,11.24,38,81,Critical,Medium,3,Yes,"80,001+"
V3661,Truck,11,194576,93,2656,29,10.4,11.75,40,91,Critical,High,1,Yes,"10,001–25,000"
V3662,Sedan,1,55064,94,1538,36,11.2,12.06,42,85,Good,Medium,5,Yes,"80,001+"
V3663,Hatchback,4,97423,103,2758,22,17.6,11.29,30,69,Good,High,3,No,"25,001–50,000"
V3664,SUV,9,171536,91,2218,39,7.3,11.38,45,51,Moderate,High,9,Yes,"50,001–80,000"
V3665,Hatchback,11,83622,100,2625,21,11.1,12.08,31,60,Moderate,Medium,5,No,"50,001–80,000"
V3666,SUV,4,105144,85,2071,43,9.4,12.83,41,39,Moderate,Medium,7,No,"80,001+"
V3667,SUV,10,69632,104,1575,46,12.0,12.24,40,87,Moderate,Low,7,Yes,"80,001+"
V3668,Hatchback,15,142354,99,2145,24,5.7,11.03,43,34,Good,High,9,Yes,"25,001–50,000"
V3669,SUV,2,68726,102,2963,21,19.0,11.44,32,107,Critical,Low,12,No,"10,001–25,000"
V3670,Hatchback,6,165997,101,2325,22,8.4,12.63,40,56,Good,High,8,Yes,"25,001–50,000"
V3671,Sedan,2,83496,94,2254,21,16.8,11.52,36,96,Critical,Medium,4,Yes,"50,001–80,000"
V3672,Sedan,12,161776,107,2720,50,12.2,12.82,35,79,Worn,Medium,3,Yes,"50,001–80,000"
V3673,Truck,10,100202,110,2967,24,14.0,11.99,42,43,Worn,Medium,7,Yes,"50,001–80,000"
V3674,Sedan,12,113963,100,2746,35,18.0,12.7,45,110,Worn,Low,8,No,"80,001+"
V3675,Hatchback,5,52021,92,1733,33,11.1,12.09,30,103,Good,Low,8,Yes,"80,001+"
V3676,Hatchback,12,17919,109,1719,24,17.0,11.4,36,55,Moderate,Low,8,Yes,"25,001–50,000"
V3677,SUV,3,150815,92,2028,21,19.8,12.75,43,107,Critical,High,7,Yes,"25,001–50,000"
V3678,Truck,9,146575,110,2849,39,9.4,12.47,43,105,Good,Low,12,No,"50,001–80,000"
V3679,Hatchback,4,89760,94,2791,47,11.7,11.53,38,78,Critical,Medium,5,Yes,"80,001+"
V3680,Truck,7,22263,97,2987,50,14.9,12.44,41,87,Worn,Low,11,Yes,"80,001+"
V3681,Sedan,15,68269,97,1707,43,17.5,11.79,32,94,Worn,Low,2,No,"80,001+"
V3682,Truck,6,37930,101,1814,27,11.8,11.27,41,49,Good,Medium,1,Yes,"50,001–80,000"
V3683,Truck,3,93131,99,2282,30,9.7,12.02,30,93,Good,High,2,No,"80,001+"
V3684,Hatchback,5,184507,100,2895,26,15.1,11.45,41,60,Good,High,7,Yes,"50,001–80,000"
V3685,Truck,4,39824,97,1956,21,15.9,12.06,30,53,Moderate,Medium,4,No,"80,001+"
V3686,Hatchback,12,177955,85,1997,49,14.7,12.96,44,81,Moderate,Medium,11,No,"80,001+"
V3687,Sedan,13,19865,99,2657,48,11.3,11.56,31,70,Critical,Low,7,No,"50,001–80,000"
V3688,Hatchback,3,20065,105,3000,36,8.0,12.98,41,75,Moderate,Medium,5,Yes,"80,001+"
V3689,Truck,7,179733,99,2763,41,7.1,11.88,40,103,Moderate,Low,7,Yes,"80,001+"
V3690,Truck,12,34819,110,1550,27,8.3,11.86,44,74,Critical,Low,7,Yes,"10,001–25,000"
V3691,Truck,10,15301,92,2268,46,9.4,12.3,34,61,Worn,Low,9,Yes,"80,001+"
V3692,Sedan,7,123331,90,2014,22,13.9,11.64,37,46,Moderate,Low,8,No,"80,001+"
V3693,Sedan,6,139338,94,1905,34,20.0,11.3,44,100,Good,Medium,3,Yes,"80,001+"
V3694,Sedan,12,77102,97,1763,41,16.3,12.76,41,65,Good,Medium,4,No,"80,001+"
V3695,Sedan,14,184626,109,1592,30,10.7,12.41,30,101,Moderate,Low,6,Yes,"50,001–80,000"
V3696,Hatchback,9,104482,110,2245,28,12.4,12.12,43,53,Worn,Medium,11,Yes,"25,001–50,000"
V3697,Hatchback,11,172478,93,2185,33,6.4,12.97,37,105,Worn,Medium,5,Yes,"80,001+"
V3698,Truck,8,100831,93,2469,39,7.0,12.18,45,55,Moderate,Low,6,No,"80,001+"
V3699,SUV,12,75606,106,1713,36,11.9,12.03,41,110,Moderate,High,2,No,"25,001–50,000"
V3700,SUV,3,9543,108,2184,21,19.5,11.02,34,88,Worn,High,11,Yes,"10,001–25,000"
V3701,Hatchback,9,163959,91,2848,48,7.9,11.8,39,75,Moderate,Medium,12,Yes,"80,001+"
V3702,Hatchback,6,113427,97,2857,42,11.2,11.39,36,109,Good,Low,8,No,"80,001+"
V3703,Truck,8,187634,105,1849,24,13.6,11.1,36,54,Moderate,Low,8,No,"50,001–80,000"
V3704,SUV,2,133091,93,1547,22,9.9,11.96,31,71,Moderate,Low,6,No,"80,001+"
V3705,Hatchback,6,43377,105,1776,30,7.8,12.66,33,44,Worn,Low,11,No,"50,001–80,000"
V3706,Sedan,6,43104,103,1881,47,19.3,11.3,30,83,Good,Low,10,Yes,"50,001–80,000"
V3707,SUV,8,153406,110,1829,42,10.5,12.18,37,59,Good,High,9,Yes,"25,001–50,000"
V3708,Hatchback,4,184849,97,2220,26,10.6,11.18,38,30,Good,Low,2,Yes,"80,001+"
V3709,Truck,9,26422,101,1526,41,10.9,11.68,41,40,Moderate,Medium,4,No,"80,001+"
V3710,Sedan,9,19823,98,1661,47,15.4,12.52,37,72,Critical,Medium,2,No,"80,001+"
V3711,Sedan,10,194906,99,1902,39,13.1,11.26,39,30,Good,Medium,1,Yes,"80,001+"
V3712,Hatchback,8,117774,97,2919,41,11.7,12.33,44,73,Worn,High,10,Yes,"50,001–80,000"
V3713,Hatchback,3,5511,89,2031,25,15.5,11.37,36,67,Moderate,High,9,Yes,"25,001–50,000"
V3714,Sedan,4,190685,86,2165,27,10.6,11.89,44,46,Critical,High,5,Yes,"25,001–50,000"
V3715,Hatchback,11,107945,87,1570,34,10.4,12.84,41,46,Moderate,Medium,5,Yes,"80,001+"
V3716,SUV,12,43062,92,1670,25,13.6,12.86,39,58,Good,Low,3,Yes,"50,001–80,000"
V3717,Hatchback,8,71834,104,2517,41,10.2,11.75,37,68,Moderate,Low,10,Yes,"50,001–80,000"
V3718,Sedan,6,176482,100,2638,46,15.4,12.92,37,60,Critical,Low,5,Yes,"80,001+"
V3719,Truck,5,103699,110,1933,45,13.2,12.17,37,39,Good,Low,3,Yes,"80,001+"
V3720,Hatchback,13,142673,91,1942,25,17.4,11.45,44,65,Good,Medium,12,Yes,"50,001–80,000"
V3721,Hatchback,2,85540,89,2774,26,15.7,11.33,30,56,Worn,Medium,6,No,"80,001+"
V3722,Sedan,14,174040,85,2434,24,14.8,11.31,30,33,Critical,Low,7,Yes,"25,001–50,000"
V3723,Hatchback,6,111700,91,2187,47,14.6,12.67,43,110,Good,Medium,4,Yes,"80,001+"
V3724,Hatchback,10,149413,106,2552,40,19.0,12.79,44,30,Good,Medium,8,No,"80,001+"
V3725,Truck,1,154645,97,2648,34,5.0,11.52,32,48,Moderate,Medium,3,No,"80,001+"
V3726,Hatchback,12,100200,85,1984,47,7.0,11.39,33,41,Moderate,Medium,4,Yes,"80,001+"
V3727,Hatchback,4,81821,87,1898,50,5.4,11.94,36,56,Moderate,High,6,No,"80,001+"
V3728,Sedan,15,25339,94,2397,20,16.7,11.92,43,51,Critical,Medium,3,Yes,"25,001–50,000"
V3729,Truck,10,188444,100,1638,23,7.7,11.31,41,49,Critical,High,2,Yes,"25,001–50,000"
V3730,Hatchback,1,74387,104,2200,25,12.7,11.84,35,46,Critical,Low,2,Yes,"25,001–50,000"
V3731,SUV,6,31698,90,1704,33,17.3,11.17,38,54,Good,Low,9,No,"80,001+"
V3732,Truck,11,44691,96,2560,50,13.3,11.45,38,39,Critical,Medium,10,No,"50,001–80,000"
V3733,SUV,11,90009,85,2680,20,19.5,12.96,37,108,Critical,Medium,6,No,"25,001–50,000"
V3734,Sedan,4,18889,103,1877,29,17.4,11.66,31,50,Moderate,Medium,2,No,"50,001–80,000"
V3735,Sedan,15,30988,96,2780,49,9.7,11.39,42,87,Good,Low,1,No,"80,001+"
V3736,Hatchback,3,188805,97,1758,25,6.3,12.83,44,52,Worn,High,9,No,"25,001–50,000"
V3737,SUV,12,131244,105,2829,47,11.3,12.27,35,53,Worn,Medium,9,No,"50,001–80,000"
V3738,Truck,3,161972,110,1610,24,9.7,11.53,34,65,Worn,Low,1,No,"50,001–80,000"
V3739,Truck,14,54477,102,2366,20,9.2,12.47,45,62,Critical,Low,9,No,"10,001–25,000"
V3740,SUV,10,93429,99,2610,41,19.2,11.53,34,101,Worn,High,5,Yes,"80,001+"
V3741,SUV,11,73324,100,1614,44,15.7,11.0,44,59,Worn,High,1,Yes,"50,001–80,000"
V3742,Hatchback,1,44880,95,2625,44,18.3,11.06,31,62,Worn,Low,9,Yes,"80,001+"
V3743,SUV,12,181352,96,2120,37,11.5,12.45,37,94,Worn,High,3,Yes,"50,001–80,000"
V3744,SUV,2,128258,110,2252,41,13.8,12.02,31,104,Worn,High,11,Yes,"25,001–50,000"
V3745,Truck,7,30655,101,2301,24,14.8,11.85,34,101,Critical,Low,5,No,"25,001–50,000"
V3746,Hatchback,1,91268,89,2279,20,20.0,12.26,40,39,Moderate,High,2,Yes,"50,001–80,000"
V3747,SUV,9,86495,96,1647,32,19.1,12.47,42,60,Worn,Medium,2,Yes,"80,001+"
V3748,Truck,3,171753,102,2868,33,19.7,11.47,45,49,Moderate,High,8,Yes,"50,001–80,000"
V3749,Hatchback,1,146803,90,1923,26,8.5,12.94,43,104,Moderate,Low,2,No,"80,001+"
V3750,Sedan,10,91080,88,2423,26,19.3,11.46,39,63,Moderate,High,12,No,"25,001–50,000"
V3751,Sedan,8,103567,91,2922,21,10.7,11.15,32,85,Critical,High,10,Yes,"10,001–25,000"
V3752,SUV,5,182787,90,2665,34,8.4,11.96,44,62,Moderate,Low,6,No,"80,001+"
V3753,SUV,4,118167,95,2856,44,9.1,11.18,30,82,Critical,High,3,No,"50,001–80,000"
V3754,Truck,8,196354,85,2045,33,9.2,11.54,45,31,Moderate,Low,9,No,"80,001+"
V3755,Truck,10,10359,86,2806,26,5.9,12.67,36,67,Good,High,4,No,"50,001–80,000"
V3756,Sedan,10,90661,94,1605,36,11.8,11.14,41,93,Worn,High,3,No,"80,001+"
V3757,Truck,4,110378,95,2972,30,11.1,12.55,33,69,Good,Medium,5,No,"80,001+"
V3758,Sedan,15,17204,91,2930,45,8.3,11.22,44,56,Good,Medium,11,No,"80,001+"
V3759,Truck,11,159333,99,1723,43,16.7,11.42,43,78,Moderate,Low,8,No,"80,001+"
V3760,Truck,4,90376,86,1993,24,19.3,12.43,40,38,Worn,High,4,Yes,"50,001–80,000"
V3761,Sedan,10,34420,102,1621,50,6.6,12.1,38,89,Worn,High,6,Yes,"50,001–80,000"
V3762,Hatchback,2,41413,88,2067,45,5.3,11.28,34,89,Worn,Low,6,No,"80,001+"
V3763,Truck,15,126488,99,1752,48,8.4,12.34,37,60,Good,Medium,9,Yes,"80,001+"
V3764,Sedan,7,131956,88,1650,42,6.4,12.29,42,42,Moderate,Medium,9,Yes,"80,001+"
V3765,Hatchback,11,90221,95,2804,43,9.6,11.5,39,100,Critical,High,3,Yes,"25,001–50,000"
V3766,Sedan,11,183152,108,1825,40,7.2,11.09,36,92,Critical,High,10,Yes,"10,001–25,000"
V3767,Sedan,7,38784,93,2428,49,10.5,11.37,41,85,Worn,High,4,No,"80,001+"
V3768,Sedan,1,166629,105,2136,42,12.7,11.41,38,88,Moderate,Low,8,Yes,"80,001+"
V3769,SUV,14,60296,99,2876,47,18.7,12.66,30,55,Good,Low,2,No,"80,001+"
V3770,Hatchback,3,155126,94,1979,41,13.1,11.75,35,52,Moderate,High,10,Yes,"50,001–80,000"
V3771,SUV,10,49437,90,2215,50,20.0,11.72,39,103,Good,High,7,Yes,"80,001+"
V3772,Sedan,8,78826,107,2893,48,14.0,11.55,38,71,Worn,High,7,Yes,"50,001–80,000"
V3773,Sedan,4,162333,98,1730,27,11.9,12.97,35,103,Good,High,9,No,"25,001–50,000"
V3774,Sedan,9,28336,104,2729,36,7.8,12.7,42,104,Good,High,10,No,"25,001–50,000"
V3775,Truck,10,126315,109,2888,23,9.7,11.89,35,33,Moderate,Medium,8,No,"50,001–80,000"
V3776,Sedan,1,190194,90,1524,47,17.4,11.27,42,92,Worn,Low,9,No,"80,001+"
V3777,SUV,4,11901,95,2945,21,10.4,12.89,40,108,Critical,Low,4,No,"50,001–80,000"
V3778,Hatchback,10,21256,109,2992,47,16.1,11.32,42,50,Worn,Medium,1,No,"80,001+"
V3779,SUV,6,62935,104,1816,50,11.1,12.95,36,32,Moderate,Medium,10,Yes,"50,001–80,000"
V3780,Truck,14,193482,106,2205,33,19.2,12.76,31,73,Good,Low,10,No,"50,001–80,000"
V3781,Hatchback,3,7925,93,2471,22,5.3,11.04,41,108,Good,Low,4,Yes,"80,001+"
V3782,Truck,7,12317,106,1876,43,5.3,12.21,36,70,Moderate,Medium,5,No,"80,001+"
V3783,Truck,13,155488,100,2778,31,15.9,12.82,36,93,Good,Low,11,No,"80,001+"
V3784,Sedan,15,181993,87,2305,39,17.6,12.78,35,79,Moderate,Medium,9,No,"80,001+"
V3785,Truck,2,82956,99,1827,28,18.3,12.61,44,89,Good,Medium,2,No,"80,001+"
V3786,SUV,3,128610,104,2596,33,10.6,11.2,38,94,Critical,Low,3,No,"50,001–80,000"
V3787,Sedan,6,91361,96,1759,36,19.7,12.07,41,109,Critical,High,4,No,"50,001–80,000"
V3788,Sedan,6,110391,93,2820,41,6.0,12.31,33,62,Good,Low,5,Yes,"80,001+"
V3789,Hatchback,14,138562,96,1651,23,19.3,12.43,41,75,Moderate,High,1,No,"25,001–50,000"
V3790,SUV,2,79404,110,2081,33,17.2,12.42,33,52,Moderate,Medium,4,No,"80,001+"
V3791,SUV,1,158617,91,1812,29,18.0,12.74,45,106,Good,Medium,2,Yes,"80,001+"
V3792,Truck,12,75751,88,2551,36,14.0,12.71,38,92,Worn,Medium,10,No,"80,001+"
V3793,Truck,6,137152,103,1690,42,7.6,12.54,42,98,Worn,High,12,No,"25,001–50,000"
V3794,Hatchback,13,137803,108,2679,30,6.4,12.42,36,67,Worn,Low,9,No,"50,001–80,000"
V3795,Truck,13,21650,88,2169,42,7.4,11.09,45,78,Critical,High,10,Yes,"25,001–50,000"
V3796,Hatchback,13,179081,90,1552,35,5.3,12.55,37,105,Worn,Low,10,Yes,"80,001+"
V3797,Sedan,2,96654,92,2783,38,7.9,11.76,33,64,Good,Medium,11,No,"80,001+"
V3798,Truck,10,82430,100,2698,42,13.8,12.16,44,46,Moderate,Low,9,Yes,"80,001+"
V3799,Truck,6,29736,85,1881,49,13.4,12.98,44,59,Good,Low,1,Yes,"80,001+"
V3800,Sedan,7,173748,90,2517,39,19.3,11.86,30,69,Critical,Low,9,Yes,"50,001–80,000"
V3801,Sedan,7,58185,110,3000,38,10.0,12.58,38,48,Moderate,Medium,7,No,"80,001+"
V3802,Hatchback,7,193976,95,1639,31,6.4,12.11,45,82,Good,Medium,8,No,"80,001+"
V3803,Sedan,1,59930,98,2766,40,15.2,11.38,33,84,Worn,High,6,Yes,"80,001+"
V3804,Sedan,13,19557,88,2323,23,12.3,11.19,45,106,Good,Low,9,No,"50,001–80,000"
V3805,Truck,8,127649,90,1951,21,8.8,11.97,33,101,Critical,High,5,Yes,"25,001–50,000"
V3806,Sedan,11,60799,107,2874,30,15.5,11.66,36,101,Moderate,Medium,2,Yes,"50,001–80,000"
V3807,SUV,1,44313,86,2610,34,15.7,12.29,30,101,Good,Low,7,Yes,"80,001+"
V3808,Truck,8,114713,99,2208,40,7.4,12.89,39,84,Critical,High,12,No,"25,001–50,000"
V3809,Hatchback,10,25839,95,2994,26,13.3,11.76,32,103,Worn,High,6,No,"50,001–80,000"
V3810,Hatchback,7,145290,88,2814,44,18.6,12.48,31,56,Critical,Medium,3,Yes,"80,001+"
V3811,SUV,5,168065,87,2796,33,16.5,11.87,35,57,Critical,High,12,Yes,"25,001–50,000"
V3812,Hatchback,11,153935,101,1619,42,6.3,11.02,44,49,Worn,Low,11,No,"50,001–80,000"
V3813,SUV,4,167603,95,2071,27,18.4,11.65,45,108,Moderate,High,12,Yes,"25,001–50,000"
V3814,Sedan,7,89990,107,2694,30,13.9,11.44,32,83,Moderate,High,9,No,"25,001–50,000"
V3815,Sedan,14,110871,86,1697,41,13.0,12.62,32,37,Worn,High,2,No,"50,001–80,000"
V3816,Sedan,9,105113,104,1734,50,14.2,11.89,38,44,Worn,Medium,11,No,"50,001–80,000"
V3817,Hatchback,12,145405,98,2395,43,8.9,11.67,35,99,Critical,High,6,No,"25,001–50,000"
V3818,Sedan,8,173531,93,1597,27,16.8,12.68,44,69,Worn,Low,2,No,"80,001+"
V3819,Hatchback,15,123944,95,2915,49,8.4,12.65,35,46,Worn,Medium,6,Yes,"80,001+"
V3820,Truck,1,25977,86,2563,26,13.7,12.51,32,68,Moderate,Medium,12,No,"50,001–80,000"
V3821,Sedan,6,30487,108,1927,29,10.9,12.42,36,65,Worn,High,1,No,"25,001–50,000"
V3822,SUV,8,90120,109,1879,29,8.7,12.86,37,75,Moderate,High,1,No,"25,001–50,000"
V3823,Hatchback,2,86416,85,2033,41,16.8,12.94,34,101,Good,Low,11,Yes,"80,001+"
V3824,Hatchback,5,11534,92,2536,43,10.8,12.16,41,83,Moderate,High,7,Yes,"80,001+"
V3825,Sedan,10,169034,95,2969,50,7.9,11.08,35,107,Critical,Medium,7,No,"80,001+"
V3826,Truck,15,187614,90,2900,35,9.8,12.27,43,105,Critical,Low,6,Yes,"50,001–80,000"
V3827,SUV,9,157498,103,1884,20,7.5,11.63,35,72,Critical,High,12,Yes,"0–10,000"
V3828,SUV,2,75390,108,1862,44,6.6,11.8,35,58,Worn,High,4,Yes,"50,001–80,000"
V3829,Truck,11,120589,87,2677,41,18.3,11.2,42,108,Good,Low,3,Yes,"80,001+"
V3830,Sedan,10,100809,99,2304,46,5.8,11.72,42,36,Moderate,Medium,7,Yes,"80,001+"
V3831,Sedan,11,181766,90,2792,31,8.3,11.28,32,86,Moderate,Medium,8,Yes,"80,001+"
V3832,Truck,3,6374,87,2889,45,13.2,11.46,41,84,Good,Medium,10,No,"80,001+"
V3833,Sedan,11,51538,96,2395,37,18.6,12.61,33,83,Moderate,Medium,11,No,"80,001+"
V3834,Sedan,12,129051,85,1598,36,5.6,12.32,43,65,Good,High,1,No,"50,001–80,000"
V3835,Hatchback,3,150970,89,2408,26,11.2,11.63,30,41,Good,High,4,No,"50,001–80,000"
V3836,Hatchback,13,133270,97,1602,39,19.8,12.47,33,69,Good,Medium,7,Yes,"80,001+"
V3837,Sedan,1,38296,87,2623,35,10.0,12.5,39,30,Moderate,Low,10,Yes,"80,001+"
V3838,SUV,1,137790,98,2340,49,7.5,12.52,33,66,Critical,High,5,No,"50,001–80,000"
V3839,Sedan,5,20236,106,1742,38,15.7,11.76,45,39,Critical,High,12,Yes,"10,001–25,000"
V3840,SUV,4,115333,107,2085,35,11.0,12.18,43,35,Moderate,High,1,No,"50,001–80,000"
V3841,Hatchback,7,147616,106,1889,31,7.0,12.86,42,36,Good,High,2,Yes,"50,001–80,000"
V3842,SUV,15,90411,92,1749,43,17.0,11.47,35,52,Good,Low,10,Yes,"80,001+"
V3843,Hatchback,8,59827,98,2223,33,11.0,12.88,32,53,Good,Low,6,Yes,"80,001+"
V3844,Truck,2,154996,102,1617,39,5.2,11.11,41,101,Worn,Low,2,Yes,"80,001+"
V3845,Sedan,10,163504,110,2575,25,18.6,11.69,30,100,Moderate,Medium,1,Yes,"50,001–80,000"
V3846,SUV,14,111902,89,2839,24,17.3,11.12,32,95,Moderate,Low,6,No,"50,001–80,000"
V3847,Hatchback,6,183697,103,1681,31,8.1,12.52,43,102,Worn,Medium,11,Yes,"50,001–80,000"
V3848,Truck,8,118499,95,2147,29,9.7,12.68,43,78,Worn,High,8,No,"50,001–80,000"
V3849,SUV,12,86926,105,2857,20,11.6,12.77,39,93,Moderate,High,10,Yes,"10,001–25,000"
V3850,Hatchback,12,26936,107,2308,43,11.8,12.02,39,37,Good,Medium,2,No,"50,001–80,000"
V3851,SUV,7,9808,86,2361,41,7.2,12.56,37,94,Good,Medium,10,Yes,"80,001+"
V3852,Hatchback,5,150519,103,1774,36,15.6,12.43,40,47,Moderate,High,5,No,"50,001–80,000"
V3853,Hatchback,4,124430,86,1689,48,15.7,12.73,43,91,Good,High,10,No,"50,001–80,000"
V3854,Hatchback,7,173324,89,1988,27,17.1,12.81,42,69,Worn,Medium,1,No,"80,001+"
V3855,SUV,3,189127,91,2975,21,7.3,11.28,35,86,Moderate,Low,7,No,"80,001+"
V3856,Truck,12,24667,98,2535,35,17.2,12.66,32,49,Good,Low,5,Yes,"80,001+"
V3857,SUV,15,125257,104,1561,47,8.2,12.73,34,84,Moderate,Medium,4,No,"50,001–80,000"
V3858,Hatchback,2,102577,99,1752,24,7.8,11.96,39,107,Worn,Low,10,No,"50,001–80,000"
V3859,Sedan,3,51810,88,1677,27,19.3,11.85,34,58,Good,High,4,Yes,"50,001–80,000"
V3860,Truck,11,157853,108,2267,44,9.9,11.27,44,57,Critical,Low,7,Yes,"25,001–50,000"
V3861,Sedan,8,194913,92,1644,43,7.9,11.41,34,92,Moderate,High,2,No,"80,001+"
V3862,Hatchback,2,59339,101,2960,22,16.4,11.65,45,77,Worn,Medium,12,Yes,"25,001–50,000"
V3863,SUV,13,51632,96,2038,22,14.1,11.2,35,89,Moderate,Low,9,No,"50,001–80,000"
V3864,Truck,1,40534,103,2966,46,14.0,11.81,41,50,Moderate,High,7,No,"50,001–80,000"
V3865,Sedan,4,89865,104,2043,36,15.5,11.26,40,39,Critical,Low,10,Yes,"25,001–50,000"
V3866,Truck,12,79084,99,1853,22,8.9,11.36,32,104,Critical,Low,7,Yes,"25,001–50,000"
V3867,Sedan,9,15797,95,1742,25,17.7,11.56,31,78,Moderate,High,11,Yes,"25,001–50,000"
V3868,SUV,10,98779,103,2816,34,17.9,11.26,44,100,Worn,High,12,Yes,"25,001–50,000"
V3869,Sedan,9,162383,101,2096,33,15.0,11.48,40,70,Good,Medium,4,Yes,"80,001+"
V3870,SUV,6,101984,110,2983,39,9.2,11.51,34,50,Moderate,Medium,1,Yes,"80,001+"
V3871,Sedan,3,51057,108,2308,35,19.9,12.76,32,71,Good,Medium,5,Yes,"80,001+"
V3872,SUV,3,91877,103,2105,29,15.4,12.42,37,60,Good,Medium,12,Yes,"25,001–50,000"
V3873,SUV,11,56196,100,2157,21,16.0,12.55,43,80,Worn,Low,10,Yes,"50,001–80,000"
V3874,Sedan,15,76375,101,1777,48,16.7,11.91,31,34,Good,High,6,Yes,"25,001–50,000"
V3875,Sedan,5,141469,100,2786,25,14.9,11.13,30,48,Good,Low,2,Yes,"80,001+"
V3876,Truck,12,192384,85,2280,33,12.7,11.21,35,76,Worn,Medium,8,Yes,"80,001+"
V3877,Truck,12,112823,94,2049,28,15.1,11.78,45,50,Moderate,Low,8,No,"50,001–80,000"
V3878,Truck,14,50664,99,2973,39,13.8,11.11,41,101,Moderate,High,7,Yes,"50,001–80,000"
V3879,Hatchback,5,51541,87,1562,39,9.8,12.05,33,87,Good,High,3,No,"80,001+"
V3880,Truck,3,169281,99,2722,38,6.4,11.89,37,73,Worn,Low,12,No,"80,001+"
V3881,Hatchback,8,32450,105,2595,29,8.7,12.54,45,99,Good,Medium,9,No,"25,001–50,000"
V3882,Hatchback,9,54443,99,2644,25,15.9,12.64,34,106,Good,Low,7,Yes,"80,001+"
V3883,SUV,10,18431,102,2789,42,18.2,11.07,32,65,Good,Medium,5,Yes,"80,001+"
V3884,Hatchback,14,35236,87,1554,40,6.2,12.17,34,38,Moderate,Medium,5,Yes,"80,001+"
V3885,Hatchback,3,51143,86,1639,30,12.3,12.97,36,79,Critical,Low,12,Yes,"50,001–80,000"
V3886,Sedan,13,53669,105,2330,45,16.4,11.29,44,35,Good,Medium,12,No,"50,001–80,000"
V3887,Sedan,15,196635,91,2309,41,11.0,12.24,44,84,Moderate,Low,4,Yes,"80,001+"
V3888,Hatchback,1,190709,101,1590,20,8.5,11.22,31,83,Critical,High,1,Yes,"10,001–25,000"
V3889,Sedan,2,91332,86,1857,36,14.8,12.26,37,64,Critical,Low,11,No,"50,001–80,000"
V3890,Hatchback,1,162980,109,2293,44,8.4,11.18,35,41,Worn,High,12,No,"25,001–50,000"
V3891,Sedan,10,49781,90,2585,50,5.2,12.7,33,88,Critical,Medium,3,No,"80,001+"
V3892,Hatchback,11,167140,85,2282,44,11.3,12.42,31,40,Critical,High,12,No,"25,001–50,000"
V3893,Truck,11,28499,94,2178,35,5.2,12.72,36,66,Worn,High,9,No,"50,001–80,000"
V3894,Hatchback,2,133015,96,1513,48,14.6,12.6,37,62,Critical,Medium,2,Yes,"80,001+"
V3895,Sedan,8,99999,100,1662,33,19.6,12.81,43,94,Good,High,11,No,"50,001–80,000"
V3896,SUV,5,181354,105,1937,23,13.6,11.02,44,32,Good,High,7,No,"25,001–50,000"
V3897,SUV,12,27118,88,2279,20,18.8,12.52,36,96,Moderate,Medium,8,No,"50,001–80,000"
V3898,SUV,12,184048,110,2128,25,13.2,12.14,33,100,Critical,Medium,10,No,"10,001–25,000"
V3899,Sedan,11,135530,105,1805,40,7.4,11.57,42,88,Critical,High,2,Yes,"10,001–25,000"
V3900,SUV,11,141195,93,2493,32,12.4,12.48,43,34,Worn,Medium,10,Yes,"80,001+"
V3901,SUV,10,184231,109,2108,39,10.9,12.55,42,41,Moderate,Medium,10,No,"50,001–80,000"
V3902,Truck,11,14880,99,2285,32,7.9,11.65,39,43,Worn,Low,12,Yes,"80,001+"
V3903,Truck,9,52455,98,1628,28,12.6,11.23,44,91,Good,High,5,Yes,"50,001–80,000"
V3904,Sedan,13,5132,110,2217,44,18.2,11.31,42,43,Worn,Low,7,No,"50,001–80,000"
V3905,Sedan,13,87979,95,2508,28,15.9,12.51,41,50,Critical,High,5,Yes,"10,001–25,000"
V3906,Sedan,15,140005,100,2877,44,12.2,11.4,39,53,Worn,High,12,Yes,"50,001–80,000"
V3907,SUV,7,5511,89,2507,41,15.6,11.34,43,69,Good,Low,4,Yes,"80,001+"
V3908,Sedan,14,46811,110,2184,33,9.4,11.64,40,108,Worn,Low,5,Yes,"50,001–80,000"
V3909,Hatchback,5,89743,105,2396,37,5.9,12.55,40,69,Critical,Low,5,No,"50,001–80,000"
V3910,Hatchback,14,123699,105,2399,30,16.5,12.06,30,107,Worn,Low,1,Yes,"50,001–80,000"
V3911,Sedan,1,76346,91,1909,39,17.7,12.42,36,57,Moderate,High,5,No,"80,001+"
V3912,Truck,11,81448,105,2638,39,19.1,11.21,39,79,Critical,Low,2,No,"25,001–50,000"
V3913,Hatchback,11,188181,95,1677,45,10.3,12.73,33,87,Worn,Low,11,Yes,"80,001+"
V3914,SUV,5,49967,86,1962,24,12.0,12.03,41,57,Critical,High,7,Yes,"25,001–50,000"
V3915,Sedan,12,112024,96,2993,41,17.6,11.78,37,79,Moderate,Medium,9,No,"80,001+"
V3916,SUV,10,28246,99,2814,36,15.3,11.32,37,38,Good,High,1,No,"80,001+"
V3917,SUV,7,116891,107,2607,29,12.1,11.76,35,51,Worn,High,9,Yes,"10,001–25,000"
V3918,Hatchback,12,134125,88,1868,50,8.1,11.81,38,46,Moderate,Medium,1,No,"80,001+"
V3919,Hatchback,9,155006,103,2769,38,6.4,12.23,31,82,Good,Low,3,No,"80,001+"
V3920,Sedan,12,199463,109,1641,39,9.5,11.51,37,97,Good,Medium,3,No,"50,001–80,000"
V3921,Hatchback,2,81918,110,1966,38,17.5,12.71,30,108,Worn,Low,2,Yes,"80,001+"
V3922,Truck,9,91131,103,1875,37,6.8,12.48,39,58,Critical,Medium,6,No,"50,001–80,000"
V3923,Hatchback,7,103220,102,1671,37,9.8,11.2,37,100,Critical,High,8,Yes,"25,001–50,000"
V3924,Hatchback,1,28020,97,2772,48,13.2,11.65,39,101,Good,Medium,2,No,"80,001+"
V3925,Sedan,1,193845,98,1659,43,15.7,12.86,35,84,Worn,Medium,7,No,"80,001+"
V3926,SUV,10,59077,90,2828,38,6.3,12.16,36,104,Moderate,High,8,No,"80,001+"
V3927,SUV,11,10818,100,2973,20,15.6,12.65,42,100,Good,High,3,No,"25,001–50,000"
V3928,Truck,13,33755,90,2907,42,16.8,11.52,41,94,Critical,Low,1,No,"50,001–80,000"
V3929,Hatchback,10,24259,94,2634,41,12.2,11.95,40,64,Critical,Medium,12,Yes,"50,001–80,000"
V3930,Sedan,1,177850,99,2703,23,12.2,11.32,31,66,Critical,Low,8,No,"50,001–80,000"
V3931,Hatchback,4,145495,98,2822,25,8.2,11.78,30,70,Critical,Low,1,No,"50,001–80,000"
V3932,Truck,8,130031,89,2164,48,16.3,12.71,36,70,Worn,Low,10,No,"80,001+"
V3933,Sedan,5,119569,105,2670,40,8.4,11.2,40,52,Worn,Medium,8,Yes,"80,001+"
V3934,Sedan,14,39167,100,2758,50,14.7,12.68,43,97,Moderate,Medium,11,No,"80,001+"
V3935,Truck,8,148963,89,2708,26,16.3,12.49,39,82,Good,Low,10,No,"50,001–80,000"
V3936,Truck,9,70137,94,1529,29,13.5,12.96,38,108,Moderate,Medium,6,Yes,"80,001+"
V3937,SUV,8,161789,103,1772,50,12.8,11.19,44,80,Moderate,Low,1,No,"80,001+"
V3938,Truck,3,18015,99,2968,39,10.8,12.67,32,110,Worn,High,3,Yes,"80,001+"
V3939,Truck,7,49988,105,2900,24,10.0,11.29,39,39,Critical,High,4,No,"10,001–25,000"
V3940,Hatchback,6,146900,100,2393,33,19.7,12.81,38,103,Moderate,Low,5,No,"80,001+"
V3941,Hatchback,12,31201,98,2886,24,7.1,12.71,30,109,Good,High,2,No,"25,001–50,000"
V3942,SUV,1,41564,87,2640,27,11.3,12.36,41,89,Moderate,Low,1,Yes,"80,001+"
V3943,Truck,8,54847,90,2520,33,18.6,12.91,37,90,Moderate,Medium,1,No,"80,001+"
V3944,Truck,5,123428,89,2186,36,18.0,12.77,37,73,Worn,Medium,2,No,"80,001+"
V3945,Hatchback,15,112051,103,1574,33,7.9,12.13,45,61,Critical,Low,1,No,"25,001–50,000"
V3946,SUV,1,169609,87,1842,26,16.5,12.85,37,59,Moderate,Low,4,Yes,"80,001+"
V3947,Hatchback,4,40084,105,1669,34,18.7,11.65,39,93,Good,High,10,No,"25,001–50,000"
V3948,Truck,5,131594,105,2594,42,9.1,11.24,43,61,Moderate,Low,9,No,"50,001–80,000"
V3949,Hatchback,5,190352,97,2892,48,17.9,12.3,33,81,Critical,Medium,12,Yes,"50,001–80,000"
V3950,SUV,2,12601,90,2909,32,16.4,11.0,38,51,Critical,Low,4,Yes,"80,001+"
V3951,SUV,4,115264,102,1944,48,11.8,12.61,37,34,Moderate,Medium,12,No,"50,001–80,000"
V3952,Hatchback,5,149495,104,2849,48,14.1,11.69,37,104,Good,Medium,7,No,"80,001+"
V3953,Hatchback,14,131993,103,1956,36,17.5,11.47,30,34,Critical,Low,6,Yes,"25,001–50,000"
V3954,SUV,3,175142,101,2305,37,9.3,11.79,30,44,Good,Low,9,Yes,"50,001–80,000"
V3955,Truck,12,198781,104,2662,40,8.2,12.4,39,93,Worn,Medium,8,No,"50,001–80,000"
V3956,SUV,14,100715,102,2757,26,19.8,11.56,42,58,Worn,Medium,11,Yes,"25,001–50,000"
V3957,SUV,8,170402,109,2235,46,15.9,11.74,38,40,Moderate,Low,8,Yes,"80,001+"
V3958,SUV,14,135976,92,1657,26,11.3,12.29,39,32,Worn,Medium,7,No,"50,001–80,000"
V3959,Truck,3,172162,110,2289,28,10.7,11.15,32,33,Moderate,Medium,4,Yes,"50,001–80,000"
V3960,SUV,6,122935,88,1811,30,9.5,12.34,36,72,Critical,Medium,12,Yes,"50,001–80,000"
V3961,Truck,9,101284,96,2106,21,7.1,12.84,34,47,Good,High,4,Yes,"50,001–80,000"
V3962,Truck,12,110800,90,2847,25,18.9,11.3,34,106,Good,Medium,9,Yes,"50,001–80,000"
V3963,Hatchback,12,98820,109,2679,24,17.1,12.5,37,56,Moderate,Low,10,No,"25,001–50,000"
V3964,Sedan,12,54271,94,2736,48,9.8,12.44,33,105,Moderate,Medium,12,Yes,"80,001+"
V3965,Truck,10,110199,86,1584,28,13.6,11.04,45,83,Moderate,High,6,Yes,"50,001–80,000"
V3966,Hatchback,6,163977,100,2444,46,13.8,12.58,43,37,Worn,High,5,Yes,"80,001+"
V3967,Sedan,13,109184,93,2357,42,10.9,11.36,37,66,Critical,Low,4,No,"50,001–80,000"
V3968,Sedan,3,174575,106,2447,25,14.5,11.95,41,76,Critical,Low,2,No,"25,001–50,000"
V3969,Hatchback,15,117075,93,2256,33,7.2,11.67,40,46,Critical,Medium,6,No,"50,001–80,000"
V3970,Truck,6,198317,98,1634,42,11.3,12.5,33,91,Good,High,2,No,"80,001+"
V3971,Truck,9,133108,110,2200,41,5.5,12.58,36,94,Worn,Medium,6,No,"80,001+"
V3972,Sedan,15,90007,107,2334,50,10.9,12.28,42,95,Good,Medium,12,No,"50,001–80,000"
V3973,SUV,5,55345,85,1635,28,18.5,11.56,44,50,Good,Low,10,No,"50,001–80,000"
V3974,Sedan,8,44710,98,1629,21,10.5,11.66,38,31,Worn,Medium,1,No,"80,001+"
V3975,Hatchback,11,71487,106,2593,50,7.7,12.81,40,97,Good,Medium,4,Yes,"50,001–80,000"
V3976,Sedan,7,117629,95,2398,39,8.2,12.39,44,75,Critical,Medium,4,Yes,"80,001+"
V3977,Sedan,11,91350,105,2500,49,10.2,11.25,34,32,Worn,High,8,Yes,"25,001–50,000"
V3978,Truck,4,178695,102,1797,43,5.2,12.82,45,64,Worn,Low,4,Yes,"80,001+"
V3979,Truck,12,107265,110,1765,32,17.8,11.8,43,107,Critical,High,4,Yes,"10,001–25,000"
V3980,SUV,4,9868,93,2308,42,7.6,11.65,36,101,Critical,Low,4,No,"80,001+"
V3981,Sedan,3,151191,97,2310,47,13.9,11.11,32,49,Critical,Medium,11,No,"50,001–80,000"
V3982,Truck,8,156482,100,1685,30,15.5,11.51,44,52,Good,Low,6,No,"80,001+"
V3983,SUV,15,42385,99,2025,48,7.7,11.61,34,54,Critical,Low,1,No,"50,001–80,000"
V3984,Sedan,12,100009,104,1813,50,15.1,12.46,32,81,Critical,Medium,10,No,"25,001–50,000"
V3985,Hatchback,1,84744,91,1762,38,5.3,11.91,42,102,Worn,High,5,Yes,"80,001+"
V3986,Truck,8,48346,92,2059,21,13.2,11.84,38,40,Critical,Medium,11,Yes,"25,001–50,000"
V3987,Truck,10,40475,109,1662,46,12.4,12.72,37,59,Moderate,Medium,5,Yes,"80,001+"
V3988,Truck,7,100240,109,1641,32,9.6,11.32,45,98,Critical,Medium,11,No,"25,001–50,000"
V3989,Hatchback,15,163948,85,2881,41,14.7,12.55,34,58,Good,High,5,No,"50,001–80,000"
V3990,SUV,11,68086,108,1670,43,14.3,11.58,41,43,Good,High,10,Yes,"25,001–50,000"
V3991,Truck,15,137686,89,2698,47,16.6,12.93,38,84,Good,High,12,No,"50,001–80,000"
V3992,Truck,10,120508,89,2709,22,12.4,11.77,40,86,Moderate,High,9,Yes,"25,001–50,000"
V3993,Hatchback,11,160800,104,1680,50,16.1,12.19,44,80,Worn,Medium,9,No,"50,001–80,000"
V3994,SUV,13,139586,85,2894,38,18.5,12.69,44,101,Good,High,1,No,"50,001–80,000"
V3995,Sedan,8,44307,106,2925,40,9.5,12.41,40,79,Worn,Medium,6,No,"80,001+"
V3996,SUV,10,106060,98,1997,39,19.6,12.71,45,69,Critical,Medium,3,No,"80,001+"
V3997,SUV,1,117192,98,1809,27,15.9,12.66,44,66,Good,Low,7,Yes,"80,001+"
V3998,SUV,3,100793,108,1561,23,16.8,11.64,41,102,Critical,Medium,8,Yes,"25,001–50,000"
V3999,Hatchback,12,52847,107,2456,23,17.2,12.82,43,107,Moderate,High,5,No,"10,001–25,000"
V4000,SUV,12,87005,96,2178,37,7.9,11.84,33,94,Moderate,Low,6,No,"80,001+"
V4001,SUV,11,84395,95,1690,47,5.4,11.02,44,76,Good,High,4,No,"50,001–80,000"
V4002,Truck,14,123922,100,1765,49,8.7,12.75,36,39,Good,Medium,4,Yes,"80,001+"
V4003,Hatchback,3,144012,85,1656,37,6.0,12.98,34,100,Worn,Low,12,Yes,"80,001+"
V4004,Hatchback,1,60861,92,2237,20,10.6,11.77,44,49,Moderate,High,10,No,"25,001–50,000"
V4005,Sedan,1,13417,86,2454,20,9.7,11.34,35,54,Worn,Low,2,Yes,"80,001+"
V4006,Sedan,6,137564,110,1722,39,13.5,11.82,37,80,Worn,Medium,12,No,"50,001–80,000"
V4007,Hatchback,13,115359,104,1957,30,14.1,11.72,39,96,Good,Medium,1,No,"50,001–80,000"
V4008,Hatchback,11,65071,95,2894,50,15.2,12.83,35,48,Moderate,High,10,No,"50,001–80,000"
V4009,SUV,12,6661,94,2629,40,5.8,12.4,41,97,Moderate,High,12,No,"50,001–80,000"
V4010,Sedan,11,49715,101,2626,47,18.9,12.96,45,94,Worn,Medium,3,No,"50,001–80,000"
V4011,Hatchback,1,66168,99,1594,22,13.6,11.82,34,59,Worn,Medium,4,Yes,"80,001+"
V4012,SUV,13,137011,89,2703,49,12.5,12.32,31,50,Worn,High,12,No,"50,001–80,000"
V4013,Sedan,12,17631,88,2812,43,6.6,11.93,36,36,Critical,High,9,Yes,"25,001–50,000"
V4014,Sedan,5,73298,101,1693,27,6.0,12.42,34,74,Worn,Low,8,No,"50,001–80,000"
V4015,Hatchback,5,155453,92,2249,21,13.5,12.55,40,75,Moderate,Medium,5,No,"80,001+"
V4016,Sedan,6,20199,100,2169,39,16.3,11.7,35,83,Moderate,High,3,No,"80,001+"
V4017,SUV,11,54274,109,2410,47,18.9,12.06,30,53,Moderate,Low,9,No,"50,001–80,000"
V4018,SUV,12,150363,102,2080,49,9.5,11.07,45,102,Worn,Low,2,Yes,"50,001–80,000"
V4019,SUV,4,196177,99,1662,27,7.9,11.05,36,101,Good,Low,2,No,"80,001+"
V4020,Truck,9,191655,102,2314,43,6.8,12.76,38,38,Good,Medium,5,Yes,"80,001+"
V4021,Truck,15,78848,95,1775,48,14.9,12.24,33,81,Moderate,Medium,10,No,"80,001+"
V4022,SUV,13,98423,102,1520,46,11.1,12.92,36,47,Worn,Low,7,Yes,"50,001–80,000"
V4023,Hatchback,14,156505,92,2887,42,12.6,11.98,39,42,Good,High,9,Yes,"50,001–80,000"
V4024,Sedan,9,13233,93,1608,22,7.6,12.58,35,60,Moderate,High,8,No,"50,001–80,000"
V4025,Sedan,12,44238,101,1840,30,8.7,12.44,38,109,Moderate,Medium,2,No,"50,001–80,000"
V4026,Hatchback,13,60741,104,2348,39,9.0,12.17,38,44,Good,Low,12,No,"50,001–80,000"
V4027,Truck,3,72605,85,1645,21,14.5,11.44,30,59,Good,High,7,No,"50,001–80,000"
V4028,Sedan,11,65832,109,2876,29,18.2,12.44,35,97,Critical,Medium,7,No,"10,001–25,000"
V4029,Truck,4,7256,91,2442,42,16.2,12.6,32,109,Moderate,High,5,Yes,"80,001+"
V4030,Truck,15,137870,104,2314,48,18.0,12.51,41,49,Good,Medium,7,No,"50,001–80,000"
V4031,Hatchback,2,76985,105,2869,39,7.0,11.83,34,36,Critical,Low,3,No,"50,001–80,000"
V4032,SUV,5,27923,86,2664,21,19.1,12.87,44,77,Moderate,High,3,Yes,"50,001–80,000"
V4033,Sedan,9,87114,97,1944,30,12.9,12.47,38,52,Critical,Medium,6,No,"80,001+"
V4034,SUV,9,64028,102,1933,29,18.0,12.16,36,71,Critical,Medium,7,Yes,"25,001–50,000"
V4035,SUV,12,37949,105,2973,38,6.0,12.52,39,56,Moderate,High,3,Yes,"25,001–50,000"
V4036,Hatchback,5,74200,88,1792,23,7.8,12.62,41,54,Moderate,Medium,5,Yes,"80,001+"
V4037,Hatchback,11,167388,101,2012,31,15.0,12.91,32,94,Good,High,9,No,"25,001–50,000"
V4038,Truck,4,29660,103,1772,28,16.8,11.41,37,62,Critical,Medium,7,No,"25,001–50,000"
V4039,Truck,14,191375,93,1692,20,19.8,12.36,44,40,Worn,Medium,5,No,"50,001–80,000"
V4040,Truck,12,20200,94,2226,35,9.6,11.57,32,109,Worn,Low,9,No,"80,001+"
V4041,SUV,4,67310,93,2527,37,8.9,12.76,36,104,Critical,Medium,6,No,"80,001+"
V4042,Truck,14,144358,87,2164,34,11.6,12.85,35,47,Critical,High,3,Yes,"25,001–50,000"
V4043,Truck,3,94644,94,2547,44,13.3,12.33,37,75,Moderate,Medium,4,No,"80,001+"
V4044,Sedan,2,96264,109,1606,50,7.5,11.29,37,90,Critical,Medium,11,Yes,"25,001–50,000"
V4045,Sedan,10,57720,99,2670,46,12.8,11.28,32,58,Moderate,High,3,No,"80,001+"
V4046,Truck,6,27245,99,1505,38,5.0,11.29,43,31,Critical,Medium,3,Yes,"80,001+"
V4047,Truck,7,106622,99,2189,22,8.9,11.49,45,106,Good,Medium,11,No,"50,001–80,000"
V4048,Sedan,11,26615,103,1690,29,16.4,11.52,32,84,Worn,Medium,6,Yes,"25,001–50,000"
V4049,Hatchback,9,198398,101,2440,36,15.3,12.99,33,84,Moderate,Medium,11,Yes,"50,001–80,000"
V4050,Sedan,15,36468,87,2319,24,13.3,12.4,40,98,Moderate,Low,7,Yes,"50,001–80,000"
V4051,SUV,9,115239,99,1713,26,11.4,11.65,33,37,Good,Low,3,No,"80,001+"
V4052,SUV,14,88248,94,2188,35,8.4,11.05,38,77,Good,Low,9,Yes,"80,001+"
V4053,Hatchback,9,75450,89,2851,31,16.0,11.39,32,31,Moderate,High,1,No,"80,001+"
V4054,Truck,6,55070,95,1965,46,11.7,12.5,45,32,Critical,Medium,9,Yes,"50,001–80,000"
V4055,Truck,4,195866,94,2997,30,13.4,11.81,43,87,Moderate,Medium,5,No,"80,001+"
V4056,Truck,9,171182,109,2533,29,9.9,11.75,30,55,Worn,High,3,No,"25,001–50,000"
V4057,Hatchback,14,43657,90,2848,22,16.4,12.97,45,81,Moderate,High,8,Yes,"25,001–50,000"
V4058,Truck,4,75379,98,1569,31,11.6,12.85,32,69,Moderate,High,8,No,"80,001+"
V4059,SUV,9,95289,86,2601,48,5.9,12.68,43,87,Good,High,2,No,"80,001+"
V4060,Hatchback,10,159393,107,2631,28,10.3,11.76,41,82,Worn,High,12,No,"10,001–25,000"
V4061,Sedan,5,91889,98,1721,47,13.3,12.96,38,100,Moderate,High,8,Yes,"80,001+"
V4062,Truck,11,148298,86,2530,20,15.5,12.49,31,93,Moderate,Low,1,No,"50,001–80,000"
V4063,SUV,10,146469,90,1714,44,16.4,12.12,44,106,Critical,Low,11,Yes,"50,001–80,000"
V4064,SUV,13,107277,99,1639,33,7.3,12.71,40,93,Good,High,5,Yes,"50,001–80,000"
V4065,Hatchback,15,73293,97,2515,42,12.1,12.47,37,110,Critical,Medium,12,No,"50,001–80,000"
V4066,SUV,4,74111,99,1708,23,12.3,12.09,43,75,Worn,Medium,9,Yes,"50,001–80,000"
V4067,Hatchback,10,150230,89,2179,30,10.5,12.67,37,77,Critical,Low,7,Yes,"80,001+"
V4068,Truck,1,73034,91,1669,30,18.3,11.72,36,78,Critical,Low,9,No,"50,001–80,000"
V4069,Hatchback,2,163799,94,1518,35,17.3,11.67,38,89,Moderate,High,9,Yes,"50,001–80,000"
V4070,Truck,15,36765,91,2183,21,9.4,12.11,40,87,Critical,High,5,No,"10,001–25,000"
V4071,Hatchback,6,119793,106,2378,34,12.0,11.22,31,58,Moderate,Low,10,No,"50,001–80,000"
V4072,Hatchback,6,26988,104,2101,30,5.2,11.08,38,70,Good,Medium,1,Yes,"80,001+"
V4073,Hatchback,9,125674,88,1845,35,14.4,11.5,35,43,Critical,Medium,6,No,"80,001+"
V4074,Sedan,5,174930,110,1509,36,12.9,11.3,44,76,Critical,Medium,3,No,"50,001–80,000"
V4075,Truck,7,173690,102,1795,23,11.3,11.99,35,95,Worn,Low,4,Yes,"50,001–80,000"
V4076,Truck,9,107706,94,2810,37,19.6,11.77,30,42,Critical,High,9,No,"25,001–50,000"
V4077,Hatchback,5,94703,93,2511,20,8.5,11.73,34,80,Moderate,Low,2,No,"80,001+"
V4078,SUV,11,118803,97,2020,30,17.5,11.42,42,53,Worn,Low,12,Yes,"80,001+"
V4079,Sedan,9,151283,91,1700,38,11.9,12.76,37,63,Good,High,5,Yes,"80,001+"
V4080,Truck,1,169223,110,1648,26,7.9,12.91,33,43,Worn,Medium,11,No,"25,001–50,000"
V4081,Hatchback,5,65571,104,2178,37,7.6,11.26,39,109,Moderate,Low,1,Yes,"80,001+"
V4082,Hatchback,10,42582,97,2171,21,13.2,12.48,45,76,Critical,Low,7,No,"50,001–80,000"
V4083,Hatchback,5,67007,106,2294,31,12.5,12.04,45,106,Good,High,3,Yes,"50,001–80,000"
V4084,Truck,13,107567,89,2077,38,17.4,11.53,37,33,Moderate,Low,11,Yes,"80,001+"
V4085,Hatchback,6,77771,106,1992,29,17.1,11.53,43,30,Good,Medium,4,No,"50,001–80,000"
V4086,Hatchback,7,6091,89,2694,44,17.1,12.89,32,62,Good,High,11,Yes,"50,001–80,000"
V4087,SUV,3,197919,91,2609,42,6.0,12.32,35,90,Good,Medium,11,No,"80,001+"
V4088,Hatchback,12,9948,99,1751,24,9.0,11.27,43,84,Moderate,Low,8,No,"50,001–80,000"
V4089,Hatchback,3,135192,108,2106,50,8.5,11.36,45,104,Moderate,High,3,No,"50,001–80,000"
V4090,Truck,9,79684,102,1620,40,19.7,11.85,31,41,Worn,Medium,6,No,"80,001+"
V4091,Hatchback,14,155377,93,1665,48,13.8,11.43,45,104,Worn,Low,7,Yes,"80,001+"
V4092,Truck,13,145539,85,2857,30,14.0,12.08,40,100,Critical,Medium,11,No,"50,001–80,000"
V4093,Sedan,5,43900,101,1815,33,7.7,12.56,39,45,Moderate,High,7,No,"50,001–80,000"
V4094,Truck,6,181887,87,1864,29,8.8,11.87,44,108,Moderate,Medium,11,No,"50,001–80,000"
V4095,SUV,14,62344,110,2009,34,5.8,12.8,34,80,Worn,Low,10,Yes,"50,001–80,000"
V4096,Hatchback,5,59648,105,2904,40,8.0,12.7,43,39,Critical,High,8,No,"25,001–50,000"
V4097,Sedan,2,141774,108,2286,47,14.3,12.58,42,32,Moderate,Medium,11,No,"50,001–80,000"
V4098,Sedan,12,155990,96,2826,22,12.8,11.32,30,104,Worn,Low,12,No,"50,001–80,000"
V4099,Truck,6,88288,93,2592,32,9.0,11.35,30,98,Good,Medium,10,No,"80,001+"
V4100,Sedan,14,99440,93,2913,33,14.1,12.1,35,69,Moderate,Medium,7,No,"80,001+"
V4101,Sedan,10,146627,94,2369,32,12.6,11.12,30,75,Worn,High,11,Yes,"50,001–80,000"
V4102,Truck,10,18051,89,1670,36,7.5,12.16,45,52,Worn,Low,8,Yes,"80,001+"
V4103,SUV,2,66539,89,2768,25,8.8,12.23,41,92,Worn,Medium,7,No,"80,001+"
V4104,Sedan,1,145197,109,2699,32,14.0,11.41,38,80,Critical,Medium,11,No,"25,001–50,000"
V4105,Truck,2,41391,86,1705,26,11.1,12.21,34,86,Critical,Medium,7,No,"50,001–80,000"
V4106,SUV,6,103756,108,2414,48,18.2,11.32,42,66,Good,High,10,Yes,"25,001–50,000"
V4107,Sedan,5,78597,106,2928,30,5.4,11.45,35,60,Critical,High,6,No,"25,001–50,000"
V4108,Sedan,15,75669,100,2370,25,10.3,12.71,43,41,Critical,Medium,11,Yes,"25,001–50,000"
V4109,SUV,12,81764,104,1883,40,19.9,11.14,30,92,Good,Low,6,No,"50,001–80,000"
V4110,SUV,7,134096,98,1522,33,7.2,11.8,40,89,Moderate,Low,6,Yes,"80,001+"
V4111,SUV,1,49029,85,1977,25,13.3,13.0,32,41,Moderate,High,6,No,"50,001–80,000"
V4112,Hatchback,11,109316,109,2353,43,11.5,11.62,31,95,Moderate,Low,4,Yes,"50,001–80,000"
V4113,Hatchback,5,58694,102,2478,34,10.9,11.28,40,44,Worn,High,3,Yes,"50,001–80,000"
V4114,Sedan,10,43806,103,2224,40,5.9,12.85,37,74,Worn,Medium,9,No,"50,001–80,000"
V4115,Sedan,11,72260,108,1971,25,13.8,12.69,31,51,Worn,Medium,6,No,"25,001–50,000"
V4116,Hatchback,10,94646,92,2867,29,15.8,12.7,42,58,Good,Low,5,Yes,"80,001+"
V4117,Sedan,7,183301,86,2226,24,11.8,12.13,44,104,Good,Low,3,No,"80,001+"
V4118,Hatchback,15,123170,104,2361,21,16.8,11.33,42,107,Worn,Medium,11,No,"25,001–50,000"
V4119,Truck,3,172307,104,2821,43,13.9,11.6,30,81,Critical,Low,12,No,"25,001–50,000"
V4120,Hatchback,1,69416,89,2672,23,13.7,11.23,42,91,Worn,High,11,Yes,"25,001–50,000"
V4121,SUV,3,122163,87,1894,22,16.6,12.5,42,106,Moderate,Low,1,No,"80,001+"
V4122,Truck,5,168806,96,2042,48,8.1,11.59,45,45,Moderate,Medium,11,No,"80,001+"
V4123,Truck,6,81983,90,2015,34,16.3,12.45,33,89,Good,Low,2,Yes,"80,001+"
V4124,Hatchback,5,90688,87,2540,24,5.6,12.41,45,99,Moderate,High,7,No,"50,001–80,000"
V4125,Hatchback,4,13306,108,2492,47,15.2,11.15,33,84,Moderate,Low,12,No,"50,001–80,000"
V4126,SUV,9,83735,88,2143,33,11.6,11.96,35,108,Good,Low,1,Yes,"80,001+"
V4127,SUV,5,36268,95,2750,22,6.3,11.6,38,36,Critical,Low,12,No,"25,001–50,000"
V4128,SUV,2,24358,102,1953,42,6.9,11.82,30,58,Worn,High,4,No,"50,001–80,000"
V4129,Sedan,6,110890,101,2901,34,12.5,12.27,35,70,Worn,Medium,9,No,"50,001–80,000"
V4130,Truck,13,28659,101,2326,36,11.8,11.09,41,66,Good,Low,12,No,"50,001–80,000"
V4131,Hatchback,10,174037,86,2773,48,17.3,12.67,30,43,Critical,High,11,No,"25,001–50,000"
V4132,Truck,5,47414,102,1959,50,17.0,12.6,32,103,Worn,High,6,No,"50,001–80,000"
V4133,SUV,9,147312,95,2366,21,19.0,12.04,30,48,Critical,High,3,Yes,"25,001–50,000"
V4134,Sedan,14,32323,100,2738,23,8.1,11.58,32,44,Critical,Medium,12,No,"25,001–50,000"
V4135,Truck,12,124288,93,2543,23,12.2,12.35,40,65,Worn,High,6,No,"25,001–50,000"
V4136,SUV,13,172180,85,1928,44,5.2,11.48,31,93,Worn,Medium,10,Yes,"80,001+"
V4137,Sedan,8,89437,105,2682,23,11.3,11.01,42,99,Worn,High,8,Yes,"25,001–50,000"
V4138,Sedan,1,159767,92,2958,38,8.2,11.19,33,41,Critical,High,12,No,"25,001–50,000"
V4139,Hatchback,13,181792,99,2576,43,16.2,11.58,39,39,Worn,High,11,No,"50,001–80,000"
V4140,Hatchback,2,15791,93,2965,24,10.6,11.96,40,39,Critical,High,11,Yes,"10,001–25,000"
V4141,Sedan,14,165091,86,1537,37,14.5,12.25,37,79,Good,High,6,Yes,"50,001–80,000"
V4142,Truck,8,40323,109,2446,41,6.7,11.12,30,69,Moderate,Low,11,Yes,"50,001–80,000"
V4143,Sedan,9,182671,90,1755,36,11.8,11.67,43,41,Critical,High,4,Yes,"50,001–80,000"
V4144,Sedan,15,173956,104,2620,41,12.1,11.8,33,48,Critical,Medium,1,Yes,"25,001–50,000"
V4145,Hatchback,7,38832,90,1823,25,13.2,11.53,33,71,Moderate,Medium,5,No,"80,001+"
V4146,SUV,12,46220,87,2220,43,14.7,11.25,33,61,Good,Medium,8,No,"80,001+"
V4147,Hatchback,15,160787,100,2697,38,12.4,12.67,34,67,Critical,Medium,2,No,"50,001–80,000"
V4148,Truck,1,69320,88,1557,39,14.7,11.57,39,60,Critical,Medium,8,Yes,"80,001+"
V4149,SUV,14,97225,96,1658,50,9.4,11.03,42,41,Worn,Low,12,Yes,"80,001+"
V4150,Truck,5,94232,109,2927,38,10.9,12.7,45,92,Critical,Medium,10,Yes,"25,001–50,000"
V4151,Truck,1,110508,87,1699,50,13.2,11.49,45,109,Good,Low,5,Yes,"80,001+"
V4152,SUV,11,105479,100,2327,37,5.5,11.0,33,47,Moderate,High,6,Yes,"50,001–80,000"
V4153,Hatchback,11,179449,85,2146,46,16.6,11.17,33,103,Worn,Low,4,No,"80,001+"
V4154,SUV,10,99070,93,1689,25,5.7,11.0,37,67,Moderate,High,10,Yes,"25,001–50,000"
V4155,Sedan,13,67944,104,2988,48,9.4,12.21,35,90,Good,High,10,Yes,"25,001–50,000"
V4156,Hatchback,7,157038,108,2077,26,8.8,12.87,44,101,Good,Medium,2,Yes,"50,001–80,000"
V4157,Truck,11,124978,94,1805,42,12.4,12.73,41,30,Moderate,Medium,12,Yes,"80,001+"
V4158,Hatchback,14,105313,95,2272,26,13.0,12.26,35,52,Moderate,Medium,12,No,"50,001–80,000"
V4159,Truck,13,75827,85,1570,23,12.6,12.25,44,106,Good,Low,10,Yes,"50,001–80,000"
V4160,SUV,15,119133,110,2908,39,10.1,12.58,30,33,Worn,High,10,Yes,"25,001–50,000"
V4161,Hatchback,6,191407,103,2172,38,11.4,12.88,36,82,Good,Low,5,Yes,"80,001+"
V4162,SUV,2,91899,89,2837,37,18.2,12.01,38,96,Moderate,Low,5,No,"80,001+"
V4163,Hatchback,4,98727,100,1715,38,14.9,12.97,42,83,Critical,Low,6,Yes,"80,001+"
V4164,Sedan,3,96302,101,2072,37,10.7,11.03,42,50,Critical,Low,9,Yes,"25,001–50,000"
V4165,SUV,5,175719,108,1562,50,13.6,12.7,43,89,Worn,High,9,No,"25,001–50,000"
V4166,Hatchback,13,107637,109,1522,27,11.7,12.35,37,47,Critical,High,10,Yes,"0–10,000"
V4167,SUV,7,175225,102,2436,25,19.8,11.01,42,39,Critical,High,2,Yes,"10,001–25,000"
V4168,Sedan,11,193357,104,1527,34,9.0,11.14,38,100,Good,Medium,6,No,"50,001–80,000"
V4169,Hatchback,11,11852,104,1559,23,14.2,11.93,33,72,Worn,Low,9,No,"25,001–50,000"
V4170,Truck,14,79363,101,1911,41,11.6,12.84,34,94,Good,High,12,No,"25,001–50,000"
V4171,SUV,4,174865,100,2740,28,6.3,11.41,33,104,Worn,Low,9,No,"50,001–80,000"
V4172,SUV,14,19079,104,1762,42,10.1,11.51,31,63,Critical,Low,1,Yes,"25,001–50,000"
V4173,SUV,13,58136,85,1987,45,18.6,12.78,44,87,Moderate,High,2,Yes,"50,001–80,000"
V4174,Hatchback,3,113748,99,2213,35,11.8,11.34,34,74,Critical,Medium,10,No,"50,001–80,000"
V4175,SUV,11,63498,107,2331,33,14.5,12.42,37,51,Good,High,4,Yes,"25,001–50,000"
V4176,Hatchback,3,62833,87,2251,47,14.2,12.55,30,39,Critical,Low,7,Yes,"80,001+"
V4177,Hatchback,9,143570,89,2218,36,8.6,12.2,35,89,Worn,Medium,7,Yes,"80,001+"
V4178,Truck,10,55818,85,2795,35,19.9,13.0,45,78,Good,Low,8,No,"80,001+"
V4179,Hatchback,7,44915,96,1933,23,12.9,12.93,38,78,Worn,High,4,Yes,"50,001–80,000"
V4180,Truck,4,106109,97,2223,43,17.7,12.44,33,50,Good,High,8,Yes,"80,001+"
V4181,Sedan,12,199650,94,1721,43,12.3,11.32,31,104,Worn,Low,10,Yes,"80,001+"
V4182,Hatchback,6,68342,105,1764,38,15.4,11.96,43,100,Good,Low,11,No,"50,001–80,000"
V4183,Sedan,13,14498,110,1526,48,10.5,11.46,37,32,Moderate,Medium,9,No,"50,001–80,000"
V4184,Truck,12,63529,101,2139,27,18.4,12.88,34,84,Critical,Medium,10,No,"10,001–25,000"
V4185,SUV,3,152607,104,2088,29,20.0,11.25,42,110,Good,Medium,8,Yes,"50,001–80,000"
V4186,Sedan,1,198670,104,1944,32,8.2,12.94,41,43,Moderate,Low,6,Yes,"80,001+"
V4187,Truck,15,176137,104,2376,29,10.9,12.75,42,99,Good,Low,4,No,"25,001–50,000"
V4188,Hatchback,15,157965,102,2407,20,5.3,12.33,38,65,Critical,Low,8,No,"10,001–25,000"
V4189,SUV,10,174716,99,1665,20,17.4,12.56,43,37,Good,High,9,Yes,"25,001–50,000"
V4190,SUV,4,95701,105,1707,36,8.4,12.02,42,63,Good,Low,3,No,"80,001+"
V4191,SUV,5,155660,107,2543,38,10.8,11.04,44,69,Moderate,Medium,8,Yes,"80,001+"
V4192,Hatchback,5,110373,99,2411,45,13.1,12.89,31,37,Good,Medium,3,Yes,"80,001+"
V4193,Sedan,6,161860,88,1580,30,16.6,11.22,44,95,Worn,High,1,Yes,"80,001+"
V4194,Truck,2,195110,97,2735,48,17.2,11.05,40,51,Critical,High,6,No,"50,001–80,000"
V4195,Sedan,6,64669,102,2578,49,6.7,12.74,30,70,Moderate,High,9,No,"25,001–50,000"
V4196,Sedan,12,127934,100,2495,46,15.5,12.35,35,91,Critical,Low,8,Yes,"50,001–80,000"
V4197,SUV,8,137355,98,2540,27,17.4,12.84,32,102,Moderate,High,5,No,"50,001–80,000"
V4198,Hatchback,13,25696,93,2558,47,6.8,12.28,40,33,Moderate,High,3,Yes,"50,001–80,000"
V4199,Hatchback,9,158961,99,2518,31,6.1,12.94,33,48,Worn,Medium,11,Yes,"80,001+"
V4200,Hatchback,9,27603,104,1710,41,9.8,12.36,44,109,Moderate,High,4,No,"50,001–80,000"
V4201,SUV,6,40798,99,2768,23,10.0,11.22,39,42,Good,Medium,1,Yes,"80,001+"
V4202,Truck,11,181747,97,1640,42,19.1,11.27,45,107,Worn,Low,4,Yes,"80,001+"
V4203,Truck,13,106199,94,2449,44,15.0,11.96,44,35,Good,Low,5,No,"80,001+"
V4204,SUV,2,17092,90,2384,22,17.6,11.29,30,97,Moderate,High,11,No,"25,001–50,000"
V4205,SUV,4,26902,100,2815,39,14.9,12.02,43,93,Moderate,High,7,No,"80,001+"
V4206,Truck,14,47803,109,1651,20,17.9,12.44,37,100,Critical,Low,5,Yes,"10,001–25,000"
V4207,SUV,1,23414,95,2701,30,17.5,11.41,42,78,Critical,High,9,Yes,"25,001–50,000"
V4208,Truck,1,176332,87,2325,33,7.7,11.16,40,79,Critical,Low,3,Yes,"80,001+"
V4209,Hatchback,4,54195,109,1901,45,19.4,11.54,36,84,Moderate,Low,9,No,"50,001–80,000"
V4210,SUV,9,110873,89,2856,43,13.7,11.32,35,30,Good,High,5,No,"80,001+"
V4211,Truck,2,71201,88,1981,47,5.2,11.78,44,102,Critical,Medium,4,No,"80,001+"
V4212,Sedan,13,110143,100,2114,42,9.4,11.08,41,61,Good,Low,11,No,"80,001+"
V4213,Sedan,3,109188,101,1916,48,6.8,11.01,32,66,Moderate,Medium,8,Yes,"80,001+"
V4214,Hatchback,1,146443,86,2555,28,6.1,11.83,39,45,Critical,High,3,Yes,"25,001–50,000"
V4215,Sedan,11,66920,106,1567,22,5.4,12.81,39,106,Worn,Medium,2,Yes,"25,001–50,000"
V4216,Truck,1,144373,90,1610,29,5.2,12.48,32,50,Moderate,High,9,No,"25,001–50,000"
V4217,Truck,13,87230,103,2285,25,7.9,11.66,36,64,Worn,Low,10,No,"25,001–50,000"
V4218,Truck,3,194935,105,2928,28,18.4,12.75,40,99,Moderate,High,12,No,"10,001–25,000"
V4219,Sedan,14,172044,86,2462,40,16.8,11.1,45,93,Good,Medium,11,Yes,"80,001+"
V4220,SUV,9,61455,108,1576,32,14.0,12.11,37,38,Critical,Medium,3,Yes,"50,001–80,000"
V4221,Sedan,15,78264,92,1944,49,15.4,11.42,34,36,Worn,Medium,4,No,"80,001+"
V4222,SUV,9,37043,88,1678,22,7.2,12.04,45,69,Good,Low,5,Yes,"80,001+"
V4223,Truck,12,137138,92,2476,23,19.2,11.32,43,77,Moderate,Low,6,Yes,"50,001–80,000"
V4224,Hatchback,5,8890,89,2812,30,11.8,11.71,44,44,Good,Low,1,No,"80,001+"
V4225,Sedan,8,11223,93,1941,50,17.0,12.15,37,69,Moderate,Medium,7,No,"80,001+"
V4226,SUV,15,185336,89,1604,32,13.3,12.97,42,71,Moderate,Medium,11,Yes,"80,001+"
V4227,Sedan,13,44244,90,2528,28,11.8,12.54,34,86,Critical,Low,4,Yes,"25,001–50,000"
V4228,Hatchback,8,66317,96,2859,25,6.5,11.3,35,94,Worn,Medium,1,No,"80,001+"
V4229,Hatchback,2,151769,87,2251,49,13.9,11.96,45,41,Critical,Low,1,No,"80,001+"
V4230,Sedan,10,66520,101,2822,50,8.8,11.35,41,69,Moderate,Medium,4,Yes,"80,001+"
V4231,SUV,3,26586,86,1903,23,12.1,11.36,43,70,Worn,Low,4,No,"80,001+"
V4232,SUV,5,189715,100,1961,21,8.4,11.25,35,110,Worn,Low,11,No,"50,001–80,000"
V4233,Sedan,7,190185,98,2174,50,13.5,12.04,31,55,Moderate,High,8,No,"80,001+"
V4234,SUV,4,176220,94,2091,43,10.8,11.73,36,110,Critical,High,6,Yes,"50,001–80,000"
V4235,Hatchback,4,188137,107,2515,24,10.1,11.56,30,43,Worn,Medium,9,Yes,"25,001–50,000"
V4236,SUV,15,30596,89,2657,42,18.7,12.27,38,44,Moderate,High,11,No,"50,001–80,000"
V4237,Truck,8,11371,94,2881,30,15.0,11.2,45,56,Good,Medium,1,No,"80,001+"
V4238,SUV,9,9028,100,1754,38,12.9,11.27,31,54,Critical,Medium,1,Yes,"80,001+"
V4239,SUV,10,168853,98,2208,39,16.9,12.54,33,47,Critical,High,9,Yes,"25,001–50,000"
V4240,Hatchback,8,65926,96,1618,29,11.0,11.58,42,30,Moderate,High,7,No,"50,001–80,000"
V4241,Truck,15,133722,98,2387,35,7.1,12.14,33,98,Good,Low,3,Yes,"80,001+"
V4242,Sedan,15,63539,102,2739,45,19.7,12.54,38,89,Worn,Low,3,Yes,"50,001–80,000"
V4243,Hatchback,7,182157,87,2122,31,16.1,11.91,31,77,Worn,Low,9,No,"80,001+"
V4244,Hatchback,2,6771,90,1662,21,7.3,12.87,32,37,Critical,Low,5,No,"50,001–80,000"
V4245,SUV,6,109399,96,2224,31,18.1,11.92,45,63,Critical,Medium,4,Yes,"80,001+"
V4246,Sedan,2,143983,86,2328,42,15.4,12.02,33,68,Critical,Low,9,Yes,"50,001–80,000"
V4247,Hatchback,10,76557,100,1587,21,18.5,11.04,37,50,Good,Low,6,No,"80,001+"
V4248,SUV,7,104853,88,2822,24,10.2,12.37,38,36,Moderate,High,8,No,"50,001–80,000"
V4249,Sedan,3,42129,86,2867,21,11.6,12.07,42,95,Critical,High,6,No,"25,001–50,000"
V4250,Hatchback,5,92075,102,2554,22,15.4,11.57,40,39,Good,High,4,Yes,"25,001–50,000"
V4251,SUV,5,97870,99,1837,32,16.3,12.76,43,91,Worn,Low,4,Yes,"80,001+"
V4252,Hatchback,7,159761,92,1642,50,11.8,11.52,41,101,Worn,Medium,8,Yes,"80,001+"
V4253,Truck,4,89335,88,2763,26,12.2,11.01,31,96,Worn,High,3,Yes,"50,001–80,000"
V4254,Truck,9,108574,93,2372,49,8.7,13.0,31,108,Worn,Medium,3,Yes,"80,001+"
V4255,Hatchback,3,179123,99,2839,22,10.7,11.54,45,70,Worn,High,3,Yes,"50,001–80,000"
V4256,SUV,15,6612,104,1661,27,16.5,11.89,45,109,Worn,High,6,Yes,"10,001–25,000"
V4257,Hatchback,8,124067,86,2408,34,15.5,12.11,35,54,Moderate,Medium,1,Yes,"80,001+"
V4258,Sedan,6,101529,87,1694,48,9.7,11.4,31,72,Critical,Low,7,No,"80,001+"
V4259,SUV,5,129442,87,2872,49,9.9,12.54,42,97,Critical,Medium,2,Yes,"80,001+"
V4260,Sedan,15,149064,92,2674,44,7.9,12.36,30,102,Good,High,8,Yes,"50,001–80,000"
V4261,Sedan,14,16049,102,2326,20,12.5,12.55,36,37,Good,High,1,No,"10,001–25,000"
V4262,Hatchback,8,115786,109,2050,35,17.2,11.41,43,51,Critical,High,12,No,"10,001–25,000"
V4263,Truck,1,130966,95,2997,48,11.6,11.16,43,78,Good,Medium,5,Yes,"80,001+"
V4264,Hatchback,15,47767,107,2632,43,16.5,11.86,42,68,Critical,Medium,10,No,"25,001–50,000"
V4265,Sedan,10,73459,91,1985,38,18.1,11.31,37,59,Critical,Medium,7,No,"80,001+"
V4266,SUV,11,6999,85,1913,20,9.5,12.81,34,30,Worn,Low,7,No,"50,001–80,000"
V4267,Hatchback,15,195865,107,2747,50,18.9,11.13,43,40,Good,Low,1,Yes,"50,001–80,000"
V4268,Truck,4,193560,91,2042,46,10.0,11.9,30,54,Critical,High,12,No,"25,001–50,000"
V4269,SUV,7,8833,106,2582,48,8.0,11.87,33,38,Good,High,8,No,"50,001–80,000"
V4270,Sedan,13,10294,94,2465,38,14.2,11.45,40,78,Moderate,High,3,No,"50,001–80,000"
V4271,Sedan,4,183947,86,1713,26,18.6,11.92,36,44,Moderate,Low,4,Yes,"80,001+"
V4272,Hatchback,5,187335,95,2911,46,16.8,11.13,34,59,Worn,Low,10,No,"80,001+"
V4273,Truck,2,106141,104,2462,46,11.7,11.1,44,103,Worn,Medium,4,Yes,"80,001+"
V4274,Truck,14,51489,88,2286,41,19.4,12.55,44,50,Critical,Medium,9,Yes,"50,001–80,000"
V4275,Truck,6,137016,98,2261,26,16.0,12.66,41,100,Critical,Medium,10,Yes,"25,001–50,000"
V4276,Truck,11,32692,95,2579,23,19.8,11.07,42,62,Critical,Medium,7,Yes,"25,001–50,000"
V4277,Sedan,7,68128,108,2157,30,19.7,11.71,43,82,Critical,High,11,Yes,"10,001–25,000"
V4278,Truck,9,173489,105,1509,32,17.3,12.43,31,94,Critical,Low,2,No,"50,001–80,000"
V4279,SUV,10,134369,104,2365,35,15.1,11.48,35,58,Worn,High,8,No,"50,001–80,000"
V4280,Sedan,1,186166,103,2601,43,19.9,12.1,45,77,Moderate,High,8,Yes,"50,001–80,000"
V4281,Truck,3,10725,95,1780,50,6.4,11.34,39,52,Critical,High,2,No,"50,001–80,000"
V4282,Hatchback,9,86230,90,2871,46,8.3,11.88,30,43,Worn,Low,6,Yes,"80,001+"
V4283,Hatchback,10,174998,94,2692,48,6.4,11.49,39,110,Worn,High,8,No,"80,001+"
V4284,SUV,11,36228,93,2561,50,7.9,11.91,41,45,Good,Low,5,No,"80,001+"
V4285,Truck,12,5445,90,1619,22,10.5,12.66,32,45,Critical,Medium,8,Yes,"25,001–50,000"
V4286,Sedan,4,71109,95,2491,36,19.3,12.87,36,69,Worn,High,10,No,"50,001–80,000"
V4287,Sedan,6,100319,107,2003,28,18.2,12.19,42,42,Worn,Medium,4,Yes,"50,001–80,000"
V4288,Hatchback,12,177179,92,2017,24,17.3,12.39,37,46,Good,Low,4,Yes,"50,001–80,000"
V4289,Hatchback,2,24058,92,2018,40,18.5,11.33,43,45,Moderate,High,1,No,"80,001+"
V4290,Truck,8,59148,100,1837,47,13.3,11.05,40,80,Critical,High,5,No,"50,001–80,000"
V4291,SUV,15,188238,90,2485,22,19.7,11.46,42,104,Good,Low,2,Yes,"50,001–80,000"
V4292,SUV,4,175369,92,1860,48,15.8,11.55,40,63,Worn,High,4,No,"80,001+"
V4293,Truck,5,162416,93,2202,47,17.2,11.14,43,46,Good,Low,7,Yes,"80,001+"
V4294,SUV,4,64256,86,1605,39,13.1,12.6,42,55,Worn,Low,1,No,"80,001+"
V4295,Sedan,7,170757,86,1851,41,19.1,12.46,38,44,Good,Medium,10,Yes,"80,001+"
V4296,Truck,14,110701,105,1886,32,11.2,12.18,33,77,Critical,Medium,12,No,"25,001–50,000"
V4297,Truck,9,45510,104,1715,21,19.8,12.01,37,41,Moderate,Low,3,No,"50,001–80,000"
V4298,Hatchback,13,143723,105,1745,37,18.2,12.5,39,39,Worn,High,8,Yes,"25,001–50,000"
V4299,Hatchback,12,113940,95,2559,24,11.1,11.68,41,38,Moderate,Medium,2,Yes,"50,001–80,000"
V4300,Hatchback,10,157318,97,2300,26,16.1,12.13,45,69,Moderate,Medium,4,Yes,"80,001+"
V4301,Hatchback,10,129003,91,2791,32,14.6,11.78,40,88,Critical,High,6,Yes,"50,001–80,000"
V4302,Truck,8,126166,110,1662,44,10.0,12.79,30,40,Good,Low,12,Yes,"50,001–80,000"
V4303,Sedan,5,14047,94,2495,33,17.1,12.24,33,74,Worn,Low,10,No,"80,001+"
V4304,SUV,8,33381,109,1878,50,16.8,12.98,42,36,Critical,High,7,No,"25,001–50,000"
V4305,SUV,10,147859,94,1732,22,8.2,11.52,41,105,Critical,High,12,No,"10,001–25,000"
V4306,Hatchback,14,166827,86,2591,30,13.5,11.12,37,87,Worn,Low,9,Yes,"80,001+"
V4307,Hatchback,13,35386,106,2090,44,13.7,11.95,41,100,Worn,High,3,Yes,"25,001–50,000"
V4308,Hatchback,11,8620,92,2008,44,18.7,11.89,36,108,Worn,Medium,6,Yes,"80,001+"
V4309,Sedan,6,92515,103,2728,23,7.6,12.79,30,63,Good,Low,9,Yes,"25,001–50,000"
V4310,Sedan,5,154930,86,1517,23,19.9,12.13,39,95,Critical,Low,9,No,"25,001–50,000"
V4311,Hatchback,11,174026,106,1708,44,15.7,11.38,36,98,Moderate,Medium,6,Yes,"50,001–80,000"
V4312,SUV,6,150691,88,2121,37,11.3,12.31,41,108,Critical,Medium,9,Yes,"50,001–80,000"
V4313,Truck,6,87664,92,1801,27,9.3,11.19,44,80,Critical,Low,11,Yes,"25,001–50,000"
V4314,Truck,15,33200,88,2675,38,5.8,12.41,34,43,Moderate,Low,11,No,"80,001+"
V4315,SUV,11,123316,96,2882,45,17.9,11.08,31,55,Worn,High,4,Yes,"50,001–80,000"
V4316,Hatchback,3,42464,95,2175,41,9.6,11.1,37,61,Moderate,High,5,No,"80,001+"
V4317,Truck,6,88102,109,1840,35,8.2,11.53,36,83,Critical,Medium,7,Yes,"50,001–80,000"
V4318,Truck,3,29921,103,2464,35,11.0,11.21,37,33,Good,Low,5,No,"80,001+"
V4319,Hatchback,7,55001,97,1711,31,17.1,12.48,35,52,Worn,Medium,4,No,"80,001+"
V4320,Hatchback,14,114836,90,2382,25,12.1,11.25,30,44,Moderate,Medium,10,No,"50,001–80,000"
V4321,Truck,12,18346,104,2839,34,6.3,11.87,30,64,Critical,High,4,No,"10,001–25,000"
V4322,Sedan,13,88775,91,2278,24,14.9,11.92,35,44,Good,Medium,10,Yes,"50,001–80,000"
V4323,Hatchback,7,35988,96,2762,39,17.9,12.71,45,75,Moderate,High,4,Yes,"80,001+"
V4324,Sedan,8,38016,103,2921,26,18.8,12.49,42,70,Worn,Low,9,Yes,"25,001–50,000"
V4325,SUV,1,175771,96,2769,43,10.9,12.09,35,72,Moderate,Low,1,Yes,"80,001+"
V4326,Truck,14,177880,101,2654,46,17.0,12.66,41,98,Critical,High,2,Yes,"10,001–25,000"
V4327,Sedan,14,157755,86,2920,28,13.8,12.79,44,33,Critical,High,5,No,"10,001–25,000"
V4328,Truck,14,47883,106,2362,24,14.1,11.27,31,52,Worn,High,3,No,"10,001–25,000"
V4329,Hatchback,7,115402,87,1931,23,15.9,12.99,34,102,Good,High,6,Yes,"50,001–80,000"
V4330,Truck,5,10358,110,2045,29,6.4,12.18,30,96,Critical,High,12,Yes,"0–10,000"
V4331,SUV,7,153553,91,2875,29,8.4,12.02,31,102,Worn,High,12,No,"25,001–50,000"
V4332,Hatchback,5,148793,100,2830,41,19.8,11.07,41,83,Worn,High,8,Yes,"80,001+"
V4333,Truck,8,105112,92,2450,41,5.1,11.99,43,49,Worn,High,7,No,"80,001+"
V4334,Truck,10,188049,103,1951,41,10.4,11.05,45,103,Moderate,Medium,8,Yes,"80,001+"
V4335,Truck,10,14709,98,2400,41,5.1,12.01,37,99,Worn,High,3,No,"80,001+"
V4336,Sedan,2,187923,89,1760,25,15.3,11.12,36,59,Critical,Medium,2,No,"50,001–80,000"
V4337,Truck,2,129189,92,2278,21,9.0,11.73,32,96,Critical,High,2,Yes,"25,001–50,000"
V4338,Sedan,12,21996,99,2313,36,19.4,12.73,33,51,Critical,Medium,12,No,"50,001–80,000"
V4339,Hatchback,6,180529,106,2132,27,16.8,12.5,37,81,Worn,Low,7,No,"50,001–80,000"
V4340,Truck,1,10301,87,2505,30,8.2,11.27,33,48,Critical,Medium,11,Yes,"50,001–80,000"
V4341,Hatchback,8,170811,103,2540,25,15.2,11.71,36,94,Critical,Low,9,No,"10,001–25,000"
V4342,SUV,13,171224,103,1936,40,18.6,11.65,38,63,Worn,Medium,12,No,"50,001–80,000"
V4343,Sedan,14,23813,105,2354,20,17.5,12.11,44,109,Worn,High,7,Yes,"10,001–25,000"
V4344,SUV,2,58877,100,2682,28,7.7,12.63,44,66,Moderate,Medium,7,No,"80,001+"
V4345,Hatchback,15,68099,101,1577,40,18.0,12.96,38,66,Good,Low,5,Yes,"50,001–80,000"
V4346,Sedan,14,164268,86,2800,46,16.2,11.37,41,33,Good,Low,5,Yes,"80,001+"
V4347,Hatchback,13,124074,87,1607,50,11.5,11.96,34,97,Good,Medium,11,Yes,"80,001+"
V4348,Truck,10,19824,104,1794,45,6.7,12.35,39,71,Worn,Medium,11,No,"50,001–80,000"
V4349,SUV,10,9280,102,2711,25,17.3,12.72,45,68,Critical,Medium,9,Yes,"10,001–25,000"
V4350,Sedan,5,148023,99,2670,37,5.2,11.41,35,60,Worn,Medium,1,No,"80,001+"
V4351,Sedan,10,110488,88,2608,39,13.0,11.18,37,47,Critical,High,9,Yes,"25,001–50,000"
V4352,SUV,5,146795,101,2846,44,6.8,12.02,44,90,Good,Low,11,No,"50,001–80,000"
V4353,SUV,5,115053,90,2412,47,14.7,11.1,39,56,Worn,Medium,6,No,"80,001+"
V4354,Sedan,8,49599,91,2280,45,15.4,11.99,37,62,Critical,Medium,9,Yes,"50,001–80,000"
V4355,SUV,9,17828,110,2564,25,12.8,12.25,34,65,Critical,Medium,3,No,"25,001–50,000"
V4356,Hatchback,2,45619,89,1897,42,10.5,11.92,43,69,Worn,High,11,No,"50,001–80,000"
V4357,SUV,3,43605,91,2521,49,19.3,11.87,44,109,Critical,Medium,1,No,"80,001+"
V4358,Truck,11,183004,100,2865,27,14.6,12.44,32,56,Moderate,High,9,Yes,"25,001–50,000"
V4359,Truck,13,177167,95,2215,49,5.1,11.59,30,80,Worn,Medium,11,No,"80,001+"
V4360,Truck,1,125163,110,2641,28,12.2,11.7,42,37,Critical,Low,3,Yes,"25,001–50,000"
V4361,SUV,8,195111,87,2943,29,10.2,11.21,32,34,Good,High,7,Yes,"50,001–80,000"
V4362,Sedan,6,101391,98,2770,22,5.3,12.89,37,88,Good,Low,7,No,"80,001+"
V4363,Hatchback,13,27609,102,1705,34,12.7,12.4,34,30,Critical,Low,12,No,"25,001–50,000"
V4364,SUV,11,47393,87,1945,32,6.9,11.5,41,48,Good,Medium,7,Yes,"80,001+"
V4365,Sedan,12,88872,109,2414,29,7.8,11.99,45,64,Critical,High,1,No,"0–10,000"
V4366,Sedan,12,104424,93,2496,33,5.6,12.36,35,77,Moderate,Medium,7,Yes,"80,001+"
V4367,SUV,2,12116,105,1800,27,11.9,12.07,38,68,Good,High,4,Yes,"25,001–50,000"
V4368,Truck,13,154445,90,1974,40,5.3,11.02,40,106,Good,High,5,No,"50,001–80,000"
V4369,Hatchback,11,145280,99,1942,37,17.3,12.52,41,110,Good,Low,12,No,"80,001+"
V4370,Truck,4,194766,87,2464,27,16.7,11.53,38,35,Worn,Medium,12,Yes,"50,001–80,000"
V4371,Truck,15,51972,106,1950,43,12.8,12.47,34,106,Critical,High,2,Yes,"10,001–25,000"
V4372,Sedan,2,118501,110,1541,39,10.0,12.29,38,30,Critical,Medium,12,No,"25,001–50,000"
V4373,Sedan,1,13093,100,2642,33,15.4,12.46,36,96,Critical,High,7,Yes,"50,001–80,000"
V4374,Sedan,13,142692,99,2497,26,19.3,11.58,33,91,Moderate,Low,6,Yes,"50,001–80,000"
V4375,SUV,12,175566,96,2407,43,19.8,11.0,44,93,Critical,High,12,Yes,"25,001–50,000"
V4376,SUV,11,164432,90,2506,32,17.0,12.42,36,107,Good,Medium,5,No,"80,001+"
V4377,Truck,1,179762,88,1810,29,16.2,12.77,43,104,Good,Medium,7,No,"80,001+"
V4378,SUV,6,72814,102,2548,44,13.2,12.14,41,95,Moderate,High,9,Yes,"25,001–50,000"
V4379,Sedan,8,112014,99,2643,40,13.3,11.82,34,30,Good,Medium,10,Yes,"80,001+"
V4380,Hatchback,15,82203,95,1667,27,19.3,12.89,45,65,Good,Low,10,No,"50,001–80,000"
V4381,Hatchback,9,32744,93,1943,43,8.2,12.19,41,69,Moderate,Medium,5,No,"80,001+"
V4382,SUV,15,113316,94,1909,45,8.3,11.76,45,100,Good,Low,7,No,"80,001+"
V4383,Truck,9,116172,99,2346,21,6.9,12.85,43,68,Moderate,Low,1,No,"80,001+"
V4384,Truck,6,76732,102,2980,27,17.5,12.56,45,52,Moderate,High,8,No,"25,001–50,000"
V4385,SUV,10,65312,108,2572,22,16.5,12.61,41,107,Worn,High,7,No,"25,001–50,000"
V4386,SUV,5,58815,90,2724,26,9.8,11.72,30,87,Good,Low,1,Yes,"80,001+"
V4387,Hatchback,2,62876,97,2587,39,18.2,12.7,41,51,Moderate,Low,7,Yes,"80,001+"
V4388,Hatchback,7,169851,91,1975,45,12.3,12.65,40,101,Good,Medium,3,No,"80,001+"
V4389,Sedan,8,128263,92,1824,27,16.9,12.05,44,33,Good,Low,12,No,"50,001–80,000"
V4390,Sedan,12,129738,108,1570,26,16.9,11.83,44,90,Good,High,6,Yes,"10,001–25,000"
V4391,Hatchback,4,7491,89,2770,49,12.0,11.11,45,93,Moderate,High,3,No,"80,001+"
V4392,Hatchback,8,196882,91,1998,48,5.8,12.72,33,31,Good,Medium,8,No,"80,001+"
V4393,Truck,6,46756,88,1708,23,6.6,12.49,40,77,Worn,High,5,Yes,"50,001–80,000"
V4394,Sedan,11,185159,87,2411,31,7.1,11.7,37,65,Worn,Low,3,No,"80,001+"
V4395,Hatchback,4,105126,109,2697,43,10.0,12.42,40,56,Worn,Medium,4,Yes,"80,001+"
V4396,SUV,9,187369,96,2742,37,17.9,12.47,33,77,Good,Medium,12,Yes,"80,001+"
V4397,Truck,5,58498,86,1826,46,13.0,11.79,34,100,Worn,Low,1,Yes,"80,001+"
V4398,SUV,10,10062,97,2268,50,17.7,11.78,39,91,Worn,High,11,Yes,"50,001–80,000"
V4399,Hatchback,8,188644,98,2548,40,15.9,11.82,33,78,Good,Medium,1,Yes,"80,001+"
V4400,Sedan,12,199952,110,2250,37,19.2,11.55,39,100,Good,High,9,No,"25,001–50,000"
V4401,Sedan,1,110604,94,2643,42,5.9,12.51,40,103,Critical,Medium,10,No,"50,001–80,000"
V4402,Sedan,12,109759,87,1941,35,9.5,12.29,34,80,Critical,High,7,No,"25,001–50,000"
V4403,Hatchback,15,194648,102,2417,24,11.6,12.2,45,69,Good,Medium,11,No,"25,001–50,000"
V4404,Hatchback,12,175441,99,2292,38,17.0,11.23,35,93,Good,Medium,7,Yes,"80,001+"
V4405,Sedan,8,16455,85,2305,47,7.0,11.96,44,43,Worn,High,8,No,"80,001+"
V4406,Truck,7,139915,96,2008,45,9.9,11.5,43,45,Good,High,11,Yes,"50,001–80,000"
V4407,Sedan,2,68550,90,1753,39,12.8,12.29,31,97,Good,High,9,Yes,"50,001–80,000"
V4408,Sedan,1,185290,89,2789,27,8.5,12.17,38,104,Good,Medium,12,No,"50,001–80,000"
V4409,SUV,13,129433,109,2995,30,16.6,11.15,32,72,Worn,High,11,Yes,"25,001–50,000"
V4410,SUV,11,126572,85,2725,22,18.3,12.24,43,33,Critical,Low,2,No,"25,001–50,000"
V4411,SUV,8,98238,100,1873,28,13.4,11.46,34,66,Moderate,Low,11,No,"50,001–80,000"
V4412,Sedan,13,51552,110,2279,22,12.8,12.21,30,101,Critical,Medium,4,Yes,"10,001–25,000"
V4413,SUV,15,21661,100,1599,35,19.7,12.19,31,31,Critical,Medium,3,No,"50,001–80,000"
V4414,Truck,7,195847,87,2211,24,6.5,11.81,35,91,Critical,Low,4,Yes,"50,001–80,000"
V4415,Sedan,9,150330,85,2352,50,12.2,12.35,33,62,Critical,High,9,No,"25,001–50,000"
V4416,Truck,4,66980,97,2861,43,9.5,11.66,32,89,Moderate,High,7,Yes,"80,001+"
V4417,SUV,14,38607,95,2911,28,12.4,11.31,31,93,Worn,Low,3,No,"50,001–80,000"
V4418,Hatchback,14,29295,85,2558,42,18.1,12.98,37,82,Good,Low,9,No,"80,001+"
V4419,Hatchback,5,197428,89,2737,44,9.5,12.02,35,59,Good,Low,3,Yes,"80,001+"
V4420,Truck,8,180176,97,2496,29,10.3,11.25,40,50,Moderate,High,9,Yes,"25,001–50,000"
V4421,Hatchback,3,194047,103,2830,38,17.3,12.95,43,53,Good,Low,7,Yes,"80,001+"
V4422,Truck,8,27934,98,1689,45,17.4,11.36,41,90,Critical,High,9,No,"25,001–50,000"
V4423,Sedan,10,52976,87,2853,42,11.0,11.6,31,55,Worn,Low,9,Yes,"80,001+"
V4424,SUV,10,61100,94,2975,35,16.7,12.71,36,75,Critical,Medium,11,No,"50,001–80,000"
V4425,Truck,4,8986,89,2751,22,16.4,11.79,41,48,Moderate,High,3,No,"50,001–80,000"
V4426,Truck,9,161407,96,2460,20,7.7,12.37,45,97,Good,High,7,No,"50,001–80,000"
V4427,Truck,13,12769,97,1697,33,7.6,12.2,40,41,Moderate,Medium,12,Yes,"80,001+"
V4428,Sedan,9,6797,107,2289,21,10.7,11.97,38,54,Good,Low,1,No,"50,001–80,000"
V4429,Hatchback,4,91590,97,1593,30,16.7,11.23,39,74,Critical,Low,5,Yes,"80,001+"
V4430,SUV,5,48191,90,2091,32,9.9,12.86,41,67,Worn,Medium,2,No,"80,001+"
V4431,Sedan,1,150739,104,2252,44,19.1,11.88,43,88,Moderate,High,8,Yes,"50,001–80,000"
V4432,SUV,4,177885,86,2697,30,18.9,11.17,39,96,Moderate,Low,6,No,"80,001+"
V4433,Hatchback,13,31154,96,2896,50,12.5,12.7,41,98,Worn,High,4,Yes,"50,001–80,000"
V4434,SUV,14,176693,100,2783,41,9.6,12.11,31,104,Good,Low,11,No,"80,001+"
V4435,Truck,14,117900,88,1820,50,12.1,12.01,33,66,Worn,High,12,Yes,"50,001–80,000"
V4436,Truck,1,122969,98,2105,35,16.6,11.86,31,38,Good,Low,6,Yes,"80,001+"
V4437,Sedan,8,96124,101,2105,28,13.9,11.19,37,106,Moderate,High,2,No,"25,001–50,000"
V4438,Hatchback,9,130218,108,1538,30,13.5,11.2,40,106,Critical,Medium,8,Yes,"50,001–80,000"
V4439,Truck,3,92926,104,1787,41,15.7,11.09,41,38,Critical,Medium,8,No,"50,001–80,000"
V4440,Hatchback,12,102904,86,1940,31,16.1,11.7,41,66,Moderate,Medium,8,Yes,"80,001+"
V4441,Sedan,1,80934,97,2411,34,12.0,11.2,37,38,Critical,Low,12,Yes,"50,001–80,000"
V4442,Truck,10,67127,88,2068,41,15.8,11.7,36,45,Critical,High,11,Yes,"25,001–50,000"
V4443,SUV,6,152330,103,1841,36,5.9,11.79,34,108,Worn,Medium,9,Yes,"50,001–80,000"
V4444,Truck,1,164975,109,1947,40,7.4,11.7,30,71,Moderate,Low,1,Yes,"80,001+"
V4445,Hatchback,9,61166,92,1591,40,12.0,12.42,33,51,Worn,High,8,No,"80,001+"
V4446,Sedan,5,93472,104,2334,25,8.6,11.95,37,32,Worn,Low,10,Yes,"25,001–50,000"
V4447,SUV,3,38913,103,2185,34,12.1,11.37,33,56,Good,High,8,No,"50,001–80,000"
V4448,Sedan,4,91757,88,2318,23,12.3,12.46,44,72,Moderate,Low,10,Yes,"50,001–80,000"
V4449,Sedan,6,128942,96,2003,37,8.3,11.71,31,80,Critical,Medium,12,No,"50,001–80,000"
V4450,SUV,3,110798,100,1728,29,13.1,12.86,39,91,Good,Low,7,No,"80,001+"
V4451,SUV,4,87196,90,1834,33,16.4,11.13,39,79,Critical,High,2,No,"50,001–80,000"
V4452,Sedan,10,15936,96,2991,41,5.8,11.46,44,77,Critical,Medium,4,Yes,"80,001+"
V4453,SUV,15,71643,86,2643,38,14.6,11.93,35,74,Moderate,Low,4,No,"80,001+"
V4454,Truck,6,143459,98,2886,45,19.2,11.8,33,104,Critical,Medium,1,Yes,"80,001+"
V4455,Sedan,11,64702,90,1890,30,6.6,11.57,43,30,Critical,Low,3,Yes,"50,001–80,000"
V4456,Truck,12,141579,85,2888,47,9.1,12.55,45,108,Critical,Medium,10,Yes,"50,001–80,000"
V4457,Truck,8,181922,97,2713,32,18.4,12.43,37,58,Moderate,High,10,Yes,"50,001–80,000"
V4458,Truck,6,116100,102,2296,23,16.3,11.2,44,84,Good,Medium,10,No,"25,001–50,000"
V4459,SUV,2,182864,93,2122,49,19.6,12.91,34,48,Worn,Medium,10,No,"80,001+"
V4460,SUV,8,51769,98,1908,38,9.5,11.38,31,53,Moderate,High,3,Yes,"80,001+"
V4461,Hatchback,14,149969,103,2695,42,16.8,11.61,36,42,Good,Low,4,No,"50,001–80,000"
V4462,SUV,3,177495,98,2833,38,13.6,11.72,33,106,Moderate,Low,3,Yes,"80,001+"
V4463,Truck,15,15802,98,1936,26,9.1,12.9,43,58,Moderate,Low,8,Yes,"50,001–80,000"
V4464,SUV,6,53034,96,1531,43,7.6,11.79,41,92,Worn,High,1,No,"80,001+"
V4465,Sedan,4,32716,85,2725,26,12.3,12.3,44,41,Good,Medium,3,Yes,"80,001+"
V4466,Sedan,1,75752,101,2576,50,12.0,12.03,44,57,Good,High,2,Yes,"50,001–80,000"
V4467,Truck,11,116142,108,1624,45,14.5,11.46,44,92,Critical,Low,10,Yes,"25,001–50,000"
V4468,Hatchback,6,32430,105,1770,27,12.6,11.15,37,99,Moderate,High,9,No,"10,001–25,000"
V4469,Hatchback,11,11259,91,2993,37,10.9,12.1,30,87,Critical,High,8,Yes,"25,001–50,000"
V4470,Hatchback,11,57185,102,1511,32,10.7,12.55,41,52,Critical,Medium,7,Yes,"25,001–50,000"
V4471,SUV,6,171851,93,1986,38,18.8,11.66,32,93,Critical,Low,12,Yes,"50,001–80,000"
V4472,SUV,13,155890,101,2218,20,13.0,11.75,37,35,Critical,Medium,8,Yes,"10,001–25,000"
V4473,Truck,12,158301,95,2736,42,8.4,11.42,30,58,Critical,High,12,No,"25,001–50,000"
V4474,SUV,1,179604,102,2345,47,7.8,11.2,39,38,Critical,Low,11,No,"25,001–50,000"
V4475,SUV,13,80933,109,1904,25,15.7,12.41,35,77,Good,High,2,Yes,"10,001–25,000"
V4476,Sedan,13,104385,88,1701,24,18.4,12.92,36,104,Critical,High,6,Yes,"10,001–25,000"
V4477,Truck,5,177097,100,2920,28,18.9,12.55,39,54,Worn,High,4,Yes,"50,001–80,000"
V4478,Truck,7,20602,88,1849,29,6.2,12.43,44,96,Worn,High,9,No,"25,001–50,000"
V4479,SUV,13,121202,91,2146,48,6.6,11.67,38,101,Good,Low,7,Yes,"80,001+"
V4480,Sedan,12,104698,85,1574,42,17.6,11.66,31,71,Critical,Medium,8,Yes,"50,001–80,000"
V4481,SUV,1,14515,98,1962,38,6.2,12.29,45,72,Critical,High,3,No,"50,001–80,000"
V4482,Hatchback,14,193809,100,2736,43,18.6,11.87,31,79,Worn,Low,4,Yes,"80,001+"
V4483,Sedan,10,110480,108,2616,28,16.4,11.69,45,88,Critical,Medium,12,No,"10,001–25,000"
V4484,SUV,5,66062,97,1678,30,17.9,12.01,30,57,Moderate,High,11,No,"50,001–80,000"
V4485,Hatchback,14,92247,91,1896,42,7.9,12.27,45,39,Critical,Low,7,No,"50,001–80,000"
V4486,Hatchback,8,8200,105,2295,42,7.2,11.68,42,101,Moderate,Medium,5,Yes,"80,001+"
V4487,Hatchback,10,139648,85,2906,42,6.4,12.52,42,58,Worn,High,7,No,"80,001+"
V4488,Sedan,9,49883,94,1926,46,19.6,12.3,34,67,Critical,High,9,Yes,"25,001–50,000"
V4489,Hatchback,14,158135,86,2000,41,16.9,12.45,36,73,Worn,High,1,No,"50,001–80,000"
V4490,Sedan,8,94029,106,2076,48,8.1,12.36,43,62,Critical,High,5,No,"25,001–50,000"
V4491,Hatchback,10,43429,93,1956,29,7.6,12.4,37,32,Moderate,Low,5,Yes,"80,001+"
V4492,Truck,14,78067,106,2938,31,5.8,11.64,30,60,Good,Medium,7,No,"50,001–80,000"
V4493,SUV,3,36002,106,2485,44,19.4,12.62,41,53,Moderate,High,11,No,"25,001–50,000"
V4494,Hatchback,5,15822,97,2238,40,5.9,12.97,30,77,Moderate,Medium,8,Yes,"80,001+"
V4495,Truck,10,191148,110,2234,28,5.1,12.6,36,31,Moderate,High,9,Yes,"10,001–25,000"
V4496,Truck,15,131411,108,2966,22,7.9,12.74,31,56,Moderate,Medium,6,No,"25,001–50,000"
V4497,Truck,15,196696,102,2925,40,10.8,11.62,38,80,Worn,Medium,4,No,"50,001–80,000"
V4498,Sedan,6,133309,108,1665,50,15.0,11.47,39,66,Critical,High,9,Yes,"10,001–25,000"
V4499,SUV,8,144322,102,2399,29,18.1,11.16,41,102,Worn,Low,1,Yes,"50,001–80,000"
V4500,Truck,3,160458,105,2012,37,10.5,12.89,43,88,Good,Medium,1,No,"80,001+"
V4501,Hatchback,6,59535,86,2972,45,15.3,11.43,36,58,Moderate,High,3,No,"80,001+"
V4502,SUV,12,152988,106,2372,38,14.2,12.19,35,94,Worn,Low,1,No,"50,001–80,000"
V4503,SUV,7,100243,100,2230,36,13.4,12.87,30,37,Moderate,Low,12,No,"80,001+"
V4504,Sedan,7,76488,89,1516,30,15.2,11.54,40,89,Good,Medium,3,Yes,"80,001+"
V4505,Sedan,4,49906,106,2789,44,13.3,12.17,35,30,Moderate,Medium,6,Yes,"80,001+"
V4506,Hatchback,8,14967,97,1756,29,9.8,11.35,36,61,Good,Low,5,Yes,"80,001+"
V4507,SUV,14,82100,91,1922,48,18.1,11.31,41,78,Moderate,Medium,1,No,"80,001+"
V4508,SUV,2,149986,97,2181,37,18.1,12.76,36,109,Critical,Low,3,Yes,"80,001+"
V4509,Sedan,13,91547,100,2524,29,5.1,12.38,37,69,Critical,Medium,5,No,"25,001–50,000"
V4510,Hatchback,14,127453,110,2031,38,19.6,11.75,41,74,Worn,Low,2,Yes,"50,001–80,000"
V4511,Truck,5,148075,96,1682,37,9.5,11.31,43,79,Good,Low,11,No,"80,001+"
V4512,Truck,3,53331,91,2840,28,9.7,11.88,33,88,Moderate,High,8,No,"50,001–80,000"
V4513,Hatchback,4,31385,87,1917,27,14.1,11.99,40,101,Critical,Medium,4,Yes,"50,001–80,000"
V4514,SUV,9,113950,92,2082,21,5.3,11.77,35,99,Good,Low,1,No,"80,001+"
V4515,Truck,7,111252,109,2631,44,11.9,12.13,38,53,Worn,High,3,Yes,"50,001–80,000"
V4516,Hatchback,7,167841,100,2090,24,5.2,12.71,36,35,Moderate,Low,4,No,"80,001+"
V4517,Hatchback,6,172318,90,2611,25,14.6,12.32,40,34,Moderate,Medium,3,Yes,"80,001+"
V4518,Truck,2,12746,90,2894,44,15.6,11.7,42,110,Moderate,Medium,7,Yes,"80,001+"
V4519,SUV,12,47245,95,2897,43,13.8,12.63,31,85,Critical,Medium,9,No,"50,001–80,000"
V4520,Truck,15,166298,110,2274,39,14.1,12.85,36,43,Moderate,High,6,Yes,"25,001–50,000"
V4521,SUV,4,93567,92,1690,21,15.2,11.91,40,59,Critical,Low,11,Yes,"25,001–50,000"
V4522,Hatchback,13,75295,103,2173,22,7.0,12.61,41,37,Worn,Medium,4,No,"25,001–50,000"
V4523,Sedan,10,93812,88,2669,37,14.2,12.55,33,35,Critical,Low,2,No,"80,001+"
V4524,Truck,3,132883,94,2807,42,19.7,12.48,43,95,Moderate,Medium,11,No,"80,001+"
V4525,Sedan,8,46460,98,2856,39,5.4,11.74,40,71,Critical,Medium,6,No,"80,001+"
V4526,SUV,11,41642,87,2146,44,13.5,12.26,38,96,Good,Low,10,No,"80,001+"
V4527,Truck,4,114862,108,2474,23,14.3,12.69,44,46,Moderate,Medium,10,Yes,"25,001–50,000"
V4528,Hatchback,8,77035,90,2827,46,12.8,11.62,45,31,Good,High,12,No,"50,001–80,000"
V4529,Hatchback,4,193930,92,1851,21,14.6,11.95,35,69,Critical,Low,2,No,"50,001–80,000"
V4530,Hatchback,1,159184,108,2729,32,16.0,12.43,45,92,Moderate,High,10,Yes,"25,001–50,000"
V4531,Truck,15,197623,90,1948,32,6.9,12.23,36,69,Critical,High,11,Yes,"25,001–50,000"
V4532,Truck,8,99939,99,2796,27,14.9,12.9,35,98,Worn,High,12,No,"25,001–50,000"
V4533,Hatchback,7,34899,99,2380,36,7.1,11.12,30,88,Critical,Low,3,Yes,"80,001+"
V4534,Truck,5,56689,109,1619,39,19.5,11.51,40,84,Critical,Low,7,No,"50,001–80,000"
V4535,SUV,11,78008,107,1686,37,5.9,12.67,42,54,Critical,Medium,3,Yes,"25,001–50,000"
V4536,SUV,5,68415,89,1580,37,15.0,12.69,42,73,Critical,High,1,Yes,"50,001–80,000"
V4537,Sedan,11,119538,88,2630,30,18.4,11.43,44,49,Worn,Medium,7,No,"80,001+"
V4538,Sedan,12,60581,89,1555,40,7.3,11.78,31,40,Moderate,Medium,5,No,"80,001+"
V4539,Sedan,1,19423,105,1777,50,7.5,11.34,36,89,Moderate,Low,3,Yes,"80,001+"
V4540,Sedan,9,63374,87,1981,21,13.0,11.24,31,82,Moderate,Medium,4,No,"80,001+"
V4541,Sedan,11,182418,109,2025,23,8.7,12.36,38,65,Moderate,Medium,5,Yes,"25,001–50,000"
V4542,Truck,7,36196,93,2045,45,14.4,12.12,30,109,Good,Low,7,Yes,"80,001+"
V4543,Sedan,12,164088,105,1971,34,12.9,11.75,37,77,Moderate,Medium,11,No,"50,001–80,000"
V4544,Hatchback,3,84990,92,1906,34,12.6,12.9,35,108,Worn,High,3,Yes,"80,001+"
V4545,Hatchback,9,111083,100,1585,45,16.5,11.2,39,85,Good,High,12,No,"50,001–80,000"
V4546,Hatchback,1,120571,104,2355,36,19.2,11.08,30,36,Worn,Low,3,Yes,"80,001+"
V4547,Truck,13,21695,107,1700,41,8.5,11.65,37,44,Worn,High,7,No,"25,001–50,000"
V4548,Truck,7,11184,91,2425,47,13.7,12.4,38,81,Critical,Low,9,No,"50,001–80,000"
V4549,SUV,1,148947,93,2068,23,18.9,11.75,36,93,Critical,Medium,7,Yes,"50,001–80,000"
V4550,SUV,3,79932,86,2293,24,13.3,11.23,41,34,Worn,High,10,Yes,"25,001–50,000"
V4551,Sedan,4,35871,91,1691,30,18.2,12.7,39,97,Moderate,Low,8,No,"80,001+"
V4552,Hatchback,1,113547,108,1894,38,7.5,11.51,45,74,Worn,Low,10,Yes,"50,001–80,000"
V4553,Truck,6,68063,94,2638,20,8.6,12.74,44,66,Good,High,11,Yes,"25,001–50,000"
V4554,SUV,5,51434,109,1602,23,5.6,11.32,32,44,Critical,Medium,4,Yes,"25,001–50,000"
V4555,Sedan,9,72455,91,1594,49,17.5,11.4,36,54,Worn,High,9,Yes,"50,001–80,000"
V4556,SUV,9,169819,91,2059,24,10.2,12.36,35,107,Good,Medium,6,Yes,"80,001+"
V4557,Hatchback,10,188991,108,2474,47,16.6,12.81,40,88,Good,High,2,No,"50,001–80,000"
V4558,Hatchback,15,90051,107,2351,34,5.7,11.02,39,42,Good,High,10,No,"25,001–50,000"
V4559,Truck,10,178517,86,2190,46,10.2,11.03,37,81,Moderate,Low,2,Yes,"80,001+"
V4560,Hatchback,15,41550,110,1913,25,6.0,11.47,44,80,Good,Low,3,Yes,"25,001–50,000"
V4561,Hatchback,11,185321,91,2555,25,12.2,12.63,38,74,Good,Low,1,Yes,"50,001–80,000"
V4562,SUV,12,143175,91,2814,37,18.1,11.53,43,44,Critical,High,4,Yes,"25,001–50,000"
V4563,Hatchback,11,161619,95,1920,25,5.3,12.1,44,98,Worn,Low,9,Yes,"50,001–80,000"
V4564,SUV,13,137472,102,2183,34,9.8,11.55,36,101,Worn,Low,10,No,"50,001–80,000"
V4565,Sedan,12,45465,104,1667,21,8.5,12.22,42,54,Good,Medium,4,Yes,"25,001–50,000"
V4566,Truck,8,131975,109,2383,29,15.3,11.59,44,42,Critical,Low,6,Yes,"25,001–50,000"
V4567,SUV,15,9123,97,1524,44,20.0,11.99,30,109,Worn,Low,6,Yes,"80,001+"
V4568,Sedan,6,17382,108,2989,46,19.2,11.12,33,41,Moderate,High,3,Yes,"50,001–80,000"
V4569,SUV,5,71671,91,1595,41,19.1,12.43,33,88,Worn,Medium,4,Yes,"80,001+"
V4570,Sedan,4,72763,89,2819,39,9.5,12.59,45,43,Worn,Medium,6,No,"80,001+"
V4571,SUV,8,134986,89,2847,42,8.3,12.74,45,103,Worn,Medium,9,Yes,"80,001+"
V4572,SUV,9,109872,94,2620,25,9.8,11.02,44,106,Moderate,High,12,No,"25,001–50,000"
V4573,SUV,13,114346,85,1975,43,13.7,12.87,35,71,Good,High,10,Yes,"50,001–80,000"
V4574,SUV,9,62749,108,2603,40,18.0,12.76,36,68,Good,Medium,6,No,"80,001+"
V4575,Sedan,4,48767,99,2895,32,10.2,12.53,37,38,Good,Medium,12,No,"80,001+"
V4576,SUV,8,134342,90,1645,37,11.5,11.08,37,108,Critical,Low,8,No,"80,001+"
V4577,Truck,12,175601,106,2175,22,19.2,11.95,34,48,Good,Low,4,Yes,"25,001–50,000"
V4578,Sedan,13,181679,93,2398,34,12.4,12.33,41,106,Critical,High,7,No,"25,001–50,000"
V4579,Hatchback,14,106712,98,2195,44,8.8,11.29,30,48,Critical,Low,7,Yes,"50,001–80,000"
V4580,SUV,15,65559,107,2695,24,14.7,11.78,45,66,Critical,Low,7,No,"10,001–25,000"
V4581,Sedan,15,32282,85,1540,29,19.2,12.55,41,87,Critical,Medium,4,Yes,"25,001–50,000"
V4582,Sedan,9,170207,105,2791,29,18.9,12.33,33,51,Moderate,Medium,10,Yes,"25,001–50,000"
V4583,SUV,1,68221,96,2983,36,10.1,12.35,41,51,Critical,High,2,Yes,"50,001–80,000"
V4584,Hatchback,2,68792,110,1601,47,13.0,12.83,39,105,Good,Medium,11,No,"50,001–80,000"
V4585,Hatchback,9,100967,99,2864,43,18.4,11.84,41,109,Critical,Low,7,Yes,"80,001+"
V4586,Hatchback,10,26194,109,2781,38,13.3,11.89,42,61,Worn,High,8,Yes,"50,001–80,000"
V4587,Hatchback,2,190695,106,2101,31,8.6,12.68,32,91,Critical,Medium,5,No,"50,001–80,000"
V4588,SUV,13,129966,93,2895,32,19.3,11.45,33,64,Moderate,Medium,5,Yes,"80,001+"
V4589,Sedan,11,102181,89,2703,46,16.2,11.27,45,39,Good,Low,6,No,"80,001+"
V4590,Sedan,15,193892,91,2976,29,14.0,12.02,31,94,Worn,Medium,3,Yes,"50,001–80,000"
V4591,Truck,9,136775,106,1916,26,19.3,12.0,37,100,Moderate,Medium,6,Yes,"50,001–80,000"
V4592,SUV,10,84625,92,1764,30,10.6,11.82,40,73,Good,Low,5,Yes,"80,001+"
V4593,Sedan,2,114768,109,2937,23,6.8,11.42,42,50,Good,Medium,5,No,"50,001–80,000"
V4594,Hatchback,4,33767,107,1569,40,9.0,11.82,44,110,Moderate,Medium,12,No,"50,001–80,000"
V4595,Truck,13,196984,94,2732,35,18.6,11.74,34,59,Good,Medium,11,Yes,"80,001+"
V4596,Truck,10,192605,86,2549,45,18.5,12.64,32,100,Critical,Medium,2,No,"80,001+"
V4597,Hatchback,7,8396,104,2769,34,17.3,11.26,32,92,Moderate,Medium,7,No,"80,001+"
V4598,Truck,12,77726,95,2442,38,12.1,11.58,37,38,Worn,High,3,Yes,"50,001–80,000"
V4599,Hatchback,5,187863,92,1688,31,12.5,12.38,31,41,Critical,Medium,9,Yes,"50,001–80,000"
V4600,SUV,14,131968,94,1882,35,8.0,11.5,40,101,Moderate,Medium,12,No,"80,001+"
V4601,Hatchback,8,23550,101,2662,21,17.4,11.79,39,101,Good,Low,6,Yes,"50,001–80,000"
V4602,SUV,3,187115,99,2986,27,19.3,11.47,34,60,Good,Low,1,Yes,"80,001+"
V4603,Hatchback,8,20877,92,2920,40,18.6,11.6,30,70,Moderate,Low,2,Yes,"80,001+"
V4604,Hatchback,5,96516,107,2828,32,10.3,12.96,41,87,Good,Medium,6,No,"80,001+"
V4605,Hatchback,15,75710,98,1544,44,6.2,12.19,43,53,Critical,High,10,No,"25,001–50,000"
V4606,Hatchback,14,125316,91,2753,28,18.5,11.07,42,42,Worn,Medium,8,Yes,"50,001–80,000"
V4607,Sedan,9,36082,104,2467,42,13.3,11.17,31,39,Good,Low,4,No,"80,001+"
V4608,SUV,10,181825,102,1832,32,18.2,11.82,34,110,Worn,Medium,3,No,"80,001+"
V4609,SUV,8,90260,102,2504,21,7.7,12.51,35,39,Good,Low,12,Yes,"25,001–50,000"
V4610,Hatchback,10,175693,95,2015,49,12.1,12.91,38,105,Worn,High,9,Yes,"50,001–80,000"
V4611,Hatchback,12,117083,99,2073,34,7.9,12.03,36,65,Critical,Low,10,No,"50,001–80,000"
V4612,Hatchback,2,135529,100,2401,31,19.3,12.43,35,35,Moderate,High,12,No,"50,001–80,000"
V4613,Sedan,7,83671,88,2590,27,15.4,11.26,43,102,Good,Medium,6,Yes,"80,001+"
V4614,Hatchback,10,60092,106,1554,30,6.1,12.18,33,62,Critical,Low,2,Yes,"50,001–80,000"
V4615,SUV,10,39357,102,2303,23,7.5,11.97,38,33,Worn,Medium,12,No,"25,001–50,000"
V4616,Sedan,13,124315,92,1515,33,15.8,12.65,30,105,Critical,Medium,1,No,"50,001–80,000"
V4617,Sedan,1,135934,104,2271,41,11.1,12.24,32,82,Moderate,High,4,Yes,"50,001–80,000"
V4618,SUV,11,45605,87,1713,35,17.6,12.02,43,93,Moderate,Medium,12,Yes,"80,001+"
V4619,Sedan,14,91620,108,1657,46,17.0,11.2,41,31,Moderate,Medium,5,No,"50,001–80,000"
V4620,SUV,15,38584,89,2920,39,11.4,12.73,30,56,Worn,High,9,No,"50,001–80,000"
V4621,Sedan,7,21559,108,2051,40,8.3,12.49,34,100,Worn,Low,8,No,"80,001+"
V4622,Truck,11,185837,94,1938,40,16.8,12.62,39,84,Worn,Medium,4,No,"80,001+"
V4623,Sedan,5,110813,96,1914,20,5.3,11.5,30,94,Moderate,High,6,No,"50,001–80,000"
V4624,Sedan,4,185028,102,1634,37,19.2,12.28,35,75,Good,Low,4,Yes,"80,001+"
V4625,Hatchback,14,65549,92,1623,47,12.1,12.48,36,99,Moderate,High,1,No,"50,001–80,000"
V4626,Hatchback,12,163990,94,2152,37,11.0,11.45,31,68,Critical,Medium,10,Yes,"50,001–80,000"
V4627,Hatchback,6,91267,96,2598,45,18.4,12.05,32,104,Critical,Low,3,No,"80,001+"
V4628,SUV,8,96810,103,1599,27,18.6,11.93,40,69,Critical,Low,7,Yes,"25,001–50,000"
V4629,Sedan,8,26211,89,2446,48,7.8,11.62,36,43,Critical,Medium,6,No,"80,001+"
V4630,Truck,1,49747,100,2236,48,15.0,12.27,37,98,Critical,Low,8,Yes,"80,001+"
V4631,Sedan,11,80651,100,1744,25,11.7,11.72,40,109,Moderate,Low,8,No,"50,001–80,000"
V4632,Truck,14,158787,87,1755,47,19.1,12.13,31,67,Good,High,2,Yes,"50,001–80,000"
V4633,Sedan,7,154436,86,2969,30,8.5,12.68,33,84,Critical,High,10,Yes,"25,001–50,000"
V4634,Sedan,1,29097,104,1734,23,5.8,11.34,42,79,Worn,Medium,8,No,"50,001–80,000"
V4635,Hatchback,14,157348,107,2632,44,17.0,11.9,30,46,Good,Medium,7,Yes,"50,001–80,000"
V4636,SUV,13,143415,109,2913,30,16.5,11.79,43,50,Critical,Low,8,No,"25,001–50,000"
V4637,Sedan,2,6252,100,2164,20,17.5,12.85,36,105,Critical,Low,8,Yes,"50,001–80,000"
V4638,Hatchback,15,6162,91,1555,44,17.5,11.29,45,48,Moderate,Low,6,No,"80,001+"
V4639,SUV,13,187656,101,2319,30,5.1,12.3,37,72,Moderate,High,1,No,"25,001–50,000"
V4640,Truck,4,47222,102,2858,44,17.9,11.48,43,66,Moderate,Medium,11,Yes,"50,001–80,000"
V4641,SUV,12,174349,105,2211,25,12.4,12.45,40,107,Good,Medium,4,Yes,"25,001–50,000"
V4642,Sedan,4,90472,98,2875,35,10.1,11.94,44,95,Critical,High,1,Yes,"50,001–80,000"
V4643,SUV,4,192860,91,1585,34,18.8,11.92,37,100,Worn,High,10,Yes,"50,001–80,000"
V4644,Hatchback,6,39040,92,2421,29,13.7,11.59,39,99,Worn,High,5,Yes,"50,001–80,000"
V4645,Sedan,12,124404,106,1868,40,12.1,12.42,34,60,Worn,High,9,No,"25,001–50,000"
V4646,Hatchback,7,43446,89,1816,38,17.2,11.61,39,42,Critical,High,12,No,"25,001–50,000"
V4647,Truck,11,110855,108,2829,20,13.5,12.29,42,64,Critical,High,2,Yes,"0–10,000"
V4648,Truck,7,11828,102,1535,31,8.5,11.98,38,71,Good,Low,8,Yes,"80,001+"
V4649,SUV,13,94509,108,2471,26,9.6,11.75,33,53,Moderate,Medium,7,No,"25,001–50,000"
V4650,Sedan,7,149787,95,1765,45,9.8,12.9,41,32,Good,Low,8,Yes,"80,001+"
V4651,SUV,10,55747,86,2423,20,19.4,11.41,33,94,Moderate,Medium,12,Yes,"50,001–80,000"
V4652,Truck,13,47683,109,2764,47,16.2,12.68,41,104,Good,Low,6,Yes,"50,001–80,000"
V4653,Hatchback,10,14293,110,1908,24,7.7,12.69,45,37,Worn,Low,4,No,"50,001–80,000"
V4654,Hatchback,15,46075,91,1640,32,9.9,11.56,35,30,Good,Low,7,Yes,"80,001+"
V4655,Sedan,13,84684,97,1880,38,20.0,12.24,45,55,Critical,High,1,No,"25,001–50,000"
V4656,SUV,8,96382,90,2294,48,13.8,12.07,40,68,Worn,Low,8,Yes,"80,001+"
V4657,SUV,6,64574,90,1558,48,12.0,11.43,41,73,Moderate,Low,6,No,"80,001+"
V4658,Truck,13,76817,97,2050,33,14.2,12.44,34,94,Worn,Low,3,No,"80,001+"
V4659,SUV,9,40315,85,1764,43,18.9,12.08,38,94,Critical,High,10,Yes,"25,001–50,000"
V4660,Hatchback,13,66587,97,1746,29,17.6,11.19,44,82,Worn,Medium,6,No,"50,001–80,000"
V4661,Truck,5,99324,87,2619,29,12.8,12.12,37,48,Moderate,High,9,Yes,"25,001–50,000"
V4662,SUV,6,198239,97,2774,28,11.9,12.48,44,96,Good,Medium,1,No,"80,001+"
V4663,Sedan,1,149671,108,1845,21,13.1,11.81,43,58,Moderate,Low,11,No,"25,001–50,000"
V4664,Sedan,14,33700,101,2319,34,6.0,12.03,41,63,Worn,Medium,10,No,"50,001–80,000"
V4665,Truck,15,129213,95,1961,46,13.8,12.72,39,58,Moderate,Low,1,Yes,"80,001+"
V4666,Sedan,1,188407,110,1674,38,8.9,12.94,30,83,Good,Medium,5,No,"80,001+"
V4667,Sedan,11,150214,101,2529,32,16.1,12.92,37,105,Good,Low,4,No,"50,001–80,000"
V4668,SUV,13,84341,97,2034,33,13.9,12.69,44,53,Critical,Low,5,No,"50,001–80,000"
V4669,Sedan,11,108166,88,2031,20,17.0,12.21,43,92,Worn,Low,1,Yes,"50,001–80,000"
V4670,Truck,13,156069,99,2789,45,18.2,11.88,45,75,Critical,High,12,Yes,"25,001–50,000"
V4671,Truck,14,104497,99,1997,50,12.4,11.45,30,97,Worn,Low,3,Yes,"80,001+"
V4672,SUV,12,96136,106,2069,44,9.4,11.28,31,64,Worn,Low,12,No,"50,001–80,000"
V4673,Hatchback,14,83941,105,2740,22,10.3,11.99,37,109,Critical,Medium,2,No,"10,001–25,000"
V4674,SUV,10,142847,91,2105,41,7.5,11.57,33,56,Good,High,1,No,"80,001+"
V4675,Sedan,2,6381,100,1569,33,6.1,12.87,37,42,Good,Low,3,No,"80,001+"
V4676,Sedan,4,49548,92,1901,41,18.0,12.08,33,83,Worn,Low,6,No,"80,001+"
V4677,Truck,1,55433,109,1765,34,18.9,12.52,36,47,Moderate,High,2,Yes,"50,001–80,000"
V4678,Sedan,6,187296,95,2464,33,7.8,12.3,42,104,Good,High,4,Yes,"80,001+"
V4679,SUV,7,135755,106,1929,47,15.9,11.42,37,87,Worn,Medium,7,No,"80,001+"
V4680,SUV,1,125150,87,1962,39,6.0,12.27,43,69,Good,Low,12,No,"80,001+"
V4681,Hatchback,5,169002,94,2684,49,15.7,11.38,38,52,Moderate,Low,8,Yes,"80,001+"
V4682,SUV,7,185738,97,2466,33,10.6,12.5,32,70,Worn,High,1,No,"80,001+"
V4683,Sedan,12,82408,109,2898,46,15.3,11.64,43,65,Critical,Low,5,Yes,"25,001–50,000"
V4684,Sedan,8,30486,102,2712,34,6.8,12.97,43,53,Critical,Low,7,Yes,"50,001–80,000"
V4685,Sedan,11,16580,98,1936,23,14.9,11.13,37,49,Critical,Medium,10,No,"25,001–50,000"
V4686,SUV,7,187482,98,2353,46,7.6,12.76,44,50,Good,Medium,10,Yes,"80,001+"
V4687,SUV,4,61601,95,1947,28,7.9,12.38,38,35,Moderate,Medium,7,No,"80,001+"
V4688,Truck,2,70397,110,1772,32,6.2,11.35,45,110,Moderate,High,6,Yes,"50,001–80,000"
V4689,Sedan,9,124455,107,2001,41,20.0,12.47,45,95,Moderate,Medium,5,Yes,"80,001+"
V4690,Hatchback,14,160952,100,1764,30,6.4,12.76,41,101,Good,High,2,Yes,"50,001–80,000"
V4691,Sedan,5,157829,105,2132,37,17.3,12.48,35,99,Worn,Medium,3,No,"80,001+"
V4692,Hatchback,4,112525,100,2624,48,10.1,12.27,40,102,Worn,High,3,Yes,"80,001+"
V4693,Sedan,12,154649,90,1930,50,11.3,11.45,43,76,Good,Low,8,No,"80,001+"
V4694,Truck,9,94356,108,2916,46,14.7,11.63,38,83,Worn,High,4,Yes,"50,001–80,000"
V4695,Truck,6,178870,85,2862,50,17.0,11.13,44,68,Good,High,7,No,"80,001+"
V4696,Truck,2,26040,99,2598,21,12.0,11.3,36,81,Moderate,Low,3,No,"80,001+"
V4697,Hatchback,4,84520,101,2770,47,14.6,12.16,33,33,Critical,High,10,Yes,"10,001–25,000"
V4698,Sedan,7,153603,110,2230,22,7.6,12.7,38,79,Worn,High,11,Yes,"10,001–25,000"
V4699,SUV,4,65180,102,2112,31,13.6,12.21,35,102,Worn,Medium,4,Yes,"80,001+"
V4700,Hatchback,1,49298,96,2568,28,5.9,12.92,36,96,Moderate,High,10,No,"25,001–50,000"
V4701,Hatchback,13,141169,109,2906,32,10.0,11.62,33,72,Good,Medium,11,Yes,"50,001–80,000"
V4702,Truck,1,83135,109,1518,28,16.5,12.42,37,73,Moderate,High,7,No,"25,001–50,000"
V4703,Sedan,12,54979,99,2341,48,9.0,12.96,40,107,Worn,Low,7,Yes,"80,001+"
V4704,Truck,15,158892,91,2226,33,14.9,12.48,45,49,Moderate,High,8,No,"50,001–80,000"
V4705,SUV,5,37765,101,2560,43,12.0,12.54,39,41,Critical,High,6,Yes,"25,001–50,000"
V4706,SUV,3,145555,101,2381,46,17.6,11.8,36,47,Moderate,Low,1,No,"80,001+"
V4707,SUV,15,181029,95,1619,33,9.4,11.95,43,30,Critical,Medium,12,Yes,"50,001–80,000"
V4708,Sedan,3,180227,108,1574,49,10.6,11.19,32,56,Worn,Low,1,No,"80,001+"
V4709,Truck,8,51123,92,2610,48,9.8,12.82,34,69,Critical,High,6,Yes,"50,001–80,000"
V4710,Truck,6,125073,87,2455,39,16.5,11.92,38,71,Good,High,3,Yes,"80,001+"
V4711,Truck,7,23790,88,1546,47,7.8,12.37,31,30,Worn,Medium,12,No,"80,001+"
V4712,SUV,12,66622,104,2298,39,14.7,11.23,44,75,Good,High,3,Yes,"25,001–50,000"
V4713,Hatchback,14,120605,93,2677,46,8.4,11.62,36,75,Good,Low,11,No,"80,001+"
V4714,Hatchback,10,93739,85,2768,37,16.0,11.37,42,69,Good,Medium,5,Yes,"80,001+"
V4715,Hatchback,5,28690,100,1644,34,16.2,12.19,40,54,Good,Medium,4,No,"80,001+"
V4716,Sedan,1,66666,102,2541,24,10.0,11.65,31,109,Good,Medium,1,No,"50,001–80,000"
V4717,SUV,7,13734,100,1881,26,10.3,11.23,41,104,Worn,Low,9,Yes,"50,001–80,000"
V4718,Truck,9,65066,85,2770,31,11.9,11.53,34,85,Moderate,Low,3,Yes,"80,001+"
V4719,Hatchback,13,16737,100,2387,37,9.5,12.71,37,75,Worn,Low,12,No,"80,001+"
V4720,Hatchback,9,57828,107,2915,28,5.4,12.89,35,72,Moderate,Low,9,No,"25,001–50,000"
V4721,Hatchback,5,171380,88,2435,21,11.8,12.13,31,39,Good,Low,7,No,"80,001+"
V4722,Truck,9,48660,100,2115,33,19.8,11.83,42,48,Good,Medium,9,Yes,"80,001+"
V4723,SUV,5,117459,99,2582,48,12.7,12.74,39,49,Critical,Medium,3,Yes,"80,001+"
V4724,SUV,2,25804,95,2797,47,12.2,11.41,33,95,Good,Low,1,No,"80,001+"
V4725,Truck,4,141187,107,2251,39,12.5,11.59,32,103,Critical,High,6,No,"25,001–50,000"
V4726,SUV,14,96741,90,2025,32,8.9,12.96,42,103,Worn,High,9,Yes,"50,001–80,000"
V4727,Truck,4,132571,103,2818,30,10.2,11.05,36,58,Moderate,Low,10,Yes,"50,001–80,000"
V4728,Truck,10,109717,110,2302,21,15.7,12.89,33,38,Critical,High,8,No,"10,001–25,000"
V4729,Truck,11,63453,96,2390,33,5.4,12.6,38,75,Critical,High,7,No,"25,001–50,000"
V4730,Sedan,9,196583,90,2495,44,10.8,12.73,45,66,Critical,Medium,8,No,"80,001+"
V4731,SUV,4,25875,85,2307,36,10.1,11.17,33,103,Worn,Medium,12,No,"80,001+"
V4732,Sedan,7,114883,102,2281,26,12.0,11.17,43,54,Worn,High,7,No,"25,001–50,000"
V4733,Hatchback,9,88505,94,2533,44,15.0,12.48,42,110,Worn,High,6,No,"80,001+"
V4734,SUV,9,106407,107,2653,27,18.9,11.14,41,48,Good,Medium,10,No,"25,001–50,000"
V4735,Truck,11,121447,88,2936,35,17.6,11.25,44,75,Worn,Low,9,Yes,"80,001+"
V4736,Truck,10,191968,96,1724,26,19.7,12.89,44,91,Moderate,High,4,Yes,"50,001–80,000"
V4737,SUV,13,175813,88,2333,29,14.8,11.98,38,99,Moderate,Low,2,No,"50,001–80,000"
V4738,SUV,7,184315,99,2282,42,5.4,11.11,40,66,Moderate,Low,11,Yes,"80,001+"
V4739,Sedan,15,141942,109,2890,44,8.6,12.47,42,58,Good,Low,5,No,"50,001–80,000"
V4740,Hatchback,1,51880,99,2328,21,11.4,11.92,45,56,Moderate,High,8,No,"50,001–80,000"
V4741,Sedan,9,117685,106,2680,34,18.7,12.65,32,71,Worn,Low,8,No,"80,001+"
V4742,Sedan,12,17639,89,2089,36,6.7,11.25,38,88,Moderate,High,2,No,"50,001–80,000"
V4743,Sedan,10,35073,95,1693,21,17.9,12.1,38,83,Critical,Medium,8,Yes,"50,001–80,000"
V4744,Truck,11,195592,98,2322,22,7.2,11.12,38,87,Worn,Low,3,Yes,"50,001–80,000"
V4745,SUV,8,9178,104,1982,50,6.5,11.03,34,108,Good,Low,12,No,"50,001–80,000"
V4746,SUV,12,33494,90,2760,27,7.7,12.01,41,104,Moderate,Low,2,No,"50,001–80,000"
V4747,Truck,2,163355,110,2385,36,18.8,11.66,33,36,Moderate,Low,3,Yes,"80,001+"
V4748,Sedan,10,116612,106,1928,31,14.1,12.65,31,56,Good,Medium,6,No,"80,001+"
V4749,Truck,9,166495,88,2425,44,18.3,12.52,40,69,Moderate,Low,5,No,"80,001+"
V4750,Truck,5,199208,93,1567,36,12.0,12.02,32,30,Good,High,10,Yes,"50,001–80,000"
V4751,SUV,12,96960,97,1705,42,6.7,12.06,32,65,Worn,High,1,Yes,"50,001–80,000"
V4752,Truck,7,126124,89,1711,45,13.0,11.25,35,55,Good,High,4,No,"80,001+"
V4753,SUV,5,10017,95,2284,35,18.8,12.77,44,96,Moderate,Medium,7,Yes,"80,001+"
V4754,SUV,8,193055,97,2403,44,7.5,11.21,43,68,Worn,Medium,2,Yes,"80,001+"
V4755,Truck,1,41852,86,2349,31,13.1,12.24,37,62,Critical,High,7,Yes,"50,001–80,000"
V4756,Hatchback,5,91568,109,1761,26,15.6,12.41,44,68,Worn,Low,4,No,"50,001–80,000"
V4757,Hatchback,4,110850,102,2952,28,8.6,12.76,31,90,Critical,Medium,3,Yes,"25,001–50,000"
V4758,Truck,7,41023,94,2421,27,13.0,11.8,41,94,Moderate,Medium,1,Yes,"80,001+"
V4759,Hatchback,15,161791,102,2622,28,18.7,11.91,39,38,Critical,Low,9,Yes,"10,001–25,000"
V4760,Sedan,9,84691,85,1677,45,8.1,12.35,41,64,Critical,Low,6,Yes,"80,001+"
V4761,SUV,5,123145,102,2578,45,6.9,11.62,36,80,Moderate,High,3,No,"50,001–80,000"
V4762,SUV,5,118188,89,2182,31,6.3,12.34,36,97,Good,High,12,No,"50,001–80,000"
V4763,Hatchback,10,30904,103,1696,41,9.0,12.05,32,68,Worn,Medium,6,No,"80,001+"
V4764,Hatchback,14,121092,109,2280,27,10.9,12.35,40,65,Critical,Medium,1,No,"10,001–25,000"
V4765,Hatchback,8,22908,107,2358,48,8.9,12.0,36,110,Moderate,High,4,No,"50,001–80,000"
V4766,SUV,4,82090,101,2689,26,5.9,12.14,43,52,Worn,High,3,Yes,"25,001–50,000"
V4767,Hatchback,1,86130,110,2025,25,16.5,12.47,44,91,Good,Medium,5,No,"50,001–80,000"
V4768,Sedan,4,90717,100,1871,36,9.3,11.27,43,88,Critical,Low,11,No,"50,001–80,000"
V4769,SUV,10,36419,86,2375,30,11.4,11.21,45,39,Worn,Medium,7,Yes,"80,001+"
V4770,Sedan,12,143355,87,1795,26,16.9,12.92,31,96,Moderate,Medium,11,Yes,"50,001–80,000"
V4771,Hatchback,7,168623,93,2281,37,10.1,11.65,36,72,Good,Low,5,No,"80,001+"
V4772,SUV,12,165621,101,1892,29,19.1,12.59,31,82,Good,Medium,4,No,"25,001–50,000"
V4773,Sedan,5,100575,88,2906,33,15.6,12.57,37,47,Moderate,Low,10,Yes,"80,001+"
V4774,Truck,5,175360,90,2561,27,15.0,11.55,35,59,Moderate,Low,4,No,"80,001+"
V4775,Sedan,11,172318,108,1885,48,18.6,11.38,43,55,Moderate,High,2,No,"25,001–50,000"
V4776,Truck,13,56699,93,1513,27,17.0,11.99,45,77,Worn,High,3,Yes,"25,001–50,000"
V4777,SUV,3,194998,95,1553,23,18.0,11.41,43,57,Critical,Medium,6,No,"50,001–80,000"
V4778,Hatchback,1,118913,92,1626,38,6.8,12.46,41,66,Good,Medium,12,No,"80,001+"
V4779,Sedan,5,184387,106,2212,45,19.0,11.83,30,41,Worn,High,12,Yes,"25,001–50,000"
V4780,Truck,13,103359,106,2529,34,14.1,12.55,33,100,Worn,Medium,2,Yes,"50,001–80,000"
V4781,Sedan,4,38853,89,2949,20,5.9,11.61,43,44,Critical,Low,10,No,"25,001–50,000"
V4782,Hatchback,6,41130,104,1828,24,15.4,13.0,32,34,Moderate,High,12,No,"10,001–25,000"
V4783,Hatchback,1,52485,100,2927,37,12.9,12.6,35,71,Good,High,8,Yes,"80,001+"
V4784,SUV,13,160191,97,2942,25,15.2,11.81,44,32,Critical,High,7,No,"10,001–25,000"
V4785,Truck,4,122575,87,2043,21,16.4,12.33,34,54,Moderate,Low,12,Yes,"50,001–80,000"
V4786,Truck,4,174509,106,2301,29,5.1,12.49,34,48,Worn,Low,5,Yes,"50,001–80,000"
V4787,Truck,1,184599,93,1955,23,6.7,12.12,40,87,Good,Low,12,Yes,"50,001–80,000"
V4788,Sedan,6,129944,98,2535,45,16.8,12.11,35,77,Moderate,Low,4,No,"80,001+"
V4789,SUV,11,169585,95,2860,21,5.9,11.57,32,105,Good,Low,1,No,"50,001–80,000"
V4790,SUV,8,10568,102,2573,25,11.4,11.61,39,93,Critical,Medium,8,Yes,"25,001–50,000"
V4791,Hatchback,12,133095,104,1700,22,7.8,12.84,34,45,Moderate,Low,8,No,"25,001–50,000"
V4792,SUV,4,29460,103,2617,38,12.1,11.79,38,86,Good,Low,3,Yes,"80,001+"
V4793,Sedan,10,112514,97,2577,38,12.5,11.21,42,73,Worn,Low,2,No,"80,001+"
V4794,Hatchback,1,176800,90,2137,22,11.5,11.43,34,48,Worn,High,4,No,"50,001–80,000"
V4795,Truck,9,133713,87,2736,46,16.3,12.6,33,101,Moderate,Medium,2,Yes,"80,001+"
V4796,SUV,6,54023,87,2415,25,17.9,12.6,30,92,Critical,Low,9,No,"25,001–50,000"
V4797,Truck,11,150520,93,2471,44,15.1,11.83,32,90,Worn,Low,11,No,"80,001+"
V4798,Truck,13,88275,103,2772,50,12.3,11.64,37,49,Moderate,Medium,8,Yes,"50,001–80,000"
V4799,Truck,14,181191,90,2927,40,5.6,12.3,34,100,Worn,Low,11,Yes,"80,001+"
V4800,SUV,2,63388,90,2853,38,18.9,11.25,37,41,Worn,High,5,Yes,"80,001+"
V4801,Sedan,7,192624,93,1949,20,14.4,12.19,45,48,Worn,Low,12,No,"50,001–80,000"
V4802,Sedan,10,18354,104,2961,21,16.4,12.71,44,38,Critical,Medium,4,Yes,"25,001–50,000"
V4803,Truck,1,91225,99,2287,41,9.4,11.54,41,94,Moderate,Low,3,Yes,"80,001+"
V4804,Sedan,8,92330,98,2211,39,10.7,12.72,43,41,Critical,Medium,4,Yes,"80,001+"
V4805,Truck,9,139492,97,2659,27,5.7,11.8,38,66,Good,Medium,9,No,"50,001–80,000"
V4806,Truck,8,52368,97,2418,45,7.3,12.11,41,46,Worn,High,12,No,"50,001–80,000"
V4807,SUV,9,124242,85,2499,33,16.9,12.64,31,73,Worn,Medium,5,Yes,"80,001+"
V4808,Truck,2,109180,85,1554,24,12.6,11.72,33,67,Moderate,Low,3,Yes,"80,001+"
V4809,Hatchback,9,125728,88,2852,32,7.7,12.5,40,45,Critical,Low,7,Yes,"80,001+"
V4810,Truck,5,5597,108,2995,26,19.0,11.51,43,78,Moderate,Medium,3,Yes,"50,001–80,000"
V4811,SUV,13,55395,87,2321,23,9.6,12.11,43,54,Moderate,High,5,Yes,"25,001–50,000"
V4812,Truck,3,199183,91,2676,21,19.0,12.67,30,61,Good,Medium,2,Yes,"80,001+"
V4813,Sedan,13,121679,87,1866,29,9.2,12.85,41,35,Critical,Medium,5,Yes,"25,001–50,000"
V4814,Sedan,12,14480,86,1976,22,9.9,12.68,36,87,Critical,Low,9,No,"25,001–50,000"
V4815,Truck,9,129279,95,2887,42,13.8,12.35,34,49,Moderate,High,8,Yes,"80,001+"
V4816,Sedan,15,43695,90,2226,21,17.0,12.57,38,83,Critical,Medium,10,No,"25,001–50,000"
V4817,Sedan,12,35910,98,1530,28,12.9,12.04,35,107,Moderate,High,3,Yes,"25,001–50,000"
V4818,Hatchback,7,72931,86,2907,46,19.8,12.04,30,85,Moderate,Low,6,No,"80,001+"
V4819,Sedan,11,125850,86,1903,40,15.0,11.01,45,33,Good,High,4,Yes,"50,001–80,000"
V4820,Hatchback,1,154888,92,2652,25,18.9,11.36,31,36,Moderate,Low,4,Yes,"80,001+"
V4821,Truck,8,18412,108,1680,36,15.9,11.94,31,94,Worn,Medium,6,Yes,"80,001+"
V4822,SUV,14,87712,105,1934,25,15.8,12.54,42,71,Worn,Low,11,Yes,"25,001–50,000"
V4823,Sedan,11,72213,91,1692,28,19.0,11.47,37,54,Good,High,4,Yes,"25,001–50,000"
V4824,SUV,7,164191,88,2518,33,6.9,11.51,42,70,Good,Medium,7,Yes,"80,001+"
V4825,Sedan,7,44789,90,1977,37,10.9,11.26,33,80,Critical,Low,7,No,"80,001+"
V4826,SUV,11,190886,101,1605,28,17.8,12.91,43,94,Moderate,Medium,8,Yes,"25,001–50,000"
V4827,Truck,10,128015,88,2900,50,19.3,12.82,41,57,Worn,Low,3,Yes,"80,001+"
V4828,Truck,3,32203,95,1684,43,14.8,11.56,45,100,Worn,Low,9,No,"80,001+"
V4829,Truck,8,171496,88,1618,25,10.8,12.36,40,84,Critical,High,1,Yes,"25,001–50,000"
V4830,Hatchback,10,52589,108,2741,36,10.9,12.38,33,77,Worn,Medium,5,Yes,"80,001+"
V4831,Truck,1,170571,107,1629,33,6.4,12.18,42,49,Worn,High,5,No,"50,001–80,000"
V4832,Sedan,14,149658,98,2600,27,5.2,11.29,43,32,Moderate,Medium,5,Yes,"50,001–80,000"
V4833,Hatchback,4,182767,96,1825,38,16.7,11.45,40,67,Moderate,Medium,5,Yes,"80,001+"
V4834,SUV,7,103861,85,2923,43,7.6,11.62,45,64,Moderate,Medium,6,No,"80,001+"
V4835,SUV,12,44842,98,2331,21,15.6,12.79,31,109,Critical,High,6,Yes,"10,001–25,000"
V4836,Truck,7,97100,110,2163,21,14.5,12.61,45,52,Worn,High,4,No,"25,001–50,000"
V4837,Truck,13,179615,101,2907,36,8.2,12.66,38,46,Good,High,7,No,"25,001–50,000"
V4838,Truck,8,189319,93,1651,24,6.2,12.11,30,94,Worn,Medium,1,Yes,"80,001+"
V4839,Truck,14,119656,107,1545,29,17.8,12.68,30,102,Worn,Low,5,No,"25,001–50,000"
V4840,Sedan,14,37951,90,1954,31,14.0,12.57,34,76,Moderate,High,6,No,"50,001–80,000"
V4841,Hatchback,7,157748,104,1553,50,8.1,12.91,33,42,Critical,High,9,No,"10,001–25,000"
V4842,Truck,13,79029,105,1989,29,15.9,11.34,30,34,Moderate,Medium,9,Yes,"25,001–50,000"
V4843,Hatchback,10,169642,86,1801,37,7.0,12.24,31,62,Moderate,Medium,9,Yes,"80,001+"
V4844,Truck,3,133119,93,2284,38,12.9,12.06,36,95,Critical,High,11,No,"25,001–50,000"
V4845,Sedan,14,93176,102,2950,49,12.4,11.33,36,70,Critical,High,3,No,"10,001–25,000"
V4846,Sedan,7,152150,105,2077,42,13.1,12.79,30,52,Worn,High,10,Yes,"25,001–50,000"
V4847,SUV,8,81034,90,2524,26,17.4,11.96,34,108,Critical,High,10,Yes,"10,001–25,000"
V4848,Sedan,13,92100,100,2209,20,15.1,11.66,42,80,Good,High,2,No,"25,001–50,000"
V4849,Hatchback,13,115944,104,2252,31,7.4,11.59,43,38,Moderate,Low,7,Yes,"50,001–80,000"
V4850,Sedan,4,83958,107,2741,28,16.3,12.56,40,82,Moderate,Low,2,Yes,"50,001–80,000"
V4851,Truck,15,104529,101,2203,33,9.7,11.34,41,109,Critical,Medium,6,Yes,"25,001–50,000"
V4852,Truck,14,122368,87,2564,27,19.8,11.23,42,54,Worn,High,3,Yes,"25,001–50,000"
V4853,Truck,11,188495,110,2551,20,10.4,12.04,36,100,Worn,Medium,2,Yes,"25,001–50,000"
V4854,SUV,1,31890,94,2376,33,17.3,12.69,31,35,Moderate,High,2,No,"80,001+"
V4855,Hatchback,7,150005,94,1772,28,15.0,12.4,45,79,Critical,Low,8,Yes,"50,001–80,000"
V4856,Hatchback,1,59608,94,2577,22,6.0,11.78,32,39,Worn,Low,5,No,"80,001+"
V4857,Hatchback,10,187403,105,2644,24,19.4,12.27,41,30,Critical,Low,8,Yes,"25,001–50,000"
V4858,Hatchback,1,96706,99,2510,34,14.0,11.87,40,106,Good,Medium,5,Yes,"80,001+"
V4859,SUV,9,21266,96,2733,44,10.3,11.3,40,90,Critical,Low,2,Yes,"80,001+"
V4860,Hatchback,5,122941,86,1935,47,5.5,11.8,38,35,Critical,Medium,10,Yes,"50,001–80,000"
V4861,Hatchback,7,25180,101,1528,24,14.3,11.58,32,85,Worn,High,11,Yes,"10,001–25,000"
V4862,Hatchback,2,107464,90,2626,22,13.2,11.05,39,80,Worn,High,4,No,"50,001–80,000"
V4863,SUV,8,187311,89,2453,27,12.4,12.7,40,30,Critical,Medium,2,Yes,"50,001–80,000"
V4864,Hatchback,15,67253,110,2690,48,15.7,12.69,38,32,Moderate,Medium,12,Yes,"50,001–80,000"
V4865,Truck,5,103422,101,2024,33,18.5,11.46,30,87,Critical,High,10,Yes,"10,001–25,000"
V4866,Hatchback,7,104155,90,2641,28,11.3,12.54,44,106,Good,Medium,7,No,"80,001+"
V4867,SUV,7,12163,98,2373,46,11.0,11.88,40,50,Critical,High,8,No,"50,001–80,000"
V4868,Truck,13,34216,90,2941,42,5.4,12.39,42,83,Good,High,7,Yes,"50,001–80,000"
V4869,SUV,13,78621,106,2391,49,17.7,11.76,39,36,Moderate,High,1,No,"25,001–50,000"
V4870,Truck,12,193841,104,1570,50,14.2,11.13,44,49,Moderate,Medium,6,Yes,"50,001–80,000"
V4871,Sedan,4,73227,90,1974,42,15.2,11.34,45,103,Critical,Low,10,Yes,"50,001–80,000"
V4872,SUV,5,59984,87,2598,34,5.8,12.03,42,94,Critical,Medium,10,No,"50,001–80,000"
V4873,Hatchback,4,159798,104,2604,49,8.8,12.01,32,73,Worn,Low,9,Yes,"50,001–80,000"
V4874,Sedan,3,71963,100,2883,29,18.6,12.59,36,35,Worn,Low,5,No,"80,001+"
V4875,Sedan,13,72439,98,2622,31,14.3,12.23,31,38,Good,High,11,Yes,"50,001–80,000"
V4876,Truck,6,43604,108,1712,26,17.9,12.46,35,109,Critical,Low,7,Yes,"25,001–50,000"
V4877,Sedan,10,107453,105,1783,48,9.1,12.29,41,32,Good,Low,6,No,"80,001+"
V4878,Sedan,11,187763,92,2020,30,19.3,11.33,32,76,Worn,Medium,1,Yes,"80,001+"
V4879,SUV,15,168354,89,1687,42,18.9,11.4,37,96,Good,Medium,9,Yes,"80,001+"
V4880,Truck,5,103427,102,2716,31,15.0,11.09,34,99,Moderate,High,7,No,"50,001–80,000"
V4881,Truck,8,194199,104,2008,46,16.4,12.37,45,75,Good,High,1,Yes,"50,001–80,000"
V4882,Hatchback,3,97486,99,1754,44,13.2,11.67,37,88,Moderate,Medium,2,Yes,"80,001+"
V4883,Sedan,8,163508,110,2544,48,9.5,12.35,40,97,Moderate,High,11,Yes,"25,001–50,000"
V4884,Truck,5,124543,96,2709,23,13.0,12.92,43,40,Good,Low,5,No,"80,001+"
V4885,Sedan,5,52891,109,1880,20,7.2,12.53,37,95,Critical,High,10,No,"0–10,000"
V4886,SUV,15,33107,103,2942,29,17.7,12.24,42,100,Moderate,Low,8,Yes,"25,001–50,000"
V4887,Truck,4,85174,101,2228,24,6.6,12.32,37,37,Worn,High,2,No,"25,001–50,000"
V4888,Hatchback,2,133520,98,1655,31,6.3,11.97,37,87,Worn,High,7,Yes,"80,001+"
V4889,Truck,3,193231,95,2171,41,15.2,11.98,42,39,Moderate,Low,12,No,"80,001+"
V4890,Hatchback,6,130693,94,2365,37,8.6,11.48,38,99,Worn,High,12,No,"50,001–80,000"
V4891,SUV,13,143689,101,2966,27,9.0,11.82,44,87,Good,Low,8,Yes,"25,001–50,000"
V4892,SUV,11,111240,85,1927,29,13.0,11.89,42,34,Moderate,Medium,11,Yes,"50,001–80,000"
V4893,Hatchback,6,130842,100,1830,42,13.4,11.58,44,37,Good,High,1,Yes,"80,001+"
V4894,Truck,15,80017,104,2850,28,15.6,12.22,37,100,Worn,High,12,Yes,"10,001–25,000"
V4895,Truck,6,108175,102,2305,50,18.1,11.55,32,73,Good,Medium,3,No,"80,001+"
V4896,Sedan,9,135405,97,1811,46,19.6,11.53,37,96,Worn,Low,5,No,"80,001+"
V4897,Truck,13,74274,89,2290,20,10.4,12.72,31,45,Good,High,6,Yes,"25,001–50,000"
V4898,Hatchback,15,185145,90,1526,48,16.1,12.31,38,57,Good,Low,4,Yes,"80,001+"
V4899,Hatchback,6,82815,93,2460,23,19.3,12.4,33,46,Good,Low,7,No,"80,001+"
V4900,Sedan,4,8181,92,2943,37,7.8,12.23,32,86,Good,Medium,10,Yes,"80,001+"
V4901,Truck,4,150698,107,2084,36,14.3,11.71,45,106,Worn,Medium,8,Yes,"80,001+"
V4902,Sedan,2,102766,107,1773,37,16.7,12.17,42,72,Worn,Low,10,Yes,"50,001–80,000"
V4903,Hatchback,4,41639,99,1901,32,14.8,12.63,30,58,Moderate,Medium,2,Yes,"80,001+"
V4904,Truck,4,37086,101,1810,28,16.5,11.31,45,49,Good,Medium,11,No,"25,001–50,000"
V4905,Truck,2,41383,101,1519,38,5.3,11.41,40,106,Good,Low,9,No,"50,001–80,000"
V4906,Truck,9,76366,89,2229,25,6.1,11.1,42,70,Worn,High,5,No,"50,001–80,000"
V4907,Sedan,11,76177,99,2563,45,9.9,12.49,42,42,Critical,Low,10,Yes,"50,001–80,000"
V4908,Truck,4,87302,95,2727,44,5.9,11.75,39,44,Good,High,4,No,"80,001+"
V4909,Sedan,8,166704,94,2757,28,18.4,11.81,30,87,Critical,Low,9,No,"25,001–50,000"
V4910,Hatchback,1,11250,99,2447,45,18.2,11.96,37,62,Critical,Medium,5,No,"80,001+"
V4911,SUV,3,69096,108,1653,45,17.7,11.18,38,106,Good,High,5,No,"50,001–80,000"
V4912,Sedan,9,152089,89,2657,43,14.2,11.37,31,54,Worn,Low,4,Yes,"80,001+"
V4913,Hatchback,11,122863,102,2124,34,19.9,12.73,36,44,Critical,Medium,1,Yes,"25,001–50,000"
V4914,Sedan,3,169556,94,1866,22,18.7,12.37,40,79,Good,High,10,No,"25,001–50,000"
V4915,Hatchback,4,178508,96,2955,30,19.1,12.42,42,87,Good,High,1,No,"80,001+"
V4916,Sedan,6,196557,107,1555,24,5.1,11.13,32,70,Moderate,Medium,2,No,"50,001–80,000"
V4917,Truck,9,83343,107,2274,31,18.3,11.31,37,104,Critical,High,10,Yes,"10,001–25,000"
V4918,SUV,3,118878,104,2154,46,17.8,12.05,37,32,Worn,Low,11,No,"50,001–80,000"
V4919,Hatchback,14,120511,108,2954,47,16.8,12.43,41,89,Worn,Low,12,No,"50,001–80,000"
V4920,Hatchback,13,150891,99,2405,20,14.2,11.65,38,97,Critical,Low,9,Yes,"25,001–50,000"
V4921,Hatchback,10,30924,86,2902,31,14.6,12.7,34,75,Moderate,High,7,Yes,"80,001+"
V4922,Sedan,6,134885,89,2848,39,13.9,11.77,34,74,Critical,Low,11,Yes,"50,001–80,000"
V4923,Sedan,6,167342,99,2269,21,15.5,11.55,44,101,Moderate,Low,10,Yes,"50,001–80,000"
V4924,Truck,6,97211,104,2577,40,8.7,11.79,37,58,Moderate,Medium,4,Yes,"80,001+"
V4925,Sedan,4,130761,102,2261,44,9.4,11.47,40,43,Worn,High,7,Yes,"50,001–80,000"
V4926,Hatchback,11,175069,94,1646,47,5.6,12.54,42,33,Moderate,High,11,No,"50,001–80,000"
V4927,Hatchback,10,85735,103,1736,35,5.3,11.72,31,56,Worn,High,1,Yes,"50,001–80,000"
V4928,Sedan,1,82164,101,2259,43,6.1,12.5,32,74,Good,High,4,Yes,"50,001–80,000"
V4929,SUV,4,69567,91,1811,46,13.8,11.53,35,90,Moderate,Low,9,No,"80,001+"
V4930,Sedan,3,64044,87,1808,48,8.6,11.64,38,60,Good,Medium,1,Yes,"80,001+"
V4931,Hatchback,2,96112,86,2417,22,16.8,11.65,40,108,Good,High,12,No,"25,001–50,000"
V4932,SUV,13,112833,106,1902,38,19.8,12.03,36,93,Worn,High,1,No,"25,001–50,000"
V4933,Sedan,6,186546,88,1560,33,15.9,12.14,39,55,Good,High,6,No,"80,001+"
V4934,Sedan,5,33353,106,2429,44,6.5,11.03,35,77,Moderate,High,1,No,"50,001–80,000"
V4935,Truck,2,80979,103,2278,29,10.9,11.01,35,36,Worn,High,1,No,"25,001–50,000"
V4936,SUV,9,71925,89,2503,29,14.3,11.47,43,35,Worn,Low,10,Yes,"50,001–80,000"
V4937,Hatchback,6,49479,102,2810,43,16.2,11.75,34,91,Good,Low,7,No,"80,001+"
V4938,Sedan,14,151288,109,2014,47,12.3,11.84,44,73,Moderate,Low,8,No,"50,001–80,000"
V4939,Sedan,7,97453,95,2283,39,8.3,12.62,35,76,Moderate,High,12,Yes,"50,001–80,000"
V4940,Sedan,2,90944,96,2829,25,11.5,11.22,35,41,Critical,Medium,1,Yes,"50,001–80,000"
V4941,Sedan,10,39410,103,1719,40,7.6,11.47,37,83,Moderate,High,7,Yes,"50,001–80,000"
V4942,Truck,14,62593,101,1591,44,6.8,12.33,31,86,Good,High,12,No,"25,001–50,000"
V4943,Truck,13,96740,93,2417,37,20.0,12.89,42,103,Moderate,High,12,Yes,"50,001–80,000"
V4944,Sedan,3,44991,85,2519,31,17.1,11.33,41,39,Worn,Low,11,Yes,"80,001+"
V4945,Sedan,9,111190,106,2558,39,18.8,11.87,34,48,Worn,Medium,12,Yes,"50,001–80,000"
V4946,SUV,10,24488,104,2074,27,9.0,11.78,41,35,Good,Low,9,Yes,"25,001–50,000"
V4947,SUV,2,85353,104,1532,50,14.0,12.65,45,68,Critical,Medium,7,No,"50,001–80,000"
V4948,Truck,9,65242,86,2964,42,10.4,12.29,40,60,Worn,Low,1,No,"80,001+"
V4949,Sedan,9,26514,102,1909,34,19.8,11.06,39,105,Critical,High,3,No,"25,001–50,000"
V4950,Truck,6,36966,101,2881,34,15.4,11.14,43,82,Worn,Medium,9,Yes,"50,001–80,000"
V4951,Hatchback,2,76715,91,2708,36,11.5,11.27,40,64,Good,Medium,6,Yes,"80,001+"
V4952,Hatchback,1,167531,107,2982,27,14.8,11.65,38,55,Moderate,High,10,No,"10,001–25,000"
V4953,Truck,3,174122,99,2076,38,16.8,12.08,38,63,Moderate,Medium,2,No,"80,001+"
V4954,Hatchback,9,144731,97,1522,50,8.1,12.2,36,87,Good,Low,7,No,"80,001+"
V4955,Truck,3,48959,110,2956,40,19.9,11.25,39,75,Moderate,Medium,6,Yes,"80,001+"
V4956,Hatchback,3,32454,98,1927,21,16.2,12.44,31,50,Good,High,6,No,"50,001–80,000"
V4957,Truck,11,51666,100,2052,43,15.9,12.25,38,51,Good,Low,11,No,"80,001+"
V4958,SUV,14,27272,85,1923,23,15.6,12.78,45,72,Good,High,2,No,"25,001–50,000"
V4959,SUV,9,141529,100,1557,23,10.7,11.8,34,59,Moderate,Medium,2,Yes,"80,001+"
V4960,Truck,1,176808,100,2840,39,14.0,11.09,36,58,Moderate,High,3,No,"80,001+"
V4961,SUV,15,137037,85,1561,50,6.5,11.55,39,86,Worn,Low,12,Yes,"80,001+"
V4962,Sedan,6,168821,86,2758,50,12.4,12.29,35,74,Worn,Medium,2,Yes,"80,001+"
V4963,SUV,9,90546,103,2614,23,5.8,11.98,31,44,Worn,Medium,11,No,"25,001–50,000"
V4964,SUV,5,131557,96,2197,26,13.6,11.53,33,108,Critical,High,2,No,"25,001–50,000"
V4965,Hatchback,3,120046,101,2246,43,17.4,12.52,36,77,Moderate,High,6,Yes,"50,001–80,000"
V4966,SUV,4,158635,106,2180,32,14.6,11.81,45,34,Good,Medium,10,No,"50,001–80,000"
V4967,SUV,3,138216,97,1664,44,20.0,11.21,38,106,Worn,Medium,8,No,"80,001+"
V4968,Hatchback,2,174223,110,1733,32,12.0,12.76,33,110,Moderate,High,9,No,"25,001–50,000"
V4969,Sedan,1,122265,105,2988,38,13.0,11.43,35,59,Worn,Low,9,No,"50,001–80,000"
V4970,Truck,5,60633,87,1777,32,13.7,12.61,43,48,Moderate,High,2,No,"80,001+"
V4971,Truck,4,143912,102,2492,31,14.6,11.55,35,85,Moderate,Medium,5,No,"80,001+"
V4972,SUV,6,11365,91,1519,31,9.2,12.16,45,107,Moderate,Medium,6,No,"80,001+"
V4973,Hatchback,10,51296,97,2405,34,18.5,11.35,43,62,Critical,Low,5,Yes,"80,001+"
V4974,SUV,2,149829,102,1574,46,9.2,11.76,36,69,Moderate,High,3,Yes,"50,001–80,000"
V4975,Truck,9,80441,107,2054,43,5.5,12.68,37,102,Critical,High,2,No,"25,001–50,000"
V4976,SUV,6,93334,103,1581,41,13.3,12.69,35,54,Moderate,Low,6,No,"80,001+"
V4977,SUV,6,25004,92,1618,39,19.6,11.64,31,68,Good,Low,11,Yes,"80,001+"
V4978,Hatchback,2,17162,107,2847,27,13.8,12.42,33,68,Worn,Medium,1,Yes,"50,001–80,000"
V4979,Truck,5,128738,110,2157,20,16.6,11.36,44,96,Critical,Low,3,Yes,"25,001–50,000"
V4980,Hatchback,8,92646,98,1772,24,9.6,11.27,37,66,Good,Medium,1,No,"80,001+"
V4981,SUV,8,91933,85,2932,30,15.5,11.13,45,65,Critical,Medium,5,Yes,"80,001+"
V4982,SUV,7,81326,95,1843,50,10.2,11.85,32,67,Good,Low,6,No,"80,001+"
V4983,Hatchback,6,189160,100,2794,42,15.6,12.38,30,108,Good,Low,7,Yes,"80,001+"
V4984,SUV,5,99315,105,2630,50,16.2,11.77,38,61,Critical,Low,2,Yes,"50,001–80,000"
V4985,Hatchback,10,82107,95,1696,48,12.4,11.13,32,69,Good,High,3,No,"80,001+"
V4986,Sedan,7,87043,106,2898,50,17.4,11.19,38,49,Critical,Medium,4,No,"50,001–80,000"
V4987,SUV,1,76466,90,2297,50,15.4,11.77,35,62,Worn,Medium,5,Yes,"80,001+"
V4988,Hatchback,3,166135,89,1506,22,19.1,11.06,37,46,Critical,High,1,No,"25,001–50,000"
V4989,SUV,11,128101,101,2226,33,7.0,11.11,44,87,Good,High,8,Yes,"25,001–50,000"
V4990,SUV,12,11156,89,2437,28,7.0,12.68,37,99,Good,Medium,7,Yes,"50,001–80,000"
V4991,Sedan,14,33726,88,2536,20,10.3,11.34,38,65,Moderate,High,9,Yes,"25,001–50,000"
V4992,Hatchback,13,23125,88,2543,24,12.9,11.14,31,35,Good,Low,10,Yes,"50,001–80,000"
V4993,Truck,6,72865,88,1765,24,18.2,11.79,37,97,Good,Low,8,Yes,"80,001+"
V4994,Sedan,13,86138,110,2522,47,11.4,11.34,31,89,Critical,High,11,Yes,"10,001–25,000"
V4995,Truck,15,113128,85,1788,44,14.0,12.65,33,56,Moderate,Low,1,No,"80,001+"
V4996,Sedan,1,163485,105,2273,34,13.7,11.85,42,72,Critical,Low,3,Yes,"50,001–80,000"
V4997,Truck,8,159019,105,2209,25,9.3,12.0,43,31,Worn,Low,12,No,"25,001–50,000"
V4998,Hatchback,12,167549,109,1706,38,19.4,12.55,32,47,Good,Low,1,Yes,"50,001–80,000"
V4999,SUV,15,44496,97,1747,32,6.1,12.43,32,49,Moderate,High,11,Yes,"50,001–80,000"
V5000,Hatchback,2,46978,94,2087,45,16.3,12.22,45,63,Good,High,7,Yes,"80,001+"
