Vehicle_Type,Vehicle_Age,Mileage,Engine_Temp,RPM,Oil_Pressure,Fuel_Consumption,Battery_Voltage,Brake_Pressure,Tire_Pressure,Tire_Condition,Vibration_Level,Last_Service_Months,Accident_History,KM_Range_Before_Defect
SUV,3,163208,104,2526,38,11.8,12.2,38,30,Good,Low,12,No,54072-109006
Truck,12,10011,106,3155,19,5.6,12.15,43,31,Good,Low,10,No,11865-30007
Hatchback,7,190874,91,745,44,16.9,11.79,33,28,Good,Low,8,No,69397-128099
Hatchback,10,81205,92,2663,43,13.2,12.06,41,30,Good,Low,7,No,30335-180000
Truck,9,100784,115,3157,29,9.3,11.9,43,30,Moderate,Low,9,No,15554-34806
Sedan,10,73027,86,1052,40,10.7,12.23,33,29,Good,Low,1,Yes,61867-175461
Hatchback,7,201418,98,1088,35,15.6,12.69,39,33,Critical,Low,4,No,25561-78977
Hatchback,10,60035,90,734,37,15.3,12.44,27,33,Critical,Medium,11,No,9085-33713
Sedan,2,8959,88,1199,40,14.0,12.45,44,34,Good,Low,8,No,78566-156868
Sedan,6,36792,92,2175,39,13.8,12.06,41,33,Good,Low,6,No,44456-147522
Truck,2,177743,104,1703,23,9.5,12.67,30,36,Critical,Medium,11,No,2178-3986
Sedan,3,174287,91,886,42,15.6,11.71,28,36,Worn,Low,1,No,64239-170507
SUV,7,78296,94,1808,29,14.8,12.15,37,35,Critical,Low,12,No,32350-74236
Sedan,2,54528,99,2818,38,12.5,12.51,30,34,Moderate,Low,2,No,42204-180000
Hatchback,4,207954,90,3486,37,17.0,11.96,31,29,Critical,Low,8,Yes,23114-82634
Hatchback,3,205950,96,2340,30,17.3,11.84,45,30,Good,High,11,No,9451-30953
Hatchback,7,128760,88,675,36,14.6,12.79,41,33,Worn,Medium,8,No,28798-83788
Sedan,8,77536,88,617,35,14.9,12.09,41,28,Good,Low,5,No,50077-139813
Truck,11,35405,102,2423,25,8.5,12.28,25,30,Good,Low,11,No,17291-55617
Hatchback,12,77263,92,682,38,17.5,11.76,27,35,Moderate,Medium,8,No,44769-90577
SUV,3,96621,97,1824,34,12.9,12.14,36,30,Good,Low,12,Yes,27479-82831
SUV,6,122001,90,2030,42,13.3,12.08,36,33,Good,Low,7,No,85539-155877
Truck,3,16089,103,2910,17,11.1,12.26,25,31,Good,Low,2,No,23651-46431
SUV,10,186813,90,2306,32,12.2,12.31,38,32,Good,High,10,No,40770-68386
Truck,1,234939,111,3298,24,8.1,12.31,31,33,Critical,Low,10,No,6046-11560
SUV,8,120942,99,3473,35,12.9,12.46,28,36,Good,Low,4,No,68223-180000
Truck,5,16760,114,3427,20,6.4,12.66,32,32,Critical,Medium,6,No,1008-2902
Truck,1,223966,110,2435,17,9.1,12.63,28,31,Good,Medium,6,No,5342-14478
Truck,9,118925,101,2149,26,8.4,11.85,39,35,Good,Low,3,No,38722-80394
Hatchback,9,199154,95,1428,40,20.3,12.39,42,34,Good,Medium,1,No,87857-140747
Truck,10,233472,104,992,35,6.8,12.69,43,31,Good,High,1,Yes,9455-20987
Sedan,8,131150,96,2738,31,18.1,11.82,29,28,Good,Low,11,No,20222-32490
SUV,6,173642,90,3043,30,14.9,12.09,30,28,Good,Medium,7,No,79671-180000
SUV,11,240489,103,1606,35,11.9,11.88,37,36,Moderate,Low,1,Yes,14563-180000
Sedan,9,187570,95,2970,33,12.3,12.31,41,29,Good,Low,12,No,27574-108464
Sedan,5,211174,94,1773,27,16.5,12.34,37,31,Good,Low,11,No,41283-105115
Hatchback,11,204368,94,1062,46,21.9,11.8,39,35,Critical,Medium,7,No,25444-61294
SUV,12,71141,93,3442,27,12.5,12.09,31,29,Good,Medium,6,No,85360-151262
Sedan,12,175877,90,1564,39,14.7,12.76,42,31,Worn,High,10,No,16278-55146
Hatchback,2,178158,100,703,43,21.7,11.78,39,31,Moderate,High,3,No,14199-50375
SUV,12,90385,98,1335,25,12.5,12.65,33,28,Good,Low,9,No,66006-109364
Sedan,1,109470,88,2420,37,18.4,12.72,41,30,Good,Low,4,Yes,77208-175850
Truck,1,72093,107,3144,24,6.0,12.09,38,33,Critical,High,9,No,1835-3551
SUV,10,167876,98,2391,30,9.1,12.07,45,28,Critical,Low,8,No,32350-50972
Hatchback,9,180091,97,2551,35,17.3,12.1,39,28,Moderate,Low,5,Yes,20435-66437
Truck,11,240892,98,2436,25,5.9,12.22,40,31,Good,Low,2,No,29478-153475
Sedan,5,190273,90,1652,34,10.9,11.7,36,30,Critical,Low,7,Yes,29329-90219
Truck,11,78385,97,2053,23,9.6,12.39,38,32,Good,High,6,No,19051-31145
SUV,8,197235,103,2446,31,10.8,12.26,40,30,Moderate,Low,9,No,27518-105468
Hatchback,11,72530,88,1036,41,13.8,12.19,31,29,Critical,Medium,10,No,20004-68682
SUV,9,171651,99,2777,28,13.5,12.43,39,34,Moderate,Low,7,Yes,54635-83145
Sedan,9,183529,89,2249,37,16.5,12.18,45,34,Moderate,Medium,4,No,40249-115485
Sedan,7,150478,96,955,33,13.3,12.09,39,34,Worn,Low,2,No,34745-81357
Sedan,9,206332,95,2422,31,13.2,12.27,25,32,Moderate,Low,1,No,33537-100891
Sedan,5,12901,90,3015,34,18.4,12.5,32,35,Good,Low,2,No,42630-122060
Sedan,1,248000,94,1955,33,16.7,11.91,39,28,Moderate,Low,7,No,8468-161741
Sedan,7,54224,82,1487,37,15.2,12.02,33,31,Good,High,4,No,26671-85125
SUV,1,42079,99,2759,30,9.6,12.42,25,33,Good,Medium,1,No,67586-141994
Sedan,10,153226,87,2812,43,12.2,12.46,39,29,Good,Low,4,Yes,66248-137618
Sedan,4,42556,94,2193,25,12.7,11.88,27,29,Good,Low,5,No,53414-121964
SUV,9,165889,104,1593,23,13.4,12.68,41,31,Good,Low,10,No,62772-180000
SUV,2,114737,92,2926,37,13.4,12.59,32,28,Good,Low,5,No,102851-175679
SUV,11,14075,96,695,28,12.8,11.86,36,32,Good,Medium,10,No,58963-95565
Truck,9,31702,101,2471,33,9.6,11.8,34,35,Moderate,Low,7,Yes,19370-62936
Truck,6,48293,102,888,25,8.6,12.2,28,35,Good,Low,12,No,15364-40390
Truck,7,61031,101,1633,33,5.5,12.04,37,31,Moderate,High,12,No,2888-12515
Hatchback,1,208297,99,3436,38,21.7,12.05,32,29,Moderate,High,4,No,17780-32306
Truck,10,136031,99,2676,35,2.8,12.08,37,34,Moderate,Low,6,Yes,24986-93356
SUV,8,237299,102,2015,28,8.0,11.9,38,34,Moderate,High,5,No,18835-62811
SUV,5,180527,101,3073,41,10.3,12.61,30,29,Moderate,High,8,No,15319-52891
Truck,1,190263,106,1956,22,9.5,12.28,28,35,Good,Low,12,No,9821-33619
Sedan,10,83061,97,899,44,13.6,12.07,31,35,Good,Medium,7,Yes,33619-113417
Hatchback,8,218946,94,1841,33,16.6,12.14,42,35,Moderate,Medium,5,No,62834-100370
Sedan,12,16325,89,1822,39,17.3,11.99,31,30,Worn,Low,11,No,52892-106270
SUV,12,208913,94,1646,33,12.1,11.72,33,31,Critical,High,8,Yes,14287-30941
Truck,3,237838,102,1494,22,4.3,11.81,36,28,Good,Low,7,No,51393-89833
Hatchback,9,63528,96,2730,35,16.3,12.51,30,34,Good,Low,10,No,32845-130337
Sedan,10,167261,83,3407,28,14.0,11.86,43,31,Worn,Low,6,No,63998-106574
Hatchback,11,41529,90,736,34,15.0,11.82,33,29,Good,Low,12,No,26958-77956
Sedan,6,117385,85,1792,31,13.0,11.7,44,35,Good,High,7,No,19355-55667
Hatchback,7,32414,92,3481,31,14.7,11.91,36,35,Good,Medium,8,Yes,13087-173010
Truck,9,154147,109,2567,33,4.2,12.43,29,29,Critical,Low,10,No,1495-5665
Truck,2,143044,98,3295,22,6.0,11.93,34,35,Good,High,3,No,7106-14124
Truck,12,87586,101,642,29,5.4,12.25,28,34,Moderate,Low,11,No,19925-35929
Sedan,10,158940,91,1782,28,15.7,12.03,27,36,Good,Low,8,No,33720-180000
Truck,8,77434,100,2834,32,9.9,12.23,33,28,Critical,Medium,6,No,7792-29422
Truck,6,31854,98,1046,15,6.0,12.74,41,35,Good,Low,6,No,21994-61860
SUV,9,100924,104,1280,36,11.9,11.86,38,28,Moderate,High,12,Yes,9246-29864
Sedan,1,242406,91,3239,31,15.0,11.7,44,36,Critical,High,5,No,10097-17845
Hatchback,2,80669,87,843,43,16.1,12.41,42,36,Good,Low,2,No,30092-180000
Truck,8,39472,98,2503,25,6.2,12.14,42,33,Good,High,4,No,13993-22181
Truck,2,210384,103,2329,22,5.1,11.84,30,35,Good,Low,1,No,32799-69237
Hatchback,8,117218,82,1015,37,21.8,12.23,39,29,Good,Low,1,No,54527-148045
Sedan,8,15076,96,2548,40,13.6,11.8,31,34,Worn,High,8,No,35760-60916
Sedan,4,38905,91,3483,31,17.7,11.89,42,36,Good,Low,8,No,81023-180000
Sedan,3,239558,87,2028,44,10.9,11.78,35,29,Good,Medium,10,No,95756-147940
Truck,6,166310,101,1676,33,6.9,11.76,31,30,Good,Medium,11,No,6543-21481
Truck,6,5132,98,1176,24,10.7,12.7,35,36,Critical,Medium,5,No,19740-32666
Truck,1,216352,111,2663,30,9.5,12.13,35,32,Good,Medium,2,Yes,13994-40880
SUV,5,88505,97,1635,32,8.2,12.44,38,32,Good,Low,2,No,52267-173551
Truck,8,22092,106,2968,25,7.7,11.8,34,32,Good,Medium,10,No,10910-29622
Sedan,3,33967,101,2408,29,15.4,12.08,30,34,Worn,High,1,No,38217-64275
Truck,2,140754,97,1441,25,8.7,12.6,27,34,Good,Medium,4,No,21015-36437
Sedan,6,68324,95,2447,31,11.5,12.55,38,28,Critical,Medium,8,No,2206-57677
Sedan,9,131486,88,1679,43,14.1,11.9,43,33,Moderate,Low,5,Yes,45074-103376
Truck,11,129584,94,1656,24,10.2,12.58,30,33,Good,Low,4,Yes,27347-83419
SUV,3,228740,102,3291,27,13.7,12.36,26,30,Moderate,Medium,1,Yes,50047-120467
Truck,7,215477,108,1497,22,6.0,12.54,42,36,Moderate,Medium,2,Yes,13694-45354
Hatchback,12,33496,84,3043,35,21.0,12.59,33,29,Moderate,High,2,No,36856-68042
Truck,10,133779,94,1542,26,6.5,12.76,34,28,Good,Medium,12,No,20103-48159
Sedan,5,115193,99,2885,33,16.3,12.53,25,34,Moderate,Low,10,No,42241-100611
Hatchback,2,102440,91,1554,36,21.3,12.09,31,33,Moderate,Medium,6,No,69348-108912
SUV,4,18064,96,2572,28,13.3,12.73,32,30,Good,High,11,No,9764-25208
Sedan,10,26366,102,2317,37,11.9,12.27,29,35,Good,Medium,3,No,28098-97398
SUV,2,6587,95,1774,32,9.4,12.78,42,33,Moderate,Low,12,No,45576-71426
Truck,3,38473,107,3275,21,8.5,12.58,43,35,Critical,Low,1,No,7499-13177
Hatchback,11,72549,96,771,35,17.8,12.46,36,33,Good,Low,4,No,36716-82076
Hatchback,11,219648,89,2126,30,17.7,11.91,31,31,Moderate,Low,8,No,21333-150816
Hatchback,2,241397,93,3219,43,16.4,12.39,41,30,Good,High,12,No,21798-69478
Hatchback,8,218266,97,711,34,18.0,12.77,25,33,Moderate,Medium,4,No,19677-68719
Hatchback,12,75556,87,684,34,20.7,12.6,33,34,Worn,Low,5,No,51726-93492
Truck,3,207458,95,2765,36,5.3,12.76,25,34,Worn,Low,3,No,44308-130120
Truck,11,52661,104,685,20,4.3,12.17,37,30,Good,Low,1,No,17998-48436
Truck,8,169142,95,786,30,8.3,12.33,35,28,Moderate,Low,6,No,12671-39279
Sedan,9,187387,89,2148,27,14.2,12.04,29,33,Good,Low,9,No,74246-153690
Sedan,7,246596,88,874,35,13.1,11.94,29,29,Worn,Low,12,No,22244-47828
Hatchback,6,184558,93,3129,43,21.6,12.39,35,33,Good,Medium,6,Yes,51267-83099
Hatchback,1,35288,86,1930,35,16.0,12.32,33,32,Good,Low,2,No,45870-150647
Truck,6,164062,99,2178,30,5.6,11.84,45,29,Critical,High,9,No,2325-4269
Truck,9,197606,103,1453,27,6.9,11.75,34,32,Good,High,4,No,5974-19558
Sedan,4,119126,99,851,39,17.0,12.78,33,36,Good,Low,8,No,65247-143459
SUV,12,118472,96,3493,27,8.5,12.27,43,31,Good,Low,1,No,60200-180000
Sedan,2,23511,92,2997,27,17.9,11.74,40,34,Worn,Medium,6,No,48293-80363
SUV,10,194042,91,1852,37,8.3,12.18,31,34,Good,Low,5,No,73010-145046
Hatchback,2,21315,99,2616,29,21.7,11.92,40,36,Good,Low,9,No,40216-82002
Sedan,1,40287,92,2157,30,18.7,12.52,33,30,Good,Medium,11,Yes,27210-54328
Sedan,10,138177,89,2169,40,16.3,11.97,33,36,Critical,High,7,No,5731-20567
Truck,1,131390,104,1902,29,6.8,12.52,40,28,Good,High,6,No,10807-36939
Sedan,11,147841,99,3397,33,13.1,12.48,42,28,Worn,Low,2,No,39370-75008
Sedan,10,62620,102,604,27,16.4,12.0,30,28,Critical,Low,7,No,23225-57115
Truck,1,135988,106,2549,23,5.3,12.43,25,31,Worn,High,8,Yes,899-1829
SUV,5,116432,97,2412,30,12.4,11.8,39,28,Moderate,High,3,No,33044-60302
Sedan,3,10361,96,2800,32,16.2,12.04,26,36,Good,Low,5,No,57707-87185
Hatchback,2,9691,91,1578,30,21.1,11.82,33,32,Critical,Medium,1,No,19964-60908
Sedan,3,142359,91,1443,40,15.3,12.77,31,34,Critical,Low,1,No,17134-171586
SUV,11,26846,100,874,27,13.0,12.31,45,36,Good,Low,9,No,25021-180000
Hatchback,5,113139,88,3295,37,18.4,11.83,32,28,Moderate,Medium,3,No,31903-125573
Sedan,7,169889,86,1792,41,11.9,11.75,39,29,Worn,Low,8,No,70546-160572
SUV,10,49767,96,2879,29,11.6,11.96,26,32,Worn,High,9,No,16119-54387
Sedan,7,171955,98,1512,30,17.7,11.99,43,28,Moderate,Low,7,No,43001-75633
Hatchback,2,214840,87,640,43,15.2,11.98,44,30,Good,Low,5,No,65217-180000
Truck,10,177378,110,929,32,6.7,12.41,33,30,Moderate,Medium,11,Yes,549-1047
Sedan,2,167861,96,1644,39,13.8,11.8,40,35,Good,Low,4,No,63746-180000
Truck,6,175873,104,3206,23,5.6,12.64,26,36,Good,Low,8,No,38292-69824
Hatchback,12,230207,92,886,40,18.1,12.23,43,30,Good,Low,12,No,46582-110858
SUV,9,19475,95,907,32,13.2,11.72,25,34,Moderate,Medium,10,Yes,19046-55892
Truck,9,19115,95,2565,31,8.9,11.97,30,32,Good,Low,6,No,36126-94248
Sedan,2,56176,99,2104,29,12.8,11.82,31,31,Worn,Low,11,No,12612-104318
Truck,11,217949,106,2407,28,6.6,11.96,37,36,Good,Low,1,No,19650-43522
Truck,2,241835,106,1389,21,5.0,11.79,27,35,Good,Low,5,No,8529-13009
Sedan,2,154214,91,2367,34,16.6,12.14,27,28,Good,Medium,8,No,56878-92738
Sedan,6,147827,100,2205,37,13.1,12.19,38,33,Worn,Low,1,Yes,45917-78453
SUV,1,195218,93,907,43,11.2,11.89,38,35,Good,Low,12,No,86012-180000
Hatchback,3,227373,88,1031,35,20.6,12.52,33,35,Good,Medium,8,No,17262-111272
SUV,12,142595,92,3314,36,11.2,12.07,43,35,Worn,Low,1,Yes,51662-110666
Sedan,11,225378,88,769,39,12.3,11.81,31,33,Critical,Low,6,No,35956-104489
Hatchback,9,21428,91,1850,33,17.0,12.53,38,30,Good,Medium,6,Yes,44065-70399
Sedan,3,60481,90,1517,35,12.5,12.24,44,32,Good,High,8,No,32191-56159
Truck,12,103204,102,643,25,7.2,12.21,36,33,Worn,Low,10,No,16677-52865
SUV,8,70340,96,2383,27,12.5,12.8,31,30,Good,Medium,10,Yes,25284-128089
Hatchback,12,82981,97,906,38,12.7,12.35,44,32,Moderate,Low,11,No,26867-54741
Sedan,5,186224,103,2094,42,16.7,12.12,39,33,Moderate,Low,7,Yes,45351-79385
Hatchback,11,84969,90,1307,33,20.6,12.69,33,34,Good,Low,3,No,47521-141407
Truck,10,30156,97,770,23,9.0,12.27,32,33,Good,High,5,No,22687-35007
Hatchback,1,229535,93,1907,44,20.9,11.77,34,29,Critical,High,10,Yes,18659-40355
SUV,10,154937,95,1432,33,10.8,12.36,39,36,Good,Medium,2,No,27418-180000
Hatchback,7,170647,88,2207,37,17.4,12.21,43,28,Good,Medium,11,No,28810-130788
Sedan,12,194665,98,3015,33,11.1,12.13,36,29,Critical,Low,7,No,17853-52891
SUV,7,118563,93,1903,41,12.6,12.61,28,30,Good,High,2,Yes,47737-99341
SUV,5,194945,97,1480,39,13.1,12.1,43,34,Good,Low,2,No,10416-180000
Sedan,12,14764,91,847,34,16.9,12.23,30,30,Worn,Low,6,No,64926-101130
Truck,7,249544,107,3080,21,8.6,12.17,39,33,Good,Low,10,No,2142-50745
Sedan,8,228047,93,1583,39,14.4,12.01,41,32,Good,Low,12,No,29815-128952
Hatchback,9,227622,92,2112,44,18.1,12.36,37,30,Moderate,Medium,1,Yes,32364-79524
Truck,5,125658,111,1855,27,5.5,11.89,33,35,Moderate,Medium,3,No,11673-37309
Truck,3,39392,101,1950,31,6.2,11.91,32,32,Good,Low,10,Yes,13038-51369
SUV,6,12645,97,2619,29,10.9,12.74,39,31,Critical,Medium,8,No,24488-59410
Sedan,11,186629,89,1564,40,15.7,11.8,36,28,Critical,Low,9,Yes,33799-60845
Sedan,2,102511,92,2364,31,14.9,12.73,36,36,Moderate,Medium,11,No,37675-65187
SUV,1,13388,101,3144,22,15.0,12.26,28,35,Moderate,Medium,6,Yes,23599-48069
Sedan,12,247894,91,2200,31,15.2,12.67,36,32,Good,Medium,9,Yes,29349-111723
Hatchback,5,97969,90,2675,34,15.8,11.79,27,28,Moderate,Low,7,No,31509-89511
Hatchback,7,131678,84,888,44,16.6,11.76,25,29,Good,Low,3,No,94499-154313
SUV,4,16888,95,2720,27,11.9,12.36,38,30,Moderate,Low,6,No,26586-164636
SUV,7,129875,95,1525,34,13.0,12.46,32,36,Good,Medium,7,No,36220-77846
Hatchback,8,65045,98,1509,34,14.7,12.1,28,30,Good,Medium,7,No,60336-99282
SUV,12,22862,97,842,26,13.5,12.51,35,28,Moderate,Low,4,Yes,65352-101542
SUV,9,155524,96,3359,39,10.4,11.97,43,36,Moderate,Low,7,No,71152-164458
SUV,8,84778,97,978,35,13.5,11.9,39,36,Worn,Low,10,No,38631-62007
SUV,6,129952,100,3450,29,9.4,11.87,26,30,Critical,High,9,Yes,2422-13837
SUV,12,239813,100,2901,39,9.1,12.77,45,36,Good,Low,4,No,85705-180000
Sedan,7,240747,86,1334,29,14.7,12.42,35,30,Good,Medium,8,Yes,44571-98401
Truck,2,162836,106,2005,30,5.8,12.18,34,31,Moderate,Medium,9,Yes,1917-24949
Sedan,10,149098,96,2975,39,12.8,11.8,39,29,Good,Low,10,No,94376-174794
Sedan,5,193010,85,2880,35,11.2,12.1,27,33,Good,Medium,2,Yes,24574-147263
Hatchback,4,58876,85,2725,39,16.5,12.01,36,30,Good,Medium,5,No,101040-167798
Hatchback,4,46265,95,1084,42,16.7,12.76,44,35,Good,Medium,9,No,27953-95731
SUV,6,25627,88,1956,29,12.0,12.44,38,31,Worn,High,8,No,29218-58610
Hatchback,8,61539,91,703,39,16.9,11.72,39,30,Moderate,Low,7,No,39862-136170
Sedan,5,123208,88,1377,28,14.1,12.63,30,31,Critical,Medium,12,No,10490-16846
Hatchback,11,155470,95,2444,30,22.1,12.29,33,34,Good,Medium,6,No,51340-123402
Hatchback,9,95479,87,2847,48,22.3,11.87,42,36,Good,Low,4,No,33310-180000
Hatchback,3,177234,89,2105,41,20.3,11.88,33,29,Moderate,Medium,4,No,35812-71628
Truck,1,239373,106,2794,23,9.0,12.36,28,30,Moderate,High,4,No,7010-10834
Sedan,5,95503,87,1811,36,13.0,12.25,38,34,Good,High,1,No,30155-90203
Sedan,9,6160,93,3332,30,16.3,12.52,35,35,Moderate,High,1,Yes,20322-33338
Hatchback,1,60109,89,839,35,18.6,12.76,39,31,Good,Low,7,Yes,39014-136256
Hatchback,12,62303,83,3100,32,21.9,12.77,33,28,Critical,Low,5,No,11681-43657
Sedan,5,235493,98,1452,30,14.5,12.12,30,29,Good,High,9,No,27565-65779
Hatchback,7,62083,98,1224,39,20.5,12.53,32,30,Good,Low,2,No,68391-139939
SUV,9,106838,95,3039,34,11.3,12.65,36,34,Good,High,3,No,14948-37372
Sedan,1,220751,85,2507,35,14.7,11.98,31,33,Worn,Low,2,No,49091-128631
Hatchback,11,242107,90,1905,46,18.8,12.41,33,29,Worn,High,1,No,26852-97908
Sedan,10,211627,88,1050,44,16.4,12.33,28,33,Worn,Low,7,No,50934-142312
Truck,5,142049,101,1906,18,9.8,12.25,45,29,Good,Low,9,No,38881-67809
Sedan,5,196710,89,2523,34,14.4,12.2,34,31,Worn,Low,7,No,40539-63893
Sedan,12,244701,87,3015,36,11.9,12.28,36,31,Critical,Medium,7,No,29631-59943
SUV,2,68013,95,2169,34,8.4,11.95,37,30,Good,Low,11,Yes,29195-85821
Sedan,5,141821,83,862,28,16.0,12.16,25,31,Moderate,Low,4,No,39154-64564
SUV,4,26685,90,727,31,9.6,12.67,25,28,Good,Low,6,No,57599-177183
SUV,12,99253,100,1364,28,8.9,12.66,26,29,Good,High,10,Yes,11983-40799
Sedan,7,138352,88,2677,45,13.0,12.5,25,30,Good,Low,8,No,69794-180000
Hatchback,10,53946,93,2056,42,15.3,12.34,36,31,Moderate,Low,5,Yes,49880-127540
Hatchback,1,126380,84,1176,33,15.3,12.33,37,33,Good,Low,3,No,51124-154366
Sedan,11,247220,102,1060,29,16.2,12.42,37,29,Critical,Low,3,No,25771-62021
SUV,2,96034,101,1719,28,10.8,12.5,33,34,Moderate,Low,12,No,23909-66173
Sedan,8,117274,95,3211,28,12.5,12.02,32,33,Good,Low,5,No,40107-136253
Sedan,6,34148,87,2203,28,11.7,12.58,35,31,Good,Low,2,No,54189-180000
Truck,11,229998,103,1680,25,8.8,12.26,37,32,Critical,Low,6,No,7373-26067
Sedan,1,7055,91,2035,28,13.9,12.3,42,30,Good,Medium,10,No,32975-169277
Hatchback,6,145520,97,1002,42,16.9,12.43,37,28,Good,Low,6,Yes,18410-135406
Sedan,2,216387,87,3184,41,11.8,12.54,25,33,Good,Medium,7,No,67574-114588
Sedan,6,107119,92,1944,27,11.8,12.58,28,33,Moderate,Low,4,No,43654-122850
Truck,3,232077,108,3139,21,5.9,12.12,30,31,Critical,Low,12,Yes,1396-2874
SUV,8,113040,99,2232,30,12.7,12.42,44,32,Good,Medium,9,No,39478-121776
SUV,2,188904,102,2092,31,14.9,12.62,29,28,Moderate,High,12,No,8640-25268
Hatchback,3,170599,95,1679,32,19.0,12.38,27,31,Good,Medium,6,No,31211-104045
Truck,4,200828,104,608,29,3.7,11.81,45,31,Good,Medium,12,No,11996-26276
Hatchback,3,89641,97,2336,38,20.1,12.64,38,31,Worn,Low,12,Yes,29665-64105
Sedan,5,152948,92,1241,33,18.7,12.65,25,28,Good,Low,1,No,59338-180000
Hatchback,12,19383,93,934,28,16.5,12.22,27,30,Good,Medium,1,No,58180-153552
Truck,6,18585,93,1827,27,8.9,12.33,35,32,Good,Low,2,Yes,33832-112406
Sedan,2,228371,89,3460,39,11.7,12.09,29,36,Good,Medium,2,No,90959-178515
Hatchback,3,45362,92,2360,45,20.1,12.33,25,28,Critical,Medium,1,No,29031-161778
Sedan,9,104376,91,3335,34,18.3,11.73,28,30,Good,Medium,8,No,30034-103546
SUV,8,96991,91,786,30,9.3,11.94,44,28,Good,Medium,10,No,54325-114013
SUV,9,148444,102,3191,36,12.8,12.15,38,28,Good,Medium,4,No,93505-152215
Sedan,10,79707,85,626,35,18.3,11.83,33,31,Moderate,Medium,9,No,22844-81542
Hatchback,6,32784,93,2364,47,17.2,12.39,33,32,Critical,Low,4,Yes,25513-61493
Truck,11,193406,103,1697,32,10.7,12.07,44,35,Good,Medium,2,No,28010-130791
Hatchback,2,142640,87,3007,34,22.3,11.72,27,33,Good,High,8,No,34875-65215
Sedan,2,185948,86,3136,39,12.0,11.95,45,36,Good,Low,12,No,48395-126870
Truck,5,106247,100,3200,19,9.7,12.24,27,30,Good,Low,2,No,22424-43886
Hatchback,6,222217,99,1512,28,18.0,12.06,31,31,Critical,Low,2,No,27538-60628
Sedan,10,228713,84,2041,29,13.7,12.25,28,34,Good,Medium,12,No,24196-55624
Hatchback,8,108663,95,3013,44,18.6,12.36,32,28,Good,Low,5,No,51460-172006
SUV,1,110954,105,2261,30,12.0,12.2,25,28,Good,Medium,11,No,32005-62109
Sedan,8,45766,84,1715,27,13.2,12.26,27,30,Moderate,High,11,No,18316-30148
SUV,8,145193,103,992,37,10.5,12.21,38,28,Good,Medium,2,No,62261-180000
Truck,5,14506,103,2931,37,9.3,12.14,37,35,Good,High,5,No,14282-42624
SUV,4,124831,99,2964,28,11.1,12.06,27,36,Good,Low,9,No,33862-180000
SUV,2,29466,96,1237,30,10.6,12.58,34,30,Critical,Medium,8,No,29215-54657
Sedan,4,12211,93,851,41,14.5,12.7,27,36,Worn,High,1,No,35694-162781
Truck,8,6336,101,1831,18,8.3,12.26,34,30,Good,Low,1,No,22706-80088
Sedan,8,75246,101,3361,39,13.6,12.44,31,33,Moderate,High,6,No,27327-71511
Truck,4,144533,96,3445,26,9.6,11.94,25,32,Good,Medium,3,No,34494-85228
Truck,3,175968,109,2034,18,10.3,11.81,29,36,Good,Medium,6,Yes,3834-6788
Hatchback,9,114962,98,1709,32,13.9,12.65,34,34,Good,Low,3,Yes,61727-112791
Truck,1,18295,99,766,31,9.2,12.25,41,35,Worn,Low,1,No,35113-66527
SUV,10,87713,88,1985,32,9.6,12.8,27,35,Worn,Low,11,No,19786-119760
Truck,6,92587,102,2029,26,8.9,12.37,41,35,Good,Low,1,No,45164-117246
Hatchback,6,197792,87,3078,43,21.5,11.76,25,28,Good,Medium,2,No,59582-180000
Hatchback,3,95915,88,2009,42,13.7,12.59,30,31,Moderate,Low,11,No,56334-111270
Hatchback,2,34728,89,1734,32,17.9,11.88,32,36,Good,Low,6,No,7446-180000
Sedan,11,31799,83,2050,28,14.4,12.0,30,34,Moderate,Medium,1,No,38111-64661
Truck,11,76890,96,1917,17,9.0,12.79,32,35,Worn,Low,11,No,3804-10994
Hatchback,3,212810,91,2332,42,15.9,11.99,39,32,Good,Low,10,No,89161-180000
SUV,3,49337,99,3213,40,14.0,12.33,25,36,Good,Low,10,No,65328-180000
Hatchback,3,237728,90,3219,31,18.8,12.73,43,28,Worn,Low,2,No,44447-155657
SUV,8,72298,101,1305,35,12.2,11.87,26,36,Good,Medium,3,No,40420-126332
Hatchback,3,116424,97,2849,41,15.4,11.72,30,36,Worn,Medium,12,No,30302-48050
SUV,1,120265,103,1466,31,8.7,12.03,38,28,Good,Low,2,No,64362-110434
SUV,3,171733,98,1879,32,10.2,12.1,37,32,Moderate,Low,12,No,44328-68684
SUV,11,215600,104,2802,43,8.2,12.43,36,36,Good,Medium,10,Yes,18973-143735
Truck,9,241153,103,1734,30,8.6,12.05,29,32,Worn,Medium,2,No,12929-81649
Truck,5,9882,103,3484,30,7.4,12.28,26,32,Critical,Low,11,No,5082-11518
Sedan,1,19991,90,1951,26,17.9,12.17,45,35,Good,Low,8,No,66515-180000
Sedan,11,196441,87,2640,32,15.9,11.92,44,30,Good,Low,9,No,53037-180000
SUV,11,211327,100,1671,28,12.0,12.35,29,28,Moderate,High,11,Yes,4408-14886
Truck,10,60925,99,1493,31,8.8,11.82,32,35,Worn,Low,2,No,5676-153079
Sedan,9,95986,85,788,34,11.3,12.75,33,34,Good,Low,7,Yes,49480-118502
Truck,8,85389,108,1120,33,4.6,12.35,27,36,Moderate,Low,4,No,10525-21179
Truck,10,209857,111,1978,32,4.3,12.32,32,35,Good,Low,6,No,11945-47063
Hatchback,6,48367,87,2804,39,15.9,12.2,34,36,Critical,Medium,7,No,23992-66194
Truck,9,152504,98,1993,33,7.5,11.73,43,32,Critical,High,3,Yes,336-846
Sedan,8,215565,87,2300,29,15.8,12.07,43,29,Critical,Medium,3,No,41055-61871
SUV,3,44172,106,2346,30,12.5,11.98,38,36,Good,Low,11,No,23144-102771
Truck,1,166285,105,2548,36,7.3,11.79,32,35,Good,Low,5,No,35868-113384
Sedan,2,153805,91,1286,38,14.3,12.21,42,30,Good,High,3,No,56248-88764
Hatchback,10,160255,93,2249,42,19.9,12.65,39,29,Moderate,High,1,No,44865-104329
SUV,2,196818,100,939,34,12.0,12.44,45,34,Good,Low,3,Yes,43390-83754
Hatchback,5,37139,89,2010,33,15.8,11.95,39,28,Good,Low,1,No,68047-148427
Truck,10,37216,100,1043,23,6.7,11.88,35,34,Moderate,Low,7,No,21210-49624
Truck,12,213045,110,2975,25,3.1,12.04,32,34,Moderate,Medium,1,No,14795-35739
SUV,2,194217,101,2473,39,9.7,12.6,35,34,Worn,Low,8,No,51320-180000
Truck,6,96556,101,2072,34,9.2,11.88,26,32,Good,Medium,5,No,23252-84406
Truck,5,81018,97,3297,27,7.3,12.79,27,31,Moderate,Low,3,No,35973-63237
Hatchback,4,197291,83,2815,39,21.7,12.59,42,29,Good,High,12,No,18605-116123
Truck,9,17840,111,2006,21,6.4,12.55,38,31,Good,Low,7,Yes,4106-15632
Truck,8,219288,109,2916,22,7.2,12.54,35,32,Worn,High,6,No,8361-13719
Truck,11,122396,98,2668,18,9.8,12.33,45,28,Good,Low,10,No,18513-66641
Hatchback,12,212683,91,3369,29,20.6,12.77,40,34,Good,High,3,No,40327-66521
Hatchback,3,104664,96,1546,41,17.8,11.94,43,30,Critical,Medium,3,No,36251-63213
Sedan,7,226131,86,3412,43,13.1,11.94,35,33,Good,Medium,10,No,104000-157804
Sedan,2,99037,86,3352,34,11.5,11.85,39,29,Good,High,4,Yes,19209-32735
Hatchback,7,244945,90,1802,44,17.6,12.04,27,30,Good,Medium,2,No,84252-178852
Sedan,1,155935,95,1611,37,13.3,12.43,44,29,Good,Low,11,Yes,32549-81063
Hatchback,5,64823,89,2701,39,17.5,12.75,45,33,Moderate,High,9,No,25946-67728
Sedan,6,236954,88,3135,37,17.8,12.51,37,33,Good,Medium,10,No,46781-180000
Sedan,7,105645,95,2993,36,12.2,12.5,26,32,Good,Low,2,Yes,52505-109641
Sedan,2,122994,99,1286,28,18.6,12.13,41,33,Moderate,Medium,5,No,27404-58542
SUV,7,64563,104,2820,31,8.3,12.37,40,34,Moderate,Low,4,Yes,23744-134987
Truck,12,138520,110,914,20,5.7,12.27,28,30,Good,Low,8,No,16334-40414
Sedan,1,33055,89,1780,37,15.6,11.91,43,31,Good,Low,6,No,55386-111090
Hatchback,4,208916,97,1735,35,19.5,12.26,28,33,Good,High,1,No,35792-64838
SUV,11,223342,91,2639,36,12.6,12.42,28,28,Moderate,Low,11,No,49815-81887
Truck,9,216471,102,3203,18,9.1,11.73,35,35,Good,Low,2,No,24848-46890
Sedan,10,6708,92,1773,38,12.1,11.94,28,28,Moderate,Medium,10,No,62409-95303
Truck,7,233230,108,2096,28,4.7,11.8,38,32,Good,Low,10,Yes,18636-32484
SUV,1,113187,94,2506,28,11.0,12.71,36,28,Good,High,2,No,65863-111159
Sedan,5,132493,91,2042,37,14.8,12.43,29,34,Moderate,High,7,Yes,22551-43111
SUV,9,207612,93,962,27,8.2,12.79,30,36,Moderate,Medium,2,No,22898-166624
Hatchback,4,127736,89,1817,34,22.1,12.09,34,34,Moderate,Low,11,No,19652-61774
Truck,4,249094,96,1013,31,4.1,12.4,44,30,Good,High,6,No,7932-16374
Truck,10,82421,109,1629,19,6.3,12.72,33,32,Moderate,Low,3,Yes,2686-9820
Hatchback,10,31202,86,794,32,18.0,11.78,26,29,Good,Medium,8,Yes,66954-104024
Truck,6,242681,111,1117,24,10.8,12.18,39,35,Moderate,Low,5,Yes,15582-37576
Hatchback,7,191749,99,779,45,19.2,11.79,35,32,Critical,Medium,3,No,24003-42879
Truck,12,78740,104,1353,26,6.4,12.75,35,29,Good,Low,12,No,8356-71692
SUV,2,164727,95,2805,36,12.0,11.8,30,29,Moderate,Low,9,No,61001-144057
SUV,1,228918,91,2972,32,11.4,12.03,26,36,Moderate,High,2,Yes,25412-86814
Truck,5,20434,102,1638,34,8.6,11.84,27,29,Good,Medium,2,No,23883-144917
Sedan,6,15337,91,2881,39,15.2,11.81,33,33,Worn,Medium,6,No,26338-74724
Sedan,3,34111,96,2540,39,13.4,12.1,30,30,Moderate,Medium,10,Yes,40020-69220
SUV,6,176344,99,2882,26,14.1,12.54,26,29,Worn,Low,7,No,48033-74299
SUV,2,204225,98,3243,26,14.7,11.99,28,34,Moderate,Low,2,No,72484-162720
SUV,5,84243,102,2686,35,10.1,11.8,29,33,Worn,High,6,No,21468-51600
SUV,11,215728,89,3187,35,11.8,12.66,26,30,Good,Medium,8,No,91155-140863
Truck,12,197498,100,1945,19,7.4,12.32,31,32,Good,High,8,No,6144-10140
Truck,9,77901,97,1979,26,8.6,12.65,27,32,Moderate,Low,2,No,19091-180000
Truck,1,26208,103,702,35,6.3,11.95,30,34,Critical,Low,5,No,11652-19452
Hatchback,6,238120,87,3276,42,14.3,12.74,26,32,Good,Low,6,No,52861-147365
Truck,8,157800,103,2390,21,8.0,12.62,40,32,Critical,Medium,1,Yes,6026-10090
Hatchback,11,174685,99,1045,42,20.4,12.16,34,33,Good,Low,11,No,26129-80443
Sedan,1,213760,88,2426,29,15.4,11.9,33,28,Good,Low,3,No,63809-180000
SUV,1,142190,97,2908,35,10.7,12.29,36,31,Good,High,7,Yes,19275-74225
Hatchback,8,202748,88,1053,36,14.6,11.75,29,35,Moderate,Medium,4,No,57274-91110
Truck,3,7702,108,2859,27,6.1,11.75,25,32,Good,Medium,6,No,7785-24607
Truck,3,133332,97,1674,24,7.7,12.22,43,28,Good,Medium,8,No,24278-42410
SUV,5,26863,107,3431,42,13.7,12.02,25,30,Good,Low,2,No,57621-128519
Hatchback,6,137448,91,2600,38,14.1,11.77,37,28,Moderate,High,9,No,12387-49153
Sedan,11,212344,84,3056,32,15.6,12.73,43,30,Moderate,Low,3,Yes,55931-122105
Hatchback,10,171725,97,2356,35,18.4,12.59,29,36,Good,Low,10,No,35504-125226
Sedan,10,76019,90,3367,44,17.3,11.87,35,30,Critical,Medium,3,No,4728-120795
Hatchback,6,158361,92,3422,42,20.7,12.4,31,35,Good,High,6,Yes,22000-62402
SUV,12,52380,91,1996,38,8.1,11.75,36,33,Moderate,Medium,4,No,52708-180000
Truck,10,186652,101,2840,28,9.9,11.81,32,29,Critical,High,2,No,6082-11758
Sedan,5,141069,87,2779,39,17.4,11.73,43,30,Good,Low,7,No,87250-140932
SUV,5,112418,102,2924,31,9.6,11.71,35,31,Critical,Medium,11,No,13929-30261
SUV,11,10402,98,1946,30,13.3,12.51,32,29,Good,Low,3,Yes,49623-108821
SUV,10,121401,92,2526,30,9.7,12.3,39,33,Good,Medium,7,No,60482-180000
Hatchback,3,24544,89,2249,39,22.1,12.06,32,36,Good,Low,2,Yes,99457-162297
Sedan,4,100739,85,1013,36,14.4,11.87,37,32,Good,High,1,No,26024-116805
SUV,1,71420,97,2144,24,12.3,12.14,37,34,Good,High,12,No,10985-22909
Sedan,7,208159,84,1267,30,17.3,12.28,32,36,Good,High,12,Yes,10381-20283
Sedan,12,90623,89,3372,35,16.2,12.33,25,31,Good,Medium,9,No,40755-122537
Sedan,5,137238,98,1999,32,17.8,12.59,37,30,Critical,Medium,4,No,11111-43101
SUV,5,90253,97,3107,27,12.2,12.09,31,34,Good,Medium,8,No,34495-101277
Truck,9,133796,106,2329,24,7.0,11.9,43,32,Good,High,12,No,1168-4715
SUV,7,95489,101,1105,30,14.4,12.05,31,28,Good,Low,10,No,38260-135022
SUV,11,152334,105,790,25,10.4,11.8,33,33,Good,Low,10,No,69400-173888
SUV,9,159431,98,3071,37,12.8,12.05,44,32,Good,High,12,Yes,7098-19810
SUV,6,76993,100,2856,27,10.7,12.71,40,30,Good,High,4,No,39781-66113
Hatchback,6,219531,95,1930,43,17.4,12.25,29,28,Good,High,6,No,7536-65217
Sedan,12,202498,91,2153,40,15.3,12.54,32,30,Worn,High,7,No,41891-70127
Sedan,8,13786,102,939,36,15.6,11.87,37,29,Moderate,Medium,2,No,41384-64892
Sedan,3,51812,90,1030,42,12.1,12.37,41,35,Moderate,Low,5,No,70500-128498
Truck,1,206231,104,719,35,8.4,12.47,43,36,Moderate,Low,1,No,34962-95266
SUV,10,161664,99,2280,43,10.2,11.92,38,35,Good,Low,3,No,56297-134595
Hatchback,1,210618,98,1058,44,19.0,11.77,36,33,Moderate,Low,11,No,45549-74239
Sedan,7,195729,100,2677,34,14.3,11.78,28,35,Good,Low,12,Yes,23999-67973
Truck,2,229115,105,1885,34,4.6,11.77,35,33,Good,Low,3,Yes,17125-55519
Truck,5,246717,95,1382,27,5.7,12.38,32,31,Moderate,Medium,2,No,45380-72926
Hatchback,3,142939,94,823,46,17.4,12.46,41,35,Critical,Low,11,No,40581-61845
Truck,6,188725,106,2375,32,4.2,12.29,26,29,Good,Medium,2,Yes,7366-14836
SUV,5,93588,97,2827,35,12.1,12.42,25,33,Worn,Medium,6,No,55724-97902
SUV,1,41803,96,1035,41,13.5,11.98,40,36,Good,High,10,No,54656-124230
Truck,3,155596,115,758,35,7.8,11.92,31,36,Good,Medium,7,Yes,11040-34260
Hatchback,1,24594,96,1806,29,18.8,12.31,38,33,Critical,Low,6,No,32872-65886
Sedan,5,185665,93,3073,28,16.3,12.64,41,31,Moderate,High,8,No,26752-61192
Hatchback,10,244631,88,2559,39,22.7,12.71,27,33,Good,Low,12,Yes,26631-142945
Truck,11,238656,99,1349,16,6.2,12.51,42,35,Worn,High,3,No,4795-11763
SUV,9,130835,93,1441,30,11.9,12.0,36,29,Critical,Medium,7,No,9630-103061
Truck,4,46308,105,3073,26,6.3,11.99,25,31,Moderate,Medium,5,No,35632-64550
Sedan,12,17562,83,1951,38,17.1,11.97,33,28,Critical,High,10,No,6594-20200
Truck,4,195109,95,2552,30,9.2,12.53,27,31,Good,Medium,12,Yes,9032-34318
Sedan,9,130023,91,1311,33,11.9,12.55,31,29,Good,Medium,8,No,50169-108225
Hatchback,8,14097,96,2166,36,17.6,11.74,44,31,Moderate,Low,8,No,59340-95752
Truck,8,43714,107,3382,27,4.5,12.43,37,29,Good,Low,10,No,14199-55197
Truck,4,215691,109,1850,19,7.8,12.13,36,35,Good,Low,11,No,3505-5949
Sedan,5,77944,89,1075,34,16.3,11.7,33,32,Good,Low,1,Yes,55972-163898
Truck,6,143692,113,2729,34,8.9,12.23,44,28,Good,Low,5,No,20426-77038
Sedan,6,111435,96,904,40,16.9,12.18,39,32,Critical,Low,4,No,35920-68562
Truck,2,43183,108,884,24,7.2,12.6,35,36,Worn,Low,2,Yes,10969-42331
Sedan,8,151354,93,2465,28,14.8,12.45,34,28,Good,Medium,12,Yes,38654-77382
SUV,12,144607,104,2856,35,9.6,12.27,44,30,Critical,Medium,8,No,16615-71991
Truck,1,208113,99,1875,30,6.0,12.71,29,32,Good,Low,10,No,40595-88839
Hatchback,10,87211,92,1987,38,21.4,12.21,28,29,Good,Low,10,Yes,100666-172616
SUV,9,246331,94,2514,38,7.4,12.62,44,32,Worn,High,2,No,39406-119860
SUV,5,29369,92,2132,37,13.4,12.67,30,28,Good,Low,7,No,91767-142237
SUV,2,85101,105,2377,38,6.6,12.63,40,35,Moderate,Low,3,Yes,48519-122453
Truck,10,186719,108,3472,19,8.0,12.76,35,31,Moderate,Low,11,Yes,975-1571
Truck,9,218727,97,3406,31,4.6,12.66,42,31,Good,Low,11,No,25628-47200
Truck,7,15481,104,2730,19,7.9,12.52,25,33,Good,Medium,7,No,5925-16371
Truck,11,165650,97,3396,20,10.1,11.88,29,35,Worn,High,5,No,3066-12040
Hatchback,4,146736,89,1478,45,17.7,11.96,42,35,Worn,Medium,8,No,26801-78595
Truck,5,163239,112,1199,29,5.1,12.03,29,35,Moderate,Low,9,Yes,7990-16766
SUV,10,195230,105,1760,36,8.7,12.66,25,36,Good,Low,10,No,5585-180000
SUV,8,29663,101,2564,32,9.4,11.97,37,31,Good,Low,8,No,63105-130849
Sedan,9,230752,88,2132,31,17.9,11.84,29,32,Moderate,Low,10,No,56006-91766
Truck,6,243693,114,3402,25,9.0,12.72,44,30,Good,Low,8,No,41653-63501
SUV,3,213309,89,861,32,9.9,11.84,38,31,Worn,Medium,8,Yes,44530-71354
Truck,11,128996,107,3304,18,7.9,12.32,39,32,Good,Low,8,No,9370-25236
Truck,2,236730,98,3151,34,6.6,12.52,39,29,Moderate,High,8,No,16100-43500
Hatchback,11,164976,86,2617,40,16.6,12.51,41,36,Worn,Medium,2,No,89124-180000
Truck,11,133739,100,3108,27,4.1,12.3,26,28,Good,Low,9,No,31333-113613
Truck,3,172685,93,1510,26,8.5,11.75,33,30,Moderate,Medium,9,No,20740-82008
Truck,10,20314,99,2423,15,5.5,12.36,28,28,Good,High,5,No,3963-13557
SUV,4,210039,103,1071,27,10.8,12.44,42,30,Good,Low,1,No,30904-180000
Truck,4,249189,108,1842,19,8.6,12.46,42,32,Good,High,7,Yes,512-824
Sedan,12,204683,95,810,41,13.8,12.09,45,31,Worn,High,2,No,29792-53700
Sedan,12,192873,97,901,34,15.9,12.25,39,36,Good,Low,7,No,28304-87302
Sedan,11,245784,96,1909,35,15.8,12.01,34,34,Good,Low,4,No,31238-115016
Sedan,11,230792,83,2424,34,14.4,12.64,40,32,Good,Medium,4,Yes,29363-94901
Sedan,1,236476,100,3417,38,12.8,12.54,35,32,Good,Medium,8,Yes,25060-92908
Hatchback,4,100204,100,1185,35,14.5,12.04,38,31,Good,Low,12,No,21184-46736
Sedan,9,149555,94,2078,30,16.3,12.67,35,30,Worn,Low,2,Yes,32278-80256
Truck,7,228566,102,2724,29,10.6,12.42,38,30,Moderate,Low,8,No,29616-89556
Hatchback,5,151788,96,1264,38,16.6,12.29,29,28,Worn,Medium,1,No,42380-117298
Hatchback,1,215506,87,1882,30,17.5,11.86,38,28,Moderate,Low,7,Yes,27044-99772
Truck,8,46115,107,911,20,3.9,11.81,35,28,Good,Low,10,No,7843-28657
Truck,12,206326,114,1288,31,6.7,12.14,45,34,Moderate,Low,10,No,9538-23142
Hatchback,2,130801,94,1996,40,18.3,12.3,44,31,Good,Medium,4,No,65193-175905
Sedan,10,57297,95,1171,33,15.8,12.39,37,36,Worn,Low,7,No,44771-123936
Truck,4,36037,109,752,24,7.0,12.73,45,28,Worn,High,8,No,7944-12134
Truck,4,128207,94,1482,25,8.9,12.7,40,34,Good,Medium,8,No,21217-139486
Sedan,11,60764,91,983,43,12.9,11.99,28,35,Moderate,Low,3,No,69689-130033
Truck,1,235470,111,1255,21,8.8,12.68,31,36,Worn,High,12,Yes,376-1408
Hatchback,12,234960,91,2104,45,15.5,11.93,43,28,Moderate,High,7,No,15169-44175
Truck,4,155335,101,1948,33,5.5,12.05,31,36,Good,Low,8,No,30418-73612
Truck,11,102552,115,1292,33,3.8,12.3,30,31,Good,Medium,2,No,10968-40876
Hatchback,2,25989,86,1764,46,14.1,12.09,34,28,Critical,High,8,Yes,11421-36557
SUV,6,248665,101,2269,37,11.4,12.72,27,34,Good,Medium,7,Yes,43927-113255
Sedan,6,58888,99,2836,35,14.0,12.31,29,36,Worn,Low,6,No,47486-85254
SUV,12,19634,94,1693,31,10.2,12.07,29,32,Good,High,10,No,28631-109907
Truck,11,38225,98,1358,25,4.4,11.72,35,30,Good,Low,10,No,50100-116354
Hatchback,10,226917,86,1351,43,21.3,12.69,29,35,Moderate,Low,5,Yes,36921-89103
Hatchback,7,48579,94,1052,34,18.2,11.78,30,29,Critical,Low,12,No,10779-50229
Sedan,12,101184,87,1211,36,16.2,11.79,32,34,Good,Low,4,No,64935-152057
Hatchback,3,108342,93,2060,40,22.4,12.02,37,33,Good,Low,9,No,34712-176162
Sedan,12,127756,100,736,41,15.6,11.78,32,35,Good,Medium,11,Yes,27389-41421
Truck,2,66164,98,3064,24,8.2,12.06,36,33,Moderate,High,9,Yes,3199-7205
Truck,11,179793,105,3150,28,7.9,12.51,36,33,Critical,Medium,5,Yes,5170-14416
Sedan,2,31004,93,1590,34,17.1,12.56,35,36,Good,Low,11,No,27261-144411
Truck,3,55937,102,735,27,6.0,12.46,41,36,Good,Medium,5,No,21021-69073
Hatchback,5,175969,90,2679,34,14.1,11.88,27,31,Good,Medium,5,No,36087-138711
Sedan,5,78839,83,2922,32,14.1,12.64,41,28,Good,Medium,2,Yes,30425-85903
SUV,1,229378,101,1531,42,12.7,12.5,27,33,Good,High,1,No,33660-126498
SUV,8,236990,98,1147,29,9.3,12.39,25,31,Good,Medium,2,No,64738-180000
Truck,9,75309,94,2770,32,5.7,11.78,35,31,Good,High,1,No,28448-47680
SUV,1,32166,99,1262,40,12.1,12.61,26,36,Moderate,Medium,7,No,31302-119586
Truck,4,249610,100,784,34,3.9,11.9,34,33,Worn,High,1,Yes,6672-21360
SUV,10,48017,102,877,29,8.1,11.81,34,33,Good,High,8,Yes,15361-35827
SUV,8,235391,97,1293,33,12.0,12.07,42,31,Moderate,Low,2,No,67440-129998
SUV,7,48310,106,3280,28,11.2,11.76,39,35,Good,Low,4,No,57788-100622
Sedan,4,131183,97,1745,34,15.8,11.87,31,35,Critical,Medium,8,Yes,13561-44955
Hatchback,7,62798,95,3064,33,13.3,12.06,31,34,Good,Medium,10,No,63019-102371
SUV,11,161949,102,833,31,14.6,12.78,45,35,Worn,Low,6,No,17783-159499
Hatchback,11,110122,94,1260,41,16.8,12.58,35,32,Moderate,Medium,5,No,52509-87731
SUV,11,87925,103,2611,30,9.9,11.88,36,33,Moderate,Low,6,No,45509-101697
SUV,8,168174,96,3010,35,9.9,12.73,29,31,Moderate,Medium,3,No,53299-84461
Hatchback,11,95331,91,2640,37,19.1,12.31,34,33,Moderate,High,6,Yes,45539-70199
SUV,12,77779,102,1598,36,8.9,12.77,31,31,Good,Low,12,Yes,41510-67116
Truck,6,60388,95,2964,33,8.2,12.7,33,31,Critical,High,11,No,1048-3584
Sedan,10,115792,96,2804,39,14.9,12.74,26,30,Moderate,Medium,11,No,42332-66028
Sedan,4,126042,102,952,30,17.2,12.2,28,29,Good,Low,12,No,32220-57542
Truck,7,196158,108,1535,26,9.7,12.62,36,34,Good,Medium,11,No,6544-12338
Truck,5,184909,106,2480,20,8.3,11.89,26,33,Moderate,Low,5,No,8954-13660
Sedan,5,100969,87,1576,39,16.4,12.27,36,30,Worn,Low,10,No,51942-153128
Sedan,2,207031,91,2752,35,13.2,11.89,38,36,Critical,Low,11,Yes,5329-17497
Hatchback,3,29488,87,1151,43,20.8,11.7,35,28,Moderate,Medium,6,No,34417-133096
Truck,9,50233,102,1462,21,3.1,12.24,41,30,Good,High,12,No,1653-3525
Truck,9,243533,98,2648,28,5.8,12.52,27,31,Worn,Low,3,No,20769-72377
Sedan,4,208720,100,1550,41,15.7,12.47,44,31,Good,Medium,2,No,71144-169718
Hatchback,9,221463,98,1259,39,18.5,11.82,33,31,Good,Low,2,No,24859-152733
Hatchback,12,193543,89,1628,48,16.9,12.58,36,33,Good,High,11,Yes,6850-15270
SUV,10,50826,104,1050,26,10.0,12.05,39,31,Good,Low,4,No,37229-126357
Sedan,2,228980,91,1715,29,17.6,12.53,42,30,Good,Low,1,No,45963-122611
SUV,1,164809,99,1398,27,14.5,12.18,38,31,Good,Medium,12,No,29268-78988
Sedan,7,135798,89,1241,35,13.6,12.79,43,30,Good,High,8,No,18987-64329
SUV,6,58240,89,1770,32,11.8,12.78,34,36,Moderate,Low,6,No,96373-159469
Sedan,2,26656,89,2011,27,13.8,12.28,36,36,Worn,Medium,3,No,49341-105667
Sedan,2,157375,84,1138,34,17.4,12.56,39,31,Moderate,Medium,1,No,53811-88615
Sedan,6,98384,98,2533,31,14.4,12.72,40,34,Good,Low,8,No,44920-112956
Sedan,9,221898,92,3409,37,16.2,11.99,29,28,Good,Medium,7,No,53663-108801
Sedan,8,107295,99,2059,38,12.3,12.06,35,36,Good,Medium,8,No,32360-93168
Sedan,6,127918,89,2133,41,13.5,11.73,38,34,Good,Low,1,No,50833-162333
Truck,12,177144,98,2211,22,5.5,11.87,26,31,Moderate,Medium,9,Yes,13755-35239
Truck,5,196528,114,734,15,6.4,12.05,42,33,Critical,High,11,No,1928-3340
Truck,5,234417,99,798,35,8.7,11.93,32,34,Good,Medium,2,No,36078-96120
Sedan,3,20802,84,3157,44,14.1,11.81,43,33,Moderate,Low,10,Yes,51095-99303
SUV,9,56455,101,777,32,13.5,12.25,36,28,Good,Low,4,No,50816-180000
Sedan,12,187145,89,1417,28,13.8,11.84,26,30,Worn,Medium,12,No,28747-50235
Hatchback,9,65965,88,2997,38,16.4,12.3,38,36,Good,Low,10,No,67737-136321
SUV,5,188269,97,1723,29,11.5,12.26,41,28,Good,High,4,No,22564-76494
Truck,7,41475,104,2660,26,9.1,12.64,27,28,Good,High,7,No,10129-32987
SUV,4,130198,90,2087,31,11.9,12.46,35,35,Good,Low,4,No,70782-159908
Truck,9,45334,97,1261,33,7.7,12.49,44,36,Critical,Low,9,No,9195-14239
Truck,3,154692,106,1363,32,5.6,12.01,35,29,Worn,High,3,No,3052-7744
Hatchback,5,80799,92,2735,40,20.9,12.25,26,31,Good,Low,1,No,55779-105153
Sedan,5,231879,89,953,41,17.1,12.64,25,31,Critical,Medium,2,No,45938-91852
SUV,11,227877,88,1492,30,7.1,12.25,45,30,Moderate,Low,7,No,54625-114001
Sedan,10,198898,92,1898,30,15.3,12.22,43,30,Good,Medium,1,No,94459-157819
Truck,6,21612,108,3118,36,7.4,12.23,40,29,Critical,Low,12,No,2214-7109
Truck,1,79099,106,1678,31,9.0,12.35,38,36,Good,Low,2,No,13024-88532
Hatchback,9,61898,92,3048,41,17.8,12.65,43,32,Moderate,Low,6,No,53528-119460
Hatchback,12,120527,93,2933,31,15.3,12.07,26,28,Worn,High,4,No,20371-76039
Sedan,2,5351,88,3271,39,17.2,12.23,37,31,Good,Low,7,Yes,64586-116704
Hatchback,12,231188,86,1095,35,17.2,12.23,28,32,Good,Low,3,No,82268-179542
Truck,12,23470,95,2387,23,5.4,11.9,29,36,Critical,Low,11,No,3125-11427
SUV,11,190387,103,2186,38,12.8,12.8,28,30,Moderate,Medium,2,No,61059-100423
Sedan,10,186685,92,1742,40,15.1,11.91,29,29,Good,Medium,12,No,34283-71191
SUV,7,234724,106,1409,39,13.3,12.69,30,34,Good,High,9,No,27601-88187
SUV,8,27440,95,862,37,13.0,12.11,34,28,Worn,Low,10,No,48303-180000
Sedan,9,163396,86,1006,37,15.3,12.06,33,33,Worn,Medium,11,No,22511-57801
Truck,6,225573,96,2629,33,9.6,11.86,37,30,Good,Medium,2,No,52096-96068
SUV,7,51665,106,3057,43,13.4,11.73,44,28,Good,Low,12,No,16693-63391
Hatchback,3,38591,90,833,32,17.7,12.71,40,34,Good,Low,9,Yes,47872-92302
Hatchback,11,249148,99,3025,43,18.3,11.77,34,35,Good,High,8,No,8682-50950
SUV,12,80196,97,3013,31,11.4,11.9,28,35,Moderate,Medium,4,No,47539-127849
Sedan,11,202943,86,2381,36,13.5,12.43,29,36,Moderate,High,8,No,24961-79019
Hatchback,3,114965,97,965,33,18.2,12.7,44,32,Good,High,9,Yes,11109-21747
Truck,4,224571,109,1931,25,8.5,12.14,39,36,Good,Low,3,Yes,11348-28512
SUV,1,10669,90,3097,27,11.1,12.12,25,30,Critical,Low,8,No,40413-117083
Sedan,7,81961,85,3011,43,16.6,11.96,34,32,Moderate,Low,5,No,64577-146309
Hatchback,7,140079,99,2782,28,18.8,12.09,28,35,Good,Medium,7,No,25772-92836
SUV,4,73083,103,1035,35,12.8,11.78,35,34,Moderate,Low,6,Yes,25671-104778
Truck,1,175596,105,1231,34,4.7,12.22,26,32,Good,Low,5,No,32218-100450
Hatchback,5,210573,93,1726,40,17.2,12.24,35,36,Moderate,Medium,5,No,30462-76106
SUV,7,32092,99,2561,30,13.2,12.56,33,35,Moderate,Low,3,Yes,52971-116101
SUV,4,26703,101,1280,28,11.0,12.03,41,31,Moderate,High,4,No,21214-54584
Hatchback,8,240035,93,1946,40,16.4,12.54,26,32,Good,Low,1,No,48554-156966
Truck,1,123589,107,1699,22,6.6,12.38,37,28,Good,Medium,4,No,9679-23557
SUV,9,140807,97,844,38,11.2,11.83,43,35,Good,Low,12,No,22369-152183
Truck,11,205685,103,2711,33,9.4,12.46,45,32,Moderate,Low,4,No,41467-64029
Truck,5,121710,99,838,34,4.1,12.67,26,33,Good,Medium,4,No,28916-44368
Truck,11,149959,105,2356,29,4.6,12.3,39,32,Moderate,Low,9,Yes,28524-43748
SUV,12,73073,90,2697,33,8.0,12.66,41,33,Moderate,Low,12,Yes,22647-76859
Sedan,6,151355,82,1164,29,15.5,12.73,29,29,Moderate,High,2,No,15647-56687
SUV,1,7352,89,1003,38,12.8,12.07,36,34,Moderate,Medium,12,No,46211-121173
Hatchback,10,53813,92,740,47,15.3,12.03,37,32,Good,High,1,Yes,43620-76308
Sedan,3,73048,96,1431,34,15.2,12.36,29,30,Worn,Medium,10,No,35650-84340
Hatchback,10,56326,83,2300,35,19.3,11.89,41,30,Good,Low,4,No,82256-180000
SUV,1,119339,104,1421,27,12.3,12.62,34,29,Worn,Low,4,No,21600-169215
Sedan,10,68364,103,1618,26,16.4,12.34,27,36,Critical,Low,4,No,41087-75493
Hatchback,6,225509,92,3153,32,13.8,11.83,30,28,Good,Medium,8,No,54621-97167
Sedan,11,224380,94,2225,30,15.2,12.62,43,29,Good,Low,1,No,81002-180000
Truck,2,134130,109,749,26,8.6,12.1,40,29,Good,Medium,12,No,8449-13485
Hatchback,12,106073,92,1146,41,17.2,12.27,31,34,Good,Low,3,No,51908-155522
SUV,1,186151,89,1346,26,7.1,12.43,28,32,Good,Low,12,Yes,42134-105815
Sedan,11,34530,94,3019,35,16.5,11.72,29,32,Worn,Medium,7,No,59657-112329
Truck,10,42203,109,3105,25,6.1,11.74,30,29,Good,High,10,No,2280-6946
Truck,9,13279,108,854,20,5.5,11.77,42,30,Critical,High,8,No,1168-3432
Hatchback,4,175044,93,1916,36,19.1,12.02,28,36,Worn,High,5,No,32875-56825
Hatchback,4,84948,90,3110,35,14.5,12.13,38,33,Critical,Low,2,No,26975-107439
Hatchback,11,205260,96,3019,30,21.3,12.23,30,34,Good,Medium,10,No,38049-76631
Sedan,9,87438,82,1501,31,16.1,12.44,44,34,Good,High,7,No,28572-106263
Hatchback,12,99755,84,3109,32,15.5,12.11,27,36,Good,Low,7,No,103128-175034
Hatchback,4,232343,97,3018,33,17.6,12.58,35,31,Good,Low,8,No,26994-104390
Hatchback,10,192202,91,2908,42,14.8,12.01,27,31,Moderate,Low,11,Yes,23139-44085
SUV,5,54435,95,1851,30,7.9,12.13,36,31,Moderate,Low,11,No,42908-75452
Hatchback,10,200753,95,1853,45,14.2,12.33,29,32,Worn,Low,10,No,33060-109590
Sedan,12,245450,87,1395,42,13.9,11.86,39,36,Worn,Low,3,No,48828-157110
Truck,5,50504,102,2874,30,5.2,11.82,39,33,Moderate,High,5,Yes,5380-14996
Truck,9,31154,95,2096,28,5.5,12.18,38,28,Moderate,Low,6,No,31221-73591
SUV,4,120660,91,1441,38,12.3,12.18,33,30,Moderate,High,7,Yes,26505-41549
Sedan,5,70820,100,1609,37,15.6,12.4,37,31,Good,Medium,3,No,37678-64140
SUV,8,169102,89,2640,38,13.1,12.0,45,29,Good,Medium,9,No,55507-180000
Sedan,9,81048,90,2479,36,15.2,12.5,29,36,Moderate,Low,6,Yes,38546-107380
Sedan,2,50957,88,2694,30,17.0,12.57,29,30,Good,Low,7,Yes,24564-96976
Truck,3,135928,109,2800,21,5.1,12.42,30,34,Moderate,Low,12,No,751-2327
Sedan,4,49316,97,922,40,15.1,11.96,29,28,Good,High,11,No,10923-40669
Hatchback,10,224050,91,1955,31,18.4,12.34,45,33,Moderate,Low,8,No,47107-95311
SUV,1,62359,94,1237,30,11.3,12.39,25,36,Good,Low,8,No,81559-134091
Sedan,11,195697,101,2099,36,17.8,12.12,45,35,Good,Low,8,No,53354-180000
SUV,7,177154,101,1807,28,10.3,12.3,27,31,Good,High,3,No,11149-39077
Hatchback,11,97645,96,801,41,22.6,12.14,25,29,Worn,Medium,5,No,46509-71717
Hatchback,8,42430,96,1693,33,14.5,12.31,33,28,Moderate,Medium,3,No,21122-81016
Truck,8,111128,107,2197,30,7.2,12.23,26,33,Good,Low,12,No,7821-31763
Truck,4,25890,99,2074,25,8.5,12.79,35,30,Moderate,Medium,4,No,21155-62971
Hatchback,5,48668,91,1962,46,18.2,12.31,31,31,Moderate,Low,5,No,49682-167546
Sedan,6,150383,95,2552,40,14.0,12.58,41,28,Good,Medium,6,Yes,48046-128450
Hatchback,8,246227,94,3278,35,16.4,12.72,37,31,Moderate,Low,3,No,57709-109329
SUV,2,210110,101,2080,43,12.0,12.07,45,31,Worn,Low,5,No,40262-158247
Hatchback,6,95697,87,3007,35,14.6,12.45,28,32,Good,Low,6,No,22304-180000
Sedan,12,112422,97,1951,40,13.8,12.05,39,32,Good,High,12,No,13919-24637
Hatchback,1,64690,88,3298,33,20.6,12.29,36,33,Moderate,Low,12,Yes,44331-67029
Truck,4,222511,99,1277,17,8.0,12.61,41,30,Good,Medium,5,No,7738-13658
SUV,1,10665,92,1466,30,14.0,12.79,40,32,Good,Low,2,No,60286-119526
SUV,7,232856,91,2418,28,11.1,12.39,45,35,Moderate,Low,2,Yes,87058-132898
Hatchback,8,163922,83,3278,42,20.1,12.11,33,30,Critical,Medium,5,No,43194-72252
Truck,3,5199,103,1656,24,7.7,11.79,31,29,Good,Low,6,No,41311-129371
Truck,7,229684,114,3238,33,7.7,12.38,38,31,Moderate,Medium,6,No,7192-24550
Hatchback,3,43227,91,2482,31,17.2,11.87,40,33,Moderate,Low,3,No,39359-87913
Sedan,12,30621,88,2463,41,14.4,12.14,28,32,Worn,Medium,1,No,90672-163450
Truck,4,194751,103,3500,19,10.7,12.06,37,32,Moderate,Low,6,Yes,8969-32199
Truck,10,99799,94,1308,30,5.2,11.72,26,33,Good,Low,3,No,35169-98021
Sedan,6,183549,93,616,39,16.4,12.47,43,31,Worn,Low,7,No,52184-116710
Hatchback,6,118601,93,2068,33,21.8,12.59,44,36,Good,Low,9,No,56393-180000
Truck,8,229730,92,765,22,8.7,12.48,44,36,Good,High,3,No,26554-67156
Truck,1,92699,102,3258,22,8.9,12.19,34,30,Good,Medium,3,No,22750-90678
Truck,10,34905,103,2162,23,7.3,11.88,28,34,Moderate,Low,4,Yes,31537-70679
Truck,5,109663,107,2907,37,7.3,11.88,26,35,Good,High,10,No,20550-35488
Sedan,4,181763,95,3406,34,15.1,12.28,30,32,Good,Medium,9,No,19062-126574
SUV,11,32567,99,949,32,8.9,12.55,42,29,Good,High,5,Yes,21475-35067
SUV,3,232792,92,2901,35,10.6,12.74,37,33,Good,Low,9,No,60785-180000
Sedan,12,152091,87,3225,40,12.6,11.91,35,33,Moderate,Medium,7,No,20767-167634
Hatchback,12,230218,98,2656,42,16.2,12.68,25,29,Good,Low,9,No,42360-119864
SUV,7,17679,104,2816,40,8.1,11.75,29,35,Moderate,High,8,No,35803-83123
SUV,11,209094,89,919,28,10.9,12.23,36,34,Critical,Medium,1,Yes,29752-65220
Hatchback,5,19929,98,1381,46,23.0,12.53,28,29,Worn,High,1,No,19320-31858
Sedan,2,129449,87,652,38,17.4,12.66,27,33,Good,Low,1,Yes,77104-157450
SUV,6,221168,104,1261,31,14.2,12.72,29,31,Worn,Low,8,No,47141-93043
Truck,7,138583,115,1185,17,7.2,12.47,26,35,Moderate,High,4,Yes,1361-4167
Hatchback,11,189226,88,3418,37,16.5,11.97,31,34,Moderate,Low,2,No,48072-115402
Sedan,5,219503,85,2649,30,15.9,12.36,26,35,Worn,High,7,Yes,9510-18740
SUV,1,154010,97,2121,24,12.8,11.75,44,32,Good,Low,2,No,48710-140074
Hatchback,5,183493,88,2007,34,15.0,11.78,42,32,Moderate,High,3,No,34988-78500
Truck,7,226625,103,1502,25,5.5,12.5,30,34,Worn,Low,8,No,2031-67074
Hatchback,12,15295,95,1305,33,14.8,12.39,37,29,Good,Low,4,No,48331-93537
Sedan,7,211089,86,1952,36,13.3,12.72,31,35,Good,Low,4,No,67074-180000
Sedan,9,149100,89,2288,32,16.9,12.49,29,31,Moderate,Low,7,No,52628-90902
Truck,1,79339,110,776,32,5.2,12.21,45,34,Moderate,Low,11,No,2205-5963
Truck,12,236037,95,1961,37,4.6,12.67,45,34,Good,Low,11,No,25512-83318
Hatchback,10,225242,90,2405,41,21.4,11.75,33,36,Good,High,2,No,44422-74106
SUV,5,106763,87,708,25,7.1,12.74,32,28,Critical,Low,7,Yes,25181-40945
Truck,7,32926,101,1953,25,7.5,12.16,29,35,Good,Medium,8,No,24809-65689
Sedan,6,139631,101,2824,31,16.1,11.94,25,30,Worn,Low,11,Yes,6226-20336
Truck,7,93162,104,2305,23,8.1,12.14,25,30,Moderate,Low,6,Yes,30004-70700
Hatchback,3,39740,99,3089,43,16.0,12.32,29,36,Good,Medium,1,No,59108-180000
Hatchback,2,93692,82,1570,41,19.0,12.02,26,28,Good,Low,7,No,103193-155323
Truck,5,179955,102,1247,22,3.4,11.92,26,31,Moderate,Low,1,No,47533-121373
Hatchback,11,139938,84,3451,45,20.4,11.9,34,34,Good,High,9,Yes,23734-40424
Hatchback,3,165275,99,1258,40,20.2,12.42,28,34,Good,High,2,No,56238-112822
Hatchback,3,197650,97,2218,45,16.5,12.11,36,36,Good,Low,4,Yes,36949-127769
Truck,5,247996,103,3164,18,6.0,11.77,31,32,Worn,Medium,12,No,3281-16700
Truck,3,45053,107,3048,30,7.9,12.17,26,28,Good,Low,3,No,19830-83269
Hatchback,12,55992,92,847,41,19.9,12.08,30,32,Moderate,Medium,6,No,39152-73204
Sedan,2,144973,92,1370,33,13.4,12.43,44,34,Critical,Medium,6,No,27088-40780
Sedan,6,10729,85,2025,35,12.1,12.29,44,34,Critical,High,1,No,6648-26076
Hatchback,12,69359,92,1571,43,15.0,12.08,37,34,Moderate,Low,11,No,53893-124887
Truck,11,237087,101,1994,28,9.1,12.32,33,33,Good,Low,5,No,46957-71823
SUV,11,131794,103,1037,28,11.8,12.61,32,36,Worn,Medium,9,No,47943-83271
Hatchback,9,21145,86,2739,44,15.4,12.09,34,28,Good,Low,1,No,68173-107661
SUV,4,23473,96,3384,39,8.9,12.33,38,30,Good,Low,6,No,73882-180000
Sedan,2,195985,88,931,39,17.7,12.57,29,32,Critical,Medium,11,No,16740-39544
Sedan,1,194390,90,2557,29,16.7,11.85,41,33,Moderate,High,6,No,25977-54523
Truck,7,165032,100,1952,31,7.2,12.16,43,31,Good,Medium,1,No,30612-99720
Sedan,7,193342,100,1044,28,17.1,12.24,32,31,Worn,High,3,No,12380-41844
Truck,8,149986,108,1780,32,8.4,12.14,39,35,Good,Low,2,Yes,14089-51815
Hatchback,4,96715,96,2300,37,18.6,12.64,27,34,Moderate,Medium,11,No,27605-85287
SUV,7,17380,92,689,39,6.9,11.75,39,36,Critical,Low,7,No,57311-97387
Hatchback,9,185781,97,995,42,17.0,11.8,25,31,Good,Low,5,No,60916-180000
SUV,2,79626,95,2172,31,9.2,12.38,32,30,Moderate,Low,6,Yes,41688-133614
Hatchback,1,136694,91,3161,38,15.8,12.59,39,28,Good,Low,11,No,32171-166320
SUV,6,25848,100,3397,37,10.2,12.29,43,36,Critical,Low,7,No,40690-64318
Truck,11,189522,105,1581,33,3.2,12.7,35,36,Worn,High,2,No,8699-19207
SUV,5,58065,89,659,33,8.4,12.43,28,34,Moderate,Medium,1,No,49018-139136
SUV,8,20906,88,1199,33,10.1,12.25,40,29,Good,Low,10,No,64306-142984
Truck,9,11856,105,1601,33,7.2,12.47,38,35,Worn,Medium,1,Yes,21747-33221
Truck,11,229755,94,2262,31,9.6,12.03,42,34,Critical,Medium,9,No,6832-20620
Hatchback,5,40006,82,2822,38,21.6,12.25,30,35,Good,Medium,10,No,67119-137317
Truck,12,142103,99,1067,25,8.3,12.55,31,34,Worn,Low,6,No,30335-54727
Truck,7,197801,106,1058,20,8.2,12.35,28,33,Critical,High,4,No,1407-3233
SUV,7,166822,100,2855,39,9.5,11.74,28,30,Worn,Low,4,No,52432-180000
Sedan,4,192803,94,1694,37,11.7,12.31,42,28,Critical,Medium,6,No,31773-77161
Truck,3,25236,109,3265,30,7.7,11.74,29,33,Moderate,Low,8,No,6984-27100
Sedan,7,177691,84,3171,37,18.4,12.18,30,34,Critical,Low,10,No,40996-94512
SUV,9,143132,100,759,32,12.0,12.7,31,30,Good,High,5,No,4381-59747
Sedan,2,244289,88,1549,26,13.3,12.02,43,36,Moderate,Low,12,Yes,33252-57234
Truck,4,184624,98,2731,25,5.3,12.41,33,28,Moderate,Low,4,Yes,38194-63230
Truck,6,213291,97,3009,20,7.0,11.86,44,34,Good,Low,5,Yes,12328-33608
Truck,7,88276,104,1990,27,3.1,12.61,28,28,Good,Medium,11,No,16194-40933
SUV,11,155811,102,2593,34,13.7,12.75,45,28,Good,Medium,8,No,44212-124422
Truck,3,158217,105,3031,20,8.5,12.7,25,33,Good,High,5,No,4166-10168
Hatchback,2,20287,96,1143,34,14.8,12.05,36,29,Moderate,Low,9,No,45415-110985
Sedan,7,83161,96,1190,30,14.7,12.58,40,34,Good,Low,10,No,39962-110864
Hatchback,5,117801,89,3499,47,19.2,11.75,35,30,Good,Medium,9,Yes,40003-63103
Truck,7,109270,97,2483,24,10.5,12.77,30,32,Good,Low,4,No,34819-91581
Sedan,1,229049,92,684,33,16.6,12.59,38,32,Good,High,12,No,13216-24604
Truck,8,128974,105,3222,27,5.5,12.04,32,29,Worn,Medium,10,No,11718-84541
Truck,5,121721,106,2277,36,6.4,12.03,35,36,Critical,High,9,No,440-818
Sedan,4,187684,88,1497,28,15.5,12.39,27,36,Moderate,High,4,No,15424-42574
Truck,1,143390,100,1502,28,7.2,12.67,44,30,Worn,Low,1,Yes,10784-40986
Truck,4,165819,97,1726,32,8.5,12.35,36,35,Good,Low,6,Yes,7313-98442
Hatchback,10,134022,93,2268,37,19.5,12.29,37,31,Good,High,9,Yes,42992-70734
Truck,9,147665,103,3016,31,9.7,12.38,28,30,Good,Low,3,No,47536-99526
Hatchback,1,210192,96,3111,43,14.6,11.81,38,31,Good,Low,1,No,48497-170353
Hatchback,7,32729,93,2301,33,13.7,12.23,44,29,Good,Low,2,No,55834-180000
Hatchback,8,142159,85,1250,38,22.6,12.11,32,35,Good,Low,9,Yes,41946-164234
Sedan,6,104598,99,1477,42,12.9,11.89,33,35,Critical,Medium,10,No,42921-68189
SUV,9,75152,94,3099,30,14.4,12.13,30,29,Good,Low,3,No,42813-157327
Truck,3,130166,106,1420,21,6.4,11.89,37,28,Worn,Low,6,No,6920-15272
Sedan,4,97981,95,1432,29,16.3,12.52,31,35,Good,High,4,No,33484-67306
Truck,8,199937,100,3155,23,5.5,12.12,44,33,Good,Low,2,No,44356-113188
Truck,8,73750,113,2812,21,5.4,11.97,39,33,Worn,Medium,2,No,8102-13046
Hatchback,8,167347,87,2522,46,17.4,11.81,41,31,Worn,Medium,11,No,25425-89805
SUV,5,138416,98,2405,37,11.2,11.88,36,28,Worn,High,7,No,7920-81274
Hatchback,1,14246,90,833,45,18.2,11.81,36,32,Good,Medium,11,No,47773-122733
SUV,7,91723,95,3350,26,7.4,11.91,30,32,Good,High,10,No,14157-48233
Sedan,2,218651,91,1196,39,13.1,12.41,34,33,Moderate,Low,11,No,39697-87933
Truck,3,10110,109,2137,31,5.1,11.89,32,34,Good,Low,4,No,18789-48411
Hatchback,8,229403,93,3018,47,20.6,12.68,30,36,Worn,Low,12,No,50127-105201
SUV,6,60071,100,2989,40,7.6,12.64,33,36,Good,Low,4,No,70916-180000
Truck,12,174644,100,798,35,9.0,12.49,39,33,Good,Low,8,No,42496-73870
Hatchback,3,198140,95,609,43,16.3,12.46,31,36,Good,Low,6,No,38478-148624
Hatchback,9,123132,97,1723,36,15.5,11.73,36,35,Good,Medium,5,No,31404-86666
Hatchback,12,28157,92,3250,42,20.1,11.8,31,34,Worn,Medium,1,Yes,44402-83804
SUV,7,146808,97,2581,32,8.6,12.26,43,31,Good,Low,9,No,49291-140655
Truck,12,23078,105,2263,18,8.2,12.72,42,29,Moderate,Medium,9,No,12506-41624
SUV,3,17997,103,1306,30,12.5,12.34,31,31,Moderate,High,5,No,44297-73677
Truck,3,178962,109,639,30,6.3,11.84,40,34,Moderate,High,8,No,3767-8775
Truck,3,30213,101,2833,33,9.6,11.94,26,28,Worn,Low,2,No,29655-97101
Truck,3,161826,113,3001,36,8.5,11.76,42,35,Good,Low,8,No,10790-40198
Sedan,10,124911,93,1998,34,17.9,12.67,44,31,Good,Medium,3,No,47237-89067
Truck,10,22045,99,1961,33,8.9,12.36,37,28,Good,High,5,No,8731-16539
Truck,2,36889,109,1977,36,4.4,12.63,26,29,Critical,Low,9,No,8100-15846
Hatchback,4,183442,89,1633,43,16.5,12.45,45,29,Good,Medium,4,No,55923-180000
Truck,10,16893,93,1670,28,9.1,12.24,31,35,Good,Low,11,Yes,43817-68021
Truck,7,247789,112,1537,31,7.3,12.1,27,31,Moderate,Low,12,No,7361-12357
Truck,7,84906,106,2189,25,3.2,12.48,37,30,Moderate,High,5,No,2359-3935
Hatchback,2,144629,94,3169,32,18.5,11.97,36,33,Critical,Medium,8,No,22095-44283
Truck,4,169935,94,2616,19,5.9,12.24,36,36,Good,Medium,9,No,44923-69849
SUV,3,238125,101,1243,35,11.7,12.35,45,34,Critical,High,1,Yes,16057-27851
SUV,5,79009,103,2358,27,13.0,12.08,42,30,Good,Medium,1,No,65380-139510
Sedan,10,230838,92,1709,27,16.1,12.32,35,35,Good,Medium,6,No,17059-124494
Truck,1,173634,104,2075,28,10.0,12.15,28,29,Good,Medium,3,No,21563-46939
SUV,9,9279,99,650,35,13.4,12.14,44,30,Worn,Medium,5,No,67068-104362
Sedan,12,185729,99,3015,39,16.7,12.76,45,30,Worn,Low,2,Yes,44856-103638
Hatchback,5,93465,87,2744,43,16.6,12.67,36,31,Good,Medium,1,No,50838-180000
Sedan,12,146251,86,2343,35,14.7,12.45,36,35,Good,Medium,6,No,28815-91381
Sedan,1,99016,90,1436,33,13.9,12.26,26,28,Good,Low,12,Yes,28350-49550
Truck,6,159804,95,3278,27,6.1,12.7,28,33,Good,Low,9,No,65883-106359
Hatchback,1,37060,89,2945,41,21.6,12.78,25,30,Worn,Low,6,No,17376-180000
Truck,5,119140,105,618,31,9.3,11.8,36,34,Good,Low,5,No,47781-71949
Hatchback,2,98211,89,1616,32,16.6,11.97,43,35,Good,High,8,No,34828-71646
SUV,2,168040,98,3276,38,8.5,12.41,29,34,Worn,Low,8,No,76759-180000
Truck,3,45404,94,2481,37,9.2,12.54,38,28,Good,Low,4,No,73976-180000
Sedan,12,32601,102,1734,37,18.9,12.03,45,28,Good,Medium,1,No,52151-173667
SUV,11,26957,97,2094,28,10.2,12.75,32,30,Worn,Medium,2,Yes,28264-108002
Hatchback,12,206934,83,2781,33,17.9,12.74,29,32,Worn,Medium,1,Yes,36828-84340
SUV,4,39632,94,3041,43,12.2,11.72,36,34,Moderate,Low,5,No,99357-163545
Hatchback,4,204059,84,2476,46,21.5,12.66,44,29,Worn,High,3,No,8727-93543
Hatchback,8,241041,88,2266,37,17.2,12.47,37,31,Good,Low,7,No,10923-180000
Sedan,12,24515,88,3123,38,18.4,11.95,33,30,Good,Low,7,No,78295-118045
Truck,8,204530,98,1600,22,6.9,12.17,42,36,Moderate,Low,2,Yes,31758-59342
Truck,11,64185,105,1711,31,4.8,12.52,26,33,Good,Low,8,No,40267-78691
SUV,12,178277,104,3479,24,8.0,11.7,25,30,Critical,High,10,No,6722-17758
Truck,12,70332,110,2628,17,6.7,11.89,42,29,Good,High,2,No,2260-5638
Hatchback,9,12312,96,3138,43,18.5,11.82,44,36,Good,Medium,6,No,33735-73767
Truck,7,87839,95,1513,25,5.1,12.53,37,33,Moderate,Medium,3,No,19711-35631
Hatchback,8,161519,93,2589,40,16.4,12.33,28,29,Worn,Low,8,No,62148-160212
SUV,8,136319,91,2266,32,10.4,11.97,33,36,Worn,Medium,11,No,16416-36826
Sedan,12,153509,91,1191,38,16.3,12.54,28,35,Good,Low,12,No,14692-145325
Hatchback,6,98118,97,2338,41,18.8,12.15,37,35,Moderate,High,12,Yes,2799-6879
Hatchback,8,180119,91,2611,30,21.8,12.34,30,28,Moderate,Low,8,No,44599-121521
Sedan,4,164153,95,3377,28,11.9,11.89,33,36,Good,Medium,4,No,41875-82451
SUV,4,8060,94,983,39,8.8,12.49,41,28,Good,Low,7,No,54756-135762
Hatchback,5,21312,84,1971,32,18.1,12.17,26,28,Moderate,High,12,No,14127-42571
Sedan,12,215703,98,892,27,10.7,11.87,34,34,Good,High,5,No,28431-60573
Hatchback,10,104028,89,3435,38,16.8,12.51,26,35,Good,High,1,No,60096-101154
Truck,11,81625,111,2560,27,8.5,11.99,39,31,Moderate,High,4,Yes,2275-3547
Hatchback,4,116189,95,971,45,16.8,11.82,30,36,Good,Low,9,No,84429-130785
Sedan,7,22602,93,1208,40,14.1,12.41,27,33,Good,High,4,No,62781-116323
Truck,11,144483,106,1410,21,9.0,12.06,27,36,Critical,Low,5,No,1122-3112
Truck,1,196263,111,1341,21,10.6,12.76,40,31,Moderate,Low,2,No,23654-35486
Sedan,1,197091,88,2111,40,15.8,12.69,33,32,Good,Low,2,Yes,57222-180000
Sedan,7,24981,85,1744,27,14.0,11.86,35,35,Moderate,Low,11,Yes,31142-84974
SUV,8,172255,98,2474,26,9.0,11.73,34,30,Critical,Medium,6,No,19435-61777
Sedan,8,42848,90,1606,36,17.2,12.44,35,28,Worn,Medium,12,No,25844-70508
Hatchback,4,83346,91,1222,35,20.0,12.16,37,34,Good,Medium,2,No,89496-180000
Hatchback,6,92946,91,1599,44,18.8,12.29,36,29,Moderate,Medium,1,No,79028-133030
Truck,10,5079,98,1444,28,8.6,12.5,25,29,Worn,Low,9,No,22639-76765
Hatchback,11,91513,88,2372,42,14.8,11.84,43,30,Moderate,Low,10,No,70470-180000
Hatchback,5,98408,97,1062,42,21.4,12.16,45,31,Moderate,Low,12,No,29404-85936
Sedan,7,201977,85,2388,41,16.6,12.34,34,36,Good,Medium,12,No,46838-85036
Truck,2,132354,103,1525,25,4.3,12.01,34,31,Moderate,Low,2,No,47493-83791
SUV,10,222369,96,1481,26,12.2,12.76,38,35,Good,Low,1,No,26994-180000
Sedan,7,145928,92,2685,42,18.0,12.77,34,31,Critical,Medium,4,No,34814-74892
SUV,5,8036,95,2931,35,8.1,12.25,44,32,Moderate,Medium,1,No,62579-97985
Truck,4,185968,108,1856,23,8.7,12.33,32,34,Good,Medium,9,Yes,10758-24912
Hatchback,12,90519,98,3345,36,21.2,12.27,26,33,Worn,Medium,7,No,51463-115281
Hatchback,3,48512,94,2968,41,22.1,11.99,45,36,Critical,High,1,No,22767-42719
Truck,6,21645,94,2315,27,5.0,12.79,30,30,Good,Medium,2,No,23175-79971
SUV,8,92990,93,812,28,12.8,12.56,35,31,Moderate,Medium,8,No,49864-86188
Truck,1,170623,113,604,27,9.0,11.89,28,33,Critical,High,4,No,1169-2791
Hatchback,7,244695,94,2652,40,15.6,12.71,43,35,Moderate,Low,10,Yes,33019-107207
Truck,6,91484,98,643,26,7.0,12.7,33,29,Good,Low,10,No,62864-114498
Sedan,8,35250,93,3143,39,11.3,12.53,35,34,Good,Low,9,Yes,92496-180000
Hatchback,5,144720,93,1021,38,21.4,12.66,34,29,Good,Medium,3,No,72963-119569
Truck,12,42243,113,1784,33,4.4,12.41,45,33,Critical,Medium,9,No,5551-11939
Sedan,2,173356,101,2603,31,17.3,12.4,32,29,Critical,Medium,11,No,4879-14012
Sedan,11,36733,101,2619,33,13.8,12.52,29,29,Good,Medium,6,Yes,18888-50788
Hatchback,3,219654,99,1403,34,22.9,11.97,44,28,Good,Medium,11,No,31870-62836
Hatchback,9,20388,85,1920,35,22.1,12.19,27,29,Good,High,12,No,12142-33768
Sedan,6,34087,87,910,36,15.5,12.32,40,35,Good,Medium,1,No,84815-180000
Hatchback,8,74731,94,2953,44,19.1,12.5,25,36,Good,Low,4,No,58254-156782
Sedan,8,192924,87,1433,31,14.9,12.09,31,33,Good,Low,4,No,56874-180000
Hatchback,7,197365,91,3424,34,17.0,12.36,39,29,Worn,Medium,10,No,31425-82685
Sedan,8,101664,89,2817,41,14.4,12.62,29,33,Moderate,Medium,10,No,56760-106720
SUV,12,84355,90,1123,38,11.5,11.9,30,32,Good,High,7,Yes,29138-104946
Truck,9,134047,99,3311,31,5.7,12.16,29,30,Moderate,Medium,11,No,13809-37897
Sedan,3,197579,95,2585,31,14.7,11.88,42,28,Good,Low,3,No,36190-101460
Truck,11,48467,100,1352,22,6.2,12.64,28,28,Good,Medium,11,No,12007-28909
Truck,4,66130,98,2828,22,6.5,12.66,31,35,Moderate,High,6,No,12977-24733
Hatchback,7,129382,93,2782,39,17.0,12.47,32,34,Critical,Medium,12,No,13544-21822
Truck,2,63098,102,768,36,9.1,11.92,35,34,Good,High,2,No,17659-38625
Hatchback,9,203702,90,2555,30,15.1,12.67,33,29,Good,Low,11,Yes,18793-34173
Sedan,9,236259,99,3362,40,18.3,12.23,31,33,Worn,Low,2,No,62217-180000
Truck,4,61126,101,1117,37,9.4,12.03,31,35,Critical,Low,7,No,22348-73508
Hatchback,12,46172,91,1572,32,13.2,12.23,30,30,Moderate,Low,1,No,37068-180000
Truck,9,95901,102,1725,20,4.0,12.54,30,28,Good,Low,3,No,13170-51038
Sedan,2,212159,88,3411,30,15.7,11.89,29,29,Good,Low,5,No,76104-135208
SUV,2,90546,102,2905,29,10.0,11.89,37,30,Good,Low,3,Yes,56790-112010
Truck,1,51326,104,2384,21,7.1,12.38,44,35,Good,Low,12,No,11822-39396
Truck,2,154671,102,852,23,7.4,12.72,42,28,Critical,Low,1,No,36936-62494
Hatchback,9,242151,88,2820,31,22.8,12.3,25,32,Good,High,4,No,13667-59455
Truck,8,215306,93,3027,34,8.9,12.63,42,29,Critical,High,6,No,2901-5137
SUV,2,17342,101,3211,40,12.7,12.78,26,34,Good,Low,10,No,70954-170268
Hatchback,1,39199,89,1663,38,16.1,12.35,45,36,Worn,Low,8,No,49223-110839
Truck,7,219712,103,2753,23,4.0,12.19,29,31,Good,Low,6,No,40595-67879
SUV,11,41181,88,2315,29,14.2,12.16,32,28,Good,Low,3,No,72278-116180
Truck,3,115416,108,903,32,8.8,12.39,30,32,Worn,Medium,10,No,17285-34345
SUV,1,128684,103,2065,34,10.4,12.26,40,35,Good,Medium,1,No,65349-180000
SUV,3,237070,98,803,31,8.8,11.8,34,35,Moderate,Low,8,No,35970-74364
SUV,12,172750,99,3355,38,7.7,12.24,30,35,Good,Low,4,Yes,75105-126427
Hatchback,8,206291,92,1393,41,18.8,11.77,26,29,Good,High,5,No,29031-75989
Hatchback,3,91839,91,1975,40,17.5,11.86,29,29,Good,Low,7,Yes,87661-166743
SUV,3,146394,95,2177,32,7.5,12.66,26,32,Good,Low,2,No,39494-134712
Sedan,12,116114,88,3415,40,15.3,12.78,40,34,Good,Medium,1,No,41049-161743
Hatchback,10,191733,86,1669,48,20.3,12.11,32,29,Good,Medium,12,No,32228-102672
Truck,5,56400,96,2616,35,3.7,12.0,42,33,Critical,Low,5,Yes,19949-31215
Sedan,3,152342,101,2140,40,12.7,12.59,25,30,Good,High,10,No,31923-60089
Hatchback,1,171981,96,2557,41,20.1,12.59,29,29,Critical,Low,6,Yes,40823-72495
SUV,2,191882,97,1562,35,12.3,12.32,29,34,Critical,Low,6,No,39552-64640
SUV,8,149043,99,1001,40,14.5,12.24,39,36,Worn,Low,9,No,74059-147105
SUV,4,83840,107,1997,23,11.3,12.11,37,28,Moderate,Low,1,No,27690-84462
SUV,2,150464,102,1636,24,13.2,11.78,26,32,Good,Medium,3,No,31535-96591
Truck,12,232256,98,3440,27,8.3,12.11,37,28,Good,Medium,9,Yes,16954-37862
Sedan,12,92346,88,2256,33,16.0,12.21,29,36,Moderate,Medium,8,No,41479-73059
Truck,3,92243,108,2868,25,7.3,11.75,25,31,Good,Low,7,No,24639-42753
Hatchback,5,105691,98,1998,27,21.4,12.4,32,35,Good,Medium,2,No,34163-103277
Hatchback,10,235110,88,2218,36,16.6,12.03,44,36,Worn,Low,10,No,47930-180000
Sedan,12,85305,94,3310,30,13.2,11.91,37,34,Good,High,10,No,14380-40404
Truck,6,142256,103,2184,24,6.3,12.26,44,35,Good,Low,2,No,57136-118408
Truck,2,209550,109,1202,36,3.8,11.77,29,33,Good,Low,2,No,57208-92960
Sedan,7,176746,84,2595,26,16.6,12.42,27,31,Good,Medium,11,No,24411-79483
Truck,1,26482,97,1975,31,10.5,12.64,45,29,Worn,Low,6,No,20161-35951
Sedan,9,206468,91,2614,37,14.3,12.49,34,28,Moderate,Low,5,No,63714-134884
Truck,5,195007,106,2258,18,8.8,11.76,40,33,Critical,Low,9,No,874-1358
Truck,1,182360,104,3210,24,8.0,12.24,36,31,Good,Medium,1,No,37929-87993
Sedan,10,104063,84,2982,43,14.2,12.6,28,28,Good,High,12,No,30611-52903
Hatchback,4,134261,89,2588,28,18.1,11.94,25,30,Worn,Low,9,No,65486-108294
Truck,1,248413,103,1021,21,2.7,11.8,44,29,Moderate,High,2,Yes,3513-10113
Hatchback,6,21979,87,3453,44,14.5,12.25,38,34,Moderate,High,5,No,10933-68022
Truck,11,27454,106,1167,35,7.6,12.05,40,32,Critical,Medium,8,No,6264-17716
Truck,9,102626,114,3036,20,8.5,12.76,28,29,Moderate,High,6,Yes,1169-2057
Truck,8,62296,105,914,24,6.8,12.65,45,35,Moderate,Low,6,No,16204-42038
Hatchback,9,143476,88,1163,32,21.9,12.42,36,29,Good,Low,11,No,38381-105303
Truck,12,149608,112,2456,27,5.0,12.42,32,30,Good,Low,2,Yes,27507-84693
Truck,4,65893,103,2550,32,10.2,12.49,26,32,Critical,Low,7,No,7856-28462
Hatchback,1,61694,86,1607,45,13.2,12.55,29,28,Good,Low,5,No,22329-180000
Sedan,8,44046,92,787,27,13.4,12.05,31,34,Good,Low,3,Yes,60574-104626
SUV,2,193529,88,2243,40,10.4,11.83,43,29,Moderate,Medium,3,No,48828-180000
Truck,12,78235,103,3434,28,5.5,11.92,34,35,Worn,Medium,5,Yes,23975-35989
Truck,2,22062,112,2549,17,9.1,12.38,37,31,Moderate,Low,8,No,3095-11655
Hatchback,1,166296,87,1782,43,19.7,12.53,35,32,Moderate,Low,2,No,65389-180000
Truck,9,71554,101,1218,36,9.4,12.02,40,36,Good,High,6,No,26796-76618
Truck,10,18647,102,3336,26,8.4,12.16,28,28,Worn,Medium,8,No,29196-86895
Hatchback,8,241346,86,3331,39,14.7,11.83,29,28,Good,Low,4,No,51253-176513
Hatchback,7,145916,93,2357,28,15.3,12.0,40,32,Worn,Medium,6,No,51862-122034
Truck,4,9929,108,2854,25,5.1,12.65,37,30,Good,Medium,11,No,7293-16177
Hatchback,3,133327,90,1545,46,13.7,11.87,40,35,Good,Medium,4,No,13890-180000
Truck,1,212835,98,2538,22,8.4,12.25,32,30,Good,High,12,No,2471-3789
Truck,11,166652,115,1288,29,5.1,11.91,29,35,Moderate,Low,8,Yes,3787-29199
Sedan,7,6122,95,3397,33,17.9,12.59,44,32,Critical,Medium,3,Yes,13650-36452
SUV,3,86098,103,1602,39,10.4,12.12,31,29,Good,Medium,8,No,51492-157366
Truck,9,43003,99,2769,27,6.3,12.11,36,33,Good,High,6,No,5452-15340
SUV,5,150876,103,2591,38,8.8,12.33,31,32,Good,Low,8,No,65943-180000
Hatchback,5,239989,93,2009,41,16.9,12.3,35,34,Good,Low,11,No,49944-107418
SUV,1,178567,96,1702,39,8.3,11.76,31,30,Good,Medium,1,No,67879-113531
SUV,11,9116,97,1698,30,11.5,11.95,35,30,Worn,Low,8,Yes,51335-98879
SUV,10,28794,102,1655,34,11.4,12.18,27,30,Good,Low,4,No,89903-135037
Hatchback,2,158499,92,2554,41,17.7,12.59,35,35,Good,Low,7,No,59333-145021
Truck,6,84148,111,707,24,5.7,11.79,43,36,Moderate,High,4,No,3902-15380
Hatchback,9,151838,94,1154,33,14.8,12.53,38,34,Moderate,High,5,No,17636-38414
Sedan,5,228035,100,3119,38,14.4,12.65,33,32,Worn,Medium,1,Yes,43730-75154
Sedan,1,118680,86,1365,32,16.5,12.48,27,30,Good,Medium,3,No,40181-60507
Truck,7,15675,101,2537,27,6.8,12.57,38,35,Critical,Low,7,Yes,4149-30554
Hatchback,9,212288,98,672,42,17.7,12.37,31,28,Worn,Medium,10,No,43946-67758
Truck,5,15240,104,3460,27,8.0,12.28,30,36,Critical,High,3,No,5280-11624
Hatchback,3,77188,95,2254,30,16.3,11.81,41,33,Good,Medium,12,No,22185-69121
Sedan,10,17613,96,785,42,14.4,11.87,26,35,Moderate,Low,5,No,31926-97780
Sedan,1,79146,92,2938,33,14.2,12.27,37,36,Moderate,High,7,No,29250-48222
Truck,10,236652,110,2347,21,7.5,12.44,29,35,Moderate,High,10,No,1332-3036
Truck,4,27871,92,2348,33,7.1,12.77,43,29,Good,High,8,No,22534-85414
SUV,3,14146,100,2577,35,8.3,12.55,25,32,Moderate,Low,10,No,34628-94422
Sedan,7,64243,90,1134,37,12.9,11.86,25,31,Good,Medium,9,No,36413-123889
Hatchback,10,169235,85,1362,35,13.8,12.06,36,28,Good,Low,4,No,37752-180000
Sedan,5,48590,85,2699,35,17.5,11.79,27,35,Moderate,Medium,2,Yes,33473-83553
Hatchback,8,59977,95,3329,30,16.3,12.7,43,32,Good,Low,10,No,39592-66166
SUV,4,90452,95,1279,28,9.8,12.43,28,35,Critical,Low,6,No,29784-78154
SUV,5,110486,93,2287,27,8.9,12.78,36,28,Moderate,Low,1,Yes,49811-127161
Truck,1,143384,108,1177,23,8.7,12.03,41,34,Good,Low,1,No,3637-112469
Hatchback,8,109335,93,893,34,21.3,12.44,41,35,Good,Low,8,No,84506-131602
SUV,3,218126,101,3440,34,11.0,12.26,29,32,Moderate,Low,6,No,51129-90191
Sedan,5,105186,97,822,34,15.9,12.4,31,29,Good,High,4,No,18881-54925
Truck,8,173231,94,2923,21,4.9,12.23,41,33,Good,Low,9,Yes,15233-53421
Hatchback,3,10020,88,2085,35,13.3,12.07,45,31,Good,Medium,10,No,27387-107108
Hatchback,11,153621,99,1581,34,18.3,12.41,42,32,Moderate,Low,12,No,35926-59678
Sedan,7,103766,98,2075,25,16.2,12.08,40,33,Good,Low,7,No,50799-89263
SUV,6,44906,90,1753,34,15.0,12.36,38,34,Good,Medium,3,No,47658-122674
SUV,11,44121,92,3328,27,8.6,12.01,32,32,Good,Low,11,Yes,23241-83907
Hatchback,1,189096,92,1271,39,16.2,12.55,45,36,Good,Low,7,No,68804-170052
Sedan,1,238070,88,794,27,12.7,11.75,33,32,Worn,Medium,9,No,13255-107273
Truck,2,188581,95,1369,26,8.6,11.8,30,32,Good,Medium,9,No,29523-57941
SUV,10,71505,98,2497,39,14.0,11.98,43,32,Moderate,Low,1,No,48463-123457
SUV,11,74158,102,3489,30,10.0,12.07,34,31,Moderate,Medium,12,No,36020-75708
SUV,1,146826,104,2849,34,11.6,12.23,38,34,Good,Low,7,No,51485-180000
Hatchback,9,113554,96,2553,31,18.6,12.63,29,29,Worn,Medium,3,Yes,20020-36476
SUV,3,214785,106,2566,38,13.5,12.09,37,28,Moderate,Low,5,No,52471-103695
SUV,5,229459,104,2632,27,12.9,12.39,26,36,Good,Medium,9,No,59990-92034
Truck,4,213330,105,2933,28,5.7,12.25,33,31,Good,Low,2,No,42498-81058
SUV,10,26789,96,1162,25,11.2,12.18,45,30,Moderate,High,8,No,22414-74814
Hatchback,1,209372,91,2992,42,16.0,11.94,44,28,Worn,High,12,No,15431-27665
Sedan,11,114928,84,1986,33,15.6,12.57,28,28,Good,Low,6,Yes,9345-112344
Sedan,8,88796,95,2381,33,15.8,12.42,30,33,Moderate,Medium,10,Yes,32393-76093
Sedan,12,181256,95,1838,26,17.3,11.81,30,35,Critical,Medium,2,No,12178-45176
SUV,11,244406,103,2654,38,13.3,12.77,31,32,Moderate,Low,12,No,64562-111538
Truck,8,229673,99,1913,28,8.4,12.12,25,33,Good,Low,1,Yes,27303-133982
Sedan,6,182095,90,676,40,15.1,11.99,31,30,Good,Medium,12,No,40361-137237
SUV,9,126796,91,2784,31,13.3,11.95,44,34,Good,High,6,No,39811-121637
Truck,5,199580,103,2639,31,9.0,12.75,42,29,Moderate,Medium,2,No,15324-39402
Hatchback,12,79545,91,3003,37,13.7,12.27,27,35,Good,Low,4,No,55145-180000
SUV,1,137911,93,1055,27,8.4,12.02,35,28,Good,Low,11,No,49304-78766
SUV,11,13247,98,818,38,10.1,12.06,32,28,Good,Low,3,No,39051-150855
Hatchback,3,64783,86,2387,33,16.3,12.54,37,31,Good,Low,9,Yes,28431-85357
Sedan,1,103484,95,2176,31,14.1,12.42,40,31,Moderate,Low,10,No,36604-129008
Hatchback,12,131829,93,1788,36,19.4,11.88,41,35,Good,Low,2,No,5515-180000
Hatchback,7,44044,90,1787,31,20.7,11.81,33,32,Moderate,Medium,12,No,25380-65854
Sedan,11,240396,83,937,40,15.2,11.99,32,35,Moderate,Low,1,No,54793-180000
Truck,10,54553,103,2169,20,5.4,12.12,43,36,Good,Medium,7,Yes,9090-45248
Hatchback,4,24203,86,2272,47,16.0,12.42,33,29,Good,Low,12,No,37764-139082
SUV,12,200262,95,1872,41,9.1,12.65,31,33,Worn,Low,10,No,58321-125057
Truck,9,227503,113,1014,22,5.2,12.44,30,35,Moderate,Low,7,No,9228-24156
Sedan,8,86516,92,1156,25,15.6,12.63,43,28,Good,Low,1,Yes,80335-180000
SUV,10,86236,92,1518,26,7.5,12.25,26,33,Good,Medium,5,No,28564-180000
Sedan,7,47693,84,1100,38,12.7,12.69,44,29,Critical,Medium,6,No,30871-63681
SUV,1,203134,95,780,34,10.6,12.8,41,31,Worn,High,12,Yes,4880-16090
Sedan,12,158885,101,2751,29,15.7,11.86,30,31,Good,High,12,Yes,6265-11837
Truck,2,34821,109,3447,22,5.8,12.5,28,28,Moderate,Low,8,No,8339-22011
SUV,11,218679,100,1197,34,11.6,12.5,25,28,Good,Low,6,No,89540-180000
SUV,12,102635,96,2126,35,10.9,12.58,26,28,Moderate,Low,10,No,27868-96108
Truck,7,43283,109,3072,28,3.8,11.93,31,35,Moderate,Low,5,No,8534-30644
Sedan,10,107293,91,3399,30,11.1,12.02,34,35,Moderate,Medium,11,No,19982-53962
Sedan,10,179589,92,2771,45,17.5,12.66,33,28,Moderate,Medium,4,Yes,48430-110192
Hatchback,6,88793,88,1320,36,22.7,12.11,26,34,Moderate,High,3,No,29446-71524
Truck,11,183092,103,1196,31,4.9,12.71,33,33,Moderate,Medium,6,No,31448-72336
Sedan,4,85451,87,2872,40,17.5,12.64,34,34,Moderate,Low,2,No,61279-180000
Hatchback,12,246587,95,3209,36,22.1,12.19,25,29,Good,Low,7,No,53411-180000
Sedan,11,208949,102,3202,38,15.4,12.42,42,36,Good,Low,6,No,33578-180000
Hatchback,2,56776,84,3449,42,13.3,12.33,37,30,Good,Low,10,No,52264-146194
SUV,4,10951,104,1467,28,10.7,12.48,27,35,Good,Low,4,No,78590-120008
Truck,10,164325,110,954,29,7.4,12.47,34,36,Moderate,Low,3,No,7051-21955
SUV,12,40718,91,774,22,9.4,12.7,27,33,Good,Low,2,No,20898-180000
Sedan,9,80022,94,2033,38,12.2,12.33,45,29,Good,Low,2,No,63372-142648
Truck,1,205566,101,1540,31,5.3,12.28,41,31,Worn,High,9,Yes,5482-15870
Hatchback,2,32765,92,3188,31,21.8,12.17,38,32,Good,Low,1,Yes,56342-108834
Sedan,4,162605,87,1279,39,16.9,11.9,42,29,Good,Low,12,No,43660-102102
SUV,12,191043,104,1535,42,8.9,12.61,38,32,Good,Low,5,Yes,54276-168650
Truck,12,122739,105,1940,22,4.8,12.47,30,28,Good,Low,3,No,52393-113259
Hatchback,11,131288,88,3155,34,22.3,12.63,37,35,Good,Low,12,Yes,31300-98026
Sedan,2,100423,93,1694,38,12.2,12.54,25,28,Moderate,Medium,3,No,39607-63575
SUV,9,228937,102,1325,34,8.6,12.64,45,32,Moderate,Low,10,Yes,49292-76252
SUV,10,83000,92,1661,37,11.8,11.77,35,28,Good,Low,11,No,54927-146539
Sedan,7,170247,93,1829,37,15.5,11.78,37,32,Good,High,5,No,56235-100281
Sedan,9,37756,91,3468,37,16.9,11.77,45,36,Moderate,Low,5,No,30480-180000
Hatchback,1,199854,95,1865,45,19.9,12.62,33,35,Critical,High,7,No,5651-45174
Sedan,9,242442,86,3066,39,16.0,11.93,28,31,Worn,Medium,5,No,54543-114249
Sedan,6,203583,94,1732,28,13.3,12.07,25,28,Good,Low,3,No,76685-180000
Sedan,9,57045,96,1280,26,16.0,12.64,44,34,Moderate,Low,8,No,30226-106148
Truck,5,177490,107,2783,19,4.5,12.49,42,34,Critical,Low,7,Yes,852-1782
SUV,3,81172,94,2240,29,11.7,12.52,33,28,Good,Low,11,No,47208-72408
Hatchback,5,204747,95,1851,36,16.6,12.58,36,34,Good,Medium,3,Yes,19467-174786
Truck,2,153672,93,2331,31,5.1,11.77,29,35,Worn,Medium,10,No,43580-75022
Hatchback,7,187534,89,1302,35,20.4,11.89,25,32,Critical,Medium,5,No,14856-58404
Sedan,3,69350,99,2453,34,18.1,12.25,42,36,Good,Medium,12,No,30116-62992
SUV,10,248843,94,1537,35,13.9,12.24,32,35,Good,Low,3,No,54649-180000
Hatchback,8,62140,88,2590,33,19.3,12.44,34,30,Moderate,Low,6,No,54101-108731
Truck,8,32894,105,1931,28,9.1,12.52,31,35,Worn,Low,2,No,45959-72015
SUV,2,122740,102,2122,28,11.6,11.81,45,36,Good,High,1,No,50156-123704
Truck,11,217431,104,1674,26,6.0,12.1,29,30,Good,Medium,3,No,17101-36223
Hatchback,1,155855,90,3094,37,20.1,11.73,28,28,Good,Low,9,No,57481-103059
Sedan,12,244800,95,2077,31,16.6,12.58,39,33,Good,High,3,No,44234-66620
Sedan,5,232951,97,2176,37,12.0,12.63,31,34,Worn,High,12,Yes,2180-4614
Hatchback,6,96496,96,2163,41,19.5,12.05,39,35,Worn,Low,2,No,66129-137531
Truck,2,224981,97,921,34,2.7,12.5,45,36,Good,Low,11,No,17057-46084
Hatchback,3,225640,101,2482,36,21.8,12.8,27,32,Good,High,1,No,26321-76305
Sedan,11,107464,100,1282,33,15.7,12.27,45,29,Critical,High,12,No,257-1748
Hatchback,8,10036,98,1837,31,16.7,12.41,26,30,Worn,High,6,No,10739-26377
Hatchback,10,120433,97,1570,43,20.5,12.46,27,35,Good,Low,1,No,85446-164624
Truck,5,122503,93,3351,19,10.6,11.75,27,33,Good,Medium,3,No,19900-56260
Hatchback,3,79400,92,944,38,16.2,11.92,33,35,Good,Low,12,No,39427-82515
Truck,9,133970,106,2495,18,9.0,12.24,28,29,Worn,High,3,No,547-1175
Truck,10,119868,102,1599,35,5.1,12.37,38,30,Worn,Low,6,No,28471-73755
SUV,10,44121,93,2734,41,10.7,12.72,30,28,Good,Low,5,Yes,44109-180000
Truck,6,170642,110,2597,22,7.1,12.45,25,36,Critical,Low,1,Yes,1201-16308
SUV,1,59671,105,1203,28,12.1,12.38,39,32,Good,Low,8,No,105977-162919
Truck,11,50777,103,1899,21,4.2,12.5,40,33,Worn,Medium,6,No,19715-38415
Hatchback,8,95729,87,1838,39,15.2,12.52,32,32,Good,Low,2,No,42560-164960
Sedan,1,123830,91,1140,41,13.7,12.61,40,33,Good,Medium,5,No,51825-119295
Sedan,4,55940,96,3021,30,12.4,11.92,29,36,Good,Medium,1,Yes,41437-66631
Truck,12,31890,101,2096,29,7.3,12.26,44,34,Critical,Low,8,Yes,3667-45676
Hatchback,8,194458,90,2246,41,13.8,12.31,29,36,Good,Medium,3,No,58307-180000
Sedan,9,165794,97,2037,33,16.8,11.72,29,31,Moderate,Medium,1,No,45130-104790
SUV,3,118169,98,1751,25,11.5,12.04,37,29,Moderate,Low,8,No,55855-105019
Truck,10,182853,103,2998,27,4.6,12.36,26,34,Critical,Low,10,No,16219-24959
Sedan,10,58400,99,2238,36,14.5,12.51,29,32,Critical,Medium,4,No,15686-48660
Truck,8,70561,105,2591,21,4.6,12.57,36,34,Good,High,7,No,7413-12069
Sedan,5,101234,98,1824,38,16.4,11.73,44,35,Good,Low,6,No,108760-166780
Truck,9,78566,106,885,19,6.8,12.61,37,35,Good,Medium,11,No,1171-1841
SUV,6,71030,101,2214,37,8.9,12.51,40,33,Critical,Medium,12,No,15452-26342
Sedan,7,224575,103,2450,33,13.6,12.71,35,36,Worn,Low,2,No,42290-69718
Hatchback,1,111663,91,1989,43,14.5,12.0,39,35,Worn,Medium,1,No,46054-160948
Truck,12,37436,101,1006,23,6.3,12.55,41,32,Good,High,6,No,6101-22915
Hatchback,4,7802,91,803,37,15.3,11.93,25,32,Good,Low,12,No,2406-155026
SUV,2,41836,104,3143,34,8.8,11.92,34,31,Worn,Low,11,No,21501-43293
Hatchback,3,79820,91,3075,41,14.6,12.36,43,28,Good,High,4,No,27059-74571
Sedan,3,92674,93,1387,37,15.9,12.34,37,34,Good,Medium,4,No,76049-180000
Hatchback,10,139049,83,810,38,23.0,11.89,33,36,Moderate,Low,12,No,40456-100434
Sedan,3,15544,100,1321,38,15.0,12.16,28,35,Critical,Low,6,Yes,36845-62301
Hatchback,5,136671,100,2191,34,20.1,12.61,29,36,Critical,High,9,No,677-9816
Truck,6,104972,99,1255,24,9.7,12.25,43,28,Worn,Low,10,Yes,40747-69427
Hatchback,5,94742,96,2278,42,18.5,11.86,35,28,Good,Medium,8,No,37020-138380
Truck,9,160575,106,3239,22,4.5,12.59,28,28,Good,Low,10,No,16159-45745
SUV,1,171806,103,2498,32,12.4,11.94,34,34,Good,Medium,1,No,68969-180000
Hatchback,3,190644,89,2285,35,21.9,12.39,29,32,Worn,Low,7,No,22414-83308
Truck,3,66840,106,1340,17,6.2,12.49,26,35,Moderate,Medium,3,Yes,600-2216
Hatchback,2,212233,93,3062,34,18.3,12.24,45,36,Good,Low,11,No,37989-95079
Hatchback,4,125402,92,1175,39,15.4,11.75,43,30,Critical,Medium,7,No,25414-47768
Sedan,11,160964,90,3004,31,14.5,12.73,33,36,Moderate,High,4,No,29966-55714
Sedan,5,30172,99,2497,38,12.8,11.83,33,33,Good,Low,6,No,11487-180000
Hatchback,9,88114,85,1039,34,18.2,11.97,32,33,Critical,Medium,1,No,21741-79607
Hatchback,10,227636,92,2961,33,17.9,11.91,44,31,Good,Low,11,No,56180-92034
SUV,1,107305,100,1074,29,9.6,12.48,45,32,Moderate,Medium,5,No,21697-180000
Sedan,3,183780,88,3429,34,13.2,12.31,26,28,Worn,High,11,No,12358-21334
Sedan,8,37896,97,719,33,12.2,12.65,39,35,Good,Medium,10,No,40389-120127
Sedan,8,142170,93,987,35,16.7,11.72,30,28,Good,Low,3,No,82101-148479
Sedan,8,222542,91,1654,30,15.2,12.05,27,32,Good,Low,8,No,71662-180000
Hatchback,12,66527,87,2805,38,19.9,12.76,33,31,Good,Low,10,Yes,53170-143486
SUV,7,76190,97,810,34,8.2,12.25,25,32,Worn,Medium,7,No,47543-79597
SUV,5,107238,97,1769,28,12.2,12.34,27,31,Moderate,Medium,12,Yes,6361-60334
SUV,3,71593,104,3465,31,7.1,12.19,26,29,Worn,Low,9,No,26329-180000
Truck,3,222748,92,2966,29,5.5,12.45,40,36,Good,Low,12,No,27509-47695
SUV,4,79849,103,1776,37,9.0,12.71,38,32,Moderate,Low,11,Yes,34422-51668
Sedan,8,10888,94,1534,33,17.1,11.97,45,33,Good,High,10,Yes,15955-40379
Hatchback,5,35115,94,1470,44,21.7,11.95,45,32,Good,Low,7,No,58019-180000
Hatchback,6,202780,95,1952,38,18.9,11.75,29,34,Good,Low,8,No,30836-180000
SUV,6,191897,101,945,35,12.9,12.04,27,30,Good,Low,1,No,75836-168926
Truck,12,104501,101,2425,31,4.8,12.39,40,36,Good,Low,6,No,52253-93919
Truck,5,66259,105,3309,26,6.9,12.64,35,31,Good,Medium,11,Yes,11398-29112
SUV,3,137018,101,1572,40,10.8,12.8,44,34,Good,Low,8,No,76548-128304
SUV,8,77256,98,3489,35,11.4,11.91,41,33,Critical,Medium,4,No,3757-66248
Sedan,12,175114,86,2324,31,15.0,12.23,26,31,Good,Medium,5,Yes,28561-74605
Hatchback,3,159170,98,2807,39,17.0,11.91,42,32,Good,Low,5,No,47511-161487
Truck,5,10939,107,659,30,6.3,12.45,35,30,Good,High,5,Yes,1894-5742
Sedan,7,52743,89,1457,34,18.6,12.1,32,35,Good,Low,1,No,52662-135226
Truck,2,32826,108,607,19,4.8,11.77,36,30,Worn,High,9,No,1209-2945
Truck,7,45000,99,926,31,4.7,11.74,26,29,Good,Low,4,No,30234-89438
SUV,7,245574,99,1173,36,12.4,12.76,33,34,Moderate,Low,4,No,49697-129957
Hatchback,2,220911,89,3264,33,18.5,12.18,38,30,Moderate,High,12,No,7752-21312
SUV,3,91013,103,1580,42,8.1,11.73,45,28,Good,Low,1,No,44163-153809
Truck,9,219794,96,2557,28,4.4,12.75,28,29,Good,Medium,7,Yes,17501-67792
Hatchback,2,222392,97,2855,39,18.4,12.34,26,33,Worn,Low,9,Yes,11326-141863
Hatchback,8,194880,90,2745,38,17.6,11.87,40,34,Good,Medium,2,No,42644-149800
Hatchback,2,187884,91,3474,46,19.8,11.82,30,29,Good,High,2,No,39190-118314
Hatchback,9,201710,93,2282,42,18.8,12.75,27,33,Good,Medium,5,No,65202-132922
SUV,12,24595,91,2884,34,8.1,11.94,34,36,Good,Low,11,No,47225-129386
Sedan,11,139258,87,2532,30,16.0,12.58,45,33,Worn,Low,10,No,37079-66743
Hatchback,11,5496,88,2224,36,15.9,12.55,26,35,Good,Medium,10,No,67303-166993
SUV,6,37777,101,2558,34,8.0,12.0,34,30,Good,Low,10,No,59416-180000
Sedan,7,234805,91,1146,36,14.5,12.38,36,33,Worn,Low,6,No,53402-119002
Truck,7,153549,101,2644,21,4.2,12.14,29,35,Worn,Low,4,No,3797-20407
Truck,8,99448,107,1502,28,6.8,12.3,38,31,Good,Low,4,No,24412-58768
SUV,11,56277,93,2760,39,9.0,12.58,35,29,Worn,Low,6,Yes,76295-180000
Hatchback,4,117887,88,1716,30,20.1,12.16,41,35,Critical,Low,2,No,20446-180000
Sedan,10,108651,94,1188,40,15.2,12.04,44,30,Critical,Low,8,No,39160-93030
Sedan,10,182817,84,644,40,15.5,12.06,26,28,Good,Low,1,No,24691-180000
Sedan,11,88118,90,2807,35,14.7,12.16,43,32,Good,Low,7,No,100343-158979
Truck,6,227102,108,2659,32,8.5,11.79,26,31,Moderate,Medium,5,No,9827-18647
Sedan,6,227258,96,650,37,17.0,12.74,29,29,Moderate,Low,6,No,23750-134110
SUV,7,236664,94,1717,35,12.7,12.52,28,30,Worn,High,1,No,47564-95938
Truck,11,176220,103,2875,27,5.3,12.31,42,32,Good,High,5,No,12535-35549
Sedan,12,50096,93,3199,30,17.3,12.43,37,30,Good,Medium,4,No,54692-82374
SUV,4,168437,93,3377,31,12.6,12.12,40,28,Good,Low,8,No,86175-180000
Hatchback,6,151386,84,2209,28,18.4,12.22,39,33,Critical,Low,7,No,18663-108580
Hatchback,8,234711,86,2979,45,16.8,11.97,33,32,Good,High,5,No,19265-92500
Hatchback,11,136388,87,1015,38,16.2,12.56,40,29,Moderate,Low,12,No,39445-68533
Sedan,5,58859,96,2985,26,13.8,12.75,37,35,Worn,Low,2,No,40820-94882
Sedan,11,78198,86,3253,28,13.3,12.34,28,35,Critical,Medium,1,No,20743-58805
Hatchback,4,86760,94,2359,37,18.9,12.2,41,34,Moderate,Low,12,No,45086-105140
SUV,5,242724,104,2064,31,7.8,11.82,32,31,Critical,Medium,9,No,29487-56189
Sedan,6,18666,86,3076,31,14.9,12.55,41,31,Worn,High,10,Yes,14366-43530
Sedan,3,135776,88,1255,35,15.0,12.72,29,35,Critical,High,8,No,7604-17608
Truck,4,180915,106,947,35,6.3,12.01,34,33,Good,Low,4,No,13538-47600
Sedan,12,219114,93,3283,32,13.0,12.77,26,33,Moderate,Low,5,No,40823-77193
Hatchback,7,122011,95,1774,43,15.1,12.11,29,35,Good,Low,1,Yes,67839-173635
Sedan,12,67559,102,1090,35,14.7,12.68,43,34,Good,Low,12,No,24091-43119
Sedan,7,88495,91,1629,42,14.7,12.3,41,32,Good,Low,1,Yes,75876-144898
Sedan,8,144878,95,2629,39,16.7,12.4,39,34,Critical,Low,12,No,10245-52671
Sedan,3,121597,96,3202,40,15.4,12.31,40,33,Moderate,Medium,11,Yes,12334-49321
Hatchback,5,89676,99,2452,30,20.6,11.81,34,30,Good,Low,3,No,44157-81827
Sedan,12,187938,85,1194,32,14.7,12.18,29,34,Good,Low,7,No,66271-129535
Sedan,5,109758,89,3476,39,16.4,11.81,25,31,Good,Low,3,No,30577-180000
Truck,6,72968,110,896,28,3.7,12.15,41,29,Good,Low,10,No,24119-90891
SUV,9,167337,91,1844,35,8.9,11.83,37,35,Worn,Low,9,No,52533-119135
Truck,1,87019,94,2080,20,5.9,12.44,30,33,Moderate,Low,1,No,31409-47957
Hatchback,6,105058,99,615,36,18.0,12.69,45,30,Good,High,10,No,8682-92640
Truck,8,33692,108,2379,22,5.2,12.6,41,30,Moderate,Medium,5,No,18568-37174
Sedan,7,42551,95,2637,44,12.7,12.21,33,28,Good,Low,7,No,56908-144688
Hatchback,10,177660,94,2959,32,15.7,11.9,37,35,Worn,Low,9,No,49683-116791
Sedan,11,78528,95,1492,33,13.3,12.37,37,32,Good,High,10,No,19927-34951
Truck,7,74912,102,678,27,9.7,11.7,43,35,Moderate,High,2,No,10523-19847
SUV,4,92681,106,3300,31,9.9,12.22,38,32,Moderate,Low,9,No,31764-57902
Sedan,12,52505,94,2795,28,13.0,12.67,30,31,Good,Medium,11,No,33915-60161
Truck,4,69745,115,2484,23,4.0,12.6,42,34,Critical,Low,6,No,5591-10923
Sedan,12,25034,85,1325,41,12.7,11.92,44,29,Good,Low,4,No,71077-124823
Truck,1,159779,97,1951,36,9.0,12.57,36,34,Moderate,Low,8,Yes,38367-75651
SUV,3,47716,87,2262,28,13.2,12.57,28,36,Worn,Medium,12,No,32251-48697
SUV,2,233359,92,2444,30,14.2,12.05,30,35,Good,Low,12,No,27068-97884
Truck,4,135167,97,650,21,4.2,11.99,31,29,Good,Medium,3,No,17766-32352
Hatchback,3,75836,95,3335,32,20.6,12.11,42,30,Moderate,Low,12,No,34792-58822
Truck,7,71899,99,2369,25,8.9,11.76,43,34,Moderate,Low,8,No,20299-50599
Truck,11,122899,97,1764,25,6.3,11.82,36,28,Moderate,High,9,No,7355-23302
SUV,9,192820,94,2127,28,11.9,11.95,45,31,Worn,Low,3,No,81114-163754
SUV,12,140506,95,1690,32,9.1,12.17,32,32,Good,High,4,No,14498-36964
SUV,10,128011,100,3475,34,12.1,12.62,36,32,Moderate,High,2,No,29510-74328
Truck,12,101013,99,2909,31,6.7,12.57,43,29,Moderate,Low,9,Yes,19954-55240
Truck,10,205056,95,1787,21,7.6,12.54,25,28,Moderate,Low,2,Yes,6797-22141
Truck,6,47240,103,945,18,8.7,12.24,30,33,Good,Low,5,No,35211-64527
Sedan,2,245015,85,1660,29,13.3,12.41,32,31,Moderate,Medium,2,No,43311-97799
Sedan,7,213253,94,2540,41,15.5,12.15,25,36,Good,Low,5,No,75471-180000
Truck,4,119877,106,3112,32,8.4,12.2,40,30,Worn,Low,2,No,19400-40072
Hatchback,5,88730,87,2611,33,16.6,12.5,35,29,Moderate,Low,1,No,58191-180000
Hatchback,6,166698,86,820,29,16.9,12.55,44,33,Good,Medium,5,No,26135-80245
Hatchback,4,133985,93,2500,30,18.2,12.03,45,34,Critical,Low,1,No,36358-92526
SUV,3,165885,102,3436,34,11.2,12.49,26,36,Good,High,1,Yes,26920-79960
Truck,12,162197,100,3277,24,7.8,12.37,29,31,Worn,Medium,3,No,20227-77267
SUV,5,26413,100,1273,32,13.9,12.03,38,33,Good,Low,4,No,54549-180000
SUV,10,68528,92,1654,29,7.4,12.0,31,36,Moderate,Low,5,No,53714-143608
Truck,8,242144,92,2049,19,7.7,12.59,41,28,Moderate,Medium,5,No,18212-41470
SUV,9,113042,104,1422,36,8.7,12.11,33,36,Moderate,High,7,No,13644-47248
Sedan,3,49891,87,709,43,12.5,11.85,28,35,Good,Low,11,No,42992-126168
SUV,5,208454,95,745,34,10.1,12.38,25,36,Critical,Medium,6,No,11542-41512
Truck,3,124095,103,824,33,6.2,12.12,34,30,Worn,Low,2,Yes,24760-76876
Truck,7,220395,112,1718,31,9.2,12.33,26,36,Worn,Medium,10,No,14256-21568
Hatchback,11,143590,101,2922,34,18.6,11.9,30,36,Critical,Low,1,Yes,35469-80377
Sedan,6,74127,97,2678,40,14.0,12.19,38,29,Good,High,7,No,14972-43114
Truck,2,223929,109,2678,27,6.9,12.07,38,32,Good,Medium,2,No,39118-60148
Hatchback,6,201171,95,3169,41,22.4,12.66,35,35,Worn,Low,1,No,42249-140755
Truck,10,22612,101,2218,23,4.6,12.8,45,31,Worn,Low,6,Yes,17493-60877
Truck,1,145497,98,1745,25,10.0,12.14,27,35,Good,Medium,5,No,44121-71095
SUV,4,109987,99,662,32,9.7,11.91,39,29,Worn,Low,6,No,64177-115609
Truck,8,170996,113,2775,16,10.3,12.17,37,30,Moderate,Low,9,No,7064-13426
SUV,4,164152,104,1203,27,10.2,12.17,39,35,Moderate,Medium,11,No,29052-48238
Hatchback,3,186484,93,1662,35,18.7,12.58,30,33,Moderate,Low,5,No,32299-127171
SUV,5,151438,97,2049,33,9.6,12.76,39,35,Good,Medium,2,No,58586-180000
Truck,11,46840,96,1337,30,5.1,12.79,35,28,Moderate,Low,8,No,28274-91294
SUV,3,117270,94,1643,35,7.9,12.25,28,28,Critical,High,4,No,11697-22633
SUV,10,109121,101,1786,41,10.1,12.03,27,34,Moderate,High,6,No,20556-46446
SUV,5,86528,102,1264,38,11.3,12.09,40,28,Good,Medium,12,No,15648-110161
SUV,3,163867,92,1595,31,10.7,12.14,41,29,Good,Medium,12,No,49387-85199
Sedan,5,26412,85,2206,30,12.6,12.17,33,34,Good,Medium,2,No,37227-125043
Truck,9,86004,103,1281,30,6.8,12.24,29,28,Good,Medium,7,No,12750-39554
Truck,7,246139,96,3340,31,8.4,11.99,37,29,Worn,Low,1,No,27767-136393
Hatchback,11,220645,92,1577,33,20.0,12.64,31,32,Good,Low,12,No,29733-111719
Hatchback,1,247046,85,2222,34,23.0,12.28,37,33,Moderate,Low,3,Yes,37148-139380
Sedan,1,223554,96,3323,31,14.8,11.93,30,33,Moderate,Low,11,No,24763-73283
SUV,1,59425,93,2047,42,13.5,12.67,39,32,Good,Low,5,No,69105-118705
SUV,11,57644,101,762,27,9.3,12.51,43,33,Good,High,8,No,37967-78823
Truck,2,223168,113,2607,22,5.4,12.58,36,34,Good,Low,1,No,22714-88386
SUV,4,87263,100,3228,38,13.2,12.67,27,33,Critical,High,6,No,18835-35697
SUV,5,235561,105,1479,31,7.3,11.87,41,29,Good,Low,3,No,62836-117654
Hatchback,1,31861,90,1084,42,18.0,12.27,42,30,Good,Low,9,No,64756-117684
Truck,10,195820,102,2265,21,8.4,12.01,28,36,Good,Low,12,No,16561-34475
Truck,2,81580,105,722,32,9.4,12.66,33,34,Good,Low,4,No,23775-91445
Truck,3,164837,103,2748,26,10.0,12.31,31,30,Critical,High,5,No,5647-14591
SUV,3,34862,100,905,29,12.8,12.29,28,28,Worn,High,1,Yes,31131-64403
Truck,4,14919,104,2688,20,8.2,12.17,28,33,Critical,Medium,11,No,1299-2931
Hatchback,12,127800,93,657,35,14.1,12.72,30,31,Good,Low,6,No,44518-173950
Truck,9,211623,103,2531,28,5.4,12.13,31,33,Good,High,10,No,8586-32432
Hatchback,11,237897,96,2169,32,19.0,11.77,35,36,Good,Low,12,Yes,22062-61348
Sedan,8,244752,90,3430,31,15.8,12.06,36,32,Good,Low,6,No,50719-180000
Truck,10,95345,98,1161,21,3.6,12.13,32,32,Critical,Low,5,No,4400-10118
Truck,2,232822,104,2255,23,5.6,12.06,44,35,Worn,High,8,No,17146-27282
Truck,9,176275,96,1089,26,8.2,12.34,36,34,Moderate,Low,3,No,17380-32946
Hatchback,8,191958,94,3086,39,13.2,12.34,33,31,Good,Low,2,No,54261-134965
SUV,5,156012,89,2110,38,9.4,12.57,34,36,Good,Medium,3,No,40767-142849
Hatchback,10,176389,87,1663,34,18.9,11.8,41,30,Good,Medium,6,Yes,10493-164883
Hatchback,6,214395,95,3363,38,18.1,12.25,43,34,Worn,Low,2,No,83482-160322
SUV,3,122514,105,1233,39,11.9,12.73,33,34,Good,Low,6,No,10033-180000
SUV,3,215800,102,614,38,9.7,12.29,34,32,Good,Low,11,No,24743-81903
Hatchback,5,114199,86,779,33,15.2,12.31,32,35,Good,Low,6,No,59285-130373
Hatchback,12,108393,91,3415,45,18.5,12.49,35,29,Good,Medium,7,No,67677-167229
Sedan,4,135629,94,2298,28,17.5,12.21,42,28,Moderate,High,6,Yes,13468-27826
Sedan,10,232452,102,2435,28,16.2,12.13,40,32,Worn,Medium,8,No,16924-63207
Hatchback,12,221842,87,735,45,21.2,12.32,43,35,Good,High,3,No,49485-91381
Truck,1,228821,94,1682,30,4.0,12.67,45,30,Good,High,7,No,12596-43806
SUV,6,9543,93,2891,30,12.0,11.83,43,31,Worn,Low,6,No,70800-148858
SUV,11,237388,103,1342,36,13.7,12.28,40,29,Good,Low,1,No,35410-175945
Sedan,6,224425,99,2201,29,13.4,11.96,45,31,Good,Medium,7,No,26703-97609
Truck,6,169248,103,1466,20,6.7,12.01,32,30,Good,Low,12,No,6153-17743
Truck,5,122691,96,1321,20,9.1,12.03,36,31,Worn,Medium,11,No,7159-15229
SUV,7,26720,99,2462,24,8.1,12.4,34,36,Good,Low,11,No,53792-93336
Truck,1,241884,104,3097,30,4.5,12.34,44,30,Good,Medium,5,No,17710-47488
Truck,9,179774,104,2700,29,6.2,12.21,32,34,Good,Medium,3,No,24102-65270
Hatchback,1,238867,92,1539,36,12.9,11.76,44,29,Good,Medium,1,Yes,35208-140156
Sedan,6,143973,99,3096,41,17.7,12.39,34,28,Good,Medium,10,No,59769-119183
SUV,10,96153,102,1944,32,11.2,11.79,26,35,Worn,Low,8,No,31034-88818
SUV,7,46730,99,1611,39,12.4,12.31,41,28,Worn,High,3,Yes,13500-42128
Truck,3,227789,98,740,28,7.8,12.72,43,31,Good,Low,8,No,13486-176094
Hatchback,3,109949,98,1887,35,18.6,12.55,31,34,Good,Medium,7,No,29944-119104
SUV,8,241356,98,1167,27,13.1,11.85,41,34,Good,Low,9,No,43044-180000
Sedan,9,235425,99,1650,25,14.5,12.67,32,28,Moderate,Medium,5,No,26917-79275
Sedan,10,180839,99,1314,35,14.2,11.72,36,29,Worn,Medium,1,Yes,11113-42129
Truck,5,191372,98,1386,32,6.5,12.48,38,36,Good,Low,5,No,52172-114178
Truck,10,45864,100,2376,30,6.5,11.88,42,28,Good,Low,4,Yes,19200-44966
SUV,10,229628,97,1497,26,14.6,12.72,27,29,Critical,Medium,4,No,15100-36594
Sedan,12,194098,95,1993,34,19.0,11.71,30,35,Critical,Low,5,No,27966-71058
Truck,2,150916,97,1538,28,3.9,11.98,43,36,Good,Low,5,No,66598-102500
Hatchback,4,43339,83,859,41,19.4,12.0,28,29,Worn,Low,2,No,80863-143479
Truck,1,222934,107,2956,26,8.2,12.24,29,29,Moderate,Medium,5,No,13618-50409
Hatchback,12,41026,96,1039,46,16.1,12.21,25,31,Moderate,Low,9,No,34991-104859
Hatchback,12,135446,92,2094,37,15.3,12.05,39,33,Critical,Medium,7,No,26821-73245
Truck,2,87070,101,1676,28,5.1,11.9,30,34,Moderate,Low,10,No,15548-123217
Truck,6,101544,98,720,23,7.1,12.29,37,36,Moderate,Low,11,No,15228-31218
SUV,11,125356,103,2848,30,9.6,12.14,31,32,Good,Low,11,No,18964-112508
Sedan,9,217339,90,1760,40,16.1,12.48,30,36,Moderate,Low,2,No,57684-108406
Hatchback,3,246172,94,1355,32,19.6,12.3,27,31,Good,High,7,No,13857-49277
Hatchback,11,113319,92,1740,33,19.4,12.0,34,33,Moderate,High,2,No,18462-78090
Truck,5,98624,97,2375,26,7.2,12.62,44,30,Good,Medium,2,No,42943-75839
Truck,6,89556,103,1413,29,3.7,12.8,33,32,Worn,Low,11,No,10476-39552
Truck,9,218345,97,884,35,3.6,12.52,40,28,Good,Low,2,Yes,41974-74088
SUV,2,155672,99,1570,25,7.6,12.09,35,28,Worn,Low,4,No,57086-92984
Truck,3,165569,96,875,27,5.5,12.21,42,29,Moderate,Low,5,No,20436-75318
Sedan,8,103862,91,2765,44,15.9,11.77,45,35,Moderate,Low,5,No,56190-117310
Hatchback,3,152748,87,1507,30,18.1,12.37,36,32,Good,Low,2,No,60931-133167
Sedan,7,114491,83,1735,29,12.5,12.69,29,33,Critical,Low,8,No,27525-51045
Hatchback,8,203719,88,1035,43,16.5,12.33,36,30,Critical,Low,7,Yes,29243-76457
SUV,4,204954,102,3413,34,9.7,12.56,37,29,Good,Low,12,No,37938-124682
Truck,2,227101,93,2677,19,4.8,12.19,41,32,Worn,Medium,4,No,23664-35600
Hatchback,12,39710,95,2643,42,20.8,12.33,26,28,Good,Medium,10,Yes,44332-128356
Hatchback,4,224550,93,2725,33,16.5,11.89,42,35,Worn,Medium,7,No,53326-89170
Hatchback,8,164391,86,728,35,14.7,12.42,39,30,Good,Low,4,No,58633-115237
Truck,11,166778,100,2640,34,6.0,11.85,34,33,Moderate,Medium,6,No,18491-45601
Sedan,7,191438,83,1261,42,11.4,12.72,40,34,Good,Low,4,No,74812-119432
Hatchback,6,76275,93,1328,44,20.7,12.42,36,30,Good,Low,4,No,66555-169619
Sedan,3,134014,91,723,33,14.9,12.19,33,32,Good,Medium,10,No,32794-141454
Sedan,12,151232,101,2611,39,13.9,12.79,41,33,Good,High,4,No,30193-72853
Truck,2,71185,105,2022,33,5.5,11.71,45,32,Good,Low,7,No,19522-126805
Hatchback,2,226635,82,2852,45,16.2,11.82,44,29,Critical,Medium,4,No,11390-121183
Hatchback,4,136719,94,2992,37,19.7,12.25,26,31,Good,Low,4,No,87801-137331
Truck,1,176965,102,2159,32,6.6,11.82,33,30,Worn,Medium,11,Yes,3545-16125
Truck,10,58119,109,1946,26,6.8,12.05,43,32,Critical,Medium,9,No,1617-19024
SUV,3,153636,91,1976,42,13.7,12.17,30,33,Worn,Medium,8,No,78135-172735
Hatchback,12,105267,92,1078,31,19.4,12.44,31,33,Worn,Low,4,No,46850-86318
SUV,2,70348,89,2628,33,11.3,12.21,44,30,Good,Low,4,No,102947-175327
Hatchback,11,92855,88,2418,36,18.8,12.3,39,31,Good,Low,10,No,44740-174520
Hatchback,9,9204,89,2769,38,16.9,11.7,27,32,Worn,Medium,12,No,38525-66063
Hatchback,7,33211,84,2774,43,21.6,12.72,28,29,Moderate,Low,12,No,37259-142145
Hatchback,2,163302,86,3112,38,16.7,12.2,34,30,Critical,Low,8,No,48988-124956
Hatchback,3,105296,87,1972,44,17.2,12.21,28,33,Good,High,10,No,26608-160773
Sedan,2,143054,92,1021,32,16.5,11.79,33,36,Worn,Low,1,No,92585-144473
SUV,12,214975,103,3311,34,10.7,11.93,26,28,Good,Low,2,No,62471-133283
Sedan,5,49730,95,2393,33,15.7,12.44,30,34,Good,Medium,3,No,65590-100382
Truck,1,116907,100,2743,20,8.0,12.34,26,30,Moderate,Low,2,No,6070-88921
Sedan,9,196176,94,2356,38,14.9,12.23,28,35,Critical,Low,4,Yes,39898-64762
Truck,2,31725,99,2796,26,9.9,11.98,37,34,Moderate,Medium,5,No,22821-55257
Sedan,12,53539,91,1574,25,15.2,12.04,32,32,Critical,Low,5,Yes,28055-53155
Hatchback,8,164868,94,3194,39,16.1,11.96,37,28,Good,Low,12,No,32286-68442
Hatchback,5,171567,95,1621,37,17.5,11.72,42,28,Good,High,11,No,8146-30708
SUV,12,17481,93,2903,27,9.5,12.54,35,34,Critical,Medium,1,No,44733-110139
Truck,2,89589,111,853,32,10.2,12.56,30,32,Worn,Medium,4,No,12131-31405
Sedan,4,71104,101,853,41,12.2,12.48,30,30,Moderate,Low,5,No,62841-95119
Hatchback,7,160351,98,2256,39,21.8,12.52,35,35,Good,Low,10,Yes,39441-70791
Sedan,12,223538,98,2059,34,11.6,11.78,38,35,Worn,Medium,12,No,11377-26743
Hatchback,7,55898,86,2914,33,20.5,12.57,28,30,Good,Medium,4,No,65031-112145
Hatchback,12,63738,89,791,33,16.8,12.43,28,35,Good,High,4,Yes,16192-34868
Sedan,10,249220,89,722,28,16.7,12.58,40,35,Good,Low,10,Yes,35963-67101
Truck,7,74404,99,3441,24,5.6,12.79,37,36,Critical,Low,2,No,30150-86314
Truck,9,68196,105,2483,26,4.8,12.46,37,33,Good,Low,5,No,28300-108692
Sedan,7,70920,99,1998,41,16.5,12.15,32,33,Moderate,Medium,8,No,49183-110137
Hatchback,11,95905,97,2969,44,19.1,12.74,35,33,Worn,Low,10,No,51951-102605
Truck,12,114848,94,2340,28,4.9,12.09,30,35,Moderate,Low,2,No,36786-98806
Sedan,3,91492,87,1167,33,12.3,12.45,31,32,Moderate,High,10,No,20677-100908
Sedan,2,80831,88,3273,28,17.6,12.13,36,33,Worn,Low,10,No,50345-117191
Hatchback,6,177638,86,3386,39,14.5,12.38,30,35,Critical,High,3,No,12415-45573
Sedan,12,48064,86,2426,36,14.6,11.78,30,33,Moderate,Medium,10,Yes,27880-122327
Sedan,8,172889,97,2211,36,17.0,12.72,38,36,Moderate,Medium,1,No,50429-89083
Hatchback,8,44928,95,2554,40,20.7,12.79,38,28,Critical,High,1,No,5246-57519
Truck,8,190519,103,618,21,8.7,12.38,26,36,Critical,Medium,6,Yes,2047-3649
Truck,11,117356,96,939,28,10.3,12.48,39,36,Moderate,Low,9,No,20347-36313
SUV,10,144598,95,1069,29,8.3,12.71,29,30,Good,Low,11,No,46458-108134
Truck,8,37803,98,1372,34,6.3,12.54,45,35,Critical,Low,3,No,12196-30276
Hatchback,12,205296,91,1085,36,18.3,11.88,26,33,Good,Low,11,No,28096-80852
Truck,2,133506,98,3202,33,9.3,12.44,25,28,Moderate,High,1,No,10306-21308
Sedan,12,205266,88,962,35,15.0,12.05,30,30,Good,Medium,6,No,29006-75040
Hatchback,12,155197,94,2345,40,14.1,12.35,29,35,Worn,Medium,10,No,34963-99979
Truck,5,61188,110,835,21,2.6,12.28,42,36,Good,Low,12,No,5552-9712
Sedan,11,101158,95,1582,39,12.7,12.47,42,32,Moderate,Medium,4,No,18140-118973
Truck,9,159011,109,2560,32,7.7,12.04,38,33,Good,Low,8,No,33545-69117
Hatchback,2,121940,93,1051,30,17.0,12.3,45,30,Good,Low,12,No,49983-111545
SUV,1,85456,96,1245,39,8.6,12.77,38,36,Good,High,5,Yes,25588-39398
SUV,1,248701,103,919,37,12.5,12.58,41,33,Moderate,Low,4,Yes,45099-114795
SUV,12,56349,97,2174,31,9.2,11.8,38,36,Moderate,Medium,8,No,49237-124615
SUV,4,234855,104,2938,29,7.8,12.44,34,28,Moderate,Low,12,No,16457-40275
Sedan,7,205831,95,2368,38,17.3,11.88,26,29,Moderate,Low,10,No,59341-106269
Sedan,9,37068,91,3426,25,13.3,12.17,28,35,Worn,Medium,2,No,34857-65277
SUV,10,119631,101,3140,30,8.4,12.47,44,31,Good,High,3,No,31118-74720
Sedan,6,136422,97,2537,29,16.3,12.25,29,35,Worn,High,9,No,12969-41877
SUV,7,97428,98,1672,30,7.0,11.88,44,32,Worn,Medium,3,No,42949-71635
Hatchback,12,113424,90,607,35,14.1,11.76,25,35,Moderate,Medium,10,No,51234-114346
Sedan,4,144145,98,1730,33,13.6,12.23,45,34,Worn,Low,3,No,65129-112749
Sedan,12,122768,83,764,34,11.4,12.8,34,36,Moderate,Low,12,No,30315-46141
Truck,3,22540,105,842,31,4.1,12.13,43,33,Moderate,Low,3,No,26280-50422
Hatchback,8,80067,84,1371,39,21.4,11.77,26,28,Good,Medium,3,No,68942-123908
Sedan,9,47374,92,3175,38,14.8,11.83,45,33,Good,High,5,Yes,8402-83636
SUV,6,9354,105,2013,39,7.6,11.91,38,35,Worn,High,12,No,10200-30622
SUV,6,9250,89,1164,38,10.9,12.5,38,36,Good,Low,8,Yes,73235-149589
SUV,3,70140,93,1920,35,7.8,11.83,41,33,Good,Low,3,No,76837-148345
SUV,9,37629,98,2950,31,9.3,12.78,26,34,Good,Low,1,Yes,79239-136589
Truck,5,155064,100,876,25,7.0,12.31,44,28,Good,Low,1,No,30129-106679
Truck,11,163980,107,3143,32,6.1,12.75,27,34,Worn,Low,2,Yes,11680-20310
Hatchback,11,52176,89,2161,32,15.8,12.23,27,36,Critical,High,4,No,8203-32595
Sedan,6,91404,96,2719,38,15.3,11.97,45,35,Moderate,Medium,8,No,58012-97774
Hatchback,12,234967,98,2619,41,22.2,12.57,25,31,Moderate,Low,3,Yes,63646-95922
Truck,7,195293,97,2707,25,6.5,12.38,35,31,Good,Medium,7,No,13892-87237
Hatchback,8,144042,88,1360,37,13.9,12.68,35,30,Moderate,High,1,No,45272-106644
SUV,7,47704,98,2834,34,9.6,12.76,34,28,Good,Low,8,Yes,59253-88897
SUV,5,31943,88,3272,41,13.3,12.11,26,35,Good,Low,3,No,47999-180000
Sedan,11,54973,99,2881,26,14.7,12.42,41,34,Good,Low,2,No,66021-180000
Hatchback,3,115539,83,627,46,19.9,12.33,33,29,Critical,Low,9,No,40556-123574
Truck,5,9529,107,993,24,6.9,12.16,33,33,Good,Medium,10,No,3735-38833
SUV,9,212595,101,1605,31,7.3,12.46,41,34,Good,High,12,No,9783-18373
Sedan,2,63980,96,2671,30,16.0,12.21,30,34,Moderate,High,10,Yes,9065-54981
SUV,4,59691,93,1606,27,11.9,12.22,25,32,Good,Low,7,Yes,76687-180000
Hatchback,9,14380,85,3290,46,13.3,12.14,26,33,Moderate,Low,7,No,76788-180000
Sedan,4,155738,88,635,41,11.5,11.73,44,28,Moderate,Low,6,No,105852-171654
Sedan,7,86832,95,3418,36,13.4,12.47,29,31,Critical,High,3,No,2859-53502
Sedan,5,125281,94,644,40,18.5,11.77,45,30,Moderate,Low,7,No,81708-147122
SUV,2,51022,94,1814,30,9.9,12.09,27,36,Moderate,High,12,No,9425-29703
Hatchback,11,209116,100,1229,32,16.6,11.87,28,31,Good,Medium,4,No,49880-88438
Truck,8,162983,101,1285,29,6.4,12.24,36,29,Moderate,Medium,11,No,7364-16718
Sedan,8,72726,88,3430,33,13.0,12.28,39,35,Critical,Low,1,Yes,28852-76854
Truck,6,98490,98,2011,26,6.7,11.82,35,30,Good,Low,9,No,32284-120200
Sedan,5,155501,92,1763,39,17.4,12.51,36,36,Worn,Medium,1,No,80289-180000
Truck,12,193669,96,2777,28,7.4,12.08,40,29,Good,High,9,Yes,15408-37296
SUV,11,212384,93,631,28,10.4,12.17,31,32,Good,Medium,4,No,76933-180000
Hatchback,10,146790,93,1240,40,13.8,12.43,30,35,Good,Low,4,No,70675-136855
Truck,10,236374,108,994,30,9.6,12.52,34,31,Good,High,7,No,1116-11716
Truck,1,56863,100,2417,19,4.2,12.72,41,32,Good,High,11,Yes,303-909
Truck,4,104933,114,1559,33,8.6,12.3,35,32,Good,High,5,Yes,1741-6349
SUV,9,17956,95,1121,42,6.9,12.01,26,29,Good,Medium,5,No,56937-180000
Sedan,3,227916,88,737,43,17.4,11.85,28,28,Critical,Medium,8,No,35185-67205
Sedan,10,103821,99,2027,39,13.0,12.02,33,36,Critical,Low,9,No,26568-92909
Sedan,9,144723,93,2425,38,13.8,11.74,44,33,Moderate,Low,4,No,1101-180000
Sedan,7,153648,84,1361,41,16.4,12.24,31,36,Worn,Low,8,Yes,29412-90634
Sedan,2,182551,94,2647,35,18.5,12.46,28,32,Good,Medium,5,No,42955-72855
Hatchback,10,119488,91,1546,47,20.3,12.18,31,34,Moderate,High,8,No,15721-49285
Sedan,8,169362,96,1975,43,15.6,12.24,41,28,Good,Medium,1,No,90190-136174
SUV,7,33587,93,2624,33,10.5,12.01,37,34,Moderate,Low,2,No,64006-143600
Hatchback,6,113372,96,1993,43,17.1,12.71,29,35,Good,Medium,10,No,52986-116056
Truck,4,243986,108,1563,22,8.9,12.01,40,35,Moderate,Low,6,Yes,13881-27993
Truck,9,112985,113,2997,33,6.3,12.04,27,30,Good,Medium,7,No,15782-40296
SUV,1,94798,98,2753,25,8.5,12.28,41,34,Worn,Medium,1,No,3838-180000
Truck,2,52396,107,1326,20,3.5,12.2,41,30,Worn,Medium,5,No,4770-14120
Hatchback,1,203528,97,2926,46,14.7,12.54,42,33,Moderate,Medium,3,Yes,27701-49387
SUV,5,188595,93,2093,26,9.5,12.59,25,30,Good,High,4,No,47896-88040
SUV,3,242349,93,3074,24,14.7,11.78,27,29,Critical,Low,4,No,30231-69971
Hatchback,7,217478,94,2207,36,14.7,12.19,30,31,Moderate,Low,7,No,38159-152177
Hatchback,1,133441,98,1494,42,16.4,12.33,42,29,Moderate,Low,4,Yes,57529-110859
Truck,3,221593,104,803,27,9.2,12.42,42,36,Moderate,Low,5,No,29801-86631
Hatchback,3,62303,91,1846,40,18.9,12.6,25,31,Worn,Medium,11,Yes,20635-50649
Hatchback,8,69006,84,1244,38,17.5,11.95,27,29,Good,Low,12,No,32433-90231
Truck,10,196359,105,1981,25,7.5,12.63,42,32,Critical,Medium,10,No,8550-18044
SUV,3,148190,95,3079,31,8.9,12.52,42,28,Critical,High,3,No,2139-29549
Sedan,4,89564,93,2002,34,14.3,11.7,29,29,Moderate,Low,8,Yes,48777-88129
Truck,7,22645,102,794,20,8.7,12.02,42,36,Worn,Medium,7,No,5316-15104
Sedan,12,48642,95,3270,35,17.3,12.41,44,29,Good,Low,8,No,8876-148260
SUV,3,223190,93,1549,33,10.6,11.7,39,35,Moderate,Low,9,No,58911-180000
Truck,2,228942,99,1144,23,9.6,11.7,32,36,Critical,Low,4,No,9678-27504
Sedan,12,44021,86,2220,44,17.1,12.43,45,30,Good,High,8,No,55075-82853
Truck,8,58660,110,2835,33,5.0,12.21,45,28,Good,Low,8,No,32599-65559
Truck,3,22962,102,1580,30,6.8,12.49,35,33,Good,Low,2,Yes,37306-99152
SUV,1,183506,93,2325,35,10.0,11.98,39,36,Moderate,Low,10,No,85520-142968
Sedan,1,165205,88,2353,39,15.9,11.82,34,33,Good,Medium,10,No,38698-124516
Sedan,7,217111,94,1171,29,14.1,11.88,34,28,Good,Medium,8,Yes,46405-81535
Hatchback,12,248883,98,3278,37,15.9,12.23,41,29,Good,High,9,No,17543-69471
Hatchback,7,34987,84,2451,44,19.2,12.75,44,30,Moderate,Low,4,No,62233-121991
Truck,4,214496,97,3487,31,8.6,12.4,45,29,Good,Low,4,No,43328-120352
SUV,10,214619,105,2455,37,12.4,12.52,33,33,Moderate,Low,10,No,15558-180000
SUV,5,11346,92,1473,39,10.7,12.7,29,36,Moderate,Low,7,Yes,61755-103345
SUV,9,233316,90,990,38,8.9,11.88,25,28,Critical,Low,6,Yes,41044-96808
Hatchback,11,53803,89,2064,33,21.8,12.02,35,29,Good,Low,6,No,51127-123331
Truck,3,27273,98,2528,30,4.2,11.72,44,29,Worn,Low,1,Yes,19927-31857
Hatchback,11,136814,93,3356,33,15.2,12.22,38,32,Good,Low,7,No,21018-166429
Truck,12,170632,97,859,33,10.7,12.68,29,31,Moderate,Low,3,No,33424-79164
SUV,7,129862,97,1129,31,9.1,11.81,26,31,Moderate,Low,12,No,15734-54574
Sedan,3,232104,91,1760,40,18.3,12.3,34,29,Good,Medium,1,No,78925-143735
Sedan,10,141517,90,1125,43,17.6,12.22,38,34,Moderate,Low,12,No,43524-94298
Sedan,3,129597,91,3304,39,15.5,12.02,36,34,Critical,Low,8,Yes,22385-86293
SUV,4,147245,91,1675,28,13.7,12.39,40,31,Worn,Low,2,Yes,42493-177455
Sedan,4,147261,96,3329,38,11.6,12.78,43,30,Good,Low,11,No,18756-108224
Sedan,9,28451,99,2996,30,12.6,12.77,25,32,Moderate,Low,11,Yes,8729-15847
Truck,6,218480,98,1879,28,5.4,11.97,34,36,Good,Low,2,No,60074-90836
Sedan,1,175197,98,1013,40,12.0,12.43,34,36,Good,Medium,2,Yes,38642-63840
Sedan,6,87101,83,967,28,15.7,12.39,42,35,Critical,Low,12,No,5023-19631
Truck,2,178616,109,1854,21,7.3,12.29,39,32,Worn,Low,6,No,4997-9957
SUV,1,162441,91,2893,26,14.4,12.05,27,28,Good,Medium,3,No,46532-156500
Truck,1,161952,98,958,26,10.8,12.1,32,34,Good,Medium,4,No,19990-64012
Hatchback,1,14359,83,1456,38,20.2,12.54,42,30,Critical,Low,8,No,56141-87645
Truck,7,32690,110,1153,28,6.6,12.51,35,28,Good,Medium,9,No,6921-24697
Sedan,4,109121,95,1454,38,12.8,12.28,26,33,Good,High,4,No,20865-79829
Sedan,11,44650,97,2012,33,17.1,12.08,25,30,Worn,Medium,12,No,10546-35810
SUV,8,110731,100,2750,32,10.5,12.02,42,35,Good,Low,1,No,96067-158915
Sedan,7,138077,91,1183,41,13.9,12.46,29,28,Moderate,Low,12,No,33792-96218
Truck,8,131496,103,998,27,7.1,12.23,28,31,Moderate,Medium,8,No,33707-56297
Hatchback,9,27415,96,1633,33,17.4,11.92,44,35,Good,Medium,5,No,24504-93256
Truck,2,52761,111,660,22,11.0,12.57,41,32,Moderate,Low,9,No,9207-49783
Sedan,11,182821,91,1541,32,14.4,12.57,45,36,Good,Medium,4,No,43583-83411
Hatchback,10,40205,91,2925,35,17.3,12.62,37,29,Good,Low,6,No,28277-172895
SUV,2,229602,97,2666,34,8.4,12.22,37,32,Good,Medium,10,No,33374-72984
Hatchback,6,209316,86,3284,34,21.3,11.9,44,35,Good,Medium,2,No,49849-142461
Sedan,8,34739,92,2974,30,15.4,12.07,45,33,Critical,High,10,No,13023-31809
SUV,9,16159,101,2887,25,14.9,11.76,35,35,Critical,Medium,1,Yes,44636-69664
SUV,1,194209,103,3174,36,13.3,12.26,28,34,Worn,Medium,3,Yes,66728-111544
Hatchback,11,127089,87,998,40,22.5,12.29,42,29,Good,High,3,Yes,11503-44061
Sedan,1,124062,93,1399,38,12.5,11.73,26,32,Good,High,9,No,27045-152062
Hatchback,9,138719,93,2870,30,14.3,12.58,32,29,Worn,High,6,No,25947-41951
SUV,3,86404,94,2514,26,15.3,12.37,38,32,Good,Low,1,No,64629-97189
Sedan,9,52416,91,3233,40,15.9,12.11,30,29,Moderate,High,12,No,7261-17125
SUV,4,236101,100,3453,30,10.2,11.71,25,28,Critical,Medium,1,No,12697-40623
Sedan,3,162701,82,983,35,12.3,11.77,28,30,Moderate,High,8,No,17327-48029
Sedan,6,23391,89,2409,37,11.6,12.79,41,34,Worn,Medium,2,No,35356-130784
Sedan,1,44439,103,2733,29,12.5,12.79,36,32,Good,High,4,No,22652-42188
SUV,10,131774,97,2924,43,7.4,11.96,26,33,Worn,Low,4,Yes,30130-162874
Sedan,3,208081,83,661,38,17.4,11.75,44,29,Moderate,Low,3,No,72736-157140
SUV,11,158448,92,3101,30,10.8,12.13,42,29,Moderate,Medium,12,No,27533-52339
Truck,11,85077,110,3380,30,9.2,12.73,33,29,Moderate,Medium,8,Yes,6799-15667
Truck,7,188930,111,934,26,7.7,12.66,41,31,Moderate,Medium,12,Yes,1191-3237
Hatchback,1,197696,84,1136,37,16.2,11.94,38,35,Good,High,5,Yes,41749-75291
SUV,2,14133,104,3062,33,14.2,12.59,31,31,Moderate,Low,12,Yes,24086-49136
SUV,7,134216,88,1003,35,8.0,12.57,44,30,Good,Medium,10,Yes,46921-104515
Truck,7,74551,108,3500,31,9.7,12.47,26,28,Moderate,Low,7,No,6670-19726
Sedan,12,42139,97,3233,36,16.5,12.25,43,31,Moderate,Low,4,No,30440-148751
Sedan,12,134784,99,3013,35,14.6,12.23,42,36,Good,Medium,8,No,52215-127313
Truck,4,158446,95,737,27,5.1,12.75,39,33,Good,High,8,No,4663-16277
Hatchback,5,93719,91,895,45,16.4,12.1,27,30,Moderate,Low,7,Yes,39041-64731
Sedan,6,193314,87,1460,28,14.3,11.96,41,28,Worn,Medium,10,No,36811-88407
Truck,6,244834,113,2202,15,4.9,11.9,36,30,Moderate,Medium,1,Yes,2840-7510
Sedan,2,71376,95,1898,32,14.6,12.64,29,36,Good,Low,10,Yes,44646-129668
SUV,7,127488,90,2459,37,10.9,11.91,42,32,Moderate,Medium,8,No,48700-134492
Sedan,6,243346,96,908,42,14.1,12.69,35,31,Good,High,4,No,22608-40476
Sedan,5,76670,102,626,34,16.8,12.77,42,33,Moderate,Low,1,No,39905-118361
SUV,9,83541,103,1105,25,8.4,12.78,39,35,Good,Low,5,No,7395-180000
Hatchback,4,101603,98,1860,42,18.6,12.37,31,28,Moderate,Medium,6,Yes,20300-43786
SUV,9,248695,89,2327,24,9.6,12.55,40,28,Critical,Low,2,No,37678-118080
Sedan,3,67391,88,1905,32,13.6,12.27,44,30,Worn,Medium,9,No,43475-78989
Sedan,1,98358,101,1187,26,16.7,11.74,34,34,Worn,Medium,4,No,20521-35503
Hatchback,7,244364,89,1080,39,21.6,12.03,35,31,Moderate,Low,9,No,57003-167835
Hatchback,4,168629,86,2952,40,17.6,12.0,40,36,Good,Low,12,Yes,42649-86767
Truck,2,223177,100,1092,30,10.7,12.6,26,32,Moderate,High,4,No,15180-28100
SUV,7,142496,104,2188,35,13.1,11.94,34,29,Critical,Medium,5,No,36601-58327
SUV,11,35398,95,3420,32,10.3,12.59,44,29,Good,Low,6,No,66289-110079
Truck,5,191222,105,2826,29,7.6,11.74,25,31,Good,Low,9,No,38754-136335
Hatchback,10,19639,87,1412,39,20.5,12.2,34,32,Good,Medium,11,No,62522-97010
Hatchback,4,123743,95,1482,46,15.1,12.22,45,33,Good,Low,5,No,55691-118071
Truck,2,23142,107,1144,29,10.0,12.23,26,36,Good,Medium,2,No,15394-38696
Truck,10,141315,97,1723,19,9.9,11.89,25,31,Good,Low,10,No,25568-106672
SUV,2,161386,94,1534,28,11.5,12.19,30,29,Good,Low,1,No,54409-133445
Truck,2,230057,97,2278,29,7.6,12.21,41,36,Good,Medium,11,No,7710-15124
Hatchback,12,39155,89,1877,34,20.0,12.6,27,33,Good,Low,4,No,54060-116444
SUV,9,106882,90,3212,35,12.0,11.79,36,36,Good,Low,2,No,47128-180000
SUV,4,62308,101,1222,33,8.9,11.99,35,28,Moderate,Low,8,No,50729-110641
Truck,6,189046,99,3217,20,7.2,12.8,43,35,Worn,Low,1,No,23595-64193
Truck,8,42402,93,978,25,8.1,11.76,27,32,Good,High,1,No,42754-65710
SUV,12,159466,101,1123,26,12.6,12.58,39,36,Moderate,Low,10,No,52242-101532
Hatchback,9,68168,97,946,36,22.8,11.92,38,33,Good,Low,5,No,62847-144981
Sedan,11,188596,96,3191,34,15.4,11.75,45,32,Worn,Medium,3,Yes,23468-77310
SUV,3,162191,92,1551,35,8.2,11.96,40,33,Good,High,12,Yes,15804-42638
Hatchback,6,38341,86,1871,30,18.8,11.86,39,33,Critical,Medium,12,No,11410-36078
Sedan,4,168752,91,2044,41,14.7,12.74,44,33,Moderate,Low,8,No,69415-150123
Hatchback,5,203502,99,3467,33,16.7,11.77,39,31,Good,Medium,6,No,51137-99573
Hatchback,3,175940,96,1618,41,16.0,11.84,30,35,Good,Low,4,No,48624-143752
SUV,5,205430,93,2927,33,12.7,12.01,27,29,Good,Low,7,No,37990-180000
Hatchback,9,174584,89,1396,41,16.8,11.8,40,33,Good,Medium,12,Yes,22869-39297
Sedan,7,98396,95,1163,38,15.6,12.63,39,34,Good,High,7,No,29473-66137
SUV,12,141764,94,2998,32,11.3,12.43,31,31,Worn,Medium,3,No,31038-120446
Hatchback,1,69051,88,1255,33,21.4,12.74,31,30,Good,High,5,No,33004-67586
Hatchback,4,228534,98,1632,34,14.3,12.19,26,34,Moderate,Low,8,No,41317-107371
Truck,12,138655,109,3122,26,4.9,11.85,45,29,Moderate,High,6,No,6132-12924
Sedan,8,175183,88,2873,26,14.2,11.82,30,33,Worn,Low,4,No,25831-87345
Hatchback,1,158868,91,1537,42,16.5,11.77,37,29,Good,High,1,Yes,34177-125919
Hatchback,1,164182,89,1446,40,14.8,12.74,27,35,Moderate,Low,12,Yes,11004-43176
Sedan,1,208254,101,2150,39,18.1,12.07,27,33,Good,Low,3,No,85933-170961
Hatchback,9,242166,89,2803,46,16.1,12.21,45,28,Moderate,Low,7,Yes,38343-131579
Hatchback,10,62149,96,1153,33,21.6,12.08,40,34,Good,Medium,1,Yes,49680-85732
Sedan,2,188936,97,3077,37,11.2,12.78,40,32,Worn,Medium,3,No,41875-126187
Hatchback,10,64693,94,1804,36,20.5,12.16,38,34,Good,Medium,3,Yes,44525-117647
Hatchback,12,210420,89,2527,31,13.2,12.23,29,35,Moderate,Low,6,No,36045-64453
Sedan,2,202590,98,2393,42,14.9,12.22,27,32,Good,Low,6,No,74080-113938
SUV,7,120657,101,2841,30,11.2,11.86,40,28,Critical,Low,8,No,44513-74603
Sedan,7,232821,93,1962,35,13.8,12.7,31,35,Good,Medium,8,No,43366-80702
Truck,9,226527,102,1516,23,7.2,12.23,34,29,Moderate,Low,3,No,26428-63194
SUV,4,177346,104,2725,38,9.4,12.58,41,35,Worn,Low,1,Yes,18009-180000
Sedan,2,161767,86,2180,35,14.8,12.6,34,33,Moderate,High,12,Yes,3348-7982
Hatchback,4,236790,92,1635,45,17.5,12.76,30,28,Good,Low,4,Yes,18434-180000
SUV,12,182058,106,1277,26,12.3,12.51,42,31,Critical,Low,2,No,39200-72242
SUV,5,165764,99,2750,28,11.2,12.38,34,35,Good,Medium,3,No,27965-94997
Hatchback,4,14564,92,873,38,19.4,12.47,43,29,Good,Low,11,No,56481-101401
Sedan,2,161074,96,3044,30,15.6,12.64,35,31,Moderate,Low,3,Yes,27959-54839
SUV,8,179390,95,650,37,12.5,12.36,30,29,Good,Low,2,No,50594-159158
SUV,1,59880,91,2097,42,13.2,12.07,31,34,Good,Low,3,Yes,55576-123934
Truck,5,224985,98,3390,16,5.6,11.91,42,29,Good,Low,8,Yes,17054-27370
Truck,8,225491,104,627,30,8.8,12.73,39,32,Good,Low,1,No,45913-127385
Truck,6,99129,101,3035,16,3.7,12.68,39,31,Moderate,Medium,5,No,12190-27078
Truck,9,46897,106,611,24,4.2,12.43,44,29,Worn,Low,11,No,4534-16576
SUV,4,52969,95,3274,24,10.5,12.68,34,31,Worn,Low,11,No,34741-63451
Hatchback,12,50089,86,785,43,20.2,12.14,38,31,Critical,High,1,No,4650-106780
Hatchback,7,45734,95,2064,36,18.6,12.05,36,32,Good,High,8,No,16126-39482
Truck,2,155410,103,1536,20,8.6,12.78,45,35,Worn,Low,5,Yes,7194-16688
Truck,7,59682,102,1214,32,8.4,12.36,33,28,Good,Low,10,No,26352-110827
SUV,4,53169,100,1335,34,10.1,11.97,26,36,Moderate,Low,9,Yes,62251-109923
SUV,2,57296,93,3194,33,10.3,11.75,38,34,Moderate,High,7,No,30823-53103
Sedan,12,111519,91,1466,31,13.4,11.94,26,32,Critical,Medium,8,No,25059-66589
Truck,9,18245,96,617,25,7.7,12.38,43,34,Good,Low,3,No,46333-127599
Sedan,3,120985,95,632,31,18.2,12.77,38,30,Good,Medium,6,Yes,24062-38350
SUV,2,92640,96,3233,34,11.7,11.93,28,35,Good,High,3,No,29539-67529
Truck,6,190968,98,2021,28,6.0,12.72,29,35,Moderate,High,4,Yes,5553-8371
Sedan,9,155054,89,797,29,15.9,11.81,43,35,Moderate,Low,1,No,69465-180000
Truck,5,199956,108,2309,22,9.0,12.59,37,36,Good,Low,4,No,19950-43010
Truck,2,100871,96,2906,20,4.1,11.85,37,34,Good,High,9,No,609-11051
Truck,9,232447,104,2625,32,3.9,12.37,40,35,Critical,Low,1,No,22205-50031
Hatchback,10,159376,99,3020,38,17.9,12.07,39,36,Worn,High,8,No,20018-76546
Hatchback,3,188764,94,1726,36,17.6,12.0,40,35,Good,Low,3,No,85345-180000
Sedan,3,89484,99,3333,40,13.2,12.4,27,34,Critical,Low,2,No,43896-131890
Sedan,8,235358,91,1647,40,16.8,12.68,45,34,Good,Low,12,No,11749-111759
Truck,7,70886,100,1169,21,7.8,11.9,41,29,Good,Medium,8,No,7691-29867
Hatchback,7,150353,89,1533,33,14.9,12.38,38,34,Good,High,9,No,20557-54589
Truck,4,238721,108,1261,23,4.5,12.5,26,33,Good,Low,5,No,19561-46855
SUV,1,162596,101,1967,38,11.4,12.01,29,36,Moderate,Low,11,No,36943-75905
Hatchback,10,224737,91,1086,32,18.4,12.28,34,32,Good,Low,4,No,51301-173417
Hatchback,12,187081,92,2406,41,18.8,12.23,37,35,Worn,Medium,2,No,75827-176307
Sedan,4,98049,99,1783,33,14.2,12.53,26,35,Good,High,4,No,38846-78802
Sedan,11,42886,92,894,33,15.7,12.45,34,35,Good,High,2,No,46218-72042
SUV,9,51984,104,1818,26,8.1,12.7,42,35,Moderate,Low,8,No,35558-110238
Sedan,11,10924,96,2530,26,15.7,11.92,41,29,Good,Low,2,No,26589-180000
Sedan,3,216111,92,1115,27,13.2,11.9,25,35,Worn,Low,3,Yes,51874-106158
Hatchback,7,36395,99,1995,35,17.2,12.72,37,31,Worn,High,7,No,11581-42991
Sedan,1,196284,88,2990,27,14.9,12.45,40,32,Worn,Low,3,No,25457-118209
Sedan,8,219215,98,2188,31,12.4,12.74,34,32,Moderate,Low,12,No,10367-105175
SUV,1,57123,90,3249,31,7.8,12.26,43,35,Moderate,Low,2,Yes,43394-180000
SUV,3,85338,88,2111,28,7.1,12.28,29,29,Good,High,10,No,37379-98311
Truck,1,239307,97,785,31,4.3,11.97,42,34,Good,Low,10,No,49129-115919
Hatchback,2,205320,89,2950,34,22.7,12.5,43,36,Worn,Low,3,No,32043-104453
Truck,8,248222,107,2386,26,10.8,11.72,40,31,Moderate,High,5,No,7895-14353
Truck,11,208774,103,784,22,3.9,11.87,34,31,Critical,Low,2,No,8043-77549
SUV,10,102053,102,1299,27,11.6,12.56,38,29,Good,Low,4,Yes,29184-82760
Hatchback,12,75136,92,1982,35,18.3,12.51,40,34,Good,Low,8,No,82137-132007
Hatchback,6,120405,91,2000,37,17.6,12.02,26,36,Worn,Medium,4,No,51334-90794
Hatchback,6,139723,92,2712,35,18.6,12.12,37,28,Good,Medium,1,Yes,37037-96339
SUV,11,91629,101,1668,34,12.7,11.73,41,30,Good,Low,9,No,54562-180000
SUV,7,126826,90,1864,30,7.5,11.94,32,34,Good,Medium,5,No,47929-180000
Hatchback,9,243615,88,3475,36,19.8,12.03,34,30,Critical,Low,1,No,41969-136292
SUV,4,213451,100,792,32,9.0,11.76,29,34,Critical,Low,3,No,16782-44456
Truck,6,159030,100,2949,24,8.3,12.51,29,29,Good,Medium,4,No,20905-98922
Hatchback,4,146957,91,1170,36,18.2,12.25,28,32,Good,Low,6,No,37693-135153
Truck,7,5307,98,641,25,4.5,12.72,29,36,Moderate,High,7,No,18560-32538
SUV,11,232097,94,1233,27,13.7,12.14,27,36,Moderate,Medium,6,No,47112-128756
Sedan,9,66130,96,1869,37,13.3,11.97,39,36,Good,Low,1,No,43119-180000
Truck,10,64776,98,1874,31,5.2,12.43,33,32,Good,Medium,7,No,15858-54436
Sedan,11,185302,103,1324,32,16.0,11.83,36,30,Good,Low,7,No,44083-84715
SUV,8,106920,94,2166,26,13.4,12.05,34,32,Good,Medium,10,No,59384-180000
Sedan,9,11836,103,3218,29,16.8,12.37,41,30,Good,Low,1,No,85940-180000
SUV,4,81628,104,1929,31,9.6,12.37,38,33,Worn,Low,10,No,29330-116836
Truck,3,136667,93,2522,20,7.3,11.78,29,30,Good,Low,1,No,49801-91797
Hatchback,12,117613,100,1023,37,16.6,12.31,32,31,Good,Medium,4,No,44532-68060
Sedan,1,160521,93,1967,38,13.3,11.92,33,35,Good,Medium,8,Yes,29685-113437
Truck,1,175621,93,2431,21,8.0,12.59,39,28,Moderate,Medium,5,No,11501-24925
Hatchback,11,8271,88,3231,40,16.4,12.06,28,29,Worn,Medium,6,No,33819-78407
Sedan,7,55423,92,2376,33,12.5,12.53,35,28,Good,Low,4,No,84286-167628
Hatchback,5,15962,96,1977,45,22.6,11.83,32,30,Good,High,6,No,25256-81212
Truck,6,147413,96,1557,25,9.0,11.98,39,29,Good,Low,3,No,49846-77178
Truck,6,51751,92,857,25,5.6,12.19,38,28,Good,Low,4,No,17723-170939
Truck,9,74897,105,2746,33,6.4,11.73,27,36,Moderate,Low,7,No,31175-74963
SUV,6,112075,100,3276,26,11.6,12.18,28,29,Good,Medium,7,Yes,58479-110845
SUV,1,218734,105,2419,31,11.3,12.12,26,35,Worn,Medium,8,No,22774-134308
SUV,10,108022,106,1613,25,11.8,12.16,36,36,Good,Medium,11,No,14293-40347
Truck,6,66537,112,2459,25,3.4,11.91,38,33,Good,Medium,9,No,12925-34781
Sedan,2,130615,98,1668,31,14.2,12.01,41,34,Good,Medium,4,No,38191-74429
Sedan,8,23590,91,1727,34,16.8,11.77,26,31,Good,Medium,11,No,22017-74617
Hatchback,1,95281,83,1259,35,19.4,11.7,29,35,Good,High,9,No,16096-108326
Truck,8,177891,103,1219,24,5.2,12.61,34,30,Good,High,1,No,27038-47690
Truck,9,140150,104,1298,21,5.2,12.53,28,35,Worn,High,10,Yes,1518-4364
Truck,7,49132,112,1089,22,10.6,12.18,44,34,Moderate,High,5,No,5705-10795
Hatchback,12,15377,96,1903,43,17.0,12.69,31,33,Good,Low,3,No,80910-175664
Truck,6,226837,113,1759,25,9.5,12.47,39,28,Good,High,11,No,77-2317
Hatchback,2,112419,97,2750,34,14.5,12.12,34,32,Critical,Low,1,No,40067-70397
SUV,3,21117,104,1351,34,11.5,12.37,32,34,Critical,Low,2,No,32416-104275
SUV,9,84210,100,3243,37,8.5,12.44,35,31,Good,Medium,11,No,24465-82063
Truck,9,40398,106,2766,33,6.7,12.7,35,28,Critical,Medium,12,No,552-1614
Sedan,3,213254,85,931,37,18.4,12.09,39,31,Good,Medium,3,No,57381-137263
Truck,11,65831,115,2460,17,4.6,12.42,42,34,Worn,High,2,Yes,515-1031
Hatchback,9,231934,86,2496,37,16.9,12.49,32,34,Good,Medium,4,Yes,54571-95901
SUV,3,87338,100,2517,34,8.2,12.66,36,33,Worn,Medium,4,Yes,29552-62336
SUV,6,219492,106,750,31,12.8,12.3,45,32,Good,High,10,Yes,10842-27726
Hatchback,12,106260,93,720,32,20.1,12.77,30,33,Moderate,Low,7,No,66406-108368
SUV,3,247433,94,1174,29,9.3,12.76,35,32,Good,Low,5,No,106355-165393
Truck,3,112257,107,1327,19,10.4,12.77,37,36,Worn,High,5,No,605-1617
Truck,9,123890,95,1215,30,6.2,12.05,42,32,Good,Low,3,No,31016-116076
Sedan,3,236999,87,2359,33,17.8,12.64,32,35,Good,Low,6,No,102788-172304
SUV,11,59590,97,3335,29,12.7,12.46,32,36,Good,Medium,3,No,51584-116494
Truck,7,63606,100,1772,26,8.5,12.73,26,36,Worn,Low,9,No,6907-58405
Hatchback,7,229761,86,1988,38,15.3,12.68,41,31,Critical,Low,12,No,13086-37984
Sedan,9,190340,87,2425,37,12.3,12.33,43,36,Good,High,2,No,44072-124072
Sedan,11,179906,85,2700,34,15.9,12.7,39,29,Moderate,Low,3,No,50695-89715
Sedan,4,33360,103,2790,41,13.6,12.52,45,35,Critical,Medium,9,No,36224-65636
Hatchback,6,117646,91,3237,32,20.8,12.34,41,35,Moderate,Low,4,No,44258-90944
Hatchback,10,166398,94,3001,39,20.3,11.96,31,33,Good,Medium,11,No,40974-94762
Sedan,8,157723,90,2256,37,14.7,12.64,25,33,Good,Low,7,No,95423-161793
Sedan,12,48019,88,3011,37,19.0,12.17,36,28,Worn,Low,10,No,39781-125635
Hatchback,3,7833,88,1917,34,19.9,12.74,33,35,Good,Medium,3,No,62990-114792
Hatchback,3,16016,94,1325,40,15.5,12.53,28,34,Moderate,Low,6,No,70694-173570
Sedan,3,235107,96,2960,42,17.5,11.9,28,33,Good,Medium,6,No,53027-97915
Sedan,4,227282,90,749,41,17.1,12.12,26,33,Worn,Low,5,No,68034-176288
Hatchback,1,136464,88,1691,42,20.4,12.73,26,29,Good,Low,7,No,46640-174250
Sedan,8,62440,95,1091,41,14.7,12.3,33,36,Good,Low,9,No,59325-180000
Hatchback,4,67045,94,1241,35,15.7,12.32,44,29,Worn,High,2,No,19573-46165
Sedan,3,36265,83,3296,31,15.3,12.53,39,30,Good,High,5,Yes,26466-42518
Hatchback,5,107023,84,2119,30,17.6,12.7,42,33,Critical,Medium,3,No,29596-86196
Sedan,3,31552,94,3225,42,16.8,11.81,42,35,Moderate,Low,8,Yes,44012-108230
Sedan,3,165343,89,868,35,14.1,12.18,32,28,Good,Low,3,No,73659-153247
Truck,7,119299,107,1941,19,7.3,11.7,28,34,Worn,High,8,Yes,1575-2451
Truck,9,214322,112,2133,20,6.9,11.77,34,30,Good,Medium,4,No,6425-11899
Hatchback,9,126062,83,3461,35,20.7,12.19,35,36,Good,High,11,Yes,12034-33432
Hatchback,7,181972,86,1633,38,17.5,12.52,33,29,Good,Medium,10,Yes,27283-97204
Sedan,12,122139,96,2908,42,18.6,12.7,45,28,Moderate,Low,8,Yes,36090-88594
Truck,10,48016,101,990,29,8.4,12.29,42,28,Critical,Medium,9,No,8155-12849
Sedan,4,199874,84,2994,32,15.8,12.77,25,31,Moderate,Low,7,No,51440-108340
SUV,3,247952,94,2308,28,7.9,12.22,31,36,Critical,Low,5,No,47607-135158
Hatchback,2,52272,98,3417,45,21.4,11.74,35,35,Worn,Low,10,No,34705-96383
Sedan,5,40112,96,3107,33,14.9,12.55,31,32,Moderate,High,11,No,5983-13503
SUV,10,164197,99,2639,34,14.3,12.45,45,34,Moderate,Low,12,No,19284-72264
Truck,8,105785,110,972,31,5.4,12.29,30,31,Moderate,Low,6,No,6404-17340
Truck,11,113223,106,3470,28,3.9,12.17,35,29,Moderate,Medium,1,Yes,6911-16359
Truck,4,135108,102,3317,20,8.3,11.95,31,35,Good,Low,7,No,26387-64017
Hatchback,3,205750,97,1278,44,16.5,11.97,25,28,Good,Low,11,Yes,19605-104689
Sedan,11,8633,87,604,41,13.8,11.78,27,30,Good,Medium,2,No,85372-178832
SUV,8,224707,106,1790,27,8.2,11.87,41,33,Critical,Low,9,No,9361-28729
SUV,1,146759,102,2634,34,11.0,11.8,36,33,Moderate,High,12,Yes,2124-8222
SUV,5,34650,96,903,36,10.7,12.5,38,34,Moderate,Low,8,No,45007-165829
Sedan,12,202174,97,2348,31,14.3,11.84,41,31,Good,Medium,3,No,31198-114670
Hatchback,4,160244,90,2104,34,19.2,12.32,30,28,Good,Medium,4,No,40582-124170
SUV,7,205639,101,1045,30,11.0,12.59,36,35,Good,Medium,4,No,7034-158779
SUV,5,75893,95,2440,30,9.9,12.59,39,31,Good,High,2,Yes,19802-34010
SUV,3,131935,101,2959,29,8.2,12.7,37,28,Moderate,Medium,12,No,34759-57569
SUV,3,182932,94,2425,34,11.3,12.07,45,31,Worn,High,11,No,18841-35161
SUV,7,158236,97,881,42,13.1,11.92,43,33,Good,Low,6,Yes,101714-175736
Sedan,5,204717,97,1421,34,15.2,12.71,34,33,Moderate,Low,9,Yes,24871-53239
Hatchback,10,82684,96,1407,40,18.6,12.55,31,36,Critical,Low,8,No,21264-61954
SUV,4,101038,97,3013,40,10.7,12.45,28,34,Worn,Low,2,No,13632-180000
Hatchback,1,49117,86,1558,36,15.6,11.99,36,28,Critical,Medium,11,No,16595-39373
SUV,10,112448,96,2069,30,9.8,12.11,44,32,Moderate,High,7,No,12343-102227
Hatchback,9,6267,98,1416,32,14.4,12.0,42,36,Worn,Low,9,No,33649-73725
Hatchback,1,116099,89,2598,28,15.3,12.28,42,34,Worn,High,5,Yes,10451-16705
Sedan,1,220632,93,3020,30,17.9,12.65,26,28,Moderate,High,9,No,13734-86483
SUV,8,22484,106,813,36,12.7,12.02,38,35,Moderate,Low,1,No,31461-71027
Sedan,4,12841,88,862,33,11.7,12.78,35,34,Good,Low,12,No,46414-120360
SUV,6,170174,96,1905,27,11.9,12.43,34,34,Good,Medium,2,Yes,52849-97375
SUV,10,28308,95,2865,38,9.9,11.76,34,32,Good,Low,4,No,61107-122727
Truck,10,236507,93,918,20,9.8,12.17,42,33,Good,Medium,11,No,15421-36973
Sedan,5,15480,89,1909,40,14.0,12.51,29,36,Good,Low,1,No,72711-180000
Truck,2,58263,103,1563,26,3.6,12.53,38,35,Good,Medium,6,No,20027-54277
Hatchback,3,33582,90,1987,32,16.3,12.27,30,34,Critical,High,5,No,10307-17131
Hatchback,3,112013,88,2163,34,18.3,12.64,42,30,Moderate,Low,5,No,52423-93511
SUV,7,165155,95,1050,35,8.5,12.38,45,28,Good,Medium,5,No,29645-100429
Hatchback,6,169166,97,2950,32,18.5,12.4,36,34,Good,High,8,No,24601-76873
Hatchback,9,213704,99,2329,43,20.7,12.21,44,30,Good,Low,1,Yes,52684-146776
Sedan,4,116074,97,3053,41,14.6,12.24,42,33,Good,Low,2,Yes,79189-127705
SUV,4,54905,94,3009,34,13.2,11.86,32,35,Moderate,Medium,1,No,31127-180000
Sedan,9,32563,91,3001,31,14.8,12.7,40,36,Moderate,Medium,8,Yes,27396-72704
SUV,8,219093,100,2319,35,14.1,12.74,32,35,Moderate,High,4,No,30711-71349
Truck,11,191268,96,606,19,6.4,12.42,44,33,Good,Medium,3,No,11966-37128
Truck,5,43037,104,1549,25,6.2,11.73,37,29,Worn,Low,11,No,11898-31546
SUV,11,190606,99,855,36,11.7,12.14,31,30,Good,Medium,8,No,60245-112731
Hatchback,10,160304,98,951,45,20.1,12.16,41,28,Good,High,12,No,6096-28641
Sedan,6,126258,89,1561,34,12.8,11.86,29,28,Critical,Low,9,No,17775-61795
Hatchback,12,105842,92,2706,39,14.6,12.16,41,28,Moderate,Low,4,No,93060-173914
Sedan,11,61262,103,1995,29,17.4,12.76,38,32,Good,Medium,2,No,41308-104604
Truck,6,23388,111,2021,24,7.1,12.36,29,29,Good,Low,7,No,19436-30790
Sedan,7,22676,91,2628,36,14.3,11.89,45,31,Good,Medium,5,No,42475-157741
Truck,4,5370,105,718,24,9.9,12.54,26,33,Good,Medium,9,No,25279-51205
SUV,6,32109,103,2655,37,9.7,12.36,31,32,Moderate,Medium,7,Yes,37232-106258
SUV,12,217196,93,1909,36,11.8,12.77,33,36,Moderate,Medium,3,No,79529-180000
Hatchback,6,204265,96,1943,34,13.8,12.24,45,33,Moderate,Medium,7,No,30819-50099
Sedan,9,49340,97,1050,26,15.2,12.7,30,30,Critical,High,7,No,3242-6722
Sedan,6,169948,100,947,42,13.5,12.02,27,33,Good,Low,5,Yes,34419-103053
Sedan,9,195882,85,1053,38,14.4,12.55,30,34,Worn,Medium,9,No,29535-89259
Sedan,5,169769,93,1583,35,14.1,11.89,33,32,Good,Low,1,Yes,84183-142515
Truck,9,184151,105,2064,25,4.9,12.03,32,34,Good,Medium,1,No,61135-106489
Truck,1,219712,107,2264,25,11.1,12.4,37,35,Moderate,Low,8,Yes,8147-17735
SUV,5,191597,102,1461,24,9.1,12.43,33,34,Moderate,Medium,1,No,38289-83763
SUV,8,178294,95,729,41,8.7,12.16,37,34,Good,High,10,Yes,27153-50231
Sedan,5,8515,97,3136,37,12.4,11.8,34,35,Good,Low,12,No,46031-112729
Hatchback,3,118013,90,1307,44,14.1,12.47,30,29,Critical,Low,9,No,43430-123544
Sedan,3,188623,84,2259,39,16.9,12.76,26,36,Good,High,2,No,34563-95621
Truck,6,144263,104,2776,15,7.1,12.47,32,34,Good,High,9,No,5251-19804
Truck,2,30181,108,2104,35,6.5,11.84,38,36,Moderate,Low,3,No,15718-24930
Sedan,7,179127,92,2617,40,15.6,12.79,39,30,Good,Medium,1,No,44758-137190
Hatchback,5,43044,84,3099,39,20.9,11.89,42,32,Good,High,3,No,64301-101945
Hatchback,6,190887,84,2903,36,16.2,11.73,34,31,Worn,High,1,No,22125-80013
Truck,5,211811,95,2830,35,4.7,11.78,44,35,Worn,Low,10,No,27934-44496
SUV,5,140043,104,1305,25,9.5,12.08,29,31,Good,High,7,No,37337-68131
Truck,7,159133,92,1470,24,5.4,11.81,45,28,Good,High,6,No,27071-80687
Hatchback,2,49583,91,1472,39,19.8,12.3,32,30,Worn,Low,4,No,60695-180000
Sedan,8,112804,98,746,41,12.7,11.92,43,33,Good,Low,6,No,75135-135621
SUV,12,24440,100,2406,35,6.7,11.87,32,35,Worn,Low,6,No,50316-77744
Sedan,5,28099,95,965,33,12.9,12.75,35,36,Good,High,2,Yes,19610-46594
Truck,1,229122,100,890,18,8.1,12.45,41,34,Worn,Low,1,No,16448-41928
Hatchback,2,152482,93,2828,35,22.8,12.49,35,36,Critical,Low,8,No,42970-74102
Hatchback,3,114444,98,2064,42,15.6,12.01,37,28,Critical,Low,1,No,35975-134703
Hatchback,7,41659,94,3456,36,20.5,12.05,38,35,Moderate,Low,12,No,34926-84298
Truck,5,201275,98,2138,23,6.7,12.39,27,29,Worn,High,5,No,11488-22230
Sedan,1,167059,96,2169,32,14.5,12.4,41,34,Worn,Medium,12,Yes,6247-14465
Truck,10,39311,97,1444,15,8.4,12.34,38,29,Good,Low,5,No,24124-65830
SUV,11,34405,102,1226,31,10.9,11.8,33,32,Moderate,Medium,2,No,45300-74752
Hatchback,6,204577,91,798,29,17.5,12.17,26,31,Critical,Low,12,No,15608-43606
Sedan,5,218107,100,3411,42,13.2,12.47,44,32,Worn,Medium,8,No,19383-180000
Truck,2,97325,111,3429,21,9.2,11.74,43,30,Good,Low,6,Yes,3671-7845
Hatchback,8,173249,97,3009,43,15.2,12.25,32,29,Moderate,Low,7,No,37494-125006
Hatchback,11,151923,90,637,33,14.0,12.42,32,36,Moderate,High,6,No,20249-37037
Sedan,3,211020,99,1479,39,16.0,11.85,40,29,Good,Medium,10,No,46342-102772
Truck,4,62441,97,2040,20,6.0,11.83,27,32,Good,Medium,9,No,14116-41600
SUV,10,216937,92,1375,39,7.3,11.98,45,33,Good,Low,10,No,91551-156671
SUV,8,197809,98,1901,41,9.2,12.09,33,29,Moderate,Low,6,No,87511-146517
Sedan,1,243254,92,1389,40,11.6,11.83,26,31,Good,Low,7,No,36722-131992
Truck,12,68003,110,1752,27,6.3,11.76,43,35,Good,Low,12,No,10366-30522
Hatchback,11,100610,88,1229,33,20.7,12.02,27,30,Good,Medium,6,Yes,45735-85849
Truck,2,86951,100,1760,21,4.1,12.29,26,32,Moderate,Medium,6,Yes,1708-5924
Sedan,3,228652,91,927,37,16.5,12.58,40,30,Worn,Medium,9,No,25660-81076
SUV,11,239791,99,626,28,9.6,12.05,42,31,Critical,High,2,No,18694-40502
Sedan,7,56932,87,1839,30,15.3,12.47,26,29,Good,Medium,8,No,31121-92713
Truck,5,246526,106,990,20,5.4,12.35,25,34,Moderate,High,10,No,2056-3446
SUV,5,88470,88,3383,38,10.4,12.64,26,32,Moderate,Low,3,No,49081-121705
Sedan,11,129459,97,1187,32,12.3,11.7,30,35,Good,High,5,No,12838-46504
SUV,3,45424,97,1218,37,10.0,12.33,44,30,Moderate,Low,9,No,74809-135353
Hatchback,8,154614,93,901,38,17.0,12.46,40,34,Good,High,2,Yes,38316-87558
Sedan,8,124471,90,2846,38,16.6,12.26,41,32,Moderate,High,2,No,35848-111899
Truck,6,139906,111,1436,26,8.2,12.29,32,32,Good,Low,1,No,16844-40964
Truck,10,34479,98,1307,32,5.5,11.76,38,30,Good,Low,12,Yes,20472-31448
Hatchback,5,200302,95,2965,42,18.0,12.11,44,34,Good,Medium,1,No,74298-144042
Truck,9,191695,115,2157,32,3.8,12.6,27,29,Moderate,Medium,12,No,5018-8924
Sedan,6,125444,86,774,35,13.1,12.44,28,34,Good,Low,1,No,62577-180000
Sedan,3,137775,89,2936,28,17.5,11.93,43,35,Good,Medium,12,Yes,25993-75265
Truck,6,103603,96,2528,31,5.6,12.41,28,30,Good,Low,8,No,21864-80678
Hatchback,12,47903,89,1875,41,16.6,11.96,28,30,Good,Low,7,No,63857-117337
Sedan,11,57909,103,2431,41,17.0,11.86,31,30,Good,Low,5,No,17502-180000
Sedan,11,226091,89,3195,41,12.9,12.32,28,30,Good,Medium,9,No,38310-152948
Sedan,7,88211,101,682,41,13.3,11.93,32,30,Good,Low,3,No,79616-180000
Sedan,9,207931,98,1533,29,12.7,11.74,39,29,Good,Low,11,No,28839-78235
SUV,2,96099,96,1675,33,10.9,12.1,38,36,Worn,Medium,1,Yes,23364-81652
Hatchback,4,171032,100,1805,33,17.5,11.78,31,31,Worn,High,11,Yes,8414-15016
Truck,3,37241,103,2306,27,5.9,12.12,44,33,Good,Medium,4,No,22685-53125
SUV,11,31127,99,3392,35,12.4,12.56,30,33,Good,Medium,7,No,51532-131837
SUV,3,12988,98,1374,42,10.6,12.69,33,29,Moderate,Low,3,No,63680-180000
Hatchback,4,107390,101,1232,33,13.9,12.25,43,35,Good,Low,7,No,50464-116204
Sedan,9,148633,97,2231,40,16.2,12.28,38,29,Good,High,2,No,29257-177363
Sedan,6,23604,87,3355,35,15.9,12.01,35,28,Good,Medium,1,No,70080-180000
SUV,7,247280,105,1015,24,13.6,12.47,45,30,Worn,Low,1,No,53979-128393
Sedan,8,27167,86,2703,38,14.1,12.74,45,35,Critical,Low,5,No,54728-105438
Truck,5,116147,109,1119,36,8.8,12.24,40,36,Good,High,10,No,13986-26206
Truck,8,82674,109,2243,34,5.3,11.99,39,28,Good,Low,10,No,35081-79387
Sedan,4,182942,92,3494,39,16.5,12.42,38,32,Good,Medium,6,No,80562-180000
Hatchback,9,33749,90,2157,43,16.5,12.25,44,33,Good,Low,6,No,49605-180000
Hatchback,9,226264,99,3345,38,16.9,11.83,34,29,Good,Low,5,No,83071-165361
Sedan,5,33322,93,1487,28,15.8,12.48,26,35,Moderate,Medium,5,No,43304-69052
Truck,12,120484,110,2163,30,8.0,12.11,25,34,Worn,Low,10,No,11473-18125
SUV,8,168571,88,1476,36,10.8,12.0,36,35,Moderate,Low,3,No,78988-149708
Hatchback,5,72702,90,2791,38,21.3,12.68,35,36,Good,Low,4,No,67273-171063
Truck,2,17888,112,1100,24,4.9,11.78,25,35,Good,Medium,12,No,5764-15198
Truck,11,184903,100,1336,18,8.1,12.04,45,35,Critical,Medium,1,No,4294-14842
Hatchback,4,33363,87,3155,35,17.0,11.87,36,28,Good,Low,3,Yes,20385-124277
SUV,8,27036,105,2300,27,12.4,12.72,42,33,Good,Medium,2,No,77836-139726
Truck,10,106680,112,3093,26,8.1,12.46,29,30,Worn,High,11,No,329-1181
SUV,1,53909,98,1574,34,12.3,12.76,31,28,Good,Low,9,Yes,53041-96505
Hatchback,6,9336,87,2126,45,17.6,12.3,27,29,Critical,Medium,12,Yes,20671-36581
Truck,3,48180,114,2105,19,6.4,11.84,41,32,Critical,Low,10,No,1745-4029
Sedan,9,129943,99,1731,34,16.0,12.13,28,28,Moderate,Medium,3,No,23786-74920
Truck,2,214521,100,1226,35,5.4,12.69,26,30,Critical,Low,5,Yes,5937-19757
Truck,12,147089,104,1441,20,7.2,11.95,34,32,Good,Low,2,No,27816-80592
Truck,1,95722,104,1184,34,8.0,12.2,27,28,Good,Low,6,No,54826-124594
SUV,12,231509,98,1146,31,11.7,11.78,26,31,Good,Low,8,No,20143-180000
Truck,10,192407,105,2529,37,7.6,12.36,40,31,Good,Low,6,No,34272-132514
Hatchback,12,233593,88,2710,33,21.3,12.7,43,30,Moderate,Low,4,No,39881-74723
SUV,5,10140,101,2244,29,13.9,12.27,29,34,Critical,Low,6,Yes,29498-63198
Hatchback,10,131616,90,2905,43,16.0,12.54,38,35,Good,Low,9,No,65085-180000
Sedan,2,183162,92,1282,35,16.3,12.46,40,36,Good,High,8,No,11500-78911
Hatchback,6,114663,88,1360,32,14.4,12.28,29,28,Good,Low,6,No,50885-164543
Hatchback,1,184440,89,2679,37,18.8,12.47,40,31,Moderate,Low,12,Yes,11993-47707
Truck,10,118662,101,1696,31,7.3,12.68,34,29,Good,Low,12,No,18060-48770
Sedan,6,210186,102,3238,34,16.0,12.03,33,34,Worn,Medium,5,No,33692-77330
Sedan,9,55087,96,1035,41,18.1,12.73,30,31,Moderate,High,4,No,7512-82899
SUV,4,224059,93,731,27,12.4,12.35,43,28,Good,Medium,5,No,73950-146106
Truck,10,243352,101,812,23,4.6,12.43,27,36,Good,Medium,2,No,33806-88552
Sedan,7,78572,90,1499,36,14.0,12.23,28,35,Moderate,Low,8,Yes,54571-98319
Sedan,6,97116,88,1792,38,15.1,12.12,38,28,Moderate,Low,5,No,70813-169893
Hatchback,6,117310,97,2501,41,20.9,12.47,33,32,Good,Medium,10,No,18695-149703
Truck,4,105680,105,1010,27,8.0,12.46,37,30,Good,Medium,10,No,19398-64294
Sedan,3,208976,89,2610,37,12.8,12.75,28,29,Moderate,Medium,11,No,37412-59232
Truck,6,113521,98,2706,30,4.6,12.21,30,28,Moderate,Low,5,No,26347-88759
SUV,11,237548,100,1956,29,9.0,12.62,27,30,Good,Low,9,No,58339-180000
Hatchback,7,31348,89,974,29,21.0,11.98,30,29,Good,Low,1,Yes,69513-180000
SUV,1,64548,95,1419,33,14.6,12.55,36,33,Good,Medium,4,No,34198-138499
SUV,8,100590,92,2856,37,11.8,12.6,35,36,Good,High,11,No,24005-39783
Sedan,8,235673,92,1928,42,14.3,12.62,35,29,Good,Low,10,Yes,43411-152741
Hatchback,11,133530,87,3327,31,17.0,12.14,39,32,Good,Low,5,Yes,45023-77813
Sedan,12,205678,89,2518,31,15.0,12.37,29,28,Good,High,7,Yes,15830-58230
Sedan,6,68357,90,2446,37,18.2,12.59,42,29,Good,Low,7,No,47433-180000
Sedan,11,90930,95,2526,42,16.1,11.9,25,31,Good,Low,2,No,36433-136645
Sedan,4,67022,89,1769,36,15.1,12.02,45,35,Moderate,Low,6,No,77561-149777
Truck,2,115191,98,2950,23,8.3,11.94,32,34,Critical,Medium,5,No,21546-37386
Truck,1,18053,100,3190,29,6.1,11.98,33,30,Good,Medium,1,No,27928-110478
Truck,6,16897,112,3086,37,6.3,11.99,45,33,Good,High,7,Yes,2227-6671
Hatchback,2,23752,97,1073,39,20.7,11.93,28,30,Critical,Low,3,No,23236-73168
Hatchback,11,220198,91,1973,36,17.4,12.8,27,28,Moderate,Low,1,No,73883-176317
SUV,8,189406,93,722,30,10.2,12.05,29,33,Worn,Low,1,Yes,78323-156173
Sedan,5,177029,94,2496,37,17.5,11.92,31,32,Good,Medium,6,Yes,53880-104088
Sedan,4,137536,102,2360,34,13.2,12.2,26,33,Good,Medium,8,No,62562-93966
SUV,11,111520,101,3147,27,11.9,12.27,32,32,Good,Medium,11,No,24267-64349
Hatchback,11,108819,89,1883,35,20.6,12.02,29,30,Worn,Low,7,No,1651-123407
Truck,9,82884,113,3094,22,6.8,12.76,37,35,Moderate,Low,6,No,5174-18586
Truck,8,240434,107,864,32,3.2,12.29,41,31,Good,Medium,6,No,11466-44134
Truck,1,245115,109,2522,32,10.1,12.79,45,33,Good,Low,4,No,14893-47361
SUV,1,59387,104,2187,23,11.1,11.94,30,33,Good,Low,11,Yes,17019-51985
Sedan,3,219831,83,1857,34,13.0,12.63,37,30,Worn,Low,3,Yes,35361-134183
SUV,5,86106,103,3112,36,11.6,12.23,27,30,Critical,Medium,8,No,23409-60089
Hatchback,2,216901,88,1494,31,20.8,12.09,25,31,Good,Low,4,No,57488-160032
Truck,12,185460,95,3244,18,8.9,11.82,28,29,Worn,Medium,1,No,17380-28426
SUV,8,147610,93,2045,36,12.6,12.32,38,34,Good,Low,3,No,85158-132090
Truck,10,65707,112,2383,28,6.6,12.69,42,29,Good,Low,5,No,25266-83442
SUV,5,165127,93,1444,37,8.8,12.48,40,30,Good,High,12,No,29708-51966
Sedan,7,155424,94,1360,44,13.7,12.1,39,32,Moderate,Medium,2,No,59243-180000
Truck,5,124670,94,937,32,5.5,12.23,39,28,Moderate,Low,1,No,34193-69385
Truck,4,224744,106,2744,23,5.6,11.9,33,36,Good,Low,6,No,8304-66341
Hatchback,7,94115,91,2659,35,13.5,12.15,30,33,Good,Low,9,No,28801-154304
Truck,2,76337,98,2858,30,6.0,12.75,27,36,Good,Low,2,No,66059-113021
Truck,7,105959,94,2836,21,5.6,12.75,30,34,Good,Low,2,Yes,26094-88328
Hatchback,10,162606,93,1204,39,19.2,12.78,43,36,Good,Medium,2,No,47721-133225
Truck,4,159952,114,787,20,5.9,12.75,32,29,Moderate,Low,11,No,628-1192
Hatchback,3,187366,88,2706,44,17.4,12.59,35,32,Good,Low,3,No,61494-180000
Sedan,12,195317,100,3118,26,15.8,12.49,36,33,Moderate,Low,8,No,33027-99799
Hatchback,9,110457,91,2431,40,21.6,11.86,39,34,Good,High,4,No,32963-87439
Truck,3,205545,108,674,19,5.0,12.31,32,35,Critical,Low,11,No,814-3966
Truck,1,225786,99,3298,23,10.6,12.23,25,34,Moderate,Low,4,No,28423-62305
Truck,9,49762,97,1228,22,7.5,12.35,31,33,Moderate,Medium,6,No,36282-83430
Truck,2,199784,102,630,34,8.8,12.63,31,31,Moderate,Low,10,Yes,21043-65463
Truck,5,68954,114,629,30,4.9,12.64,42,33,Good,Medium,6,No,15319-30691
Hatchback,7,116182,94,2099,38,14.6,12.53,36,36,Moderate,Low,6,No,105145-165935
Hatchback,5,160504,92,1742,35,17.0,12.59,32,35,Worn,Low,6,No,34233-104589
Truck,4,107409,97,2296,28,7.7,12.39,37,32,Moderate,Low,8,No,21946-45042
SUV,11,158215,90,3212,39,14.1,12.73,33,30,Moderate,Medium,5,No,83687-171033
Truck,9,143776,106,1328,29,3.8,11.95,39,33,Good,Low,1,No,33110-72390
SUV,5,132164,97,1382,24,11.4,12.23,43,28,Good,Medium,2,No,92722-180000
Truck,12,150126,103,2661,18,10.1,12.78,40,33,Good,Low,12,No,11386-17238
Hatchback,12,141004,94,2654,44,14.0,12.44,31,29,Good,Low,2,No,52927-130409
Truck,9,191398,95,2652,25,7.8,12.4,44,32,Critical,Medium,6,No,2120-29333
Hatchback,8,58999,94,1124,36,20.6,11.97,34,30,Moderate,Medium,4,No,33566-95274
SUV,7,204974,95,1955,42,13.6,12.29,25,29,Worn,Low,2,No,47828-149316
Hatchback,10,56559,94,1437,30,19.5,12.73,28,29,Worn,Low,5,No,36472-104590
Sedan,2,40327,97,3201,32,15.6,12.59,42,30,Moderate,High,2,No,27418-49516
Sedan,4,106940,92,2102,36,13.9,12.6,26,34,Worn,Medium,6,Yes,33419-120617
Truck,12,110444,106,990,26,6.0,12.77,27,33,Good,Low,2,No,30955-51405
Sedan,10,203060,92,609,40,15.6,11.82,26,33,Critical,High,12,Yes,4758-13670
Hatchback,9,242188,89,3483,36,14.6,11.78,27,30,Worn,High,10,No,23342-85180
Sedan,2,91953,90,1841,40,15.4,12.06,27,31,Critical,Low,11,No,29361-78833
SUV,12,220477,100,3057,24,10.0,12.49,40,28,Good,Low,1,No,70196-127364
SUV,2,188116,89,1447,37,8.1,11.97,42,29,Good,Low,3,No,42613-136203
SUV,12,13919,98,2415,41,10.7,11.87,35,33,Worn,Low,7,No,88109-178037
SUV,6,177370,90,2469,41,13.9,12.53,36,34,Moderate,Medium,7,No,65401-180000
Truck,10,104234,98,1848,21,9.1,12.65,37,34,Worn,High,2,Yes,5096-17750
Truck,10,42965,100,2696,23,5.3,12.78,29,35,Good,Low,2,No,44502-91170
SUV,4,145675,100,2018,39,13.5,11.93,40,30,Critical,Medium,11,No,3165-20886
Sedan,4,207559,95,1631,39,12.9,11.82,26,32,Worn,Medium,1,No,48509-118221
Hatchback,8,151400,95,2197,38,18.2,12.71,26,32,Worn,Low,1,Yes,27372-85590
Truck,3,92745,104,2582,24,8.1,11.96,27,34,Moderate,Low,2,Yes,26389-65419
SUV,5,207421,93,654,30,14.7,12.75,45,31,Worn,Medium,9,No,18354-97447
SUV,5,149930,101,3243,31,10.9,11.74,33,30,Good,High,12,No,8524-20986
Sedan,2,231154,95,2489,34,17.8,12.39,30,36,Good,Low,8,Yes,31469-106751
Hatchback,10,133821,91,2420,42,18.1,12.09,32,34,Moderate,High,2,Yes,33692-60508
SUV,11,103777,99,1823,38,8.4,11.91,43,34,Good,High,3,Yes,7917-50444
Sedan,2,131948,85,980,38,15.8,12.34,35,33,Good,Medium,4,No,68804-173094
Sedan,3,167255,85,2541,30,15.7,11.99,41,34,Moderate,Low,5,No,44406-81532
Hatchback,7,197451,86,1142,39,18.3,12.14,36,28,Moderate,Low,4,Yes,7637-118281
Hatchback,10,39742,89,2419,43,13.2,12.49,29,33,Worn,Medium,3,No,26867-105077
Hatchback,7,163108,98,2144,36,16.3,11.78,25,35,Worn,Low,11,No,31598-53776
Hatchback,1,187379,87,3476,44,20.7,12.78,44,36,Good,Low,8,No,75137-180000
Truck,7,99827,112,874,24,7.4,12.75,44,28,Moderate,Low,2,No,20300-73946
Truck,10,72216,112,1259,27,8.2,11.71,39,36,Critical,Medium,4,No,4456-13598
Hatchback,10,147872,91,2729,31,15.5,12.13,29,34,Good,Low,7,No,48778-150038
Hatchback,6,134062,93,3264,41,14.8,12.1,25,36,Worn,Low,12,No,45087-73015
Sedan,8,144365,90,1114,38,14.8,12.39,45,32,Good,Low,1,No,70449-138443
Hatchback,5,237083,88,659,41,17.5,12.48,32,34,Good,Medium,8,No,70479-112089
Sedan,2,170327,85,3469,27,17.4,12.71,41,29,Good,Low,8,No,74142-127828
SUV,3,15002,93,925,42,9.9,12.2,28,35,Moderate,Low,4,No,60197-180000
Truck,8,68609,98,1980,32,5.9,12.07,43,36,Good,High,3,No,9622-38094
SUV,10,59646,90,1585,42,12.0,12.25,35,29,Good,Low,5,Yes,70886-115432
Hatchback,4,16605,95,2837,45,17.3,12.02,27,36,Moderate,Low,10,No,15976-166537
Hatchback,6,199841,85,2908,42,18.5,12.72,29,33,Good,Low,12,No,41529-118603
Hatchback,2,186711,87,862,32,16.4,11.77,38,31,Good,High,7,No,22151-87155
SUV,9,91358,98,1593,41,10.5,11.98,31,31,Good,Medium,3,No,86328-131010
SUV,2,65606,101,1931,28,10.1,12.8,32,30,Critical,Low,3,No,20532-60288
Truck,8,76800,99,775,17,5.3,12.74,31,31,Moderate,Low,11,No,2072-10675
Hatchback,3,21720,87,926,39,20.5,12.68,25,35,Good,High,10,Yes,19617-32499
Sedan,1,230560,85,1722,28,14.9,12.15,33,28,Moderate,High,12,No,5864-14562
Truck,8,31686,105,2687,20,5.9,12.3,44,30,Good,Low,8,Yes,7309-28379
SUV,10,71518,93,1405,27,13.9,12.28,34,31,Moderate,Medium,8,No,47312-110080
Sedan,11,144723,85,775,40,13.2,11.89,32,29,Good,Medium,4,No,41082-180000
Hatchback,7,50093,99,2985,32,18.5,12.65,38,31,Good,Medium,8,No,54364-108342
Truck,4,197031,95,3393,19,5.0,11.72,38,36,Good,Medium,9,No,20730-35534
Truck,3,118870,111,3144,29,5.9,12.77,38,34,Good,Low,8,No,19137-59135
Truck,12,194483,100,3466,23,6.2,12.09,32,35,Good,Low,8,Yes,20772-72815
SUV,5,249724,94,2604,29,11.9,12.49,38,31,Good,High,4,Yes,19792-37426
SUV,8,22746,95,2899,33,14.0,12.57,37,28,Critical,Low,12,No,8086-24396
Truck,7,200293,111,3155,35,6.6,11.74,37,35,Good,Low,4,No,23590-58672
Truck,6,82117,102,1747,26,3.2,12.06,30,32,Moderate,Medium,10,Yes,7037-19825
Truck,10,8558,105,1140,20,3.2,11.89,43,28,Worn,High,10,No,5583-10595
Hatchback,8,94501,87,2037,42,20.6,12.44,34,32,Worn,High,1,No,21995-124273
SUV,2,59090,100,2753,33,10.0,12.79,27,31,Worn,Low,4,No,27678-76138
Truck,11,102835,98,1306,23,7.5,12.48,40,32,Critical,High,9,No,868-7715
SUV,10,218900,99,648,40,8.8,11.88,41,31,Moderate,High,10,No,16103-62889
Hatchback,12,45815,92,2499,38,19.8,12.68,34,35,Moderate,Medium,11,No,23341-67307
Truck,11,35203,99,1300,32,6.9,12.03,44,30,Good,Medium,12,No,10251-23511
Truck,1,214328,95,3489,25,6.4,12.68,44,28,Critical,Medium,7,No,14528-32538
SUV,4,192854,95,2323,32,10.4,12.37,30,35,Moderate,High,4,Yes,8642-54175
Truck,3,154918,97,3492,21,9.3,12.38,42,29,Moderate,Medium,10,No,7158-18018
Truck,9,26177,102,1390,16,8.4,11.83,25,28,Critical,Low,2,Yes,8930-14014
Truck,7,148442,111,1767,27,8.2,11.76,43,34,Moderate,Medium,1,No,6807-20321
Sedan,8,153434,90,1828,34,12.2,12.77,38,31,Good,Low,4,No,80083-180000
SUV,11,28782,95,1948,41,9.4,12.03,39,32,Good,Low,1,Yes,34167-180000
Hatchback,3,242667,98,816,41,17.8,11.72,45,29,Critical,High,12,No,3929-9661
Sedan,7,69398,98,1096,27,14.4,12.16,29,35,Good,Low,7,No,42487-118383
SUV,5,84921,93,3166,24,11.6,12.15,31,36,Good,Medium,11,No,56070-114560
Truck,4,162137,111,1491,31,7.5,12.64,33,32,Worn,Low,3,No,7924-18424
Truck,4,6273,104,782,28,5.6,12.72,35,31,Good,Low,12,Yes,7868-14542
Sedan,11,58249,85,1441,41,15.7,12.12,35,32,Good,Medium,8,No,70076-180000
Hatchback,4,73225,89,2636,43,17.2,12.7,28,30,Good,Medium,5,Yes,52246-95552
Hatchback,7,94794,93,1597,38,15.8,11.92,27,29,Moderate,Medium,5,No,35815-135895
Truck,5,80138,110,1370,25,5.2,11.76,31,30,Worn,Medium,3,No,18366-30364
SUV,6,118893,96,3343,30,14.0,12.27,42,32,Good,Low,10,No,71980-180000
SUV,12,212094,102,2194,36,10.1,12.05,36,29,Good,Medium,12,No,26257-81705
SUV,1,144715,97,2723,42,10.7,12.78,41,34,Moderate,Low,9,No,64911-114749
Hatchback,6,186296,92,2318,39,21.4,12.04,44,28,Good,Medium,9,Yes,30834-152496
SUV,7,103234,93,1170,26,10.1,12.28,30,28,Good,High,7,No,52201-79867
Truck,10,79888,105,1008,25,5.7,12.1,33,30,Good,Low,12,No,10255-87232
Hatchback,10,190347,93,776,40,20.9,12.02,43,28,Critical,High,11,No,2831-9611
Sedan,11,209058,99,2228,42,15.5,11.96,32,36,Worn,Low,9,No,40374-96266
Sedan,2,84892,90,3188,33,16.8,12.32,30,36,Good,High,11,No,19532-32916
SUV,10,144773,100,966,38,10.1,11.98,26,35,Worn,Low,7,No,63549-180000
Hatchback,5,119763,97,3381,34,17.2,11.95,29,32,Good,Low,8,No,41579-125335
Truck,4,98606,96,2211,29,5.1,12.78,40,29,Critical,Medium,9,No,11816-40804
Hatchback,5,82310,89,2108,34,14.7,12.59,30,33,Good,Low,6,No,72632-180000
Truck,4,96811,108,735,30,4.6,11.83,43,32,Critical,Medium,10,Yes,1183-4129
Sedan,3,159790,85,1993,30,16.4,12.78,36,36,Good,Low,10,Yes,45820-94770
Truck,4,208147,106,655,26,9.7,12.46,32,28,Good,Medium,10,No,15883-38815
Hatchback,1,20778,92,2784,43,15.3,12.22,38,35,Worn,Low,12,No,34496-69810
Hatchback,6,213294,93,604,33,13.5,12.52,42,31,Good,Low,1,No,61932-175890
SUV,9,16710,98,2492,31,8.6,12.67,29,36,Good,Medium,8,No,43778-70640
Sedan,5,248089,101,2818,33,13.6,12.65,35,33,Good,High,12,No,2801-20589
Truck,5,142270,112,1749,24,8.2,12.76,29,29,Critical,Low,12,No,385-1451
SUV,5,15743,91,3391,36,12.8,12.31,28,33,Good,High,3,No,41186-136286
Sedan,4,22838,90,765,27,14.5,12.13,37,33,Moderate,High,1,No,19044-40536
Hatchback,1,29234,91,2280,38,18.6,11.73,28,32,Moderate,High,10,No,27654-60314
Truck,4,128051,110,1102,27,7.8,12.01,36,33,Worn,Low,3,No,12307-34297
Sedan,6,188578,87,3054,39,14.4,12.13,45,36,Moderate,Low,2,No,60705-180000
SUV,4,203496,92,668,35,10.3,12.39,34,33,Moderate,Low,2,No,87017-144417
Sedan,6,144722,86,3337,38,14.4,12.49,43,28,Good,Low,7,No,51508-122270
Hatchback,12,182722,95,2243,36,21.1,12.27,35,34,Moderate,Low,12,No,23658-60864
Sedan,12,48983,92,2242,41,13.6,11.7,32,30,Critical,High,9,Yes,17187-32197
Hatchback,3,61698,97,1987,35,17.5,11.74,35,28,Moderate,Low,11,No,27504-70350
Sedan,2,133982,100,1371,30,13.1,12.37,43,29,Good,Medium,6,No,36582-91776
SUV,3,141146,98,2462,30,11.3,12.42,40,29,Good,Low,5,No,90066-162222
SUV,11,186783,100,1037,32,12.2,12.68,29,35,Good,Medium,3,No,16041-126075
SUV,1,105661,97,1724,29,8.9,12.34,27,30,Moderate,Low,8,Yes,12375-127752
Hatchback,10,14364,84,658,37,19.0,11.84,41,28,Good,Medium,7,Yes,40353-117159
Hatchback,9,54814,91,1390,46,16.4,11.92,27,31,Critical,Medium,3,No,30112-64134
Sedan,10,65452,95,1813,31,12.3,11.95,32,36,Good,High,3,No,16800-101518
SUV,4,159009,100,1446,27,13.2,12.59,32,34,Good,Low,11,No,45517-116121
Sedan,8,114031,88,1076,29,16.6,12.41,25,33,Critical,Medium,7,Yes,7705-19763
Hatchback,7,164861,93,822,43,19.3,11.88,28,28,Critical,Medium,3,No,27219-51687
Sedan,9,21159,98,3290,34,14.4,11.75,31,29,Good,Medium,5,No,43690-111800
SUV,11,161592,97,2434,28,11.7,12.35,45,28,Good,Low,12,No,31932-104480
Truck,2,68055,100,603,34,5.0,12.26,38,32,Worn,Low,6,No,19167-59327
SUV,12,189946,96,2236,28,10.8,12.78,41,29,Moderate,Low,7,No,37519-76579
Hatchback,6,154106,86,2677,42,22.2,12.44,41,33,Moderate,Medium,11,No,16437-49519
Truck,1,52902,110,2723,22,5.2,12.73,26,35,Moderate,Low,1,No,26928-57860
Hatchback,8,70616,91,711,31,16.2,12.54,25,32,Good,Low,2,No,40344-138970
SUV,7,93417,98,1678,25,9.2,11.99,42,28,Good,Medium,12,No,38953-72775
Sedan,12,42738,92,977,38,17.7,11.8,29,33,Worn,High,7,No,9697-71602
SUV,12,157332,90,2638,42,10.8,12.23,44,35,Moderate,Medium,12,No,50753-88219
Truck,8,107713,98,2500,35,6.7,11.81,37,33,Moderate,Medium,1,No,9623-99641
Hatchback,8,240717,90,1496,33,19.5,12.48,41,30,Worn,Low,2,No,42406-130476
Truck,5,178169,104,1341,22,7.5,11.78,39,32,Moderate,High,7,No,11648-26684
Sedan,3,121956,89,2972,33,17.3,12.6,25,29,Worn,Medium,2,No,50421-107963
Sedan,11,189345,100,1657,34,17.3,11.96,31,28,Moderate,Medium,6,No,21429-39521
Hatchback,5,175741,96,985,36,15.7,12.03,45,33,Worn,Medium,12,No,21664-67778
SUV,9,102253,90,1667,35,11.0,12.75,34,36,Moderate,Low,5,No,87009-166771
Hatchback,6,224707,84,1319,38,18.7,11.91,31,36,Good,High,11,No,23792-90338
Hatchback,9,158237,86,2459,41,20.6,11.82,38,29,Moderate,Low,3,Yes,46144-88066
Truck,6,133247,100,3249,34,5.3,12.04,40,33,Good,Low,1,Yes,34671-112083
Hatchback,2,237711,96,844,30,17.1,12.46,31,28,Moderate,Low,7,No,43195-120665
SUV,11,119856,97,905,39,9.6,12.02,27,28,Good,High,9,Yes,23513-83023
SUV,4,54692,96,3171,28,11.7,12.06,35,36,Good,Low,11,No,33149-78663
Sedan,5,114036,84,2261,34,16.4,12.06,33,30,Moderate,Low,3,No,9568-180000
Hatchback,12,25118,96,1458,30,20.9,12.8,37,36,Moderate,Low,1,No,35794-82820
Truck,1,166953,105,3414,30,5.0,12.62,25,36,Good,Medium,3,Yes,21416-59414
Hatchback,11,186934,98,1935,45,15.3,11.81,37,30,Critical,Low,6,No,20145-48877
Hatchback,9,104291,97,2886,44,19.6,12.39,41,35,Moderate,Low,12,No,27306-47824
Hatchback,3,10491,96,3400,33,14.7,12.54,42,34,Good,Low,6,No,46880-88358
Sedan,4,23749,86,766,39,14.9,12.43,32,30,Good,Medium,6,No,60645-137797
Hatchback,8,200993,92,3299,36,20.0,12.02,26,35,Good,High,6,No,42497-74153
Truck,3,13829,103,1335,26,9.6,12.23,33,29,Good,Low,10,No,48391-73343
Truck,4,208185,102,1037,24,9.3,12.06,41,33,Good,Low,5,No,47955-76089
Hatchback,2,78524,90,1768,36,15.5,12.76,43,29,Worn,Medium,3,No,46246-107804
SUV,11,160296,90,3142,34,13.9,12.68,28,33,Good,Low,4,Yes,52410-180000
Sedan,6,45115,96,1353,41,15.8,11.89,27,31,Good,Low,5,No,55492-180000
Hatchback,2,126326,93,2017,47,22.8,12.47,40,33,Moderate,Medium,5,No,44659-133809
SUV,8,42744,91,1193,39,9.7,11.71,38,31,Good,High,8,No,54733-113101
Truck,5,106097,115,1415,30,7.5,12.09,25,35,Moderate,Medium,12,No,4427-12565
SUV,11,78560,102,2289,25,11.9,12.27,45,31,Moderate,Low,3,No,53375-84799
SUV,3,236288,94,1404,34,11.8,12.57,41,28,Moderate,Low,6,Yes,51656-124258
SUV,5,206934,93,924,36,13.9,11.9,32,35,Good,Low,1,No,73168-137716
Hatchback,2,7965,94,1444,40,16.3,12.78,42,35,Good,Low,10,No,73086-180000
Hatchback,10,174093,88,2052,39,18.3,12.47,32,31,Worn,Low,6,No,12235-180000
Truck,1,204710,103,3442,21,5.2,12.23,32,32,Good,Medium,1,No,42357-71231
Hatchback,8,212570,87,1722,44,13.0,12.39,28,31,Good,High,3,No,53520-88986
Sedan,1,135756,94,1710,38,18.8,12.0,44,33,Good,Low,7,No,36363-125207
Truck,4,240703,101,2187,32,8.3,12.1,31,28,Good,Medium,4,No,24215-44501
Hatchback,8,170221,95,848,42,17.0,12.11,34,33,Good,High,6,No,25532-77328
SUV,6,85669,99,2213,30,12.7,12.46,30,32,Good,Low,12,Yes,43922-67364
SUV,3,239613,93,1093,32,11.0,12.17,31,36,Moderate,Low,3,No,42424-168224
Hatchback,8,185284,86,2868,31,16.8,12.45,44,36,Good,Medium,6,No,39407-124721
Truck,11,187800,92,2008,27,8.3,12.64,30,31,Good,Low,11,No,30765-48275
Sedan,2,173211,84,2246,34,13.4,12.13,31,33,Worn,Medium,4,No,61304-98036
Sedan,6,185130,89,2357,32,14.9,12.43,30,29,Good,Low,11,No,16997-180000
Sedan,9,102036,90,2192,33,12.3,12.53,38,29,Good,High,5,No,25788-81158
Truck,1,136431,109,910,30,5.5,11.89,27,30,Good,Medium,4,No,12240-36044
Sedan,9,188326,99,2565,33,17.9,12.63,29,36,Critical,Medium,1,No,12727-38045
SUV,6,127546,96,1270,28,13.9,11.76,40,32,Moderate,Medium,5,No,38293-78009
Sedan,11,167932,83,1289,39,15.3,12.46,30,36,Critical,Low,1,No,40058-130136
SUV,1,24471,103,1019,30,12.3,12.57,26,36,Good,Low,6,Yes,64683-101061
SUV,5,167911,87,2319,35,12.1,12.51,41,30,Moderate,Medium,3,No,51922-106000
Truck,3,84612,96,2570,16,4.2,12.58,37,31,Moderate,Medium,8,No,10637-18607
SUV,8,76617,94,2652,27,11.2,12.68,45,30,Worn,Medium,5,Yes,42983-103167
Sedan,8,146910,83,1022,41,18.5,11.78,29,34,Good,Low,3,No,60674-121470
SUV,12,46253,99,2345,26,14.7,12.24,28,34,Moderate,Medium,6,Yes,6368-56225
SUV,8,164178,103,638,29,12.6,12.67,36,31,Good,Medium,9,No,63048-98482
Truck,4,223028,99,1017,28,7.3,12.4,27,30,Good,Low,12,No,35098-57434
Hatchback,12,161927,89,3003,29,21.9,11.75,36,29,Good,Medium,7,No,29207-95511
Sedan,4,219138,84,1185,41,15.8,12.26,34,34,Moderate,Low,4,Yes,43219-87139
SUV,3,86207,94,1846,38,14.8,12.64,42,29,Worn,Medium,7,No,86464-143380
Hatchback,10,72812,99,2950,40,20.2,12.47,37,32,Moderate,Medium,11,Yes,14280-29510
Sedan,2,148676,98,850,29,18.2,12.28,35,29,Worn,Low,7,No,33968-129686
Hatchback,1,89432,91,2121,33,15.7,12.05,41,30,Moderate,High,2,No,18109-32967
Hatchback,3,221697,92,1956,39,16.5,11.99,35,28,Moderate,Medium,10,No,29279-170098
Hatchback,3,186315,97,949,35,18.8,12.36,36,29,Critical,Low,5,No,22932-83614
SUV,3,55802,88,2368,34,7.9,12.11,36,29,Worn,Medium,6,No,44117-120773
Hatchback,10,203068,95,1233,33,20.6,12.28,40,35,Good,Low,11,No,36752-86425
Sedan,3,94252,97,1193,39,16.9,11.9,35,31,Good,Low,5,No,52332-174260
Truck,12,42861,99,820,30,5.0,11.91,40,32,Good,Medium,8,No,22696-90442
Sedan,2,64593,99,2753,29,15.7,12.63,45,35,Good,Medium,10,No,52875-97843
Truck,11,13867,110,2961,22,9.5,11.99,27,32,Good,Medium,1,No,30100-61760
Hatchback,11,103975,99,3102,46,19.6,12.54,41,35,Good,Low,7,No,35278-129434
Sedan,8,55668,90,3011,37,14.4,12.5,27,32,Good,High,10,Yes,19305-94061
SUV,1,52309,92,2192,34,13.6,12.66,28,32,Good,Low,3,No,5548-180000
Sedan,6,223018,97,1004,36,15.4,12.02,34,28,Good,Low,12,No,20258-135393
Truck,1,13298,96,1781,22,8.9,12.51,34,31,Good,High,5,No,7029-17087
SUV,2,222076,98,771,29,10.1,12.64,44,34,Worn,Medium,7,No,37848-139918
Hatchback,8,135599,84,3338,46,17.4,12.54,37,30,Good,Low,6,No,80229-134611
Hatchback,1,14700,89,1457,42,18.0,11.92,33,36,Worn,Low,3,Yes,64727-105787
Sedan,6,160864,90,2151,32,18.3,12.28,30,28,Good,High,10,Yes,12313-111780
Hatchback,10,79331,96,3364,44,13.1,12.06,29,36,Worn,Medium,3,No,57269-101205
SUV,9,57772,106,2495,40,10.3,12.0,26,28,Moderate,High,8,Yes,16098-27230
Sedan,2,31529,90,3357,40,11.4,12.35,37,35,Good,Low,7,No,41400-140466
Truck,1,165989,107,1673,32,7.9,11.75,31,35,Moderate,Low,4,No,10596-17630
Sedan,12,85824,95,3414,37,13.8,12.34,41,28,Good,Medium,10,No,34149-106759
SUV,6,123600,93,3344,36,10.3,12.44,42,30,Good,Low,6,No,49582-121612
Truck,7,136936,104,2861,21,6.3,12.25,34,32,Good,High,10,No,7765-14269
SUV,10,100179,92,2371,33,11.8,12.14,39,28,Worn,Medium,8,No,31813-106753
Truck,10,103743,107,1756,17,9.3,11.82,41,35,Good,Low,8,Yes,5603-11129
Sedan,3,39026,95,2344,38,15.7,11.97,29,28,Critical,Low,7,No,28976-77962
SUV,6,30048,97,1746,33,13.1,12.54,27,31,Good,Medium,8,No,35691-116709
Truck,3,149833,98,1555,33,3.8,11.86,40,29,Moderate,Medium,11,No,11957-18411
Sedan,5,178006,101,1073,35,18.1,12.04,33,32,Worn,Low,9,No,4291-164203
Hatchback,9,78471,93,3487,39,16.4,12.47,43,36,Good,Medium,4,Yes,27969-104880
Sedan,5,63230,96,2720,28,14.9,11.82,32,31,Critical,Medium,4,Yes,9958-35034
Truck,7,55364,107,1722,29,3.6,12.76,44,34,Good,Medium,3,Yes,14447-42919
Sedan,11,249205,89,734,39,12.1,11.93,29,29,Moderate,Medium,2,No,55462-180000
Sedan,4,13907,91,911,35,15.5,12.36,33,30,Good,High,1,No,29709-76563
SUV,11,174414,89,1449,31,9.9,12.51,26,33,Moderate,Low,12,No,44897-118637
Sedan,1,228460,85,2494,25,11.4,12.8,42,33,Critical,Medium,2,No,13123-63895
Hatchback,10,18934,86,998,27,19.9,11.98,34,35,Good,Low,8,No,66035-99607
Hatchback,7,53122,93,3119,35,19.7,12.35,25,35,Moderate,Low,2,No,49126-162610
Truck,9,8786,105,2743,27,7.1,11.97,38,30,Worn,Low,5,Yes,37414-72990
Hatchback,6,126099,97,1576,35,15.9,12.04,32,29,Good,High,7,No,31690-92293
SUV,11,50038,96,2729,25,6.7,11.81,27,33,Moderate,High,3,No,8473-54297
Sedan,11,112368,88,610,39,16.4,12.46,39,36,Good,Low,6,Yes,59255-180000
Hatchback,8,33723,96,3218,38,17.4,12.54,37,34,Good,High,3,Yes,37657-59409
SUV,2,97020,93,1004,28,12.4,12.48,36,35,Critical,Medium,3,No,26310-55140
Hatchback,3,66795,99,652,33,20.7,12.55,41,30,Critical,High,6,Yes,2335-3753
Truck,9,122527,108,1604,32,6.1,12.76,45,32,Moderate,Medium,2,No,9128-31984
Hatchback,5,180730,98,901,39,18.3,12.48,44,29,Worn,Low,7,No,19229-104041
Hatchback,9,121776,90,2186,32,21.0,11.98,26,30,Worn,High,2,Yes,28629-86219
Hatchback,8,244411,90,2894,47,13.8,12.02,45,36,Good,High,4,No,56115-102107
SUV,10,42214,93,1854,30,10.4,12.09,33,31,Good,Low,7,No,39692-129868
Hatchback,1,87952,82,2031,42,22.5,11.77,38,28,Worn,Low,2,No,55277-180000
Hatchback,3,210623,91,2791,40,16.1,12.4,43,29,Good,Medium,10,No,45488-180000
Truck,10,162392,104,2143,31,7.8,12.25,27,36,Good,Low,3,No,16434-173428
Sedan,9,44004,95,1288,39,13.5,12.54,40,31,Good,Low,7,Yes,24948-78094
Sedan,11,170422,83,3186,37,16.8,12.47,29,33,Critical,Low,10,No,30782-99962
Hatchback,5,114869,97,1261,42,21.7,11.76,41,33,Good,Medium,4,Yes,49122-119512
Sedan,3,124550,89,950,34,14.0,12.02,28,33,Good,Medium,10,No,44121-81485
SUV,5,61041,104,1360,36,10.7,12.04,38,35,Good,Low,6,Yes,98741-152407
Hatchback,2,180846,92,771,38,18.7,12.14,35,31,Worn,Medium,5,Yes,33907-69623
Hatchback,3,15178,87,2874,35,18.7,12.29,31,30,Moderate,Low,7,No,34007-72821
SUV,5,14816,91,3244,34,8.0,11.74,43,33,Moderate,Low,12,Yes,25986-92908
Hatchback,12,92590,94,747,31,19.8,11.85,26,28,Moderate,Medium,6,No,38633-135357
Sedan,9,41279,94,1046,42,14.5,11.97,33,35,Worn,Low,9,No,44568-165506
Truck,12,122561,97,2076,18,8.5,12.65,44,29,Good,Low,11,Yes,1507-4677
SUV,8,212304,97,3046,38,10.0,11.99,26,28,Good,Low,7,No,98089-177083
SUV,10,119954,88,2259,28,8.1,12.27,43,31,Moderate,High,3,No,40628-73130
Sedan,8,16797,92,1386,37,14.2,12.15,29,34,Good,Low,6,No,56404-180000
Sedan,1,226207,87,1139,29,17.2,12.3,28,34,Critical,High,6,No,6866-19568
Sedan,7,122584,96,710,41,10.9,12.34,31,28,Moderate,Low,9,No,31406-113382
Sedan,4,61392,96,1557,30,17.8,11.9,29,33,Good,Medium,4,Yes,27686-62980
SUV,4,146061,102,3363,38,13.5,12.05,33,31,Worn,Medium,12,No,10539-41277
Hatchback,5,55785,92,2696,37,21.1,12.2,30,33,Worn,Low,7,No,55677-180000
Hatchback,5,204574,87,807,34,16.9,11.97,45,28,Critical,High,3,No,8777-24381
SUV,11,247291,93,2354,29,9.0,11.82,30,35,Worn,Low,5,No,61811-169727
Truck,6,96136,108,2065,32,4.7,12.24,34,31,Moderate,High,2,Yes,5974-10428
SUV,11,118894,99,1428,22,9.1,12.45,31,31,Moderate,Medium,8,Yes,12967-46979
SUV,9,204495,90,1375,28,9.7,12.14,37,31,Moderate,Low,2,Yes,29686-180000
Truck,3,109252,112,3358,22,8.3,12.37,35,28,Moderate,Medium,11,Yes,1031-1837
SUV,7,115590,97,2002,26,10.9,12.58,38,35,Moderate,Low,7,No,38635-94649
SUV,2,238710,93,1825,36,8.7,11.77,35,31,Good,Medium,2,No,20845-180000
Hatchback,8,116412,99,1198,37,20.6,11.79,36,35,Good,Low,11,No,33268-125066
Truck,10,43596,99,3060,21,2.9,12.68,29,33,Good,Low,10,No,25289-64637
Hatchback,9,52856,95,2614,36,15.3,12.43,30,32,Worn,Low,2,Yes,41414-89624
Hatchback,1,161735,88,2284,39,18.7,12.36,29,36,Worn,Medium,6,No,48758-96660
SUV,1,64860,89,2223,39,12.3,12.72,34,31,Good,Medium,2,No,50538-163098
Truck,6,159592,100,1313,30,6.6,12.03,33,33,Good,Low,5,Yes,41917-64111
Sedan,11,153235,83,2569,34,13.0,12.38,44,33,Good,Low,2,No,60630-180000
Hatchback,3,174400,92,2232,32,23.1,11.97,45,36,Critical,Medium,11,Yes,5088-9320
Truck,2,94324,105,3341,22,4.1,11.76,34,34,Good,Low,5,No,28818-125664
Sedan,12,248120,97,799,34,16.4,11.82,39,30,Good,High,4,No,46592-71028
Hatchback,11,40650,94,1709,30,14.4,12.07,36,30,Critical,High,8,Yes,6277-12161
Sedan,10,94454,85,885,32,16.4,12.44,28,33,Good,Low,4,No,100045-155921
Sedan,1,154674,94,3484,34,12.8,12.42,41,31,Worn,Medium,10,Yes,27062-82222
Truck,12,203266,108,1770,33,8.5,12.64,42,31,Good,Low,6,No,19586-43382
Sedan,1,165038,98,2498,30,18.1,11.82,36,31,Critical,Low,3,No,37421-72621
Hatchback,11,41016,87,1892,47,16.8,11.95,43,36,Good,Low,7,No,38149-169703
Truck,12,69901,108,2466,22,8.4,12.66,31,28,Good,Low,4,Yes,13622-30710
Truck,5,200181,106,2434,29,4.1,12.45,26,32,Moderate,Medium,12,No,6194-15678
SUV,2,33044,103,2507,34,10.9,11.96,36,33,Good,Medium,12,No,13129-39195
Hatchback,12,214797,86,903,42,22.0,12.22,40,36,Moderate,Low,12,No,9531-180000
Sedan,10,78949,92,2634,44,16.6,11.81,39,32,Moderate,Medium,11,Yes,17601-60245
Truck,8,168770,97,739,18,5.4,12.32,37,31,Critical,Medium,9,No,4114-9058
Sedan,11,111270,96,661,35,15.1,11.97,39,33,Good,Low,9,No,33100-76896
Truck,3,9173,98,1496,23,5.9,12.05,43,34,Moderate,Low,10,Yes,22099-55545
Truck,2,118167,93,2655,32,7.0,12.51,41,30,Worn,Medium,3,No,35285-83949
Hatchback,11,207940,97,2284,45,17.8,12.3,33,28,Good,Low,10,No,44624-168380
Sedan,2,69875,94,1385,36,13.1,12.58,44,36,Moderate,Medium,5,No,32976-98752
Hatchback,12,7880,99,755,33,14.3,12.1,42,28,Good,Low,8,No,50178-128354
SUV,9,82290,92,1814,30,11.3,11.83,38,32,Worn,Low,10,No,66173-142641
Hatchback,5,59757,97,2235,43,17.5,12.36,34,30,Moderate,High,10,No,35836-56810
Hatchback,3,77545,84,1138,38,17.8,12.72,35,35,Worn,Low,2,No,70337-180000
Sedan,1,147005,97,3450,29,19.2,12.26,28,36,Critical,High,1,No,10080-17090
SUV,2,202231,102,3088,38,9.6,12.03,30,34,Worn,Low,12,Yes,15322-55418
Sedan,12,98975,90,1434,32,17.4,12.76,40,35,Critical,Low,6,No,24522-45298
Sedan,7,23327,88,3262,28,15.2,12.78,38,28,Critical,Medium,1,No,19307-68533
SUV,1,154408,90,1084,24,9.1,11.92,44,32,Good,Low,7,No,73426-180000
Truck,11,157014,98,1700,24,9.6,12.75,28,28,Good,High,6,No,20118-38840
Hatchback,9,179179,97,2671,40,21.5,12.72,42,32,Critical,Medium,8,Yes,9889-18773
Hatchback,2,22938,96,3344,44,15.9,12.51,32,31,Moderate,Medium,5,Yes,41652-74412
Truck,1,165598,98,2461,26,4.7,12.12,39,34,Good,Low,8,No,9125-119274
Sedan,12,171964,88,2696,38,14.4,12.29,31,30,Good,High,9,No,57408-97174
Truck,8,75918,106,1150,23,4.6,12.4,36,29,Good,Low,7,No,12880-80264
Hatchback,4,249193,97,3138,42,14.1,12.28,33,36,Moderate,Low,6,No,62953-115863
Truck,11,107264,96,624,28,7.0,12.36,29,28,Worn,Low,3,No,23854-46564
Truck,11,29317,99,1850,29,8.5,12.63,45,29,Moderate,Low,6,No,28484-74168
Truck,2,89712,104,3071,28,6.1,11.86,27,30,Good,Low,3,No,39514-123490
SUV,6,193059,104,2828,31,7.0,12.67,32,34,Good,Low,4,No,42568-120486
Sedan,12,166331,87,2744,42,18.4,11.76,44,28,Good,Medium,2,Yes,92089-170733
Hatchback,12,125247,89,2896,40,17.7,12.78,42,33,Critical,Low,1,No,27346-84406
SUV,9,231781,102,2235,38,10.2,12.06,41,32,Worn,High,6,No,38591-58547
Sedan,8,146407,92,1659,29,15.4,12.47,36,30,Good,Medium,7,No,35040-82912
Truck,11,39926,111,875,31,9.7,11.98,35,32,Moderate,Medium,10,No,16579-40205
Hatchback,6,91234,96,1598,43,18.7,11.95,27,32,Good,Low,3,No,74419-118533
Truck,9,131002,106,1776,25,7.1,12.1,43,31,Good,Low,4,No,11875-45725
Sedan,7,204513,102,2941,38,17.4,11.84,32,34,Moderate,Low,3,No,35072-126194
Hatchback,12,148761,85,1683,27,15.7,12.7,40,31,Moderate,Medium,9,No,10528-114909
Hatchback,7,88011,94,2501,38,17.1,11.95,31,30,Moderate,Low,6,Yes,36670-65684
Hatchback,12,81686,96,1791,29,13.7,11.96,39,35,Good,Low,7,Yes,36867-82689
SUV,12,42466,89,2166,25,9.5,12.58,41,32,Moderate,Low,2,No,43277-153697
Hatchback,4,211139,88,2973,32,21.3,12.66,42,31,Worn,Low,7,No,40171-82697
Sedan,12,155542,97,2362,30,16.4,12.04,41,33,Moderate,Low,3,No,25799-83119
Sedan,8,174869,91,2214,38,13.2,12.7,31,32,Good,High,12,Yes,11901-42455
SUV,9,107151,98,1096,36,9.8,11.87,27,36,Critical,Medium,6,Yes,26090-51094
Sedan,9,74408,91,927,43,13.8,12.29,31,31,Worn,Medium,7,No,49086-101168
Sedan,3,36063,99,1600,29,14.0,12.28,31,35,Worn,Medium,1,No,23310-83582
Sedan,11,174768,90,1759,32,15.7,12.26,28,35,Good,Medium,9,Yes,28957-81899
Truck,6,70176,101,3056,30,8.5,12.31,36,32,Critical,Low,6,No,12618-33390
SUV,11,238859,90,1773,36,13.6,12.78,44,36,Good,High,9,No,45335-84407
Sedan,5,225007,95,753,37,11.7,12.09,27,31,Good,Medium,1,Yes,26394-87974
Hatchback,11,189696,90,1038,35,16.8,12.35,41,29,Good,Low,7,No,64296-180000
Sedan,11,110698,92,2840,43,13.8,12.46,34,29,Good,Medium,4,No,49787-152737
Truck,5,110321,106,700,24,7.8,12.62,39,33,Good,Medium,4,No,20691-38999
Hatchback,6,64304,91,841,39,16.2,12.04,45,30,Worn,High,7,No,25613-55003
SUV,9,183757,105,1869,33,8.3,12.35,33,29,Good,Medium,8,No,33274-155978
SUV,6,237311,91,815,31,11.1,12.22,30,35,Moderate,Low,4,No,68111-158523
Truck,5,143289,101,1364,34,5.4,12.65,45,30,Good,Low,7,No,36072-142510
SUV,9,161868,102,2695,26,11.3,12.48,40,30,Critical,Medium,9,No,19770-54826
SUV,9,223129,101,1488,27,10.2,11.85,26,35,Moderate,Medium,6,No,34553-83271
SUV,10,74274,97,2963,32,7.1,12.19,30,36,Good,Low,1,No,29797-180000
Sedan,7,131460,101,1267,25,16.4,12.56,36,28,Good,Low,2,No,61131-122057
Truck,3,223932,97,3418,25,7.1,11.77,35,36,Good,High,11,No,4343-13353
Sedan,8,206584,97,3134,35,14.5,12.5,30,32,Worn,Low,3,No,39425-128455
Hatchback,10,213659,98,2405,40,19.7,12.14,39,34,Good,Low,1,No,52075-180000
Truck,4,183603,96,2472,23,5.2,12.24,42,32,Moderate,Low,12,No,6028-19402
SUV,8,233995,106,2819,32,12.3,11.75,43,32,Worn,Low,6,Yes,40331-63137
Hatchback,1,240947,97,1453,38,17.9,11.97,34,30,Critical,Medium,10,No,30983-75209
Hatchback,12,162587,85,2923,35,17.3,11.76,37,28,Moderate,Low,3,No,33993-103183
Truck,4,151021,98,2511,15,6.7,11.75,40,33,Worn,Low,7,No,6246-21277
Hatchback,4,139826,88,2966,36,19.0,11.74,45,29,Worn,Medium,5,No,40133-70303
Hatchback,7,236020,87,2943,40,16.3,12.21,26,31,Good,Medium,2,Yes,77445-124395
Hatchback,2,69385,86,2048,38,20.9,12.76,45,34,Good,Low,4,Yes,79408-165964
SUV,4,32818,101,2991,31,9.8,12.23,37,29,Moderate,Low,8,No,32212-97473
Sedan,7,249994,94,2655,39,14.1,12.42,31,30,Worn,High,6,No,26615-41991
Sedan,2,129537,87,1886,29,14.1,12.61,36,33,Good,Medium,6,No,63282-106644
SUV,2,208675,96,3037,39,12.3,11.83,42,36,Moderate,Medium,7,No,66361-106675
Hatchback,1,9715,92,1606,35,17.6,11.74,28,33,Moderate,Medium,12,No,22981-44203
Truck,9,128174,97,2952,23,6.2,11.7,36,29,Good,High,4,Yes,11353-37837
Sedan,4,194263,95,1769,30,14.7,12.39,27,29,Moderate,Low,11,No,25835-86627
Truck,10,84573,97,1367,22,8.8,12.32,38,28,Good,Low,3,No,51161-95259
Sedan,6,135340,100,3380,26,11.9,11.85,29,31,Good,High,3,No,46067-71741
Hatchback,4,79826,85,1425,41,15.2,12.44,28,32,Good,Medium,7,No,90394-180000
Sedan,1,90329,94,1760,38,14.8,12.16,25,34,Good,Low,4,No,58917-154581
Truck,1,205300,100,2707,29,7.1,12.67,42,32,Good,Medium,7,No,17729-40623
Sedan,10,228741,102,2329,39,16.5,11.72,25,35,Good,Medium,1,No,88430-144052
Hatchback,1,33193,91,2516,42,16.3,12.27,30,35,Worn,Medium,10,No,38725-64795
SUV,5,102264,95,1376,28,8.2,11.71,45,30,Critical,Low,7,Yes,20912-33244
Sedan,9,233460,99,3460,39,15.6,11.97,30,32,Good,High,4,No,23624-43884
Hatchback,5,236198,99,1516,27,15.9,12.06,39,32,Worn,Low,7,No,30934-83224
Sedan,8,117159,90,2162,42,14.3,11.9,38,32,Worn,High,10,No,13655-40519
Sedan,10,37385,102,1484,41,11.8,12.01,32,29,Good,Medium,10,No,32153-106319
Truck,12,142725,112,875,28,4.4,12.45,44,34,Good,Low,4,No,13047-82673
Hatchback,1,226308,90,1384,35,17.0,12.58,36,29,Worn,Medium,7,No,38621-63679
Sedan,8,210983,91,2312,37,14.3,11.82,42,33,Good,Low,7,No,59858-115118
Hatchback,4,94468,86,2091,30,19.4,12.49,40,33,Good,High,5,No,7986-90210
Hatchback,9,207423,95,1462,35,21.5,11.7,37,33,Good,High,5,No,20762-49016
Truck,4,96645,106,2554,34,7.5,11.77,42,31,Moderate,Low,2,No,4617-59900
Truck,3,203565,112,2088,30,10.8,12.2,41,29,Good,Low,12,No,5425-19061
Sedan,4,221941,98,939,34,16.8,11.87,35,32,Good,Low,4,No,46263-81637
Sedan,3,201778,94,828,31,15.2,12.34,32,31,Good,Low,1,No,46724-121134
Truck,5,237882,98,2013,33,6.6,12.62,34,29,Moderate,Low,9,No,29846-49676
Hatchback,4,204935,84,2329,34,20.7,12.68,25,33,Moderate,Medium,7,No,42064-120138
SUV,4,91391,99,2700,32,10.9,11.73,28,28,Good,Medium,3,No,44009-88683
Sedan,6,188220,94,1421,37,16.8,12.31,34,35,Good,Medium,12,No,52078-102192
Hatchback,2,121456,95,2452,35,17.4,11.76,40,33,Good,Low,1,No,54953-180000
SUV,11,34230,103,2719,40,11.8,11.78,34,33,Good,Low,12,No,55526-111742
Sedan,2,101736,89,1747,37,14.1,12.51,40,31,Good,Low,11,No,28460-75162
SUV,4,229484,97,2069,34,9.6,12.41,32,30,Good,Medium,1,No,36222-129938
Sedan,8,156274,94,2442,30,13.5,12.43,33,34,Worn,Low,6,No,26160-88456
Truck,12,123395,112,615,34,8.5,11.83,34,30,Moderate,Low,10,No,19584-40350
Truck,8,167171,98,3122,27,6.5,12.56,37,31,Good,Medium,6,No,29936-69852
Hatchback,12,229489,84,3102,46,20.3,12.71,33,33,Good,High,12,No,24787-56203
Sedan,12,79905,100,1357,40,14.9,11.8,25,28,Good,Medium,7,No,42823-78991
Sedan,12,237682,84,1967,29,16.2,12.16,36,29,Good,Low,3,No,44071-146075
SUV,1,11369,91,1866,32,12.1,12.58,25,30,Worn,High,3,No,24780-58886
SUV,10,36689,102,808,31,10.9,12.59,36,30,Moderate,Medium,2,No,17888-156639
Sedan,7,104146,89,706,33,14.3,12.13,37,28,Critical,Low,9,No,35814-54292
SUV,11,29319,99,2775,36,13.3,11.91,34,30,Moderate,Low,1,No,42761-129165
Sedan,1,102472,89,2842,39,14.6,11.91,42,32,Good,Low,8,No,92519-169463
Truck,8,159183,114,2095,22,9.0,11.89,26,35,Good,Low,3,No,23433-60085
Sedan,12,63107,87,3398,32,17.1,12.48,42,31,Moderate,Low,10,No,40409-97039
SUV,12,6319,102,3394,28,13.6,12.52,42,34,Good,Low,5,No,43350-159152
Hatchback,11,190636,84,2277,34,17.5,11.93,27,33,Moderate,Low,9,No,49646-116772
SUV,9,137552,105,1905,36,12.5,11.94,41,31,Good,High,3,No,52703-108783
Truck,8,85039,107,3285,29,10.0,12.23,29,32,Worn,Low,12,Yes,1250-4790
Truck,12,174935,102,1567,30,7.9,12.69,28,33,Worn,Low,8,No,26474-43880
Hatchback,12,81831,86,2512,39,16.1,12.48,38,35,Moderate,High,12,No,7847-23989
Sedan,11,162105,83,2451,36,14.5,12.31,39,36,Worn,Low,7,Yes,33892-87924
SUV,10,162007,98,2663,28,11.6,12.71,38,35,Worn,High,9,No,14200-51750
Hatchback,10,138665,95,3131,35,18.2,12.44,43,34,Good,Low,12,Yes,16425-41365
Sedan,3,247136,102,1667,40,18.3,12.28,27,29,Good,High,5,No,38108-65690
Hatchback,7,233713,96,2457,29,16.0,12.55,26,34,Good,Low,6,No,56094-85440
Hatchback,9,131427,86,2044,40,16.4,12.28,34,28,Good,Low,1,Yes,100851-169107
Hatchback,10,69533,86,1603,36,18.0,12.46,40,34,Good,Medium,12,Yes,27666-48594
Sedan,12,172973,85,1041,38,17.1,12.74,40,31,Good,Low,3,Yes,50713-180000
SUV,3,40185,88,1855,42,13.7,12.48,31,36,Good,High,2,No,62894-116232
Sedan,8,47835,97,1796,34,15.4,12.54,42,36,Good,High,1,No,37761-81455
Truck,5,174801,105,3366,20,5.5,12.11,45,31,Good,Medium,2,No,33367-66987
Sedan,4,56129,91,1415,42,16.5,12.61,42,35,Worn,Medium,1,No,53646-180000
Sedan,12,93426,100,1625,35,13.3,11.75,43,35,Good,High,2,No,27742-61672
Truck,8,44429,96,848,26,7.0,12.66,31,33,Good,Low,6,No,34742-118632
SUV,2,43354,95,832,30,10.4,12.69,34,29,Moderate,Low,8,Yes,37862-101980
Truck,3,49857,103,3345,36,10.0,11.96,38,36,Critical,High,10,No,2149-4695
Truck,7,197896,97,748,28,4.0,12.19,34,34,Moderate,Low,11,No,10946-25836
Truck,4,121453,108,993,27,3.2,12.52,26,28,Good,Low,3,No,31180-52086
Hatchback,5,249667,98,1908,43,23.1,12.18,38,28,Critical,Medium,12,No,14134-39034
Hatchback,12,12018,93,1551,28,16.3,12.22,28,34,Good,Low,3,No,104553-162279
Sedan,6,241345,86,2700,26,16.1,12.59,44,35,Good,High,1,No,40567-127588
Hatchback,11,197821,90,2010,27,20.2,12.05,32,35,Worn,Low,8,No,33473-78855
Hatchback,2,128646,97,811,42,19.7,12.29,26,30,Moderate,Medium,1,No,49293-127637
SUV,10,92639,101,1446,27,8.6,12.21,39,30,Critical,High,8,No,11759-27473
Sedan,10,157159,90,2818,38,13.1,12.67,25,31,Moderate,High,10,No,17129-66797
Sedan,10,143284,88,1024,33,12.4,11.73,28,28,Moderate,Low,12,No,36098-76134
Sedan,2,175595,98,1210,29,16.4,12.5,25,31,Good,High,12,No,11657-19017
Hatchback,3,154864,95,2512,37,17.2,12.75,28,32,Good,Low,3,No,54440-147138
Hatchback,5,74369,92,1545,44,18.5,11.74,40,28,Good,Low,1,No,27479-180000
SUV,5,124612,93,1014,35,9.4,12.66,30,28,Good,High,1,No,35112-72392
Hatchback,12,184728,98,1430,30,17.5,12.48,41,31,Moderate,Medium,9,Yes,36040-65884
SUV,2,89629,97,2561,39,11.6,11.99,41,29,Good,Medium,4,No,60762-158686
Sedan,4,235693,85,2196,41,15.5,11.72,29,35,Moderate,Medium,10,No,60398-117436
Sedan,12,223892,91,646,39,14.7,12.49,39,29,Good,Medium,6,No,41850-144346
Hatchback,8,57797,97,1513,28,19.4,12.48,35,28,Good,High,9,No,21987-43933
Truck,5,134543,99,2979,31,7.2,12.34,44,35,Good,Medium,12,No,14656-32018
Sedan,8,245248,91,3169,36,12.1,11.98,28,29,Good,Low,5,No,13401-180000
Hatchback,7,112546,100,2584,30,19.5,12.6,43,30,Moderate,Medium,11,Yes,9759-40833
Truck,1,22829,102,2258,23,3.9,12.36,36,31,Good,Medium,5,No,34705-72571
Hatchback,9,191771,87,1389,42,21.1,11.75,38,34,Moderate,Low,11,No,52152-105936
Hatchback,6,58567,95,2158,35,20.3,12.5,30,30,Good,Low,5,Yes,32680-124460
Truck,9,118259,100,2564,22,8.2,12.69,27,30,Good,Low,8,No,23128-127028
Hatchback,7,124999,87,3497,39,15.3,12.55,26,36,Worn,High,12,No,6398-21680
Hatchback,4,137448,90,721,29,17.1,12.68,37,35,Moderate,Low,4,No,38692-67196
Hatchback,4,240866,93,1126,36,15.0,12.78,40,29,Moderate,Low,10,No,65633-119677
Sedan,3,187236,95,792,27,14.8,12.15,44,34,Critical,High,2,No,9165-26467
Hatchback,10,35906,98,2626,39,21.4,12.28,38,28,Good,High,1,No,40975-134787
Sedan,2,223791,96,2109,33,15.1,12.75,28,30,Worn,Low,3,No,26390-111591
SUV,4,202300,104,2334,29,9.2,12.76,28,34,Worn,Low,1,No,52373-180000
Hatchback,3,189766,100,1439,37,14.9,11.95,31,35,Good,Low,7,No,76565-145907
Sedan,7,126660,97,3353,40,14.7,12.09,40,36,Worn,Medium,6,No,7877-131200
Hatchback,12,245384,96,2727,39,14.5,11.85,26,34,Good,High,1,No,30181-93367
Truck,12,219903,110,1302,26,6.9,12.67,43,35,Moderate,High,4,Yes,1230-3873
Hatchback,3,147017,91,1183,29,19.2,12.62,26,33,Critical,High,5,Yes,2083-17118
Hatchback,12,142390,92,2396,39,20.0,12.66,28,34,Good,Low,5,No,65934-178386
Truck,2,106004,115,2684,31,5.8,11.9,39,31,Worn,High,11,No,653-1793
SUV,5,198120,92,1986,30,10.7,11.77,33,32,Good,Medium,3,No,56463-176245
Truck,8,235461,93,2811,26,6.1,12.09,28,31,Worn,Low,8,No,28369-75555
SUV,11,217219,101,3213,24,10.2,12.6,30,32,Moderate,Medium,7,No,33649-100343
Sedan,12,218976,100,624,45,16.3,12.46,29,30,Worn,Low,12,No,24853-72015
SUV,9,100512,99,2944,31,14.4,12.53,28,36,Critical,High,6,No,8772-57328
Truck,7,203172,107,2118,24,8.1,12.57,39,31,Good,Medium,4,Yes,15983-27057
Hatchback,8,106613,88,2535,35,19.8,12.72,28,33,Good,Low,1,No,55581-122603
Truck,5,169583,106,2065,36,4.3,12.43,28,29,Good,Medium,3,Yes,12619-39233
Sedan,3,213995,94,1503,31,11.6,12.2,27,33,Good,High,7,No,15706-44846
Hatchback,6,54433,90,1025,35,21.2,11.9,39,33,Good,Low,9,No,63389-172801
Truck,8,89664,102,2792,28,4.7,12.36,45,28,Good,Low,3,Yes,42602-65682
SUV,1,117125,89,2651,33,12.5,12.69,38,33,Good,Low,5,Yes,43013-133809
SUV,3,221563,98,2121,37,9.4,12.24,40,29,Good,Low,6,No,53885-162353
Sedan,7,58222,95,1310,36,16.2,12.49,37,29,Moderate,Low,12,Yes,28538-74026
SUV,1,31573,91,1382,27,13.8,12.25,29,30,Moderate,Low,7,No,78544-180000
Hatchback,6,146308,92,2396,46,22.4,11.94,41,36,Good,Low,6,No,86578-154956
Sedan,2,111766,103,3291,37,16.0,12.48,25,34,Good,High,8,No,31661-71187
SUV,9,140537,103,1518,38,8.4,12.21,40,29,Worn,Low,10,No,55189-180000
Truck,2,45212,107,1693,30,8.9,11.74,43,36,Critical,Low,6,No,2379-18391
Truck,6,152678,106,1385,19,8.0,12.26,38,33,Good,Medium,1,No,5626-17676
Hatchback,1,151749,95,2838,34,14.9,12.61,31,30,Moderate,Low,12,No,25435-69157
Hatchback,7,245505,92,2692,38,16.6,12.7,42,29,Good,Low,5,Yes,65989-129547
Truck,4,10273,97,2526,27,8.2,11.84,44,30,Moderate,Medium,9,No,16044-36846
SUV,4,167170,96,1002,29,10.9,12.28,37,34,Critical,Low,2,Yes,29769-64621
Sedan,8,50170,90,1873,41,13.6,11.86,25,30,Good,Low,2,No,39243-152307
Truck,5,126928,109,1902,29,10.4,12.48,34,32,Good,High,10,No,4233-10927
Truck,8,122877,105,3259,18,5.5,11.96,26,35,Good,Medium,2,No,26612-44108
Hatchback,9,66781,83,1472,48,17.8,12.06,33,34,Moderate,Low,6,No,27371-180000
Sedan,3,80116,96,941,36,12.5,12.39,43,28,Moderate,Low,2,No,49655-146447
SUV,9,21447,99,3126,40,10.1,11.73,34,29,Worn,Low,9,Yes,27679-101217
Truck,5,154283,101,3350,27,7.7,11.85,31,34,Good,Medium,5,No,30080-81260
Truck,10,206517,108,3397,27,6.7,12.68,41,35,Good,High,8,No,731-7984
Hatchback,7,51568,95,3388,41,15.4,11.94,37,29,Moderate,Low,5,No,44192-96856
SUV,7,172008,103,2731,36,15.1,11.73,40,35,Good,Low,1,No,50609-180000
Sedan,1,23706,94,3103,31,13.1,12.06,27,28,Moderate,Medium,1,No,35000-122836
SUV,12,206831,100,848,29,12.3,11.97,30,28,Worn,Low,6,No,15353-104083
Truck,6,7495,99,835,22,3.8,12.39,25,34,Good,Low,5,No,40767-114491
Truck,1,246841,109,1692,17,6.7,12.33,27,34,Moderate,Low,1,No,12143-34111
SUV,9,233653,89,2056,39,12.7,12.66,30,28,Moderate,Low,9,Yes,49155-140901
Hatchback,9,172802,86,1471,40,21.1,12.71,28,35,Worn,Low,6,Yes,38413-70273
Sedan,12,11704,82,937,34,17.2,11.81,42,28,Moderate,Low,1,No,70114-147192
Sedan,11,99380,85,910,40,18.7,12.67,40,30,Good,Medium,1,No,38608-138906
SUV,3,224519,106,3312,35,7.4,11.8,31,29,Good,Low,1,Yes,39433-132443
Sedan,1,79108,97,2169,36,13.7,12.27,32,32,Good,Medium,5,No,11125-118762
Hatchback,10,110169,93,2961,34,20.2,11.77,30,33,Good,Low,7,No,100927-161591
SUV,9,157549,102,3235,32,10.9,12.01,26,36,Worn,High,2,Yes,26394-92834
SUV,10,237806,104,1684,36,6.9,12.06,29,28,Good,Low,9,No,50833-160453
Hatchback,4,45107,97,1994,31,18.2,12.7,25,31,Good,Low,7,No,36711-69425
SUV,3,13772,96,1114,35,9.0,12.69,28,36,Moderate,Low,3,No,36635-118179
Hatchback,1,69519,95,3246,38,16.9,12.05,27,32,Good,Low,10,No,65328-133466
Sedan,8,75736,99,2473,36,15.1,11.96,45,36,Moderate,Medium,3,No,48242-72670
Hatchback,6,236461,95,3360,32,19.0,12.79,35,29,Moderate,Low,6,No,35431-141423
SUV,2,153367,100,3006,29,9.5,12.08,40,33,Good,Low,3,No,69151-166611
Hatchback,12,14562,85,3324,32,16.1,12.28,29,36,Worn,Low,1,No,58207-180000
Hatchback,11,99007,98,2158,43,19.4,12.68,32,36,Good,Medium,11,No,25044-40144
Hatchback,2,248100,94,778,41,16.2,11.87,37,29,Moderate,High,7,Yes,11810-41846
Hatchback,4,200504,91,2528,32,21.0,12.16,35,29,Good,Low,8,Yes,33389-125177
Truck,10,127450,96,1099,30,4.9,11.94,32,34,Good,High,1,No,14241-59892
SUV,10,138314,99,1567,25,9.6,11.88,36,31,Moderate,Low,11,No,21064-61586
Sedan,6,150688,84,1949,28,13.6,11.98,25,28,Good,Medium,11,No,19271-82791
Truck,8,87518,105,2103,26,5.6,12.75,29,36,Good,Low,7,No,20902-123741
Sedan,9,13456,93,905,39,13.6,12.47,39,32,Critical,High,12,No,4463-14367
Sedan,9,18425,96,2152,33,14.3,11.99,27,30,Critical,Low,10,Yes,11171-37017
Sedan,10,47516,103,1953,34,14.4,12.67,44,29,Moderate,Medium,6,Yes,29724-73938
Truck,4,159587,102,2613,31,4.1,12.73,26,36,Moderate,Low,2,No,39255-122413
Hatchback,3,122170,97,1451,42,20.2,12.76,30,32,Good,Low,9,No,85351-134379
Sedan,5,159081,94,1320,42,14.1,12.68,28,28,Good,Medium,10,No,74704-180000
SUV,12,200184,106,1090,26,11.4,12.55,36,31,Critical,Low,2,No,5156-87279
SUV,10,235241,93,1016,30,9.3,11.75,39,32,Good,Low,3,No,62621-180000
SUV,2,16456,91,1944,33,13.1,11.96,30,36,Good,Medium,2,No,67235-135395
SUV,12,226079,93,2094,33,12.5,12.07,25,33,Moderate,High,8,No,21837-79235
Sedan,4,58964,86,754,36,14.4,12.11,30,32,Good,Low,7,Yes,80932-153144
Sedan,7,179575,97,2356,34,15.4,12.63,25,29,Worn,Medium,8,No,11402-88346
Truck,10,128132,107,1924,23,8.3,12.54,41,30,Good,Low,8,No,25957-43369
Hatchback,7,65000,85,1055,32,18.7,12.52,33,34,Good,Low,2,Yes,91015-168553
Hatchback,2,146799,91,2991,43,17.5,12.04,28,36,Good,Medium,12,No,48149-75175
Sedan,5,163752,88,2712,31,12.9,12.07,44,34,Critical,Low,1,Yes,24836-91100
Hatchback,5,27270,91,1008,34,20.3,11.93,34,32,Worn,Low,9,No,51367-103549
SUV,10,226043,90,1272,38,10.7,12.14,29,28,Good,Medium,12,No,31036-97660
SUV,11,174518,103,1281,25,13.7,12.11,35,28,Good,Low,10,Yes,27797-82981
SUV,6,14887,99,2491,28,11.4,11.78,40,31,Good,Low,5,No,62345-105921
Sedan,6,159183,91,2618,43,15.3,12.48,44,28,Good,Low,6,No,40834-148932
Hatchback,10,195161,85,3130,28,20.5,11.89,26,36,Moderate,Medium,7,No,41711-63429
Sedan,10,244030,95,3088,30,14.9,12.42,40,35,Critical,Low,11,No,17940-40472
Sedan,6,213168,90,2883,31,16.3,12.78,32,30,Good,Low,9,No,73624-118756
SUV,3,133897,93,2106,28,13.1,11.83,31,32,Good,Low,5,No,53380-180000
SUV,6,54913,95,1393,24,14.2,12.51,26,28,Worn,Medium,4,No,38258-66818
Hatchback,12,34420,93,2152,44,16.5,12.03,27,30,Worn,Medium,4,No,35615-117113
Truck,6,221692,94,3292,33,8.0,12.22,43,36,Good,Low,11,Yes,20786-99793
Truck,9,165101,98,2265,19,9.0,11.87,35,28,Moderate,Medium,8,Yes,5657-9405
Hatchback,7,87237,93,2156,42,18.4,12.68,33,31,Good,High,5,No,28599-104789
Truck,4,189577,107,1077,28,4.8,12.14,32,28,Moderate,Medium,1,No,11424-58734
Hatchback,4,101372,88,2103,44,15.8,12.0,39,36,Worn,Medium,7,Yes,34503-72105
Truck,12,101108,110,2664,27,8.7,12.24,36,36,Moderate,Low,7,No,15595-27123
Truck,2,120457,101,2517,33,3.8,12.23,45,30,Critical,Low,9,No,5931-14561
Sedan,12,173817,100,1846,32,17.9,11.74,35,33,Good,Low,10,No,27274-130171
Sedan,1,210237,91,3062,26,13.8,12.0,27,31,Moderate,Medium,1,No,38128-119914
Sedan,3,214893,92,798,36,16.3,12.53,42,29,Moderate,Medium,9,No,52350-106308
Sedan,8,92433,90,700,40,14.4,12.29,44,34,Moderate,Low,5,Yes,56899-100675
Truck,10,125646,99,1290,27,4.9,12.38,31,29,Worn,Medium,3,No,30496-46344
Hatchback,2,162355,88,1744,39,17.8,12.14,27,30,Good,Low,3,No,81360-143750
Sedan,3,95702,98,875,38,17.7,12.06,31,35,Critical,Medium,8,No,12852-72426
Sedan,12,154632,95,999,38,15.3,11.82,31,33,Critical,Medium,2,No,25826-40118
Hatchback,2,88192,98,1217,38,21.6,12.51,35,31,Moderate,Low,6,Yes,27929-74187
Truck,1,30720,104,1923,19,9.2,12.57,44,30,Good,Medium,9,No,5746-15570
Hatchback,10,31142,90,1328,42,17.0,12.71,28,36,Good,Medium,5,No,52603-151507
Sedan,11,244532,90,2924,33,12.8,11.83,25,29,Moderate,Low,4,No,16431-138808
Hatchback,1,31801,98,2532,37,21.7,12.75,33,30,Good,High,8,Yes,23146-90822
SUV,8,203220,104,2173,35,8.2,12.52,37,28,Good,Low,7,No,67395-103559
Truck,6,75597,94,1984,22,7.1,11.83,44,36,Critical,Low,6,No,40201-69347
Sedan,3,95292,92,3070,38,16.9,11.81,40,35,Good,Low,12,No,52716-95346
Hatchback,11,71066,93,3254,45,20.6,12.77,31,35,Worn,Low,3,No,67956-129940
SUV,10,89449,96,1405,32,12.5,12.78,41,36,Good,Low,1,No,91918-143578
Truck,4,119121,109,2916,30,8.8,12.27,43,30,Good,Low,1,No,22628-86550
SUV,5,170706,95,1678,35,9.4,12.05,33,29,Good,Medium,8,No,39476-113814
Truck,12,32514,98,3485,31,4.2,11.77,30,33,Good,High,1,No,37442-62640
Sedan,10,15328,87,3142,27,11.3,11.86,33,28,Worn,Low,11,No,27304-77814
Sedan,1,173734,86,2800,37,13.9,12.33,40,36,Moderate,Medium,4,No,56117-109005
Hatchback,2,168613,96,2174,32,16.1,11.73,35,35,Good,Low,5,No,41326-80834
Truck,1,42888,115,2662,34,4.8,11.71,31,33,Moderate,Medium,5,Yes,1769-6227
Sedan,7,33785,96,1953,27,14.4,12.55,27,33,Good,Low,2,No,66454-120838
SUV,12,247225,100,2511,26,9.0,12.68,33,36,Good,Low,8,No,83379-130199
Hatchback,2,207352,96,3008,42,16.0,12.61,45,35,Good,Low,5,No,86008-171678
Truck,7,170835,93,958,22,6.7,12.17,31,35,Good,Low,7,No,39356-110628
Sedan,11,230140,84,1057,34,14.8,12.3,43,31,Good,Medium,3,No,55998-102916
Sedan,12,121400,89,1032,31,16.0,12.43,37,29,Moderate,Low,12,No,12612-43674
Hatchback,9,96011,95,600,33,14.7,12.55,44,33,Good,High,2,No,14946-47204
Hatchback,11,245988,87,3155,40,20.1,12.63,37,31,Good,High,2,No,37484-115164
Truck,6,177004,97,811,30,4.1,12.11,39,31,Worn,Medium,9,No,15080-42326
Sedan,1,248877,89,904,36,14.1,12.21,38,31,Good,Low,5,No,27502-180000
Sedan,8,146781,92,3488,30,18.1,11.72,41,29,Critical,Low,6,No,15509-53307
SUV,10,133169,95,1887,31,10.0,11.73,35,28,Good,Low,1,No,72106-126808
SUV,8,105492,87,2107,29,9.9,12.77,42,30,Worn,Medium,12,Yes,16776-60742
SUV,9,49161,92,2471,37,8.7,12.05,38,36,Moderate,Low,1,No,35308-137058
SUV,12,224064,100,2184,31,11.6,12.28,36,34,Good,High,4,No,22108-54728
Truck,6,174258,115,821,32,9.9,12.75,25,31,Good,Medium,8,No,12454-26126
SUV,6,230665,98,2473,32,8.8,12.47,27,31,Moderate,High,5,No,28088-49806
Hatchback,8,168728,96,2365,47,16.7,12.04,44,28,Good,Medium,3,No,60194-106584
Hatchback,7,88316,85,2893,40,13.6,11.94,45,32,Good,Medium,8,Yes,46272-71746
Truck,8,133818,96,1185,31,6.3,12.12,35,36,Good,Medium,4,No,18709-73233
Truck,12,148116,101,2405,18,4.4,12.41,44,33,Worn,High,9,No,7047-15335
Truck,8,36733,108,1063,22,6.6,12.45,25,36,Good,Low,8,No,21821-108275
Truck,4,118626,98,1499,32,5.8,12.41,27,28,Good,High,5,No,7614-13238
SUV,6,161564,95,1088,39,11.6,11.7,32,32,Good,Medium,8,No,80914-173450
Hatchback,11,158374,99,915,39,20.5,11.81,33,29,Moderate,Low,5,No,36486-112801
Truck,9,42435,99,2165,34,8.1,12.33,31,35,Good,Low,8,No,32578-122724
Truck,7,59863,111,2229,30,8.8,12.67,43,36,Worn,Low,11,No,3456-11166
Truck,3,86175,104,2732,29,10.4,11.84,40,36,Critical,Medium,10,No,8664-22150
Hatchback,11,188041,98,1033,40,17.3,12.56,28,32,Good,High,8,No,14317-43647
Sedan,5,40561,92,2469,30,14.6,12.28,29,30,Worn,Low,7,No,7985-125576
Truck,11,111386,108,2095,30,9.8,11.88,27,30,Worn,High,2,No,2748-4378
Truck,3,57454,100,848,26,9.0,12.04,31,31,Good,High,1,No,29077-50583
Truck,11,174663,101,1496,25,5.8,12.35,42,28,Moderate,Low,12,No,11830-39846
Sedan,12,141306,88,1552,41,15.5,12.51,45,33,Moderate,Low,5,No,80514-143182
Sedan,3,219927,95,3356,30,11.7,12.51,40,35,Good,Low,7,No,33541-84163
Sedan,6,154526,86,1538,41,16.6,12.79,34,35,Worn,Low,10,No,36036-124624
Truck,2,34464,100,2298,21,5.9,11.91,28,36,Good,Medium,10,No,6652-50576
Hatchback,9,43166,88,3159,34,16.6,12.38,42,36,Critical,Low,11,No,7853-40995
Hatchback,2,217409,98,1200,33,18.2,12.06,44,34,Good,Low,6,No,35232-96098
Hatchback,5,60337,94,2141,41,18.3,12.61,43,34,Worn,Medium,5,No,39108-71038
Truck,2,22842,102,2680,29,6.8,12.65,45,29,Critical,Medium,9,Yes,6230-12944
Truck,5,202167,109,3469,25,6.5,12.69,28,36,Worn,High,5,No,2563-5209
Truck,5,18939,112,1242,22,8.3,12.64,29,30,Good,Low,12,No,11694-21250
Truck,12,55460,95,902,16,7.8,11.85,28,29,Moderate,Medium,8,No,14484-26890
Sedan,12,81488,103,3278,33,14.6,11.99,28,30,Critical,Low,8,No,25391-91897
SUV,9,25541,97,2201,26,10.0,11.96,34,28,Good,Low,5,No,65764-160282
SUV,7,14315,90,1091,33,9.8,12.62,28,31,Good,Low,12,No,41852-105762
SUV,2,5507,97,2763,31,15.0,12.25,27,29,Good,Medium,11,Yes,20358-35528
Truck,12,104374,102,2895,19,5.8,12.48,33,34,Good,High,12,No,1041-3341
SUV,12,136668,100,3220,39,11.1,12.35,39,28,Good,Medium,1,No,90941-151265
SUV,2,177674,101,1170,33,10.5,12.24,40,35,Good,Low,2,No,61018-158278
Sedan,4,168111,91,781,36,13.6,12.31,30,32,Good,Low,7,No,90006-142900
Truck,6,104764,99,3341,19,7.3,12.0,31,33,Good,High,7,Yes,3561-22391
Hatchback,10,54217,100,1063,40,14.6,11.86,41,34,Worn,Low,2,No,42004-167338
Sedan,7,211336,92,1184,41,13.8,11.81,43,36,Moderate,High,3,No,18417-32399
SUV,6,86422,106,849,43,9.3,12.06,43,30,Moderate,Medium,2,No,36174-113592
Hatchback,12,44746,85,2496,41,17.5,12.78,32,36,Moderate,Low,6,No,88428-171774
Sedan,8,233306,96,2949,40,14.7,12.58,32,35,Good,Low,2,No,51815-112197
Sedan,6,149254,88,1211,27,13.0,12.52,31,35,Good,Low,12,No,33162-132056
SUV,10,144108,101,811,37,9.8,11.79,27,28,Good,Low,6,No,50451-149889
SUV,2,161593,95,2724,36,13.7,11.76,33,35,Good,Low,3,No,53005-124393
SUV,5,52873,94,1513,28,11.5,12.04,45,29,Good,Low,9,No,27008-180000
Hatchback,9,41359,86,1524,33,21.1,12.56,39,36,Good,Medium,2,No,32235-161877
Truck,8,66178,105,1290,19,4.6,12.47,28,32,Good,Low,5,No,35348-58396
Truck,12,249185,98,1950,23,7.8,11.71,34,28,Good,Low,3,No,32551-73423
SUV,12,145722,98,2069,27,11.8,12.55,32,28,Good,Low,10,No,28186-180000
Hatchback,1,139373,96,1973,28,14.6,11.82,27,33,Good,Medium,4,No,36662-88380
SUV,4,17251,91,601,42,13.4,11.96,28,30,Good,Low,12,Yes,50771-81511
Hatchback,8,133375,94,2671,44,16.6,11.82,27,30,Moderate,High,6,No,40326-61128
Hatchback,3,38779,90,1508,42,20.6,12.17,41,36,Good,Medium,12,No,18522-100653
SUV,11,73871,101,1792,23,9.8,12.02,27,35,Good,Medium,5,No,27362-78080
Truck,9,209065,107,2574,29,7.8,12.5,33,35,Good,High,7,No,3479-11491
SUV,4,202046,104,2204,37,8.0,12.0,31,35,Critical,High,12,No,5332-10022
Hatchback,11,99376,88,1176,42,14.1,12.62,40,30,Good,Medium,10,No,102039-176093
Sedan,8,33334,90,3422,28,11.1,11.8,41,33,Good,Low,9,No,65168-122538
Sedan,2,55385,95,2005,43,15.4,12.77,36,31,Good,Low,5,No,51354-120004
SUV,10,10408,97,2114,34,11.4,11.81,34,29,Good,Medium,9,No,65094-101098
Truck,5,12339,106,2921,29,7.1,12.14,41,36,Moderate,High,5,No,2486-14042
Hatchback,5,94409,100,3019,46,14.8,12.08,35,31,Critical,Low,4,No,40394-61208
Hatchback,3,43764,96,970,34,19.7,12.03,42,34,Good,Medium,1,No,44571-71733
SUV,9,42142,88,3009,30,14.6,12.41,45,36,Worn,Medium,10,No,41583-68573
Sedan,7,194847,87,965,31,17.8,11.8,43,31,Good,High,1,No,55061-87085
Sedan,10,232856,98,626,32,17.4,12.76,27,34,Critical,High,9,No,3166-10508
Truck,12,180344,95,3002,29,7.6,11.81,41,34,Good,High,6,No,8310-15210
SUV,12,79259,103,822,36,10.4,12.22,42,29,Worn,High,1,No,50872-122356
Sedan,1,193773,86,1254,42,11.7,12.67,29,33,Worn,Medium,5,No,53397-110877
Truck,1,130965,107,3446,26,9.3,12.59,34,32,Critical,Medium,5,No,2461-4047
Hatchback,11,76110,92,2197,31,19.0,11.88,36,28,Good,Low,3,No,62429-119607
Sedan,4,204678,94,3405,36,15.5,12.06,43,33,Good,Low,4,Yes,54680-180000
Truck,1,236465,97,1362,30,9.0,11.73,35,34,Moderate,High,8,No,9381-22437
Sedan,4,47501,94,2943,37,12.7,12.76,32,33,Good,Low,12,No,37504-85492
SUV,5,190658,95,2684,28,10.0,12.27,30,31,Moderate,Medium,10,No,39696-120666
Truck,8,178851,101,759,19,3.3,12.24,40,30,Critical,Medium,4,No,3031-9821
Sedan,9,232831,100,2917,32,16.2,11.74,29,36,Moderate,Medium,3,No,14300-36218
Hatchback,12,12357,89,3030,30,18.5,12.71,36,33,Critical,Low,4,No,36055-82003
SUV,3,146295,91,3321,25,11.6,12.33,41,30,Good,Low,3,No,65875-139879
Sedan,9,87050,97,3205,34,17.7,11.98,37,32,Moderate,Low,6,No,41555-130219
Sedan,5,15332,92,3141,37,17.9,12.52,33,30,Worn,Low,10,No,70476-142906
Truck,3,209509,109,919,32,5.2,11.94,25,28,Good,Medium,3,Yes,7999-19993
Sedan,5,47041,85,1850,29,14.5,12.04,44,31,Moderate,Low,10,Yes,31806-75390
SUV,7,84138,97,3335,29,10.1,12.53,38,30,Worn,Low,6,No,32953-110721
SUV,3,244766,103,2870,38,10.8,12.18,32,29,Good,High,10,No,48423-76145
Sedan,3,151788,90,925,33,13.2,12.04,28,36,Good,Low,1,No,63606-131302
Hatchback,12,36218,91,1293,37,15.8,11.71,35,30,Worn,Medium,7,No,39097-136027
Sedan,7,176924,90,3194,27,17.2,12.66,25,33,Good,Low,2,No,64301-161567
Sedan,1,6634,87,2904,44,14.5,11.86,31,32,Critical,High,8,No,6434-15960
Truck,10,90181,95,2827,35,7.4,12.47,31,34,Good,Medium,12,No,18358-28654
Truck,7,202719,94,2127,16,4.7,11.75,35,30,Moderate,Low,11,No,11624-40874
SUV,1,41053,93,778,25,9.4,12.38,39,34,Good,Low,10,Yes,28068-180000
Truck,4,158643,103,2177,27,3.5,12.37,32,31,Worn,Low,7,Yes,12944-46368
Sedan,5,122578,101,981,37,17.5,12.46,31,36,Good,Medium,8,No,53795-98353
Sedan,10,114686,89,3083,36,14.8,11.76,31,28,Worn,Medium,7,No,30060-114764
Sedan,10,170176,100,2932,34,14.4,12.32,36,29,Good,Medium,12,No,36173-55839
Hatchback,6,82622,84,1465,33,17.2,12.59,28,33,Moderate,Medium,5,No,37499-67061
Hatchback,12,132434,93,979,37,16.5,12.78,29,29,Worn,Medium,6,Yes,25024-95768
Sedan,1,171663,91,1620,33,18.1,11.82,34,28,Good,Medium,10,No,40750-71468
Hatchback,1,63982,90,1000,39,15.3,12.18,30,34,Moderate,High,7,No,23630-75296
Sedan,3,180754,100,3481,38,17.6,12.35,43,34,Good,Low,10,Yes,33128-91922
Sedan,2,108006,92,2645,29,16.1,12.69,28,32,Moderate,Low,12,No,38903-69527
Sedan,5,142856,90,3184,40,16.0,12.39,36,34,Moderate,High,10,No,17217-51459
Truck,4,168198,107,605,24,7.0,12.49,32,35,Good,Medium,8,No,6611-23207
SUV,5,33496,95,1999,40,9.6,11.79,32,32,Good,Low,11,No,27170-98752
Hatchback,4,235339,92,3383,42,21.3,11.92,37,33,Moderate,High,10,No,24193-60289
Hatchback,12,8009,89,2971,41,16.2,12.15,32,31,Good,Low,11,No,37517-169844
Hatchback,2,248229,96,3429,43,19.0,12.12,42,33,Good,High,10,No,20137-36829
Truck,9,165125,98,1702,26,9.7,12.35,44,35,Moderate,Medium,8,No,21842-76532
Sedan,1,6766,103,1896,37,15.8,12.41,44,36,Good,Medium,12,No,31298-65144
Sedan,3,40266,94,1701,32,14.5,12.62,40,31,Good,Low,7,No,45772-172574
SUV,11,181921,100,2916,29,13.4,11.74,27,35,Moderate,Low,2,No,71247-115997
Truck,4,81649,107,900,20,6.4,11.96,40,28,Worn,Low,9,Yes,2830-5594
Truck,4,118632,105,894,32,5.1,12.65,38,32,Good,High,5,No,12117-42931
Hatchback,7,224206,88,1105,42,18.0,12.66,33,34,Worn,Low,2,Yes,55616-156310
Hatchback,2,25425,101,3425,43,15.4,11.85,41,36,Moderate,Medium,11,Yes,12485-23523
Truck,10,89198,110,1712,23,4.5,12.47,40,28,Moderate,Medium,8,No,8254-23988
SUV,3,137229,97,744,37,11.8,12.18,26,30,Good,Low,5,No,50727-142849
SUV,3,204476,100,740,28,14.1,12.12,35,30,Worn,Medium,10,No,33962-66894
Sedan,2,164971,94,2333,40,17.2,11.91,41,31,Good,Low,9,No,94617-156545
Sedan,4,61608,91,2961,37,14.4,12.17,36,34,Moderate,Low,8,No,58753-121933
SUV,5,213113,97,3499,36,12.3,11.74,45,28,Moderate,Medium,2,Yes,4795-130866
Hatchback,6,182493,86,1459,38,22.5,11.79,45,35,Critical,Low,7,No,45327-112635
Truck,3,156718,98,1421,26,8.8,12.1,30,35,Good,High,9,No,4102-15926
SUV,6,196299,96,1254,29,11.4,11.8,30,34,Critical,Medium,3,No,13248-62645
Truck,11,53104,105,1152,21,6.9,11.7,37,30,Good,Low,10,Yes,8899-30829
Hatchback,10,227805,88,1266,40,18.4,11.97,37,32,Good,High,6,No,45319-101371
SUV,11,236911,91,1817,33,8.7,12.42,45,35,Good,Medium,10,No,56914-171788
Truck,10,7921,95,2354,20,4.3,11.81,39,28,Good,Low,2,No,19314-57616
Truck,7,41286,105,2369,28,4.7,11.97,33,32,Good,Low,2,No,44859-84517
Hatchback,7,199229,84,647,29,21.6,11.9,40,31,Moderate,Low,6,No,45026-67774
Hatchback,2,73903,91,2681,39,20.0,12.78,42,32,Moderate,Low,11,No,40104-75468
Hatchback,4,53881,94,1390,46,18.1,12.13,28,34,Moderate,High,4,Yes,25256-55852
Truck,3,24565,106,3452,23,8.8,11.82,35,35,Worn,Low,10,No,6150-18760
Hatchback,2,103869,89,2918,44,15.0,12.28,30,32,Good,Medium,2,Yes,64589-125651
SUV,3,134301,96,2915,26,11.7,11.88,30,35,Worn,Low,1,No,73157-180000
SUV,1,50147,105,1902,22,11.9,12.2,30,33,Critical,Medium,12,Yes,6936-11180
Sedan,1,225872,96,1066,31,14.7,12.45,32,36,Critical,Low,11,No,10645-41021
Truck,6,196237,105,1327,32,7.7,12.4,43,31,Good,High,8,No,15529-38377
Truck,10,157457,104,2657,21,8.1,12.05,32,36,Worn,Medium,7,Yes,5101-15303
Truck,2,65063,102,1349,20,8.1,12.7,45,29,Moderate,Medium,10,No,8199-16747
Sedan,8,182007,89,941,34,14.1,12.3,27,36,Good,Medium,6,No,37142-132472
Truck,6,249876,107,2383,25,8.3,12.48,44,30,Critical,Low,1,No,7869-18393
SUV,1,82893,96,1950,32,8.7,12.48,40,35,Moderate,Low,3,No,23404-78664
Hatchback,9,174545,86,728,33,21.6,11.93,42,33,Moderate,High,3,No,6679-55380
SUV,6,90864,103,2677,33,9.6,12.69,44,35,Moderate,Low,2,No,60345-152195
Sedan,7,203427,86,2536,37,13.8,12.06,38,36,Moderate,Low,12,No,25609-120430
Sedan,9,92741,103,1527,43,18.9,11.74,25,29,Moderate,Low,5,No,60213-99309
Truck,2,168485,97,3236,30,5.3,12.08,37,32,Good,Medium,3,No,27245-51353
Sedan,6,106529,95,1510,34,17.0,12.78,42,33,Moderate,High,7,No,9443-23891
Sedan,2,106576,89,3440,30,13.8,12.35,29,33,Moderate,Low,2,No,64437-144541
Sedan,6,241924,88,1263,39,13.1,12.67,25,29,Critical,Low,8,Yes,15218-55083
Truck,4,232746,94,1878,30,9.0,12.2,45,36,Moderate,High,4,No,8567-32195
Sedan,9,188210,94,815,29,16.1,12.68,30,28,Critical,High,11,No,4560-10622
Truck,4,71229,95,2385,28,10.1,12.34,35,29,Good,High,11,No,2085-8103
SUV,10,163289,91,2506,37,10.3,12.56,34,32,Worn,Low,5,No,98766-152090
Sedan,1,171544,96,1171,43,17.1,12.65,36,30,Good,Low,2,No,57635-180000
SUV,9,220960,106,1474,35,9.2,12.26,28,29,Good,Low,4,No,31896-71698
Sedan,2,237805,93,1326,35,11.9,12.36,27,29,Moderate,High,2,Yes,27432-90326
Truck,8,166539,103,1644,20,7.9,11.82,27,31,Moderate,Low,7,No,2038-33865
SUV,7,189090,96,2022,25,14.3,11.75,42,30,Good,Low,3,Yes,44206-68030
Truck,9,204870,107,959,35,3.2,11.76,41,36,Worn,High,3,Yes,787-4382
Sedan,1,179453,97,815,37,17.7,12.71,31,31,Good,Medium,5,Yes,35500-86600
SUV,11,143412,91,3183,42,9.5,12.06,38,35,Worn,Low,12,No,52471-84065
Sedan,11,135414,96,3158,31,17.9,11.71,36,30,Good,High,8,No,15224-40646
Sedan,3,215553,82,3350,26,16.9,12.06,30,32,Worn,Low,9,No,32943-76545
Truck,10,228652,99,3357,19,6.2,11.89,44,32,Good,Low,2,Yes,6040-63432
Sedan,3,220128,89,1491,26,17.9,12.09,37,36,Good,High,11,No,3462-21473
SUV,4,27537,102,600,39,10.4,12.69,38,35,Moderate,Low,8,No,47389-127161
Hatchback,9,52740,88,1660,46,19.7,12.25,25,31,Moderate,Medium,12,Yes,24563-73399
SUV,9,224494,92,1231,32,8.2,12.67,33,28,Good,Low,10,No,65950-137314
Hatchback,6,94117,94,1524,27,16.9,12.14,29,29,Good,Medium,11,Yes,17899-66363
Sedan,11,130179,85,1160,42,12.8,11.84,39,30,Worn,Low,8,No,79195-173775
SUV,2,79220,98,2001,36,14.8,11.8,28,33,Worn,Low,12,No,43035-66345
SUV,12,147798,100,1577,42,8.4,12.32,26,35,Good,Low,1,No,61186-180000
SUV,1,35634,94,2253,37,10.7,12.78,30,35,Good,Medium,5,No,60506-119652
Hatchback,1,19342,91,2592,42,17.4,12.52,42,36,Good,Low,5,No,70612-155600
Hatchback,10,216992,93,1999,35,13.3,12.32,34,29,Moderate,Low,9,No,11691-117508
Hatchback,7,99583,95,3409,44,15.4,12.15,36,30,Critical,High,7,No,8057-17317
Truck,11,192078,107,3481,25,3.0,12.02,42,35,Moderate,Medium,11,No,6601-16059
Sedan,12,5595,87,2350,33,15.4,11.91,30,30,Good,Low,9,No,55192-180000
Hatchback,10,34888,93,2676,45,19.9,12.03,37,36,Good,High,2,No,27114-135405
Hatchback,7,176102,87,3028,40,21.1,12.37,30,36,Critical,Low,9,No,40550-120036
SUV,11,77296,94,1404,38,10.4,12.79,37,33,Good,Low,12,No,104082-163102
Hatchback,9,238974,88,3452,33,19.8,12.04,36,35,Good,Low,9,No,54508-115626
Sedan,7,48571,90,2056,39,15.9,12.1,25,31,Moderate,Low,1,No,62331-147803
SUV,7,132677,102,731,32,12.5,11.73,34,33,Worn,Medium,9,No,53135-103341
Truck,7,43463,103,2598,34,8.5,11.94,41,32,Worn,Low,10,No,28802-88722
SUV,2,233628,93,3338,29,10.6,12.14,31,28,Moderate,Low,9,Yes,62190-113698
Hatchback,8,201058,86,772,37,20.1,12.62,36,28,Good,High,3,Yes,18184-68912
Truck,2,140642,107,945,27,6.7,11.89,35,34,Good,Low,2,No,24730-41816
Sedan,9,25819,92,3351,27,15.0,12.41,26,28,Moderate,Medium,4,No,32134-100915
SUV,11,178410,103,2807,31,11.1,11.93,34,36,Good,Medium,12,No,17580-66544
Truck,12,161103,113,2005,19,10.0,12.48,45,33,Moderate,Low,7,No,6355-17528
Hatchback,9,171134,100,1933,47,15.8,12.51,41,28,Good,High,12,No,12242-28556
Sedan,11,122279,89,1425,37,11.4,11.98,34,32,Good,Low,8,No,31148-160949
Truck,4,139679,105,3335,37,4.5,11.8,31,33,Moderate,Medium,1,No,29375-91647
Sedan,4,97631,94,1498,36,13.8,11.74,37,34,Good,Low,3,No,64140-104114
Hatchback,3,78813,82,2363,37,14.7,11.93,39,36,Worn,Medium,4,No,23862-84474
SUV,10,124354,101,1451,33,13.2,12.01,43,32,Worn,Medium,2,No,16511-114458
Hatchback,9,222207,88,2233,33,16.2,11.78,30,29,Good,High,2,No,35597-81681
Sedan,7,149740,92,1589,39,11.8,11.71,44,35,Good,Low,3,Yes,91002-153028
SUV,11,105494,100,3008,27,12.3,12.68,27,36,Critical,Low,2,Yes,11083-39113
Hatchback,7,20935,95,3137,32,18.9,11.81,40,29,Worn,Low,11,No,12113-38135
Hatchback,3,41099,85,2597,46,19.5,12.0,45,28,Moderate,High,4,No,22767-72329
Hatchback,1,40489,91,3309,37,17.0,11.99,41,29,Moderate,Medium,7,No,55355-89755
Hatchback,10,129933,86,1198,37,17.0,12.57,37,32,Good,Medium,1,No,104596-172662
Sedan,4,43804,94,814,37,14.6,12.74,31,31,Critical,Low,7,No,50798-84930
Hatchback,1,42852,86,1674,31,20.4,12.5,31,36,Moderate,Medium,12,No,19872-38094
Truck,7,37601,106,1545,21,8.4,11.94,45,30,Good,Medium,7,No,2890-4870
SUV,10,93880,103,3373,34,13.5,12.05,34,35,Good,Medium,6,Yes,44066-122120
SUV,4,66621,90,3099,28,10.0,12.53,26,30,Critical,Low,8,No,41034-116582
Truck,11,236115,96,1746,26,10.0,12.13,43,28,Critical,High,1,Yes,1385-9589
Hatchback,1,241052,89,2095,46,21.6,12.05,44,28,Moderate,High,5,No,36447-65481
Hatchback,8,241415,96,2843,30,18.5,12.44,41,32,Moderate,Low,9,No,56997-108333
SUV,1,111104,100,1600,34,13.7,11.74,42,36,Moderate,Medium,2,Yes,53387-85867
SUV,6,75686,96,1340,41,10.5,12.06,30,30,Moderate,High,2,No,33697-121921
Truck,9,99993,100,1619,24,9.1,12.26,38,33,Critical,Medium,1,No,13733-26749
Truck,7,44343,99,795,36,11.1,12.21,25,34,Good,Low,2,No,81373-127431
SUV,2,142635,90,1780,33,11.5,12.14,44,33,Worn,Low,9,No,79275-132281
SUV,9,136947,93,1584,31,10.1,11.84,38,28,Moderate,High,4,No,20880-51728
SUV,6,220589,94,1641,26,10.4,12.55,44,32,Worn,Medium,4,No,58491-105857
Sedan,7,139297,85,3402,35,16.2,12.75,44,36,Moderate,High,10,No,10868-79825
Truck,3,190082,108,1700,18,6.1,12.04,28,34,Good,Low,1,No,4789-32701
SUV,2,19701,98,1989,31,13.3,11.94,29,32,Moderate,High,12,Yes,5710-12902
Truck,9,94712,109,2299,27,6.5,12.25,31,28,Good,Medium,12,No,2014-5668
Sedan,12,35398,92,2400,28,15.0,12.1,31,28,Good,Low,6,No,86080-151210
Hatchback,9,157774,86,2045,44,21.6,12.58,35,29,Good,Low,5,Yes,100958-154234
SUV,7,95283,96,1018,35,10.2,12.3,36,36,Good,High,10,Yes,25287-61313
Truck,12,164321,99,2473,21,7.5,11.76,31,34,Good,Low,9,Yes,21659-33025
SUV,11,169406,101,2499,39,11.7,12.7,42,30,Good,Low,5,No,82010-138300
Hatchback,8,143602,93,3019,37,15.0,11.79,27,34,Good,Low,3,No,64090-154998
Sedan,8,148234,95,3248,32,13.3,12.56,27,29,Worn,Low,7,No,47332-101534
Hatchback,5,75209,87,2313,31,21.9,11.93,40,28,Good,High,12,No,14992-23720
Hatchback,3,236515,95,1682,47,18.3,11.82,41,31,Good,High,7,No,29644-72988
SUV,2,94879,94,1979,34,7.1,11.85,33,30,Worn,Medium,4,No,35671-91265
Truck,5,89620,98,2748,20,5.6,12.63,45,32,Worn,Low,3,No,15620-33670
Truck,10,102346,101,2030,25,7.1,11.92,43,31,Good,Low,5,No,65320-106850
SUV,11,164317,95,607,26,9.4,12.74,26,34,Worn,Low,9,Yes,30773-88381
SUV,9,50439,105,737,29,9.7,12.1,28,34,Good,Medium,7,Yes,26799-78265
Sedan,9,108336,102,2846,38,16.9,11.8,40,28,Moderate,Low,3,No,31568-141579
Hatchback,4,135956,88,2356,39,21.2,11.83,38,31,Moderate,Low,11,Yes,35379-53923
Hatchback,7,197621,96,3036,43,16.3,12.71,41,35,Good,Medium,11,No,15688-54774
Sedan,7,80095,101,2287,38,16.3,12.14,42,29,Moderate,Medium,12,No,11520-84227
Hatchback,6,124997,99,1701,35,17.0,12.61,44,29,Good,Low,3,No,26883-173128
Truck,1,185241,104,2609,23,6.0,12.69,42,35,Worn,Low,9,Yes,28144-79532
Hatchback,3,101919,92,650,37,17.8,12.65,26,32,Good,Low,1,No,55338-180000
Sedan,1,192723,87,2879,26,13.8,12.59,33,29,Good,Low,9,No,51458-115026
Sedan,3,214372,84,2829,36,15.7,12.75,30,36,Moderate,Low,7,No,72987-180000
Sedan,4,246588,97,2677,28,12.8,12.06,27,30,Good,Medium,2,No,51752-97216
Truck,7,132700,94,2376,22,4.3,11.99,44,33,Moderate,High,4,Yes,1865-32387
SUV,6,89160,101,838,28,12.1,12.3,25,30,Good,Medium,3,Yes,60218-100694
SUV,8,233468,97,1913,31,13.1,12.65,29,35,Good,Medium,11,Yes,38182-73616
Truck,10,12094,93,1149,24,10.2,12.43,38,35,Critical,Low,3,No,19083-100589
Truck,1,82383,105,2688,33,7.8,11.79,45,31,Moderate,Low,11,No,9188-24146
Sedan,9,106096,96,2037,37,13.3,12.6,36,33,Critical,High,4,No,14014-36936
Hatchback,6,21492,97,879,38,17.9,11.87,37,32,Good,Low,3,No,59530-158078
Sedan,2,177719,91,1598,34,13.7,12.63,33,29,Good,High,12,No,8408-46112
Sedan,4,180475,88,2063,36,15.7,12.18,45,32,Critical,Low,9,No,51757-81185
Sedan,4,168746,92,2416,30,11.7,12.6,32,32,Good,Low,12,No,24782-96466
Truck,7,205714,104,1920,25,7.1,12.33,41,30,Critical,Low,5,Yes,14746-42660
Truck,11,176519,102,2964,18,4.0,12.58,38,31,Moderate,Low,12,No,3353-21920
SUV,6,124042,97,2809,38,11.5,12.12,30,33,Moderate,High,6,No,13894-44308
Truck,12,121245,104,3409,32,7.5,11.88,29,35,Good,Medium,3,No,29981-53213
Truck,11,246573,108,2656,34,5.1,11.92,37,34,Good,Low,3,No,32792-65832
Truck,9,193229,102,3457,22,9.0,12.27,44,30,Good,Low,11,No,20764-39484
Sedan,7,80370,101,1440,26,18.2,12.72,33,35,Worn,High,1,No,30814-47240
Sedan,12,76966,91,2687,38,11.0,12.7,25,31,Moderate,Medium,10,No,26348-123678
Hatchback,8,99261,94,713,46,20.8,12.02,40,31,Worn,Medium,3,Yes,48453-107983
Hatchback,5,96623,100,1257,33,17.5,11.97,39,33,Worn,High,12,Yes,3884-13644
SUV,4,103326,102,677,38,10.6,12.11,25,33,Moderate,Low,4,No,52701-180000
Hatchback,4,49349,96,2218,41,20.4,12.36,33,35,Good,High,12,No,9806-21612
Hatchback,8,222699,95,1786,37,21.6,12.26,31,28,Worn,High,4,No,14983-44947
Sedan,10,106831,98,2496,29,13.4,11.81,29,30,Worn,Low,12,No,14717-39373
SUV,7,149592,99,2806,24,12.1,12.37,34,29,Good,Low,7,No,58325-138691
Truck,9,52232,96,980,33,6.1,11.93,30,31,Moderate,High,4,No,12920-34036
Hatchback,4,31792,87,2536,37,20.2,12.48,41,32,Worn,Medium,1,No,67965-149063
Sedan,10,86822,87,2792,30,12.7,12.76,30,29,Good,Low,7,No,53663-167465
SUV,9,204758,94,1303,29,11.9,11.83,31,35,Good,Medium,12,No,43676-80428
SUV,7,120964,99,892,33,12.9,12.04,45,35,Good,High,2,No,29255-116389
SUV,8,93158,90,2878,27,11.1,12.79,44,30,Worn,Low,2,Yes,66990-180000
Hatchback,11,50347,90,1232,45,16.9,11.76,30,33,Good,Medium,9,No,65214-180000
Hatchback,8,66791,91,1947,36,19.4,11.79,36,33,Moderate,Medium,7,No,36567-93157
Truck,7,220425,100,3452,22,5.1,12.38,29,34,Moderate,Low,6,Yes,36903-75343
SUV,5,97763,96,2243,38,13.5,12.69,45,28,Critical,Medium,8,No,15276-56400
Truck,9,70037,110,1971,22,5.5,12.53,40,30,Good,Low,11,No,12391-32861
Sedan,7,190212,93,1524,33,15.9,12.77,33,31,Worn,Low,6,No,51520-120876
SUV,2,206664,93,2972,34,11.3,11.84,37,29,Good,Medium,5,No,43773-126327
Sedan,4,210634,93,1385,28,15.7,11.76,32,30,Moderate,Low,2,No,44898-152428
Truck,4,185438,111,2406,36,6.8,12.25,27,32,Critical,High,1,No,3926-12434
SUV,5,222138,100,1114,42,10.8,11.81,25,32,Critical,Low,1,No,24364-78424
SUV,2,104397,99,2396,33,8.8,12.24,37,32,Good,Medium,8,No,44410-104214
Truck,4,59261,104,2777,22,10.1,11.95,29,28,Moderate,High,8,No,17589-41659
Sedan,3,162908,86,1535,35,13.7,12.64,43,28,Good,Low,6,Yes,14179-120132
Hatchback,10,23700,93,1213,34,18.0,12.2,36,28,Good,Low,2,No,52702-133168
SUV,3,120251,100,1844,32,9.6,12.18,29,28,Worn,Low,8,No,28500-152064
Hatchback,2,45252,94,2859,39,16.4,12.65,29,28,Critical,Low,7,No,33217-99793
Sedan,1,73252,96,2595,32,13.0,11.73,43,36,Critical,High,3,No,4583-10993
Hatchback,2,234969,91,1080,43,14.3,11.78,38,29,Good,Medium,3,No,78067-128549
Sedan,3,247213,92,1373,42,11.6,11.77,33,28,Critical,Medium,1,No,37469-98985
Sedan,9,120035,91,3085,42,18.3,12.59,42,34,Moderate,Low,8,No,46099-154823
SUV,7,18272,98,1697,40,8.4,11.97,25,30,Good,Low,5,No,63778-180000
Sedan,12,88248,94,2096,42,14.5,11.94,32,31,Good,Low,2,No,57038-180000
Truck,7,19362,99,866,15,6.0,11.97,35,36,Good,High,8,No,1421-6091
Hatchback,5,225103,99,1988,45,14.2,11.94,33,29,Good,Low,7,No,65417-140795
Truck,12,66423,101,1042,29,5.3,12.55,31,32,Worn,Low,12,No,5334-43363
Sedan,12,210369,92,3004,28,15.0,11.89,26,32,Critical,Low,1,Yes,24356-48988
Hatchback,9,228702,87,2713,39,16.0,12.14,37,36,Worn,High,2,No,27126-95182
SUV,1,157505,90,1682,26,7.4,12.44,36,34,Worn,High,2,No,48411-87011
SUV,11,249602,95,1150,30,10.9,11.76,43,30,Good,Medium,1,No,57707-116579
Sedan,10,109102,89,3426,39,12.4,12.58,34,33,Critical,Medium,1,No,48260-87710
Sedan,11,38133,93,2210,29,16.0,11.84,34,35,Moderate,Medium,5,No,30401-70289
Truck,11,82480,103,3209,22,7.3,12.49,39,30,Good,Low,12,No,17184-39114
Hatchback,6,207693,96,2407,40,17.0,11.97,42,29,Worn,Low,2,No,69152-167918
SUV,10,88020,93,3201,39,14.9,11.86,44,36,Good,Low,10,No,19275-180000
SUV,8,117824,93,2682,40,12.1,12.45,27,30,Worn,Medium,10,No,52894-180000
SUV,9,57981,91,3047,32,11.2,11.95,34,34,Moderate,Medium,2,No,101479-159897
Hatchback,11,22726,95,3159,43,21.1,12.02,31,36,Good,Low,3,Yes,26974-93000
Truck,2,88181,113,1024,29,7.7,12.65,27,35,Moderate,Low,7,No,7159-45273
Hatchback,1,15341,98,604,43,14.3,11.74,37,34,Good,High,2,No,57389-119881
Hatchback,8,244422,101,3498,39,20.9,12.62,25,28,Critical,Low,7,Yes,39135-67205
Hatchback,6,76040,92,1613,35,15.2,11.85,26,35,Good,Low,2,No,38819-135105
SUV,2,5604,98,3418,36,9.1,11.93,45,28,Good,Medium,5,No,51412-180000
Truck,3,109637,108,3489,26,7.2,12.66,43,29,Good,Low,3,No,22818-39286
Truck,8,90410,111,936,25,7.7,12.4,36,34,Good,Low,6,No,27481-60061
Truck,1,46027,103,1923,20,8.4,12.07,38,29,Moderate,Low,8,No,9930-51981
Truck,5,166018,105,2755,20,5.4,12.44,27,31,Critical,High,9,No,388-714
Sedan,8,196215,91,625,36,12.7,12.24,35,30,Good,Medium,2,No,50097-116671
SUV,3,109908,95,3239,25,9.3,11.78,28,29,Moderate,Medium,10,No,52716-111848
Hatchback,6,216164,92,3120,30,20.2,12.18,28,28,Good,Low,3,No,65444-123546
Sedan,4,221388,98,2839,28,13.7,12.26,32,34,Good,Low,1,No,42317-149089
Hatchback,1,112802,95,3372,47,18.0,12.0,38,30,Moderate,Low,9,No,46773-92051
Truck,5,216722,93,1832,33,9.6,12.24,37,31,Good,Low,3,No,23051-81969
Truck,12,192621,98,1921,31,6.1,11.74,28,30,Critical,High,2,No,3092-11030
Truck,9,157770,99,2660,19,9.8,11.72,36,33,Critical,High,1,No,545-1193
Truck,3,106028,111,1005,28,8.1,12.58,29,32,Moderate,Medium,5,No,7441-16495
Truck,6,197011,99,749,29,3.5,11.76,42,31,Moderate,Medium,3,No,25694-59554
Hatchback,6,38589,89,967,45,21.2,12.18,25,30,Critical,Low,10,No,38774-98092
Truck,8,53774,102,3093,35,7.5,11.87,30,29,Moderate,Low,3,No,14202-53334
SUV,4,82981,91,1402,35,12.4,11.91,39,31,Moderate,Low,11,No,30686-72166
Hatchback,11,155928,87,708,39,17.9,12.55,35,33,Good,High,9,No,28470-110298
Hatchback,5,10943,92,2379,41,17.9,12.66,29,31,Good,Low,7,No,67388-118238
Sedan,6,227612,92,884,37,16.3,12.59,26,32,Moderate,Medium,6,Yes,67414-108180
Hatchback,6,162330,84,2878,35,19.2,12.04,35,28,Good,Medium,10,No,42892-132306
Hatchback,3,210249,93,3250,44,20.1,11.99,40,32,Critical,High,9,Yes,16081-42518
Sedan,1,46014,94,3413,40,14.1,12.18,39,30,Moderate,Low,5,No,70984-180000
Sedan,12,62872,101,1446,27,13.7,12.62,28,31,Moderate,Medium,1,No,36170-92874
Truck,7,71537,97,2869,29,9.1,12.53,32,36,Good,Low,9,No,42138-134510
Truck,10,64769,108,2383,31,6.7,12.4,43,35,Critical,Medium,7,No,2921-18130
Truck,3,23590,105,3356,33,6.7,11.71,30,30,Worn,Medium,10,Yes,10868-31666
Hatchback,8,234432,96,649,37,20.1,12.02,30,32,Good,Medium,1,No,98106-154658
SUV,6,187829,91,1669,25,8.7,12.31,25,31,Moderate,Low,12,No,36476-81576
SUV,6,247392,105,812,28,9.2,11.85,44,32,Good,Medium,3,No,45213-121181
Sedan,7,187610,86,1360,34,13.8,12.76,38,33,Good,Low,1,No,47654-180000
Truck,1,49246,98,766,33,5.9,12.08,43,35,Moderate,Low,4,No,38109-60813
Sedan,4,117955,93,2714,33,16.6,12.69,45,28,Moderate,Medium,12,Yes,7618-20592
Sedan,2,126066,97,651,39,16.6,12.0,36,36,Moderate,Medium,7,Yes,27636-90258
SUV,1,94645,95,2088,28,10.4,12.45,26,36,Worn,Low,9,No,40517-128445
Truck,12,14805,103,2472,32,5.1,11.98,28,32,Moderate,High,12,No,5054-13348
Hatchback,1,80631,91,2923,37,16.8,12.09,27,33,Moderate,Low,8,No,44141-180000
SUV,3,9789,102,2845,33,11.3,12.74,38,33,Good,Low,8,No,48120-167190
Sedan,2,188627,90,1171,36,18.7,12.56,42,29,Critical,Low,2,No,51782-105808
Sedan,3,76110,84,1237,26,17.1,11.88,43,35,Moderate,High,3,No,31718-65330
Hatchback,8,125909,86,2101,43,16.6,12.47,39,33,Good,Low,11,No,33340-120438
SUV,10,124463,95,2866,24,12.6,12.72,30,33,Moderate,Medium,6,No,27643-109705
SUV,7,177712,99,1111,31,10.2,12.28,26,33,Critical,Low,5,No,23181-41691
SUV,12,163414,93,2319,40,8.9,12.05,41,34,Good,Low,6,No,60185-180000
Hatchback,4,55257,91,600,39,17.5,11.93,33,34,Moderate,Low,8,No,77823-142367
Hatchback,11,135201,85,1206,43,15.2,11.98,35,32,Worn,Medium,3,No,25169-78283
Hatchback,6,206878,91,1157,38,20.9,11.7,44,35,Good,Low,3,No,69285-180000
Hatchback,4,50409,93,2972,41,18.0,11.78,30,29,Good,Medium,4,Yes,36385-73607
Hatchback,12,211903,86,1953,40,21.9,12.77,43,33,Critical,Low,1,Yes,41551-87637
Hatchback,8,138578,89,3051,45,19.9,12.67,27,33,Good,Low,3,No,87577-173543
Truck,2,169246,102,3473,25,5.5,12.6,36,36,Worn,Low,1,No,15843-145111
Hatchback,5,79592,89,2671,47,18.2,12.59,26,33,Good,Low,12,Yes,42369-116949
SUV,9,191792,100,650,38,13.1,12.15,40,31,Good,Low,2,No,57713-180000
SUV,9,191049,95,658,34,7.6,12.56,45,35,Moderate,Low,6,No,24794-87174
SUV,3,238374,99,1496,29,8.6,12.74,32,34,Good,Low,6,No,52003-137861
SUV,3,211759,97,3223,36,9.2,12.21,37,33,Critical,High,7,No,19919-37065
SUV,2,76677,93,2589,33,13.4,11.91,41,33,Moderate,Medium,5,No,38315-105257
Hatchback,12,97841,86,2611,41,19.6,12.5,36,35,Good,Low,11,No,63703-106355
SUV,4,12086,93,1451,31,14.1,12.14,39,33,Worn,Medium,10,No,30259-111590
Sedan,12,226421,95,2620,36,16.7,12.07,26,32,Good,High,8,Yes,19833-69107
Hatchback,2,234402,88,1891,41,14.5,12.05,26,31,Moderate,Medium,6,No,60980-117960
SUV,6,91255,98,1839,38,9.7,11.83,35,34,Good,Medium,6,No,51418-180000
Hatchback,2,243587,94,2658,34,22.5,12.15,45,31,Moderate,Low,6,No,33697-113873
Sedan,10,167157,100,2204,36,16.7,12.38,43,31,Worn,Medium,8,No,25401-98245
Hatchback,5,127645,83,2205,30,15.3,12.34,26,34,Critical,Medium,7,No,22179-67889
SUV,11,66878,92,2314,35,8.2,12.2,31,36,Moderate,Low,12,Yes,10838-41232
Truck,6,156453,101,2542,24,7.8,12.8,27,36,Good,High,8,No,11758-28308
Truck,6,144000,106,1325,22,6.9,12.23,40,31,Good,Low,11,No,9605-37581
SUV,2,143404,97,2733,28,9.9,12.79,30,32,Good,Medium,11,Yes,18035-50275
Sedan,8,57113,99,3182,30,16.7,12.73,41,29,Critical,High,3,No,3512-9780
Hatchback,6,129062,88,1556,44,18.5,12.16,33,35,Worn,Medium,10,No,55332-115290
SUV,11,79604,97,1853,32,11.1,12.38,38,32,Moderate,High,11,No,8050-15040
Sedan,10,238362,94,1059,26,17.4,11.76,35,28,Worn,Low,10,No,43436-75778
Hatchback,6,92243,87,3291,34,19.7,12.4,45,30,Good,Medium,6,No,28797-81057
Sedan,9,158437,84,3411,29,17.9,12.61,37,32,Good,High,1,No,39376-84946
Truck,9,15911,109,2986,23,5.6,12.74,44,31,Moderate,Low,10,No,13252-35904
Hatchback,6,32770,92,1592,37,14.6,12.46,39,33,Critical,Medium,8,No,13055-43995
Sedan,10,67879,93,3309,42,16.2,11.95,25,29,Moderate,Medium,7,No,20431-144969
Hatchback,11,17454,88,1969,40,20.1,12.24,41,35,Critical,High,7,No,9511-35805
SUV,7,136629,93,2609,25,13.5,12.28,39,36,Moderate,Medium,12,No,21479-33459
SUV,1,31040,99,1921,39,12.2,12.43,41,35,Good,Low,9,Yes,94325-176539
SUV,5,106390,87,2881,31,12.5,11.84,38,29,Good,Low,4,Yes,69792-178332
Truck,8,218513,109,2210,21,4.6,12.72,34,36,Worn,Low,9,No,2413-5577
Truck,6,41569,115,1653,21,9.5,12.16,32,35,Good,Medium,2,No,9918-27124
Sedan,5,228246,88,2709,33,16.3,11.97,32,28,Worn,Medium,2,No,33633-114889
Sedan,6,177439,98,1689,28,18.6,12.36,28,35,Worn,Medium,2,No,42239-121955
SUV,12,209238,93,1740,35,10.5,12.53,44,34,Good,Low,5,No,70311-171039
Truck,8,202450,102,2126,23,5.1,12.55,30,29,Good,Medium,2,No,59370-99298
Hatchback,11,209826,88,1332,37,21.8,12.15,36,29,Good,Medium,12,No,38741-97327
Sedan,8,33062,103,875,37,13.8,12.44,34,34,Worn,High,9,Yes,6354-19324
SUV,5,172856,100,1509,27,13.1,11.78,39,33,Good,High,1,No,37386-82590
Truck,11,72334,97,3464,18,6.3,11.99,45,36,Critical,Low,10,No,2836-8660
SUV,10,74947,92,893,41,12.3,12.34,33,28,Moderate,Low,11,No,12855-112694
Sedan,10,51920,93,1074,31,18.9,12.34,27,35,Worn,High,3,No,13936-106430
SUV,4,87014,95,719,41,11.4,12.05,28,30,Worn,Low,4,No,80066-180000
SUV,9,52921,93,3416,27,11.5,11.74,30,28,Critical,Low,11,No,27208-94502
Truck,2,60064,113,1422,29,6.2,11.96,31,33,Good,High,6,No,3688-14049
Sedan,5,52484,86,2435,31,11.6,11.75,25,29,Good,Low,7,No,88585-134123
Truck,12,74333,110,2472,21,6.6,12.33,26,36,Good,High,10,No,871-1857
Hatchback,11,74207,83,1463,32,18.1,12.03,33,35,Moderate,High,12,No,20445-33581
Hatchback,9,42048,98,732,31,21.8,12.77,29,33,Moderate,Low,11,No,21423-34715
Sedan,3,238356,97,1249,36,12.6,11.97,34,28,Moderate,Low,11,Yes,24260-71098
Truck,3,205610,110,1945,37,8.3,12.21,43,34,Good,Low,9,No,28140-79186
Truck,2,159168,110,2114,30,3.9,12.07,31,34,Good,Low,2,No,11349-71988
Hatchback,11,117603,94,1457,32,20.6,12.08,44,35,Good,Medium,9,Yes,44476-115084
Sedan,8,164243,103,2701,37,15.1,11.96,41,31,Good,Medium,9,No,48682-81158
SUV,2,23309,101,1768,27,10.9,12.1,25,36,Good,Medium,10,No,28034-86870
Hatchback,7,209371,86,3445,35,16.5,11.8,27,36,Moderate,Low,12,No,31265-87005
Sedan,11,60442,98,636,37,14.3,12.71,34,33,Good,Medium,3,No,42733-90107
Truck,1,177597,104,1513,30,9.2,12.33,27,33,Worn,Medium,12,No,9884-23512
Hatchback,1,129643,90,2362,35,18.3,12.28,25,35,Good,Medium,6,Yes,22406-89418
Sedan,9,139169,96,2156,42,14.6,12.33,25,30,Moderate,Low,6,Yes,25323-140157
Hatchback,7,118801,87,1889,37,15.6,11.96,45,31,Worn,Low,9,No,93387-164531
Sedan,6,67738,93,1141,32,14.9,12.68,37,35,Worn,Low,10,No,42132-71858
Truck,4,247885,109,895,24,8.7,11.92,39,35,Good,Medium,5,No,7871-39732
SUV,7,33152,98,2433,32,10.5,12.69,45,30,Good,Low,11,No,17905-153544
SUV,2,22321,101,1042,36,8.4,12.68,43,31,Moderate,Low,5,No,102601-169725
Hatchback,11,34152,94,2476,42,19.9,12.41,30,31,Worn,High,11,Yes,8483-30615
Sedan,6,145247,93,1941,34,17.5,12.51,31,32,Good,Medium,6,Yes,45601-86739
SUV,6,21247,98,1676,39,14.0,12.48,36,28,Critical,High,1,No,15454-48406
Truck,10,196736,108,1863,28,9.8,12.31,33,36,Worn,Medium,6,No,17370-35058
SUV,6,116613,105,1597,28,9.9,12.02,27,30,Good,Medium,12,No,34244-66162
Hatchback,2,118636,82,1907,29,17.4,12.19,43,31,Worn,Low,3,Yes,52983-102713
Truck,12,145264,99,1208,29,4.4,12.5,36,30,Moderate,High,10,No,12237-29459
Truck,1,143168,106,2566,19,4.1,12.15,40,34,Good,Low,9,No,14820-24740
Hatchback,9,148845,93,1434,46,18.7,11.94,40,36,Moderate,Medium,12,Yes,28065-47677
Sedan,9,191330,100,1631,34,16.8,11.88,36,33,Critical,High,7,No,6178-11906
Hatchback,11,10467,89,1603,41,18.6,12.52,41,28,Good,Low,4,Yes,57557-148897
Hatchback,7,158909,88,3334,31,21.0,12.22,33,29,Good,Low,11,No,12284-163002
Sedan,10,215396,84,1422,31,14.0,12.51,39,34,Moderate,Medium,4,No,29626-87848
Hatchback,2,124782,87,1034,28,17.9,12.07,40,28,Moderate,Medium,1,No,41900-85758
Sedan,3,103910,95,3379,35,15.1,12.58,43,33,Critical,Low,11,No,10386-19388
SUV,2,5922,105,696,26,9.3,12.18,30,29,Good,Medium,12,No,10587-76114
Truck,4,248738,103,1144,19,9.2,12.8,37,28,Moderate,Low,2,No,18946-43234
Sedan,3,138066,85,955,31,16.2,12.41,32,35,Moderate,High,12,Yes,2229-8665
SUV,1,212411,99,682,26,9.8,12.34,29,28,Worn,Low,9,Yes,34560-135968
SUV,9,223750,95,2864,29,9.4,11.74,28,35,Good,High,4,No,29924-89486
Hatchback,11,45556,90,1813,37,17.4,12.17,34,32,Good,Medium,5,No,62604-173130
Truck,4,22083,101,749,24,5.9,11.8,27,35,Good,Medium,6,No,19099-35251
SUV,5,150704,100,2674,38,10.3,12.13,37,36,Moderate,Low,4,No,85253-133345
SUV,9,67361,95,2728,35,10.0,12.34,33,28,Moderate,High,8,No,10584-41168
Sedan,4,189874,90,1891,37,15.2,12.76,25,36,Worn,Low,6,No,28058-164601
Sedan,12,120606,96,2491,44,12.4,12.14,35,33,Good,Medium,7,No,27233-97987
Hatchback,9,104723,89,1928,33,13.3,11.94,44,34,Good,Low,7,No,42369-174221
Truck,6,48053,102,3336,31,5.8,12.79,33,34,Good,Medium,11,No,17953-30271
Truck,7,127748,93,3459,27,7.3,11.74,44,33,Critical,High,3,No,4844-15602
Hatchback,2,246713,94,690,45,18.3,11.81,30,30,Good,Low,8,No,21689-180000
SUV,3,116548,100,2088,34,6.7,12.62,43,33,Worn,Medium,2,No,44943-105135
SUV,11,246018,94,1226,29,9.5,12.04,28,35,Moderate,High,7,No,30205-48169
Hatchback,2,186361,86,1879,38,18.7,11.94,31,30,Good,Low,10,No,94912-171512
SUV,1,22616,95,2265,29,14.4,12.61,44,30,Critical,Medium,9,No,16291-67638
Sedan,10,108210,96,2493,30,18.0,11.86,26,30,Good,High,6,No,11103-68430
SUV,5,185330,105,2539,32,8.3,11.72,27,36,Worn,Low,5,No,36807-66673
Sedan,5,196835,84,1424,34,11.9,12.69,30,30,Critical,High,2,No,11113-57797
SUV,11,197346,95,986,35,11.2,11.97,35,32,Good,High,7,No,19581-67999
SUV,6,184422,89,1552,26,9.9,12.79,38,30,Good,High,5,No,45796-75028
Truck,11,207055,100,3233,18,3.5,12.23,30,35,Good,Low,8,No,15890-42136
Hatchback,6,79947,90,1644,39,16.3,11.87,27,29,Moderate,Medium,3,Yes,44455-109867
Sedan,7,49009,100,1626,38,15.0,12.78,39,31,Worn,Low,11,No,37484-58292
Truck,11,102689,103,3179,27,10.4,12.68,26,29,Good,High,10,No,11100-27876
Sedan,10,106436,96,1071,36,18.3,11.77,36,34,Good,High,9,No,34660-57468
Sedan,2,105505,101,3214,39,15.0,12.34,45,30,Good,Low,10,Yes,52994-93700
Hatchback,4,34777,92,3166,40,20.7,12.35,33,36,Moderate,High,4,No,18204-50372
SUV,9,208721,100,3405,31,10.8,11.8,35,33,Moderate,Medium,4,Yes,24666-44678
SUV,2,109984,98,2497,41,13.4,11.85,43,28,Worn,High,8,No,30188-64632
Hatchback,11,24723,89,2557,43,19.5,12.09,43,35,Moderate,Medium,12,Yes,31169-61471
Hatchback,7,112898,101,2541,32,16.9,12.26,36,28,Critical,Medium,6,No,6004-14134
SUV,2,156274,101,1164,32,10.7,12.21,33,29,Good,Medium,10,No,39831-101763
Hatchback,10,35235,96,3054,32,17.2,12.23,43,31,Worn,Medium,9,No,19400-99946
Sedan,7,152082,90,1741,36,13.9,12.13,29,30,Good,Low,1,No,75290-158420
SUV,10,198163,105,772,26,11.7,12.61,42,30,Moderate,Medium,7,Yes,18711-68683
Truck,9,12513,109,2038,27,7.7,12.33,33,30,Moderate,High,3,No,3730-8716
SUV,1,201125,103,1460,28,12.7,12.53,31,30,Good,High,4,No,17724-113052
Truck,5,86081,104,1152,23,8.6,12.26,26,32,Critical,High,10,No,6405-16317
Sedan,9,37403,89,3106,31,17.2,12.62,39,35,Good,Low,4,No,56565-109341
SUV,1,162676,90,1347,30,11.7,12.65,37,29,Good,High,8,No,47346-85742
SUV,9,223565,101,1059,33,11.0,11.99,30,36,Critical,High,4,No,15599-29559
Sedan,5,233696,90,2144,36,13.0,12.31,35,29,Worn,Medium,11,No,36234-67472
Sedan,9,156142,99,1530,33,15.6,11.86,26,28,Moderate,Medium,2,No,25315-76225
Sedan,2,177783,97,1739,33,13.5,12.55,26,35,Good,Low,11,No,26793-82257
SUV,8,109684,104,882,39,7.6,12.66,41,31,Moderate,Low,10,Yes,26784-94034
Truck,10,228084,101,1121,35,10.2,12.2,35,29,Worn,Low,8,No,25014-88520
Sedan,8,75668,90,2177,36,13.9,11.83,26,32,Worn,Low,8,Yes,35093-135017
Sedan,3,27790,91,1251,31,12.4,12.75,30,35,Critical,Low,7,No,16244-37990
Truck,1,122793,109,2081,28,4.9,12.59,41,31,Good,Medium,10,No,8725-23549
Truck,1,150502,101,869,24,6.3,11.87,42,33,Moderate,Low,9,No,38711-59971
SUV,8,60466,92,936,35,12.8,11.99,25,29,Worn,Low,9,No,56260-172227
Sedan,12,24131,88,2461,30,11.6,12.5,33,31,Good,Low,5,No,58972-180000
Hatchback,8,69204,91,2807,40,19.2,12.28,36,30,Good,High,3,No,39031-138825
Hatchback,4,244582,93,2054,30,20.0,12.67,31,31,Good,Low,12,Yes,10299-81237
Hatchback,10,91034,92,698,44,13.8,11.77,28,29,Critical,Medium,5,No,26002-101385
SUV,9,184979,101,2939,30,10.5,12.46,27,34,Critical,Low,7,No,19840-30786
SUV,2,80116,96,2715,35,11.7,12.51,26,33,Worn,Medium,8,Yes,8966-50492
Truck,9,243009,109,1723,27,10.8,12.35,36,35,Good,High,4,No,5630-15762
Hatchback,1,155097,101,1639,38,16.3,11.78,28,34,Good,Low,2,No,49608-151456
Hatchback,4,116631,93,1254,41,20.7,11.95,30,32,Moderate,Medium,1,No,56405-145613
Truck,11,229593,102,1481,32,8.3,12.51,33,32,Worn,High,5,Yes,1943-4789
SUV,1,234152,93,606,25,11.1,12.43,37,31,Good,High,6,No,12776-160621
Hatchback,12,98179,92,889,38,16.6,12.16,36,31,Good,Low,3,No,66761-158201
Hatchback,10,102788,96,2782,37,22.0,11.85,31,31,Critical,Low,6,Yes,17295-50071
Hatchback,2,137375,89,2292,32,21.7,11.93,41,31,Good,Low,9,Yes,45074-117296
Sedan,12,173129,98,2253,32,14.8,12.56,32,32,Moderate,High,10,Yes,10463-25771
Truck,6,79056,93,3339,26,8.0,12.63,31,28,Good,Low,7,No,48106-82366
Truck,12,71034,96,2725,25,7.0,12.49,25,31,Good,Low,6,No,27455-76501
SUV,7,105213,98,1411,41,11.8,12.65,31,32,Good,Low,11,Yes,23990-89162
Truck,8,45555,101,618,33,5.6,11.96,27,32,Moderate,Low,6,No,15642-50018
Sedan,6,93625,103,3159,39,12.3,12.23,36,35,Good,Medium,10,No,37239-68475
SUV,2,181368,97,2647,39,11.8,11.8,36,31,Moderate,Medium,6,No,54978-107578
Sedan,10,52843,83,3281,42,15.0,12.6,26,33,Good,Low,4,No,67248-160446
SUV,10,143735,99,1809,37,10.1,11.78,35,34,Good,Low,6,No,54960-179820
Hatchback,8,74500,90,2865,37,16.1,11.87,44,30,Good,Low,1,No,36269-142381
Truck,4,218284,96,2333,36,6.2,11.75,25,31,Good,High,6,Yes,11187-24937
SUV,3,167067,98,1218,33,9.6,12.59,40,32,Moderate,Low,10,No,38622-63846
Truck,3,171902,114,1362,29,9.6,11.84,30,31,Good,Medium,1,No,38615-61563
SUV,6,235721,101,3488,30,12.2,12.62,33,36,Moderate,Low,10,Yes,33286-67680
Sedan,3,100628,89,3191,37,14.8,12.3,26,34,Good,Low,4,No,70510-180000
Sedan,7,41677,90,3090,41,13.0,12.03,40,28,Moderate,Low,6,Yes,30203-92715
SUV,11,9959,94,3316,28,8.1,12.37,38,30,Moderate,Low,8,No,99298-161236
SUV,10,194559,96,2141,41,11.6,12.18,26,35,Good,Low,2,No,88949-180000
Hatchback,5,111057,97,1280,35,18.4,11.86,31,30,Moderate,High,10,No,6756-24702
SUV,11,60969,101,747,30,12.1,12.48,27,32,Moderate,Low,8,No,44146-90802
Sedan,3,143240,96,2227,30,14.9,12.54,41,34,Good,High,8,No,30689-78134
Sedan,7,99842,92,3381,29,17.6,11.74,28,30,Moderate,High,7,Yes,3868-21142
SUV,5,224618,89,1554,30,11.6,11.75,30,28,Critical,Low,10,Yes,13860-43886
Truck,7,152068,95,825,33,8.2,12.68,30,32,Good,Low,8,No,44994-109772
Truck,7,49290,108,1664,30,3.7,12.21,36,32,Critical,Low,3,Yes,6732-13274
Truck,11,89716,101,1010,32,5.6,12.79,44,28,Moderate,Low,3,No,22559-64087
Sedan,9,151934,89,1398,39,13.2,12.28,43,36,Good,Medium,5,No,64092-143242
Sedan,9,193852,95,1810,40,18.8,12.61,39,33,Good,Medium,8,No,34343-71101
Sedan,2,148128,96,675,33,15.0,12.19,35,33,Good,Medium,2,No,27786-75178
Hatchback,7,192881,90,2954,32,14.1,12.7,36,28,Critical,Low,4,Yes,24399-45987
Truck,7,183617,101,2858,22,10.4,11.97,25,31,Worn,Low,4,No,18226-41254
SUV,9,206079,92,1208,33,10.6,11.93,41,31,Worn,Low,4,No,69331-158207
Hatchback,1,108087,90,2729,44,14.3,12.73,45,28,Good,Medium,3,No,99401-151447
Truck,8,74196,99,3162,28,3.1,12.3,34,29,Good,High,3,No,15402-42734
Hatchback,10,150455,86,3002,28,13.9,12.49,25,30,Critical,High,9,No,14949-38467
SUV,6,147267,92,2779,27,12.7,12.43,42,35,Good,Low,11,No,57128-103706
Hatchback,6,107967,93,3475,34,16.1,11.89,45,31,Moderate,Low,9,Yes,47435-72089
Truck,1,107428,102,2745,33,9.7,11.84,28,30,Moderate,Low,1,No,51749-122861
Sedan,11,148439,93,1105,34,19.0,12.54,40,29,Good,Low,6,No,79690-171896
Truck,11,185402,102,1816,31,8.4,12.42,32,34,Good,Medium,5,Yes,29004-65806
Truck,10,54406,101,888,25,7.0,11.9,32,30,Good,Low,2,No,35176-98986
Hatchback,10,60809,93,1428,45,16.7,11.81,28,32,Worn,Low,10,No,71945-127699
Hatchback,5,158395,92,2610,39,21.8,12.78,42,33,Good,Low,12,No,41374-128700
Sedan,1,67515,91,2860,35,12.6,11.9,34,31,Critical,Low,2,No,52873-102503
Hatchback,7,108673,94,3233,42,16.0,12.42,34,32,Worn,High,11,No,17253-27573
Hatchback,3,226238,90,2589,30,17.1,12.0,25,33,Critical,Low,3,No,16472-37562
Truck,6,39707,94,1832,33,4.9,12.5,38,34,Worn,High,11,Yes,3501-10509
Truck,6,198798,113,2677,17,5.1,12.34,25,28,Good,High,6,No,1774-3294
Hatchback,2,56537,85,1218,30,19.7,11.72,30,34,Good,High,2,Yes,41554-76592
Hatchback,11,93356,90,2692,42,19.0,11.89,25,32,Good,Medium,9,Yes,48461-114357
SUV,12,195321,97,2328,35,13.3,12.07,36,35,Good,Low,10,No,37711-139101
Hatchback,7,212645,92,3310,44,21.0,12.08,30,33,Moderate,Low,4,No,25967-180000
Hatchback,11,204891,100,2561,44,21.3,11.86,42,34,Good,Medium,8,Yes,47651-112019
SUV,10,183426,95,2645,29,8.7,11.71,45,32,Worn,Low,4,No,41240-126224
Truck,11,248814,105,1030,30,6.3,11.76,29,31,Good,Medium,4,No,29086-84182
Sedan,12,151647,97,1926,45,16.3,12.39,27,28,Moderate,High,5,No,41239-68491
Sedan,1,29501,86,3444,30,17.4,12.02,29,36,Moderate,Medium,11,No,21997-66593
Sedan,11,244028,88,1141,32,11.9,12.05,41,31,Moderate,Low,2,No,29709-180000
Hatchback,5,229652,89,2616,33,17.9,12.23,34,31,Moderate,High,9,No,17370-40856
Hatchback,12,18302,90,2027,40,17.3,12.49,27,28,Good,Medium,4,No,59293-180000
Sedan,11,40433,95,2408,31,17.7,12.05,32,33,Good,Low,5,No,59024-103608
Truck,11,92636,100,2922,36,9.7,12.18,30,33,Good,Medium,3,No,44526-78918
Hatchback,1,10744,84,1337,28,19.7,11.83,35,30,Moderate,Low,4,No,27757-105057
Hatchback,9,41573,88,925,33,13.4,12.59,41,35,Good,Low,12,Yes,29760-67516
Hatchback,9,118040,100,1412,37,17.6,11.92,39,31,Worn,Medium,10,No,43856-123292
Truck,1,222164,101,1533,33,4.8,12.16,34,28,Moderate,Medium,1,No,29633-80745
Sedan,8,132302,83,2731,33,16.8,12.61,38,31,Critical,Low,1,No,32349-92181
SUV,8,6329,90,1545,36,12.3,12.41,27,29,Good,Low,1,Yes,76304-148450
Hatchback,11,163597,88,939,39,19.5,12.42,40,36,Critical,Low,10,No,31434-124680
Truck,9,211549,108,1271,35,9.3,12.6,32,30,Worn,Medium,4,No,8129-30429
Hatchback,5,12181,89,1230,43,18.3,12.08,38,33,Moderate,Low,11,No,42756-125514
Sedan,4,111941,88,604,41,17.1,12.19,25,31,Worn,Low,12,No,41310-96560
SUV,11,79986,97,1542,35,13.3,12.44,27,32,Good,Low,1,Yes,78737-180000
SUV,10,136776,98,2924,23,10.7,12.15,35,30,Moderate,Medium,11,No,17857-34033
Hatchback,10,226108,94,3390,42,20.4,12.59,40,36,Worn,Medium,6,Yes,21524-142247
Sedan,1,73530,87,1317,37,16.5,12.56,38,28,Good,Low,2,No,46600-149848
SUV,8,79955,96,3382,37,11.7,12.14,27,28,Good,Medium,10,No,49058-180000
Sedan,2,152098,92,2933,41,14.0,12.55,40,31,Good,Low,3,Yes,46774-114644
Hatchback,8,215254,89,3067,36,19.3,11.85,34,29,Good,Medium,6,No,66111-180000
SUV,4,139790,100,804,38,10.3,12.14,31,34,Moderate,Medium,10,No,47343-131935
SUV,5,91633,99,1385,40,14.1,12.7,41,33,Good,Low,10,No,55427-155637
Truck,6,140381,100,2344,33,8.5,12.05,39,30,Worn,Low,3,No,27980-50322
Hatchback,10,33984,96,2503,40,21.6,12.62,45,36,Good,Low,2,Yes,49384-151336
Truck,3,187391,98,1774,30,6.5,12.5,36,35,Worn,High,9,Yes,1317-5195
Hatchback,1,36814,93,2805,42,19.9,12.1,40,30,Worn,Medium,8,Yes,50350-78678
Sedan,9,81107,94,2869,28,17.3,11.87,45,33,Good,High,6,No,42281-73083
Sedan,3,35589,92,1508,38,13.6,12.06,26,35,Good,Low,6,No,43385-156145
Hatchback,5,66636,95,3138,39,17.9,11.74,38,30,Worn,Medium,2,No,13973-180000
Hatchback,12,8978,97,1753,31,19.3,12.08,35,28,Moderate,Low,5,No,25904-102000
Truck,11,25285,112,2690,30,7.1,11.87,40,35,Moderate,High,8,Yes,702-5510
Sedan,9,116295,88,2384,25,13.4,12.24,45,35,Good,Medium,3,No,44980-89212
Sedan,12,145419,90,793,40,14.5,12.69,29,31,Good,Medium,4,No,44262-138362
Hatchback,9,214544,93,1318,37,21.9,12.49,42,36,Good,Low,11,Yes,38734-79940
Truck,3,19802,115,851,32,6.4,11.86,31,33,Moderate,Low,5,No,8479-24773
Truck,7,70798,97,2203,30,8.6,11.78,29,28,Good,Low,6,No,27207-89725
SUV,10,204582,102,3081,30,10.3,12.68,28,34,Worn,Medium,12,No,37450-78072
Hatchback,1,8009,87,2684,28,17.3,11.83,36,36,Good,Low,6,No,71333-180000
Hatchback,6,83120,83,1455,35,17.3,12.44,42,34,Good,Low,11,No,33521-77933
Truck,4,130759,101,3384,23,7.3,12.58,43,30,Worn,Medium,5,Yes,10906-30498
Sedan,5,122997,94,859,31,16.6,12.61,29,28,Good,Low,3,Yes,46244-107376
SUV,6,80752,100,767,38,14.1,12.73,45,34,Moderate,Medium,10,No,38535-113767
Truck,4,173175,107,1358,15,8.9,12.11,29,35,Worn,Medium,4,No,5202-8492
Sedan,8,230433,93,2849,39,12.8,12.02,35,31,Good,Low,4,Yes,21868-180000
Sedan,1,154270,93,816,30,14.6,12.63,27,28,Worn,Low,8,No,39038-86906
Hatchback,8,246686,93,2541,39,19.0,11.91,29,36,Good,Low,1,No,47578-115248
Sedan,5,240738,89,1666,31,16.2,12.27,28,35,Good,Low,6,No,16447-180000
Truck,7,55049,102,1956,17,6.4,12.21,34,32,Moderate,High,10,No,5159-12551
Hatchback,6,222965,97,3225,34,22.9,12.22,35,33,Good,Medium,4,No,35068-105094
Truck,7,216785,105,1988,18,7.5,11.86,29,34,Good,High,1,No,10240-38625
SUV,2,154298,101,1392,24,14.2,12.1,32,30,Good,Low,11,Yes,20438-104230
Hatchback,6,182424,99,1033,42,19.0,11.7,39,31,Good,Low,7,No,64834-180000
Truck,7,69569,105,2476,31,6.3,11.86,34,28,Good,Low,10,No,25861-82677
SUV,9,129716,105,3270,39,10.2,12.68,28,28,Good,Low,2,Yes,75495-180000
Truck,10,27160,100,1496,30,9.6,12.61,40,28,Worn,High,6,Yes,4597-15689
Sedan,7,140139,97,2497,37,14.6,12.55,38,28,Good,Low,6,No,58364-180000
Hatchback,1,178595,94,3493,36,16.2,12.75,29,28,Good,Medium,1,No,88936-154664
Hatchback,7,207851,98,618,39,16.8,11.72,29,29,Good,Low,9,No,41392-127442
SUV,4,5197,95,859,28,12.2,12.13,41,36,Good,Medium,2,Yes,51256-121998
SUV,8,123435,92,842,37,11.5,12.39,45,28,Worn,Low,10,No,84899-131825
SUV,4,205791,102,2677,31,9.8,12.02,42,33,Good,Low,3,No,81216-146540
SUV,3,26520,93,884,31,12.8,12.68,37,28,Good,Low,5,No,51202-139394
Hatchback,8,47062,99,1976,46,20.2,12.09,25,29,Worn,Low,4,No,46975-85031
Hatchback,6,139748,85,1973,30,15.5,11.79,28,29,Moderate,Medium,10,No,29176-82404
SUV,3,142785,94,2306,37,9.5,11.89,42,36,Critical,Medium,1,No,41118-125452
SUV,1,26754,90,1410,42,10.9,12.67,45,30,Good,Medium,9,No,92191-165553
Truck,10,54558,105,3393,18,6.9,12.12,30,34,Worn,Low,12,No,7270-10948
Truck,4,203061,103,3242,24,8.1,12.39,30,30,Good,Medium,11,No,6784-22768
SUV,3,196549,95,3041,26,10.7,12.53,25,32,Critical,High,9,No,11959-26309
Truck,3,239315,101,3372,18,8.5,11.92,39,29,Good,Medium,2,No,28078-62642
Sedan,12,246604,93,3227,43,16.3,11.93,44,36,Good,Low,3,No,57851-180000
Sedan,1,175874,89,1585,33,16.4,12.67,42,36,Good,Low,4,Yes,48352-85746
SUV,8,64327,99,1877,28,13.9,12.56,30,32,Critical,Medium,8,No,35846-82718
Sedan,10,64169,90,1980,27,12.0,12.74,28,36,Worn,High,11,No,8441-41994
Hatchback,9,156708,94,3353,36,18.9,12.04,27,32,Good,Medium,10,No,80831-180000
Sedan,4,150790,92,2153,34,14.5,12.79,31,32,Good,Low,10,No,57333-103215
Sedan,7,72366,83,1092,37,15.4,12.59,33,35,Good,Medium,6,No,43636-140744
Sedan,8,76160,89,3209,44,11.4,12.6,43,29,Moderate,Low,7,Yes,13574-180000
Hatchback,1,109397,96,1614,34,23.1,12.25,43,28,Good,High,1,Yes,17904-56456
Sedan,2,122968,93,2683,32,18.5,11.92,28,28,Good,High,1,Yes,17764-37190
SUV,4,50799,101,1148,40,11.6,11.96,28,30,Good,Medium,11,No,33556-87680
Sedan,12,22757,97,2266,36,16.4,12.17,36,36,Moderate,Low,9,No,25357-124743
Hatchback,8,148397,93,1972,33,15.5,12.34,28,30,Worn,Low,5,Yes,50001-111253
Sedan,5,85276,93,2918,36,13.4,11.94,32,33,Good,High,10,Yes,23021-49451
SUV,6,178903,92,2720,32,9.5,12.62,29,29,Good,Low,12,Yes,45768-91922
SUV,4,179450,102,1026,25,9.0,12.76,28,35,Good,High,5,No,14707-87876
Sedan,7,127161,94,2321,34,18.2,11.79,32,36,Worn,Medium,3,Yes,27084-50490
Truck,11,152769,93,885,32,4.5,11.97,26,31,Moderate,High,8,Yes,8569-54856
Sedan,7,35901,89,2416,34,14.5,12.05,42,30,Worn,Low,8,No,23710-164497
Hatchback,12,183880,85,643,38,15.7,12.73,39,29,Worn,Low,4,No,34289-130427
SUV,7,87845,93,2538,32,8.8,12.36,37,33,Good,Low,3,No,40808-156394
Sedan,7,86763,99,1757,39,16.9,11.77,41,34,Moderate,Medium,9,Yes,10643-69664
Hatchback,3,38127,95,2261,40,16.3,12.02,36,33,Moderate,Medium,11,No,15927-108689
Truck,11,214058,95,3249,21,6.4,11.78,35,29,Moderate,Low,4,No,6338-20044
Sedan,9,218800,103,2558,31,13.0,12.68,26,33,Worn,Medium,3,No,21442-54552
Hatchback,8,119785,89,2755,34,13.2,12.19,42,28,Good,Low,11,Yes,22631-73019
SUV,4,226354,95,2768,31,8.9,11.84,35,32,Good,High,8,No,21586-53946
SUV,12,181891,93,2160,26,8.1,11.95,26,32,Good,High,8,No,16855-109268
Sedan,8,90391,84,2913,30,14.5,12.63,35,30,Good,High,2,No,44748-79138
SUV,2,102851,101,1839,28,7.7,12.13,37,28,Good,High,6,No,23245-45989
Truck,11,172073,105,3249,19,5.5,11.99,38,32,Good,Low,3,No,38991-64571
Truck,4,52016,92,1557,24,6.4,12.63,43,31,Worn,Medium,4,No,25075-48325
Sedan,9,215742,88,1343,27,17.0,12.37,34,34,Critical,Low,1,No,44100-113334
Hatchback,3,211884,98,1874,33,19.1,12.71,33,30,Critical,Medium,2,Yes,4971-58818
Sedan,2,188962,91,1053,40,14.5,12.21,30,32,Good,Medium,6,Yes,16386-144242
SUV,5,91056,104,1263,37,12.9,11.77,39,30,Critical,Low,8,No,37167-93761
Truck,1,174566,112,2143,19,4.4,11.75,27,36,Moderate,Low,12,Yes,1137-2869
SUV,8,230527,97,656,41,11.5,11.72,26,31,Worn,Low,1,No,98216-157562
Hatchback,3,63907,88,2891,47,17.8,12.35,40,28,Worn,Low,5,No,64485-108495
Sedan,5,44191,94,2468,38,15.4,12.69,35,29,Good,Low,4,No,74361-123109
Sedan,11,189933,96,2938,34,17.8,12.19,36,34,Good,Low,2,No,57975-147549
Hatchback,1,162127,95,3313,30,14.6,12.72,28,34,Good,Low,4,No,33871-161370
Hatchback,10,159743,95,1299,39,18.4,12.1,40,36,Moderate,Medium,3,No,44737-74415
SUV,9,223408,93,1239,34,10.6,12.33,42,32,Good,Medium,5,No,81225-166825
Hatchback,6,93439,97,2955,33,17.7,11.85,44,34,Moderate,Low,2,No,31811-81965
Sedan,10,152553,100,1756,28,13.3,12.6,45,30,Good,Medium,1,No,33639-82133
Truck,7,217870,110,899,28,6.9,12.79,25,28,Moderate,Low,4,Yes,18046-39324
Hatchback,1,234200,95,1302,41,16.9,11.9,43,33,Good,High,10,No,26547-56497
Sedan,3,157427,89,2385,43,14.1,12.14,38,31,Good,Medium,8,No,84850-180000
Truck,6,165974,108,3273,20,10.5,12.65,40,35,Good,Low,5,No,13633-21195
SUV,4,126305,98,2961,39,14.9,12.03,27,33,Moderate,Low,9,Yes,44971-150213
SUV,8,9119,101,2956,37,7.2,11.92,33,31,Good,Medium,1,No,76765-122903
Truck,9,75682,107,3442,31,9.0,12.71,31,36,Good,Low,6,No,14887-52197
Truck,3,176566,101,3077,23,3.3,12.66,30,34,Good,Medium,12,No,10188-26508
Truck,1,155704,102,2297,20,6.1,11.75,28,30,Good,Low,11,No,4626-16826
Hatchback,2,191312,89,2383,45,18.1,12.5,35,33,Moderate,Low,8,No,72856-136172
Truck,10,41583,106,973,31,11.5,12.21,38,35,Good,High,12,No,1411-4195
Truck,3,28649,106,3168,35,5.3,12.43,37,28,Moderate,Medium,3,No,5119-17151
SUV,4,214430,106,2043,29,9.1,11.99,38,36,Good,Medium,5,No,39237-64159
SUV,9,181901,98,2398,31,13.8,12.31,41,35,Moderate,Low,7,No,43974-86138
Truck,1,69603,99,1555,24,7.8,12.18,28,32,Good,Low,9,No,48390-131298
Hatchback,4,23403,91,2585,33,17.4,12.42,40,30,Good,Low,11,No,47789-128905
SUV,12,195627,98,1197,28,13.8,12.58,27,32,Good,Low,6,No,11198-180000
Truck,2,186232,107,1762,19,10.2,12.69,29,32,Good,Low,4,Yes,7154-10874
Truck,1,183677,98,897,26,9.6,11.85,33,33,Moderate,Low,3,Yes,17139-37875
Sedan,10,243878,99,3453,31,15.0,11.99,25,36,Moderate,Low,9,No,47159-92361
Truck,4,221401,103,1457,25,7.9,11.87,36,35,Good,Low,2,Yes,24100-98142
Hatchback,3,214812,93,1526,30,16.8,12.29,40,32,Good,Medium,10,No,36733-110503
Hatchback,10,55163,93,1064,33,13.0,12.64,43,29,Moderate,Medium,11,No,27441-106080
Sedan,7,121761,97,3381,32,11.2,11.77,44,35,Good,Low,11,No,19104-34026
Sedan,12,153189,91,1669,27,17.7,11.98,27,29,Good,Low,9,No,51973-127561
SUV,11,25660,91,1755,34,12.7,12.22,31,28,Moderate,Low,3,No,38790-153212
SUV,5,31743,97,1166,33,14.2,12.27,42,29,Good,High,3,No,34338-75928
SUV,4,152299,99,1952,36,12.8,12.07,27,36,Moderate,High,3,No,32703-54645
SUV,3,180314,89,2436,30,8.5,12.34,38,28,Worn,Low,7,No,36872-172774
Hatchback,5,137637,95,815,39,18.0,12.32,28,30,Moderate,High,7,Yes,13932-40764
Sedan,2,136793,96,1969,36,13.7,11.91,38,36,Good,Low,5,No,54976-173868
Hatchback,10,99238,91,2307,42,21.7,11.95,41,29,Critical,High,3,No,12385-41603
Truck,10,247725,97,2228,27,8.5,11.84,40,32,Good,Medium,1,Yes,26792-90346
Truck,6,141727,101,3078,27,9.7,12.58,34,34,Good,Medium,6,No,21685-56699
Hatchback,9,183829,91,3342,35,20.3,12.28,42,33,Good,Low,12,No,55114-106118
SUV,5,188393,91,3193,28,11.0,12.02,44,31,Good,High,11,No,29188-47298
Hatchback,7,116759,97,2636,46,18.0,12.43,32,32,Good,Low,9,No,56304-159486
Truck,1,204040,94,3299,24,5.1,11.94,37,36,Good,Low,7,No,35965-166279
Hatchback,6,233638,95,1520,47,18.8,12.72,37,34,Good,Medium,10,No,35014-95014
Truck,2,236480,103,2534,33,4.1,12.02,41,31,Good,Low,3,No,14419-112510
SUV,1,55401,93,2691,35,10.0,12.67,31,33,Critical,Low,7,No,29797-70893
Sedan,2,227527,95,2651,32,18.4,11.72,30,35,Good,Low,5,No,46027-83215
Hatchback,2,197444,89,1816,47,16.1,12.02,43,33,Worn,Low,1,No,58447-180000
SUV,11,229174,98,930,41,9.7,12.67,39,30,Good,Low,8,No,36224-136458
SUV,4,10950,99,3479,25,7.6,12.33,31,36,Worn,Low,3,No,41793-91347
Hatchback,6,116681,94,2534,46,19.0,12.19,40,36,Good,High,5,No,28758-79534
Truck,12,86052,108,1839,30,5.2,12.52,29,33,Moderate,Low,7,No,12438-46958
Hatchback,7,228765,99,863,35,17.3,12.32,44,35,Good,Low,4,No,37829-97003
Hatchback,5,206823,86,735,32,20.6,11.76,27,28,Good,Medium,5,No,30633-97865
SUV,2,156485,103,2730,23,12.5,12.31,25,29,Worn,Low,7,No,46190-111468
Sedan,10,216843,100,2824,27,18.3,12.53,41,33,Worn,Low,10,No,53596-94424
Truck,11,204774,96,1736,20,8.7,11.89,36,32,Good,Low,1,Yes,30223-60867
Hatchback,9,209485,100,1988,37,17.3,12.8,37,34,Good,Low,2,No,64697-130843
SUV,4,169285,96,902,28,9.6,12.62,29,30,Good,Medium,10,Yes,47730-77590
Sedan,10,124131,94,3275,33,14.5,11.84,28,33,Moderate,High,3,No,25588-80668
SUV,8,182522,101,2030,33,12.4,11.8,26,29,Good,Medium,11,No,18378-37024
Truck,12,130922,113,632,31,7.3,11.93,40,31,Good,Low,7,No,18109-49573
Truck,10,57912,114,3323,24,8.6,11.71,41,32,Good,Medium,11,No,6023-17825
Sedan,8,162734,89,2972,40,16.1,12.19,39,31,Moderate,Medium,11,Yes,28000-44282
SUV,3,179421,94,2306,41,14.2,12.21,30,31,Good,Low,10,No,73607-156737
Sedan,11,165094,84,2159,25,15.2,11.77,26,33,Good,Medium,3,No,22691-77569
Hatchback,8,7185,94,2600,38,20.7,11.71,29,30,Worn,Medium,8,Yes,22974-85190
Truck,6,145099,108,1456,27,6.6,12.8,34,33,Worn,Low,3,No,10576-39942
Hatchback,12,59903,95,1654,32,15.6,12.63,33,31,Worn,High,10,Yes,4929-17317
Sedan,6,239685,97,1273,26,15.6,12.45,39,35,Good,Low,2,Yes,39062-69050
SUV,1,130401,96,2921,32,10.2,12.51,41,34,Good,Low,9,No,68437-120823
Hatchback,11,214121,92,3269,31,20.0,12.79,26,34,Good,Medium,8,No,40609-83181
Hatchback,5,230107,97,3210,40,17.5,12.5,26,34,Worn,Medium,9,No,57260-95976
Sedan,7,232245,98,2718,41,17.6,12.74,34,32,Good,Medium,8,Yes,60563-103363
Sedan,9,89562,86,742,37,19.0,11.91,42,30,Good,Low,1,No,60236-121486
Hatchback,10,246329,94,2997,42,17.9,12.1,37,36,Critical,Low,2,No,51805-139229
Hatchback,3,190228,90,2351,42,21.6,12.13,25,34,Good,Medium,7,No,24640-175881
SUV,2,5547,97,2295,36,8.5,12.41,41,28,Good,Medium,3,No,74924-180000
SUV,8,244073,90,1233,29,12.7,12.37,35,34,Moderate,Low,7,No,64636-175554
SUV,12,62091,97,1889,33,10.5,12.48,45,28,Good,Low,7,No,20602-180000
Hatchback,9,15519,95,2322,39,14.3,11.9,43,28,Worn,Low,7,No,22336-86904
Truck,9,211810,94,3171,23,10.9,12.51,32,35,Worn,High,8,Yes,9325-21863
SUV,11,7664,91,623,38,7.9,11.95,30,32,Good,Low,6,No,28751-145385
Truck,9,193437,97,3021,35,5.6,12.52,28,32,Worn,Low,6,Yes,8929-117610
Truck,6,199966,104,1197,28,5.7,11.93,27,34,Moderate,High,1,Yes,20813-32657
SUV,8,63595,89,684,29,13.4,12.47,27,30,Good,Low,3,No,46205-180000
Truck,6,99225,100,1969,27,7.1,12.04,36,31,Good,Medium,1,No,43950-119722
SUV,5,12020,97,2241,35,8.1,11.97,45,36,Worn,High,9,No,28391-102573
SUV,4,170607,100,2652,36,8.6,12.42,43,31,Good,Medium,4,No,82111-163209
Hatchback,3,49353,88,3141,31,20.1,12.53,37,30,Moderate,Medium,2,No,32415-95929
Hatchback,6,212968,85,1663,36,18.0,12.51,32,35,Critical,Low,6,No,64211-100045
Sedan,10,86111,85,3202,45,17.6,11.97,42,33,Worn,Medium,9,No,43329-121423
SUV,10,7366,96,1669,26,9.1,12.01,45,34,Good,Low,8,No,100603-151109
Truck,3,57578,105,1602,28,8.2,12.68,30,35,Good,Medium,5,No,22421-71751
Sedan,6,104818,92,1371,29,14.9,12.62,34,30,Good,Low,2,No,55091-157597
Hatchback,10,187517,89,2979,43,18.6,12.6,41,34,Good,Low,1,Yes,61553-174067
SUV,3,171950,89,647,37,9.6,12.21,31,34,Moderate,Low,1,No,56963-130233
Hatchback,10,231431,100,2688,40,18.1,12.37,31,34,Good,Low,2,No,62882-180000
Sedan,4,171451,91,3082,36,16.4,12.1,35,35,Good,High,4,No,50265-90493
SUV,3,189090,102,933,37,10.1,11.78,28,31,Moderate,High,6,No,30076-46112
Sedan,6,74883,94,2249,32,13.8,12.06,28,36,Moderate,Low,3,No,53550-100202
Truck,1,223336,110,3283,24,4.8,11.93,27,36,Worn,High,12,Yes,819-1457
SUV,9,188288,96,907,29,9.7,12.7,27,32,Good,Medium,11,Yes,22362-56804
SUV,12,166409,91,3337,31,13.3,12.62,45,35,Good,Low,10,No,38272-125580
SUV,2,32478,96,1258,28,10.2,12.48,34,29,Good,Medium,7,No,44410-121580
Hatchback,10,232430,96,1381,31,13.4,11.74,27,33,Worn,High,8,No,18841-38205
Truck,7,245378,113,2956,26,9.7,11.74,32,33,Good,Medium,10,No,5588-17016
Sedan,5,112343,84,1389,40,14.9,12.74,29,33,Good,Low,4,No,79315-175069
Sedan,6,248009,88,1556,34,17.9,12.26,45,32,Worn,Low,10,No,32749-102377
Truck,2,104099,115,2797,24,3.9,12.61,38,32,Worn,High,3,No,2675-19557
Hatchback,3,183628,85,1160,44,15.0,12.14,39,29,Good,Low,2,No,84675-159411
Sedan,7,81397,95,1397,33,15.8,12.51,41,31,Good,Low,6,No,28460-80596
SUV,4,18332,94,866,35,9.9,11.93,40,31,Moderate,Low,2,No,64885-180000
Truck,5,51948,102,1608,20,9.2,11.96,39,36,Good,High,4,No,6247-15217
Hatchback,10,242542,90,2942,46,15.1,11.95,28,28,Worn,High,1,Yes,26898-81046
Sedan,7,184249,96,1530,37,13.5,12.51,28,33,Good,Medium,10,No,27701-134069
SUV,12,194676,97,3253,40,8.1,12.43,43,35,Good,Medium,6,Yes,50949-112375
SUV,6,120637,89,726,38,14.7,12.57,44,35,Good,Low,6,No,36243-167007
Sedan,2,119050,95,1602,30,16.9,12.57,29,33,Good,High,4,Yes,11564-49839
Truck,10,161803,97,2223,31,8.2,12.71,43,29,Moderate,Low,12,No,6888-26706
SUV,12,191939,94,1879,30,10.8,11.92,42,33,Moderate,Low,10,Yes,29292-87142
SUV,2,165751,98,2487,28,10.4,12.16,30,33,Good,Medium,8,No,38804-101958
Sedan,1,140610,101,1408,36,13.1,12.32,42,35,Moderate,Low,2,No,78809-162201
Hatchback,12,81732,96,1336,39,16.0,12.23,29,29,Good,Low,11,No,43894-78532
Sedan,6,70073,100,2425,39,12.9,11.89,32,28,Moderate,Low,7,No,61421-110679
Sedan,7,69791,96,983,32,17.2,12.11,34,33,Moderate,Low,2,No,17967-133967
Hatchback,7,240790,86,1512,37,19.7,12.15,41,31,Moderate,Medium,3,No,60556-116306
Sedan,10,204231,97,2667,42,12.7,12.76,25,30,Moderate,Low,1,No,73520-123086
SUV,10,80272,88,1792,40,11.2,12.05,39,34,Moderate,High,8,No,15835-163982
SUV,10,233230,95,2158,36,8.3,12.13,42,30,Critical,Low,7,Yes,30897-78101
Hatchback,12,94118,86,1418,31,19.8,11.99,41,35,Good,Medium,5,No,35726-101278
Sedan,11,212109,98,2652,39,16.1,12.73,33,36,Good,High,1,Yes,23818-40610
Sedan,10,23439,96,1745,42,13.4,12.66,30,33,Moderate,Low,12,No,21705-99781
Sedan,9,141460,88,2552,33,15.5,12.76,38,28,Moderate,Medium,12,No,13096-102414
Sedan,1,230925,91,2450,31,16.6,12.04,35,31,Good,Low,5,Yes,36390-74738
Sedan,8,15678,94,3037,35,12.0,12.7,28,30,Good,Low,11,No,42552-118478
Truck,3,85046,111,1857,30,4.6,12.42,39,31,Good,Low,10,No,27394-74306
Truck,12,27905,112,2306,23,6.0,11.77,32,36,Good,Medium,1,No,23808-46020
SUV,7,145175,102,1407,27,10.2,12.44,29,32,Worn,Medium,12,No,30360-74686
Sedan,10,249531,90,1801,35,15.3,12.03,33,29,Good,Low,7,No,65096-113724
SUV,6,197170,94,2174,37,10.3,12.69,41,30,Good,Low,2,No,27588-180000
Sedan,6,53041,91,3434,37,16.4,11.86,35,29,Good,Low,5,No,56132-168738
Sedan,8,97104,88,700,29,14.4,12.49,39,35,Moderate,High,12,No,7680-12422
Truck,7,232434,100,1782,34,4.5,12.19,34,33,Good,Low,3,Yes,22303-107569
Truck,4,92441,98,1081,23,6.7,11.92,41,34,Good,High,9,Yes,14184-40270
Sedan,2,161245,100,3294,33,15.3,12.59,25,33,Good,Low,5,No,38650-65092
Hatchback,7,129702,84,935,27,22.2,12.29,25,28,Worn,Medium,5,No,41856-98944
Sedan,9,125351,88,2473,34,12.5,12.65,36,36,Good,Medium,5,No,50414-111186
Sedan,12,20730,91,1641,29,17.6,12.47,34,29,Moderate,Low,3,No,46997-131187
Hatchback,2,132045,92,2217,41,16.0,12.19,36,35,Worn,High,7,No,34899-57021
Sedan,9,71579,87,915,29,15.5,12.25,33,33,Moderate,Medium,3,Yes,25807-87027
Truck,2,101639,109,2150,34,5.8,12.54,37,35,Moderate,Medium,8,Yes,6128-13082
Sedan,12,31129,92,1733,31,17.2,12.29,41,28,Good,Medium,3,Yes,37288-86954
Sedan,10,151268,97,2654,32,18.5,12.73,42,30,Worn,Low,6,Yes,11414-99334
Truck,1,142099,100,1287,25,8.9,11.92,38,36,Good,Low,3,No,46286-111764
Sedan,5,153605,87,1907,32,16.0,12.44,42,36,Worn,High,9,No,25909-68623
Truck,9,122826,103,3454,24,5.1,12.14,44,35,Critical,Low,4,No,11432-20950
Sedan,2,8288,85,2029,33,15.1,12.1,40,34,Moderate,Low,10,No,57313-92085
Truck,3,151008,108,1159,17,8.9,11.99,28,35,Good,Low,11,No,2849-4427
Truck,6,226331,107,3313,15,9.2,12.51,36,35,Good,Medium,4,Yes,2451-9557
Sedan,3,155487,92,3243,42,15.5,11.77,30,36,Good,Low,10,Yes,58451-146799
Truck,2,160444,102,1191,24,4.0,11.99,34,29,Good,Medium,4,No,22428-86914
Sedan,2,51065,88,2707,32,13.5,12.66,40,36,Worn,Low,6,No,43166-113842
Hatchback,7,216749,82,2226,44,14.2,12.77,38,31,Good,High,3,No,26825-85629
Sedan,2,210176,93,2995,26,18.2,12.62,30,33,Good,High,12,No,19596-40370
SUV,8,100609,90,1013,38,11.2,12.57,33,35,Good,Medium,10,No,53443-180000
Truck,3,15829,107,1977,22,3.8,11.9,38,33,Worn,Low,2,No,20803-41983
Hatchback,11,183256,96,773,33,16.6,12.33,39,36,Good,Medium,12,No,21107-61933
Hatchback,4,16568,99,1135,33,21.7,12.69,26,33,Good,Low,7,No,47948-104506
Truck,8,28298,111,1572,32,3.5,12.55,30,33,Good,Medium,4,No,10882-22272
SUV,1,110347,105,3385,33,12.5,11.78,25,29,Critical,Low,5,Yes,34349-70013
Truck,7,95886,105,1546,17,7.1,12.21,26,34,Good,Medium,10,No,3996-22109
Hatchback,8,200680,85,1244,30,20.9,12.5,33,34,Good,Low,12,No,39496-136536
Truck,8,230307,95,2584,18,10.0,11.78,34,36,Good,Medium,8,No,15245-34835
Sedan,12,151965,93,2478,34,14.2,12.63,28,33,Good,Low,10,No,57425-180000
Hatchback,9,34869,96,2104,38,15.3,12.02,30,30,Good,Low,1,No,56722-147822
Hatchback,10,99584,94,2304,33,17.3,12.09,31,29,Moderate,Low,2,No,58077-132907
Truck,1,70970,105,603,24,8.9,12.56,34,35,Worn,Medium,6,No,27858-79194
Sedan,8,96748,98,1428,40,15.8,11.76,29,32,Good,Medium,10,Yes,52332-80416
Truck,9,183650,106,3135,24,5.7,12.04,40,32,Moderate,Low,3,Yes,2488-27528
Sedan,3,223936,94,1647,31,11.6,12.28,25,36,Good,Low,9,No,66837-155117
Truck,11,57393,103,1904,24,7.6,12.31,32,30,Good,Medium,9,No,22731-59251
SUV,10,131816,106,2878,32,10.8,12.18,29,30,Good,Low,10,No,55835-101237
Hatchback,1,213941,88,3125,31,22.2,12.12,30,30,Good,Low,11,No,64444-98322
Truck,12,174950,98,1816,21,8.2,12.43,26,29,Good,Low,12,No,12979-23961
Hatchback,5,98092,87,2242,42,15.3,12.13,35,34,Good,Low,8,Yes,59997-180000
Truck,3,186294,108,2841,27,10.2,12.01,31,28,Good,Low,9,Yes,14039-25109
Hatchback,8,247638,85,1078,34,15.9,11.91,40,32,Critical,Low,4,Yes,23127-50761
SUV,6,77646,94,1441,36,7.3,12.6,26,34,Critical,Medium,12,No,27343-56915
Sedan,9,97084,87,1051,34,13.5,12.51,28,35,Moderate,Medium,4,Yes,23964-36724
Sedan,6,128146,96,3136,30,16.5,12.21,30,36,Good,Medium,6,Yes,28239-87041
Hatchback,12,190210,87,688,36,19.0,11.82,40,31,Good,Low,4,No,66754-153704
SUV,9,196210,101,3129,40,12.1,12.67,33,29,Critical,High,10,No,11976-35644
Sedan,12,182808,84,3126,29,15.3,12.65,25,31,Critical,High,6,No,12815-25587
Sedan,1,96037,96,792,29,13.7,12.8,26,32,Good,Low,3,No,40733-100217
Truck,7,48221,98,1229,26,4.2,11.97,34,33,Moderate,Low,2,Yes,20188-70438
SUV,7,51404,96,1877,36,11.2,12.57,41,36,Good,Medium,5,No,26226-180000
Truck,6,40309,96,3430,30,4.3,11.8,37,32,Good,High,2,No,30876-49946
SUV,9,224915,99,2496,33,12.1,11.83,41,31,Good,Low,7,Yes,34316-122838
Truck,10,10179,109,1408,23,3.7,12.02,36,34,Worn,Low,2,No,34807-78825
Truck,9,225822,114,2655,30,8.1,11.97,29,35,Moderate,Low,9,No,9688-21260
Sedan,9,182440,94,2669,30,15.4,11.7,44,30,Good,High,6,No,15244-43473
Hatchback,12,240724,97,1940,40,19.8,12.69,39,35,Worn,Medium,3,No,28673-94268
SUV,6,95829,96,661,33,10.7,12.62,44,29,Good,Medium,11,No,38068-81776
Hatchback,7,180397,93,3251,39,18.8,12.67,33,33,Worn,Medium,9,No,29863-101581
SUV,4,128236,96,807,35,9.2,12.12,39,28,Worn,Medium,12,No,6897-76952
Truck,10,93754,109,603,24,10.1,12.24,30,32,Worn,High,9,No,5496-11436
Truck,8,89458,96,3345,28,6.8,12.08,32,32,Good,Low,1,No,40509-105729
SUV,8,74632,102,2171,28,12.7,12.25,44,32,Good,High,12,Yes,10876-33186
Sedan,7,90967,96,1061,32,13.6,11.83,44,32,Good,Low,4,Yes,47087-120351
Sedan,3,223329,96,1201,39,15.0,12.49,29,31,Moderate,Medium,5,No,43956-100906
Sedan,9,34281,86,2590,34,15.4,11.98,39,35,Good,Medium,1,No,78771-180000
Truck,3,57293,101,1826,20,4.1,12.42,31,29,Moderate,Low,3,No,9820-19840
SUV,9,114764,101,1574,30,9.5,12.38,43,30,Moderate,Low,7,No,27946-170688
Hatchback,7,223457,99,2138,42,20.6,12.37,32,35,Moderate,High,11,Yes,7457-14163
SUV,6,8894,90,2703,28,14.6,11.97,34,34,Good,High,8,No,39845-145513
Truck,10,138484,96,1493,15,4.2,12.79,42,28,Moderate,Low,2,No,21471-41299
SUV,7,72891,105,616,27,13.1,11.91,38,34,Moderate,Medium,11,No,33550-53220
Hatchback,9,99178,98,1941,45,15.5,12.49,38,36,Critical,Low,8,No,18802-46394
Truck,6,113099,110,2247,22,9.1,12.2,42,31,Moderate,High,11,No,356-1148
Hatchback,12,180902,90,2308,34,16.7,12.58,36,33,Good,Medium,2,No,86244-158124
Hatchback,1,155094,88,2529,46,21.5,12.53,29,35,Good,Medium,2,No,91305-149581
SUV,4,249626,96,2191,40,13.1,12.23,45,28,Good,Medium,6,No,40852-123272
Truck,3,246706,105,1873,25,5.8,12.38,26,30,Critical,High,11,No,889-1415
SUV,4,71826,102,3351,40,12.0,12.01,35,29,Moderate,Low,2,No,63684-137018
Sedan,7,173257,94,1619,29,15.5,12.77,38,30,Worn,Medium,3,Yes,13456-127534
SUV,8,44513,100,2882,32,12.9,12.51,34,31,Good,Low,9,No,23055-180000
Truck,2,17754,110,2488,18,9.4,12.26,27,30,Good,Medium,10,No,4729-16841
SUV,3,198648,107,1483,29,7.6,11.88,27,35,Critical,Medium,1,No,14364-32940
Sedan,3,113155,87,3447,41,13.2,11.94,33,36,Good,Low,12,No,25108-84710
Truck,10,112129,115,2800,17,5.9,11.71,43,36,Moderate,Medium,11,Yes,1802-2964
Hatchback,5,177472,98,1784,38,16.2,12.44,29,34,Good,Low,1,No,67712-180000
Hatchback,6,244791,87,2876,32,19.7,12.73,45,35,Good,Medium,3,No,29043-112575
SUV,1,155352,98,2277,28,8.3,11.82,39,29,Good,High,1,No,33212-122284
SUV,5,73207,91,1386,32,7.3,12.62,42,30,Worn,Low,6,Yes,28718-90680
SUV,12,47909,92,743,25,11.4,12.36,38,36,Good,Low,1,No,66249-110863
SUV,11,62269,104,1996,42,8.7,12.69,44,32,Moderate,Low,10,No,75464-180000
Sedan,9,159789,86,2420,32,17.0,12.24,33,35,Good,Low,9,No,67704-105550
Truck,12,145418,93,1412,28,8.4,12.27,31,33,Good,Medium,2,Yes,28231-90667
SUV,9,7399,103,2039,40,8.8,11.88,35,31,Good,Medium,9,No,93792-165948
Truck,6,156755,110,1686,30,8.6,12.46,34,34,Good,Low,5,No,19456-31942
Hatchback,4,46226,91,2587,45,17.6,12.09,32,33,Worn,Low,11,No,53113-96865
Hatchback,1,8629,96,1792,36,15.3,11.87,41,30,Good,Medium,2,No,38905-128485
Hatchback,5,89407,89,1221,42,15.4,11.74,32,32,Moderate,Low,12,No,58687-88325
Hatchback,11,25674,88,1049,48,17.4,12.32,45,28,Moderate,High,7,No,30986-78922
Sedan,1,29722,85,3412,36,16.6,12.35,25,32,Worn,Medium,2,No,39893-180000
Truck,2,182975,107,2980,19,8.2,12.54,25,35,Good,Low,10,No,8195-20693
SUV,3,221354,103,2455,29,7.8,12.11,29,31,Good,Medium,11,No,10637-51864
Hatchback,8,72410,88,2699,32,19.8,12.14,39,33,Good,High,7,Yes,23764-36428
SUV,1,152371,101,1799,30,6.8,12.79,41,34,Good,Low,6,No,94370-175820
SUV,10,44678,101,3027,30,12.1,12.5,38,35,Good,Low,4,Yes,41659-81347
Sedan,7,48576,96,3437,37,14.5,12.15,30,28,Moderate,Medium,8,Yes,9317-49812
Truck,2,179526,105,1721,36,9.4,11.87,30,34,Good,Medium,7,Yes,17375-60223
SUV,6,156074,96,3080,30,11.3,12.13,41,35,Good,Low,7,No,78657-180000
Truck,4,84353,106,2868,24,10.4,12.79,26,32,Critical,Low,5,No,3983-10545
SUV,5,92056,101,2941,37,10.9,11.84,36,30,Good,Low,1,Yes,62614-174366
Hatchback,9,32281,87,1272,33,16.5,12.6,41,31,Moderate,Low,1,No,34619-133917
SUV,9,182511,99,711,41,12.1,11.91,40,31,Moderate,Low,3,No,75948-161418
Hatchback,1,223194,94,1362,44,20.5,12.8,34,36,Moderate,Low,7,No,80072-128072
Truck,8,25322,95,3208,21,5.2,12.19,34,33,Good,Medium,7,No,7163-19623
SUV,10,244614,99,623,34,9.0,11.8,27,34,Good,Low,10,No,43035-139905
Truck,3,135491,94,2143,33,5.6,11.71,44,33,Worn,Medium,9,No,37940-57842
Hatchback,11,36344,97,2412,31,20.5,12.21,37,36,Critical,Low,6,No,12157-48173
Truck,12,41161,112,1474,32,11.0,12.09,45,35,Good,Low,2,No,25391-44011
SUV,3,235614,90,738,34,13.5,12.19,29,31,Moderate,Low,3,Yes,48090-127716
SUV,7,14930,104,2627,30,7.7,12.18,36,35,Moderate,Low,3,Yes,40973-116839
SUV,1,65533,102,3284,28,14.2,12.02,38,30,Good,Medium,1,No,18523-162405
Sedan,11,6958,91,1293,29,16.4,12.26,41,36,Good,Low,3,No,62860-100892
Sedan,2,115367,100,1392,34,12.9,12.73,43,36,Worn,Medium,1,No,36142-118680
Sedan,10,238778,97,664,38,13.5,12.7,36,33,Moderate,Low,4,No,49059-122389
Truck,1,38002,112,770,24,6.0,11.79,44,29,Good,Medium,8,No,8640-31290
SUV,9,145750,94,1412,39,9.2,12.41,32,34,Good,Medium,12,No,31857-73663
SUV,2,87652,97,767,23,12.4,12.37,26,32,Moderate,High,7,No,24354-93864
Truck,6,167746,111,1238,25,6.6,12.37,26,36,Moderate,Low,5,No,12053-45205
Truck,6,36468,96,3063,16,8.6,12.4,35,29,Critical,Low,4,Yes,4008-15876
Truck,3,32824,108,1359,19,9.7,12.06,25,32,Good,Medium,5,No,6445-17223
Sedan,11,221192,102,3408,41,16.8,11.73,36,33,Moderate,High,8,No,26221-83729
Sedan,8,150932,95,865,41,17.5,11.74,41,35,Moderate,Low,4,No,45130-96386
Hatchback,6,244101,91,1498,36,21.8,12.47,27,35,Moderate,High,3,No,17487-47319
Sedan,2,58445,92,1168,32,17.8,12.53,26,29,Good,Medium,9,No,31442-86978
SUV,4,6258,99,735,28,14.4,12.24,38,29,Worn,Medium,7,No,23069-92007
Truck,1,216737,105,3280,32,6.4,11.71,44,35,Good,Medium,7,No,16944-60360
SUV,9,124286,92,1790,34,7.4,11.99,37,28,Good,Low,8,No,58789-157039
Hatchback,5,206455,89,1594,47,21.3,12.43,44,30,Good,Medium,5,No,64177-160463
Hatchback,4,128009,94,2591,30,21.6,11.89,44,35,Critical,Low,11,No,13292-38280
Hatchback,2,190389,91,3195,39,14.8,11.9,31,36,Moderate,Low,11,No,29714-98894
Hatchback,1,113607,87,1131,36,20.9,11.79,44,34,Moderate,Low,7,No,82494-167290
SUV,10,206653,95,1401,33,10.7,11.73,28,36,Good,Low,5,No,76181-124613
Truck,9,87912,97,1439,20,8.6,12.34,35,32,Good,Medium,9,No,8432-14380
Truck,4,43430,102,3466,22,2.9,12.05,27,32,Good,Medium,11,Yes,8289-20699
SUV,4,15315,106,3065,29,13.0,12.62,36,32,Good,Medium,9,No,19224-73292
Hatchback,9,9812,90,874,45,15.7,12.36,39,28,Good,Low,6,Yes,73197-114343
Sedan,1,123483,88,1983,34,14.8,11.82,32,33,Good,Low,7,Yes,43559-66427
SUV,10,220528,102,2684,35,7.4,12.24,28,32,Critical,Low,7,No,33655-54433
Sedan,2,30906,94,2007,32,13.2,12.22,35,31,Moderate,Low,12,Yes,27011-49487
Truck,5,173113,113,892,29,9.0,12.38,43,30,Good,Low,1,No,29835-61661
Sedan,12,8898,89,3394,29,17.0,12.79,29,30,Worn,Low,9,No,26349-95531
SUV,11,32888,96,1773,33,10.3,12.27,38,30,Worn,Medium,1,No,64011-108237
Truck,2,170905,100,766,21,5.4,11.83,27,32,Good,Medium,8,No,9335-37031
Truck,12,241423,113,2779,26,7.7,12.06,25,36,Good,Medium,11,No,6545-15017
Hatchback,1,194170,98,2825,30,14.2,12.55,26,31,Good,Low,11,No,44734-72968
SUV,10,178706,95,2652,29,10.9,12.34,42,35,Good,Low,12,No,42091-143012
Hatchback,2,146469,88,1707,44,19.2,12.49,40,35,Good,Medium,4,No,62654-107348
Sedan,11,110408,92,1101,40,14.3,12.64,40,32,Worn,High,11,Yes,17768-32042
SUV,10,72197,93,2876,31,12.6,12.31,29,34,Good,Low,1,No,34434-180000
SUV,1,19207,95,3303,35,11.3,12.04,29,33,Good,Low,7,No,94209-180000
SUV,7,230788,98,1895,32,11.2,12.4,29,31,Critical,Medium,1,No,13006-45778
SUV,6,64777,93,1007,36,14.9,11.72,40,29,Moderate,Low,11,No,63222-115592
Sedan,6,69195,88,2839,27,15.0,12.73,37,32,Worn,Low,3,No,27245-74919
Sedan,5,31081,86,3252,37,12.3,12.09,29,31,Good,Medium,5,No,94956-167752
Hatchback,5,100516,86,1133,28,16.4,12.65,40,28,Moderate,Low,12,No,16182-44442
Sedan,6,49543,93,2300,35,17.9,11.93,45,31,Good,Low,1,No,44793-168281
Hatchback,4,212498,93,2766,39,16.3,12.43,33,29,Good,Medium,9,Yes,61317-115585
Truck,1,22805,101,2496,19,3.9,11.94,29,29,Good,Low,6,No,41091-76033
Sedan,12,17701,87,2059,37,16.2,12.2,45,35,Good,Low,5,No,51298-114650
Truck,1,62317,102,691,23,9.5,11.81,28,29,Good,High,10,No,7461-12803
SUV,11,198081,100,3061,43,10.9,11.73,31,33,Critical,Low,5,No,27241-78629
Hatchback,7,56256,85,1610,42,20.6,12.14,40,28,Worn,Medium,7,No,44929-107433
SUV,9,81977,99,2065,31,11.2,12.75,41,29,Good,High,4,No,41758-67978
Truck,7,124270,105,2796,32,4.3,11.85,45,34,Worn,Low,1,No,37527-62561
Hatchback,11,46141,95,754,45,17.8,11.8,39,28,Good,Medium,10,No,34642-97604
Sedan,8,78726,99,835,30,13.7,12.09,30,31,Critical,High,12,No,662-1444
Hatchback,1,153092,88,1141,42,14.4,11.95,36,33,Good,High,11,No,35478-72048
Truck,6,173042,101,2869,21,8.1,12.44,39,34,Critical,High,3,No,892-3218
SUV,12,80929,96,1167,26,10.6,11.7,32,30,Critical,Low,1,No,22646-80834
SUV,5,15912,90,2897,30,13.0,12.09,35,34,Moderate,High,1,No,38809-107698
Hatchback,8,60869,94,3462,28,17.8,11.94,30,30,Worn,High,12,Yes,3855-11631
SUV,4,7515,97,2423,24,9.1,12.15,41,29,Worn,Low,6,Yes,58460-116340
Truck,6,17763,102,1734,24,3.8,12.05,32,31,Worn,Low,10,No,9555-49518
Hatchback,7,21397,93,2305,34,21.2,12.48,42,28,Critical,Medium,9,No,17335-51591
SUV,9,167325,88,1023,24,10.6,12.71,26,31,Moderate,Low,5,No,39236-144540
Hatchback,1,89610,95,3361,36,14.0,12.04,29,28,Good,Medium,6,No,25700-83216
Truck,10,81219,104,1034,30,10.2,11.79,27,29,Worn,Medium,4,No,33308-50928
Sedan,6,13954,99,822,37,12.8,12.59,45,36,Good,Low,6,No,40217-177956
SUV,9,231518,95,2641,31,10.3,12.43,33,28,Good,Low,4,No,49138-180000
Truck,11,149963,108,865,35,4.8,11.95,35,35,Good,Medium,12,No,1940-5910
Truck,3,211784,106,886,24,6.7,12.23,39,31,Critical,Low,2,Yes,2289-7573
Sedan,2,240207,84,1583,27,14.8,11.88,31,29,Moderate,High,2,Yes,21394-42870
Truck,4,57065,109,2820,24,7.1,11.93,31,28,Moderate,Low,8,No,8950-16814
Sedan,10,138124,83,677,32,17.1,12.37,39,29,Good,High,5,No,10955-96270
Truck,10,97352,109,1997,31,5.2,12.74,27,31,Good,Low,8,No,23582-97575
Truck,5,44386,93,2814,31,8.3,11.89,37,36,Worn,Low,7,Yes,28281-56613
SUV,1,50459,92,1754,30,7.1,12.56,34,34,Critical,Low,6,No,24160-120814
Hatchback,12,74661,94,1949,42,18.6,12.54,26,28,Good,Medium,10,No,94604-143214
Truck,11,8903,109,1035,19,9.4,11.93,39,36,Good,High,2,No,6657-11739
Truck,11,113511,109,1093,22,8.0,12.22,36,36,Worn,Medium,12,No,1341-13184
SUV,6,46340,90,1317,34,13.4,11.79,42,33,Critical,Low,3,No,38327-113921
Sedan,9,129674,94,967,29,14.6,11.81,33,33,Good,Medium,12,No,27187-72091
Truck,2,100918,114,968,28,6.5,12.69,31,28,Moderate,Medium,8,No,4695-17067
SUV,6,20927,91,2958,30,12.4,11.83,29,34,Good,High,2,No,36218-72184
Sedan,10,58302,88,3309,41,12.8,12.53,42,33,Good,Low,2,No,47458-126260
SUV,5,224067,99,3413,33,13.0,11.83,32,35,Moderate,Low,12,No,28055-56419
SUV,4,89451,95,3198,30,13.0,11.73,25,32,Moderate,High,12,No,16332-32968
Hatchback,8,45245,100,778,38,16.1,12.0,33,32,Critical,High,4,No,18977-30771
Truck,1,99265,93,649,26,5.1,12.18,29,28,Good,Low,7,No,30860-137477
Truck,7,35577,107,1025,20,8.7,12.1,25,36,Good,High,2,No,4398-11534
Sedan,1,100540,90,1675,34,14.9,11.76,36,32,Good,High,6,No,22061-88119
Sedan,10,151350,90,896,39,17.1,12.11,32,29,Good,Low,4,Yes,70577-110939
Truck,3,10621,99,3248,18,8.9,12.66,34,34,Good,Medium,1,No,39343-67439
Hatchback,2,172784,86,2597,29,18.8,11.98,41,33,Good,Low,6,No,59514-130416
Sedan,11,228822,97,2380,31,18.5,11.76,34,32,Good,Low,10,No,23119-77261
Truck,5,13518,104,755,27,4.8,12.26,44,34,Good,Low,11,No,16298-61492
SUV,10,208382,89,864,34,12.6,12.57,43,29,Moderate,Low,4,No,80516-180000
Hatchback,3,164256,93,2731,42,14.0,11.82,25,28,Worn,Low,5,Yes,23649-87579
SUV,6,182259,87,2218,25,12.8,12.22,39,30,Moderate,Medium,11,No,27423-74907
Sedan,3,37911,88,691,37,15.7,12.0,42,33,Worn,Medium,3,No,35702-111502
SUV,8,190234,93,652,32,9.3,12.17,29,30,Moderate,High,4,No,42294-70674
Sedan,4,132095,101,901,35,11.5,12.49,28,30,Moderate,Medium,12,No,7630-14330
SUV,7,41148,93,1151,39,11.9,12.0,31,32,Moderate,Low,6,Yes,48244-121780
Sedan,12,227557,95,3465,25,14.2,11.71,40,30,Moderate,Low,9,No,23885-90727
Sedan,6,52637,94,2325,31,18.0,11.8,41,33,Good,Low,6,No,62329-180000
Hatchback,8,179058,84,1486,39,13.3,12.02,37,34,Worn,Medium,4,No,49102-104828
SUV,7,42481,93,2472,38,8.6,12.7,25,29,Good,Low,10,No,57611-180000
Truck,2,171764,99,802,30,3.5,11.89,36,34,Moderate,Medium,6,No,23928-62668
SUV,11,96377,99,1907,24,14.3,12.0,41,33,Good,Low,2,No,53078-142070
SUV,11,204485,104,826,32,11.4,12.77,31,34,Critical,High,2,No,17852-29122
Sedan,9,11877,94,1834,36,18.4,12.13,39,32,Good,Low,5,No,52153-135385
Hatchback,2,206451,88,3317,39,18.3,11.82,41,33,Critical,Medium,5,No,19659-32191
Hatchback,10,223796,90,1905,46,18.5,12.77,30,29,Good,High,6,Yes,29214-80452
Sedan,5,125517,84,1520,35,14.7,12.57,38,32,Good,Low,12,No,32339-81243
Truck,3,188655,99,3429,20,7.0,11.73,40,28,Good,Medium,5,No,6524-23820
Hatchback,9,234048,88,3364,29,15.0,12.54,41,35,Good,Low,9,Yes,25514-77392
Truck,10,143335,112,1796,19,5.1,12.36,34,32,Good,Medium,8,No,5408-14960
Hatchback,2,205046,91,3252,36,20.1,12.27,30,34,Good,Medium,3,No,80333-152247
SUV,5,44570,94,1718,38,9.8,12.35,30,36,Good,High,8,No,55130-123338
SUV,12,225625,102,973,35,13.4,12.11,29,31,Moderate,Medium,12,No,18945-109913
Truck,8,53544,107,1053,17,7.4,12.21,39,28,Worn,Medium,8,No,1601-4993
SUV,12,116694,101,3371,37,12.9,12.32,28,34,Worn,Medium,5,No,26559-73901
SUV,4,246267,93,2556,31,11.4,12.33,45,32,Moderate,Low,3,No,95115-180000
Sedan,11,244785,99,1601,34,12.5,11.86,36,31,Good,Low,1,Yes,24641-92493
Truck,9,138580,102,1806,28,5.2,12.56,45,35,Good,Low,9,No,64598-103802
SUV,2,66961,103,1645,39,8.7,12.43,40,31,Moderate,Medium,4,Yes,34018-77856
SUV,6,140666,99,3460,38,13.5,11.76,38,28,Moderate,Low,10,No,59924-142922
SUV,3,181354,93,2153,31,11.7,12.4,39,31,Worn,Low,6,No,40042-131566
Truck,2,85277,112,1131,34,6.5,12.73,31,36,Good,Low,8,No,8021-79303
Sedan,8,54767,94,1219,32,13.8,12.79,27,30,Good,Medium,10,Yes,35557-66945
SUV,4,83833,100,821,31,10.1,12.47,40,29,Good,Low,5,No,66304-100008
Sedan,2,121903,89,1062,36,16.8,12.09,25,31,Good,High,2,Yes,57389-91447
Hatchback,1,5780,91,1283,33,19.0,12.4,41,35,Good,Medium,9,No,54732-98894
Sedan,4,186641,87,1193,32,11.7,12.35,30,32,Good,Low,11,No,8297-123045
Hatchback,8,175580,97,3359,33,20.9,12.36,29,28,Good,Medium,11,No,41240-69586
Truck,4,135431,104,1030,20,5.8,12.64,40,36,Moderate,Medium,11,No,6718-13940
Hatchback,1,95579,85,3409,42,15.8,11.76,33,30,Good,Medium,3,No,57003-108789
Sedan,5,45166,82,884,28,17.2,12.48,35,36,Good,High,4,No,27228-89282
SUV,3,107673,89,3272,36,13.4,11.82,42,35,Good,High,10,No,45797-129073
Truck,5,70495,113,1635,20,7.3,12.61,38,34,Good,Medium,5,No,5960-9816
Truck,10,56242,105,1789,29,8.3,12.42,35,32,Good,Medium,10,No,35043-68901
Sedan,6,242654,90,2537,33,12.5,12.17,36,29,Good,High,12,No,7162-20938
Truck,5,18642,97,1841,27,6.8,12.58,42,30,Good,Medium,5,No,6569-65291
Hatchback,5,24750,95,1820,44,13.3,12.08,44,29,Worn,Medium,12,No,22868-79996
Hatchback,1,216652,90,2367,37,22.1,12.68,30,28,Moderate,Low,10,No,61383-180000
SUV,8,244891,101,2078,31,12.4,12.41,32,32,Good,High,12,No,12038-25298
Truck,6,184990,96,3018,19,7.7,11.89,32,35,Good,High,2,No,6435-17313
Sedan,5,204049,95,3122,36,13.3,12.2,28,31,Moderate,Low,12,No,35187-65817
Truck,3,143541,110,737,31,6.6,12.72,31,30,Good,Low,10,No,26797-51625
Sedan,11,210647,87,792,42,14.7,12.13,38,28,Worn,Medium,11,Yes,12482-46106
Sedan,4,200853,97,2212,40,18.9,12.69,32,35,Good,Medium,3,No,32182-81134
Truck,9,56946,100,993,30,11.0,12.44,41,29,Good,Low,10,No,43763-71715
SUV,11,237319,104,2888,28,8.8,11.93,39,28,Good,Medium,6,Yes,55724-110674
Sedan,1,234855,86,2783,35,13.0,11.71,39,28,Moderate,Medium,11,No,26516-45790
Truck,1,225692,99,900,23,10.4,12.62,28,35,Good,Medium,10,Yes,4075-127724
SUV,5,230526,95,3469,30,13.6,12.35,40,33,Critical,High,2,No,5798-16484
SUV,4,56835,94,2132,36,11.4,11.81,39,31,Moderate,Low,10,No,43134-153364
Truck,5,81440,103,2698,21,10.0,12.72,26,35,Worn,Low,11,No,6865-15849
Sedan,10,94650,99,1038,40,15.2,11.97,30,34,Good,Medium,8,No,43124-128610
SUV,7,207578,93,2844,36,7.9,12.31,31,31,Moderate,Low,9,No,75307-129555
Sedan,7,162855,87,2394,30,12.5,12.57,45,32,Moderate,Low,9,No,47871-82737
Hatchback,10,54851,83,600,35,20.4,11.84,41,29,Critical,Medium,11,Yes,7160-14682
SUV,1,45502,102,3308,41,13.1,12.07,29,30,Good,High,12,Yes,5429-21305
Sedan,7,242945,99,1602,43,15.6,12.14,29,32,Moderate,High,5,No,12615-48679
Sedan,8,203942,99,833,40,13.5,12.26,41,34,Moderate,Medium,8,No,35555-159669
Truck,9,125496,106,2806,31,10.3,12.51,28,33,Moderate,High,12,Yes,1651-3433
Sedan,11,79724,87,2324,30,15.5,11.74,33,33,Good,Medium,4,No,38705-64281
Sedan,12,126209,90,1955,41,16.7,12.56,32,32,Moderate,High,5,No,17811-35687
SUV,5,113792,89,1035,32,10.7,12.01,29,34,Worn,Medium,9,No,49120-104074
Hatchback,10,171140,94,1683,28,17.5,12.14,41,36,Critical,High,11,No,2060-6774
SUV,7,75870,96,3048,28,13.2,12.53,25,32,Good,Low,4,No,59833-105037
SUV,10,180880,94,2884,31,8.6,12.17,34,31,Critical,Medium,10,No,16385-39529
Sedan,6,15010,92,2349,31,12.8,11.73,35,36,Good,Low,1,No,84934-133342
Truck,11,228270,110,3455,20,8.7,12.76,37,35,Worn,Low,3,No,4051-11977
Sedan,1,31678,90,2050,34,12.4,11.94,38,29,Moderate,Medium,7,Yes,8098-117650
Truck,1,219860,110,2058,29,9.2,11.79,42,32,Good,High,8,No,3926-18254
SUV,3,36899,101,2726,34,10.1,12.46,32,33,Good,Medium,7,No,36012-83082
Hatchback,4,234466,92,822,34,21.4,12.48,33,29,Good,Low,7,No,59344-176326
Sedan,9,200005,88,3207,40,15.9,12.3,26,36,Moderate,Medium,3,No,26304-74750
SUV,3,127466,101,2429,41,13.1,12.54,41,32,Good,Low,3,Yes,57504-125842
Sedan,7,132022,92,1792,33,16.5,12.09,29,32,Good,High,8,No,8498-62603
Hatchback,6,193670,89,2961,33,16.4,12.72,27,33,Moderate,Medium,4,No,45712-88338
Sedan,4,132621,86,3091,39,13.3,12.61,32,35,Moderate,Low,7,No,48374-168992
SUV,3,157474,91,680,38,8.4,11.7,39,36,Good,Low,5,No,68884-155148
SUV,11,173095,98,673,29,12.9,12.18,42,29,Worn,Medium,7,No,38044-139070
SUV,8,110249,100,1066,36,10.3,12.25,38,30,Moderate,Low,4,Yes,31897-75717
Hatchback,2,122343,94,3486,46,17.8,11.93,32,29,Good,Low,11,No,26827-76277
Truck,10,248970,92,2701,36,9.1,12.0,37,30,Moderate,Low,6,No,32325-77079
SUV,4,66396,91,1606,36,13.1,12.26,41,29,Moderate,Low,6,Yes,60347-173339
Hatchback,11,31925,86,2222,37,18.9,11.92,37,35,Worn,Low,12,No,61733-115857
SUV,11,197782,104,664,40,9.8,11.88,26,28,Moderate,Medium,6,Yes,33986-74966
Hatchback,5,242550,90,1663,38,15.1,12.02,37,34,Good,Medium,4,No,67383-163685
Hatchback,12,109936,91,1244,39,17.7,12.18,35,34,Good,Medium,3,No,66171-157473
Hatchback,11,48226,87,716,36,22.4,12.74,44,36,Good,Low,12,No,13697-132737
Hatchback,11,119006,86,665,36,13.6,11.77,30,35,Good,Low,5,No,44132-161158
Hatchback,10,41101,84,1581,31,17.5,12.38,43,30,Critical,Medium,8,No,20363-48963
Hatchback,1,85620,84,729,31,12.8,12.03,33,29,Moderate,Low,3,No,34167-134097
SUV,3,210663,95,2832,36,9.1,12.1,32,30,Worn,High,2,Yes,14510-52183
Hatchback,3,12948,98,944,34,20.0,12.38,45,35,Critical,Medium,8,No,16241-25897
Hatchback,9,5369,93,1389,36,17.8,12.05,28,32,Good,High,2,No,40716-132616
SUV,11,110580,100,2854,33,7.8,12.17,31,28,Good,Low,5,No,59666-180000
Truck,11,137970,108,1881,19,7.2,12.76,27,36,Good,High,4,Yes,994-1838
Truck,12,39548,109,2086,25,7.9,12.54,25,29,Worn,Medium,9,No,9828-38742
Truck,6,191652,97,1994,27,3.0,11.95,41,29,Good,Medium,10,No,44102-67036
Sedan,10,95077,90,2908,35,17.0,12.25,25,30,Moderate,Low,6,No,50677-129115
Hatchback,3,225160,92,1688,42,15.0,11.93,39,33,Moderate,High,10,No,19067-34997
SUV,7,183516,99,1757,34,11.1,12.55,30,33,Good,High,5,No,14876-54068
Hatchback,1,72769,93,1528,44,15.7,12.32,32,33,Critical,Low,6,No,41826-73824
Truck,7,207302,107,750,26,9.2,11.9,32,34,Good,Low,10,No,21481-52081
SUV,10,183797,100,2647,32,11.0,11.99,38,36,Good,Low,5,No,60705-154051
Hatchback,1,129279,88,2547,29,19.6,12.39,34,28,Good,Low,8,Yes,49890-106766
Truck,3,227953,96,2347,26,3.5,12.32,39,35,Good,Medium,4,No,18285-43309
Truck,6,94502,92,3111,19,6.7,12.56,31,30,Worn,Low,11,No,10605-39955
Hatchback,5,198769,100,950,41,19.4,11.94,26,32,Critical,Low,7,No,22949-50627
Hatchback,2,37642,90,2554,42,19.6,12.53,41,33,Good,Medium,11,No,40656-78848
SUV,12,234390,97,2700,34,14.0,12.75,38,36,Moderate,Medium,5,No,69868-109504
Hatchback,11,37974,92,1756,30,19.4,12.13,30,30,Worn,Medium,4,No,26640-75414
SUV,12,111849,96,3304,37,9.0,12.22,38,35,Moderate,Low,1,No,41825-163493
Sedan,6,158376,97,2857,38,13.8,11.97,34,32,Good,High,6,Yes,36832-59590
SUV,9,66559,89,965,31,14.8,12.02,41,36,Good,Low,4,Yes,40939-127199
Sedan,7,114588,88,1107,36,12.7,12.36,38,31,Good,Medium,8,No,80103-180000
Truck,7,173085,108,2273,34,9.5,12.39,36,31,Good,Low,5,No,30857-83311
Sedan,11,125005,93,980,40,12.3,12.56,35,36,Moderate,Low,2,No,70791-180000
SUV,2,60262,92,904,29,12.2,12.47,29,36,Moderate,Low,6,No,70851-137403
SUV,5,110553,90,704,31,8.6,11.88,34,33,Good,Low,12,No,55458-111484
Truck,4,227748,96,3199,21,7.0,12.04,35,34,Moderate,Medium,11,No,7696-15538
Truck,10,38218,113,1801,25,6.3,12.58,45,34,Good,Low,10,No,24696-95022
Hatchback,6,61077,98,1428,35,18.8,11.97,25,29,Good,Medium,1,No,30696-101800
SUV,6,43911,100,1236,33,9.2,11.93,27,33,Moderate,Low,1,No,60858-178074
Truck,4,170743,105,2501,31,6.7,12.48,43,32,Good,Medium,11,No,13102-31008
SUV,3,156604,90,3230,33,12.5,11.71,44,31,Worn,Medium,5,No,49492-120992
Truck,3,8199,101,2008,21,3.6,12.14,38,30,Good,Low,12,No,11664-25268
Sedan,6,209005,103,2358,35,14.6,11.71,29,35,Good,Low,4,No,25822-95262
Sedan,9,150102,96,1438,33,14.6,12.24,25,33,Good,Low,1,Yes,47509-108727
Hatchback,5,134781,100,1140,40,14.4,12.48,25,31,Good,Medium,4,Yes,22375-86327
Truck,6,92706,101,2662,24,8.1,12.22,40,33,Good,High,12,No,6250-15676
Truck,6,22448,106,790,25,8.1,12.01,42,29,Worn,Low,8,No,11497-40297
Truck,10,222730,111,1380,23,6.0,12.75,35,35,Moderate,High,5,No,3528-6570
Sedan,1,89738,93,1563,36,14.9,11.8,34,33,Good,Low,3,Yes,45550-137938
Hatchback,6,153249,87,1206,42,16.2,11.73,39,32,Worn,High,1,No,41917-109651
Truck,1,65938,100,2518,17,8.8,12.55,38,29,Good,High,9,No,5306-10208
Hatchback,11,83877,93,1541,34,14.9,12.72,30,28,Good,Low,12,No,30532-105414
Hatchback,3,62689,94,2935,42,17.9,12.5,39,33,Moderate,Low,9,No,53326-116610
Hatchback,6,12947,94,1789,43,18.6,12.03,32,29,Good,Low,1,No,60500-157406
Hatchback,2,33461,87,1936,34,19.2,11.84,41,31,Moderate,Low,6,Yes,36933-134863
Hatchback,3,144335,92,2856,29,19.0,12.05,29,32,Good,Medium,11,Yes,24719-88217
Sedan,3,202418,87,1603,35,19.0,12.19,35,33,Moderate,Medium,9,No,31932-84180
Truck,12,183374,113,2873,18,5.3,12.57,27,31,Good,Low,3,No,17284-26720
SUV,2,217055,99,874,31,9.5,12.72,32,30,Good,Medium,1,No,40514-130984
Sedan,3,51086,101,3225,43,13.2,11.71,35,31,Good,Low,5,No,74055-132613
SUV,2,210846,101,666,31,7.9,11.73,34,28,Good,High,5,Yes,22820-60086
SUV,5,44572,88,783,31,11.9,12.73,39,30,Worn,High,3,No,38305-71803
Sedan,3,63883,91,2249,27,16.9,12.66,44,32,Moderate,Medium,4,Yes,15761-45647
SUV,5,225724,105,2592,41,11.1,12.18,37,36,Critical,Low,5,No,60508-110474
Sedan,11,28516,95,1588,29,14.0,12.42,30,30,Critical,Medium,11,Yes,3513-13291
SUV,9,127666,92,3055,32,13.8,12.26,42,33,Moderate,High,11,No,9796-23484
Hatchback,5,61297,91,985,40,19.1,12.78,44,30,Good,Medium,11,No,14834-108298
SUV,3,96519,98,808,26,11.3,12.4,33,35,Good,Medium,9,No,39447-75493
Truck,9,204034,102,1504,29,8.7,12.51,32,35,Worn,Medium,1,No,30294-47884
Truck,5,178284,110,1834,32,3.6,12.6,44,33,Moderate,Medium,9,No,10720-34504
Hatchback,10,19696,92,1860,32,17.5,11.95,41,31,Good,High,6,Yes,24928-89650
Sedan,6,160370,102,2974,35,12.0,12.29,27,30,Moderate,Low,9,No,37509-86633
Truck,1,139117,109,2558,33,4.7,12.79,31,35,Worn,Low,2,Yes,6423-19995
Truck,3,247557,102,965,26,5.9,12.22,42,30,Worn,Medium,10,No,27557-61051
SUV,8,26673,96,1322,40,8.4,12.25,37,28,Moderate,Medium,11,No,23773-106899
SUV,8,72602,90,1851,34,11.9,11.77,32,29,Good,High,4,Yes,17518-35676
Truck,5,64503,102,2792,24,9.3,12.35,30,28,Worn,Medium,6,Yes,9795-28795
Truck,9,203792,113,2725,23,6.7,11.87,34,31,Good,Low,11,Yes,6259-9649
SUV,12,93204,102,1554,32,13.9,12.29,28,33,Moderate,Low,1,No,94861-142623
Truck,11,231767,103,2251,32,7.1,12.07,40,34,Good,Medium,11,Yes,8474-25612
Truck,12,229563,112,743,19,3.2,12.07,28,32,Good,Low,8,No,16214-30190
SUV,4,110339,92,1026,37,9.8,12.36,27,35,Critical,High,3,No,15733-39195
Truck,5,175323,109,1478,33,6.2,12.21,40,30,Moderate,Medium,12,No,4933-12339
Truck,4,88810,105,1258,21,7.0,11.93,26,33,Critical,Medium,11,No,331-969
SUV,5,126418,96,3054,25,8.1,12.0,26,36,Good,Medium,3,Yes,25471-97893
Sedan,7,125401,88,758,31,19.2,12.79,32,32,Good,Medium,12,No,17480-109291
Hatchback,11,179896,91,987,42,16.0,12.07,45,36,Good,Low,9,No,61302-120214
Sedan,5,123611,96,1094,38,17.4,12.21,44,35,Moderate,High,8,No,15548-37004
SUV,1,227669,92,1218,25,13.6,12.68,28,28,Moderate,Low,1,No,81490-137254
Hatchback,11,52916,96,1586,31,20.1,11.92,45,32,Good,Low,2,No,43371-136401
SUV,10,182307,91,1491,37,12.6,12.14,45,33,Critical,Medium,11,No,17990-32206
SUV,5,33124,96,722,32,9.2,12.17,28,34,Moderate,High,3,No,18957-36259
Hatchback,1,36873,95,1912,38,18.8,12.57,43,35,Moderate,Low,1,No,69567-110917
Sedan,1,248759,94,1009,32,16.3,12.53,28,30,Good,Low,3,No,54046-180000
Sedan,10,240632,89,1577,25,13.1,12.64,43,31,Moderate,Low,2,No,96373-163701
Sedan,6,50651,94,2264,31,12.6,12.43,29,32,Moderate,Medium,9,No,20206-80806
SUV,5,94961,93,878,36,7.2,12.54,35,30,Good,Low,2,No,47722-128254
SUV,5,119161,98,894,29,12.6,12.46,34,33,Good,High,5,No,25929-76751
Truck,3,75634,101,1190,28,5.6,12.54,28,33,Good,Medium,11,No,17179-40121
Truck,2,148556,105,3419,23,9.1,11.87,32,29,Good,Low,8,No,29477-94953
Hatchback,12,220052,85,3460,36,22.8,12.62,40,35,Moderate,High,5,No,39724-70270
SUV,7,81796,91,3277,31,9.5,12.03,30,31,Worn,Medium,8,No,54045-101099
Truck,4,188120,96,897,19,6.3,11.7,29,28,Good,High,9,No,3503-13249
Hatchback,3,233413,95,2186,30,14.8,11.72,33,36,Good,High,10,Yes,11764-42949
Truck,7,228530,92,2424,20,7.4,12.1,40,32,Moderate,High,10,No,3225-6063
Truck,8,120786,104,772,21,8.8,12.78,41,36,Good,Low,12,Yes,3780-8984
Hatchback,4,47936,95,1638,28,15.8,12.16,39,32,Good,Low,6,Yes,45750-69144
Hatchback,7,241962,92,1367,33,20.4,12.67,27,32,Good,High,8,No,25029-56471
SUV,8,74875,100,3258,31,10.9,12.06,44,29,Worn,Low,6,No,46277-128817
Sedan,11,131242,90,2387,34,15.1,12.52,39,36,Worn,Low,3,No,57345-111339
Hatchback,10,52822,95,2921,41,17.2,12.58,40,34,Critical,Medium,3,No,17790-44720
Hatchback,5,103338,97,2077,30,20.8,11.75,29,31,Worn,Medium,9,No,33668-63312
Truck,8,203618,113,1808,25,5.0,12.15,36,35,Good,Low,7,No,26769-64993
Sedan,6,109783,97,2411,25,15.4,12.42,39,33,Good,High,2,No,10174-88632
Sedan,4,129104,88,861,37,13.3,12.24,31,34,Good,Low,7,No,65382-113228
Sedan,10,141304,91,1362,41,15.0,12.5,37,29,Critical,Low,12,Yes,11421-18189
SUV,7,73019,95,1097,43,10.9,12.11,28,29,Moderate,Low,5,No,22163-180000
Truck,12,132075,107,2384,19,5.1,12.42,38,35,Good,Low,12,No,4718-17948
Sedan,9,109034,92,1830,38,17.5,12.46,33,35,Good,Low,10,No,41775-180000
Truck,5,211391,100,1957,17,4.3,12.37,44,34,Moderate,Low,9,No,19574-32038
SUV,2,201116,103,1329,28,9.9,11.8,32,36,Worn,Medium,6,No,40192-65148
SUV,7,151266,97,2111,33,9.1,12.26,26,36,Good,Low,1,Yes,82919-179145
SUV,10,240501,101,3160,31,10.4,12.47,39,35,Good,High,4,Yes,39152-59776
Sedan,6,221116,88,2404,37,14.9,12.15,26,30,Worn,Medium,11,Yes,15150-47462
Sedan,12,158928,88,2530,40,15.9,12.69,28,30,Good,Low,4,No,53881-180000
Hatchback,6,53439,92,3396,28,14.8,12.36,41,32,Good,Medium,12,No,17982-37690
Hatchback,12,38736,96,2952,29,14.9,11.72,29,31,Moderate,Low,11,No,26866-44986
Sedan,1,35360,100,1315,36,15.8,12.24,33,30,Good,Medium,4,No,44771-124753
Truck,7,191408,105,3429,34,9.1,12.49,35,34,Good,Medium,8,No,29396-83186
Sedan,9,10391,90,2336,38,13.3,12.06,29,33,Moderate,Low,8,No,52116-179598
SUV,8,82861,96,2550,35,12.8,11.86,36,33,Moderate,Medium,6,Yes,21114-67834
SUV,5,215860,89,2125,36,8.0,11.75,44,30,Moderate,Low,1,No,88981-151305
SUV,11,248178,97,1552,23,9.2,12.04,42,33,Good,High,12,No,19363-36613
Truck,1,116860,107,2445,25,8.5,12.25,43,33,Moderate,Low,5,No,4790-41217
Truck,2,232696,98,637,24,9.4,12.78,30,31,Critical,Low,4,No,8191-14377
Sedan,9,115748,98,2077,34,14.1,11.83,36,30,Moderate,Low,8,No,42661-104189
Hatchback,10,45065,96,2113,35,18.8,12.74,37,32,Good,Medium,1,No,41573-127565
Truck,10,47828,102,1034,25,5.1,12.33,42,34,Critical,Medium,5,No,10268-25948
SUV,1,183428,103,2713,31,11.7,12.5,29,35,Good,Low,5,No,58265-151795
Sedan,11,117782,102,2259,39,12.5,11.83,27,35,Critical,Low,10,No,13982-46038
SUV,8,244829,98,714,31,11.8,12.74,27,31,Worn,Low,6,No,21246-84410
Truck,9,215652,111,2045,29,8.5,12.61,29,36,Moderate,Low,12,No,5761-16389
Hatchback,8,168865,90,2734,29,18.7,12.15,28,36,Good,Low,12,No,48483-130733
Hatchback,8,61003,94,1316,31,14.8,11.99,40,28,Moderate,Medium,2,No,37634-70442
SUV,4,20981,94,2891,36,8.5,12.31,43,31,Worn,Low,2,No,48344-180000
Truck,5,41673,104,1277,23,3.1,11.72,25,33,Critical,Medium,9,No,20784-37100
Sedan,11,221601,91,1209,40,14.5,12.38,26,34,Worn,High,7,No,28116-77314
Hatchback,11,101322,95,951,32,20.9,12.47,43,28,Moderate,Low,12,No,16335-75562
Sedan,6,104411,91,3166,39,12.3,12.05,36,31,Good,Medium,11,No,42673-89547
Sedan,5,55661,95,1380,30,17.4,12.05,43,30,Good,Medium,1,No,44541-122487
Truck,7,115097,113,1628,21,3.6,11.86,44,28,Good,Medium,1,No,11920-38538
Hatchback,4,6174,94,3271,36,15.7,11.97,44,29,Good,Medium,7,Yes,21986-118772
SUV,7,116367,99,2509,34,14.9,12.55,33,29,Good,Medium,1,No,71074-180000
Truck,2,6588,98,2636,20,7.8,12.19,36,29,Worn,Low,10,No,12903-44123
Hatchback,2,176913,94,1959,41,16.2,12.49,28,34,Critical,Low,6,No,40346-87708
Truck,1,41380,101,1415,20,3.7,11.85,42,30,Moderate,Low,1,No,19727-60747
SUV,7,79879,94,2379,30,10.0,11.77,25,35,Good,High,4,Yes,16680-40404
Truck,2,66077,99,3298,26,6.8,12.13,39,29,Worn,Low,10,Yes,21352-75728
Truck,2,63359,103,1337,26,9.1,12.2,44,34,Critical,High,1,Yes,2501-5319
Hatchback,7,50146,96,3138,46,16.6,12.78,28,28,Moderate,Medium,9,No,42849-79277
Hatchback,2,120879,89,1561,37,16.4,11.99,45,35,Good,Low,12,No,42673-65373
Hatchback,6,19503,87,1209,45,18.4,12.55,43,32,Worn,Low,2,No,65394-119738
Truck,9,222632,106,2374,37,3.9,11.7,25,34,Moderate,High,1,No,15332-41836
Sedan,5,118011,97,3020,30,11.4,12.09,40,35,Good,High,3,No,18681-31695
Truck,12,32161,103,3445,22,5.9,12.41,34,29,Good,Low,5,No,30164-96228
SUV,1,21704,99,2745,34,11.4,12.48,38,29,Moderate,High,2,Yes,33639-61521
Truck,3,81396,108,2503,26,3.7,12.01,44,31,Good,Medium,6,No,10855-42989
Hatchback,1,106821,94,1055,47,17.4,12.32,35,31,Moderate,Low,3,No,111277-167803
SUV,11,33508,98,1002,32,7.4,12.59,25,34,Moderate,High,12,Yes,6502-9934
Hatchback,11,183680,93,2582,41,13.6,12.72,45,35,Moderate,Low,1,No,65757-120031
SUV,10,233745,98,1304,24,9.1,11.82,34,34,Good,Low,11,No,53987-96957
SUV,12,81811,93,3446,28,12.8,12.22,30,30,Moderate,High,10,No,14823-36291
SUV,2,164901,94,3345,24,7.7,12.0,25,28,Moderate,Medium,2,No,70114-149678
Hatchback,7,210911,89,2979,39,18.2,11.81,32,30,Moderate,Low,7,No,44748-132178
Sedan,12,70104,91,2281,30,17.9,12.06,32,30,Good,Low,11,No,39326-69322
Sedan,1,208052,97,2285,39,16.7,12.29,27,32,Moderate,Low,3,No,60938-116726
SUV,7,123663,96,729,39,10.0,11.87,42,31,Worn,Low,3,Yes,65342-114160
SUV,3,208342,96,2581,39,12.6,12.29,44,36,Good,Medium,9,No,43939-174101
Hatchback,5,134117,88,3229,28,16.7,12.47,39,28,Good,High,4,No,27042-83172
SUV,4,89545,95,3175,28,9.7,12.01,25,34,Good,Low,6,No,55837-180000
Sedan,7,47793,90,1663,38,16.4,12.67,29,28,Critical,Medium,5,No,26329-61027
SUV,2,44618,92,2987,29,12.9,12.2,32,35,Good,Low,2,Yes,51963-151789
Truck,2,130866,108,932,28,4.5,12.12,33,31,Moderate,Low,12,No,1940-6624
SUV,1,238643,104,3054,31,8.4,12.5,28,29,Good,Medium,7,No,28904-94314
Hatchback,1,149001,93,3422,37,18.5,12.7,35,35,Critical,High,5,No,15622-40898
Sedan,8,236972,85,3248,29,16.5,12.14,29,33,Good,Low,3,No,60221-112093
Hatchback,3,77620,89,1187,31,17.6,12.2,35,36,Moderate,Low,8,No,46837-108873
Sedan,5,199381,85,1900,42,18.2,12.48,41,29,Good,Medium,10,Yes,57046-93218
SUV,12,69386,98,3169,33,8.9,12.35,28,34,Good,Medium,3,No,49231-82937
Truck,5,158464,102,1155,16,4.3,12.01,37,36,Good,High,5,No,3511-10399
Hatchback,12,23793,90,2868,39,14.9,11.86,30,35,Good,High,3,No,39541-97273
Sedan,8,64183,90,3222,40,13.1,11.74,34,36,Moderate,Low,2,Yes,102046-172926
Sedan,10,205535,88,3215,42,15.6,12.46,43,30,Good,Low,5,No,9140-180000
SUV,3,64453,99,2512,29,14.0,11.89,39,31,Moderate,High,8,No,25067-64363
Hatchback,8,51061,87,3472,41,15.6,12.59,27,33,Good,Low,12,No,24353-76979
SUV,1,248507,98,3231,40,11.7,12.22,43,35,Moderate,High,11,No,11864-22630
Truck,1,38540,104,1871,20,3.4,11.94,29,30,Moderate,Low,6,No,3348-32043
Truck,9,108378,99,1706,16,5.8,11.73,42,28,Worn,Low,10,No,13029-27387
SUV,10,102354,94,1456,37,8.7,12.04,30,28,Moderate,Low,10,No,80786-138458
Hatchback,7,42749,96,2877,36,13.8,12.69,31,33,Critical,Medium,10,No,24864-88708
Sedan,12,16302,86,1957,37,13.7,12.72,32,31,Good,High,3,No,37235-74475
Sedan,10,151382,96,1616,33,15.8,12.15,28,32,Moderate,Medium,4,Yes,21297-81005
Sedan,1,134333,92,2091,41,17.9,12.33,33,35,Good,High,7,Yes,22816-98862
Truck,6,122377,102,1592,22,7.4,12.01,36,36,Good,Low,5,No,42076-74800
Truck,3,247317,108,2770,34,3.9,12.52,43,31,Good,Medium,5,No,12551-38521
Truck,9,47550,104,2337,31,6.9,12.56,25,32,Good,High,1,No,36878-71142
Sedan,8,239437,89,864,35,11.9,12.57,32,33,Good,Low,5,Yes,51727-98077
Sedan,6,235961,88,1173,34,15.5,12.76,36,36,Critical,Medium,12,No,15574-35996
Sedan,7,195002,89,1806,26,15.8,12.65,43,29,Moderate,Low,12,No,18362-44044
Truck,10,234489,100,2437,19,5.2,12.28,38,36,Critical,Low,11,No,1051-1841
Hatchback,6,193104,99,633,29,19.4,11.73,43,32,Critical,Medium,2,No,17042-61320
Truck,6,72373,106,819,24,4.4,12.4,25,34,Good,High,6,No,2855-5117
Hatchback,9,28047,91,931,33,15.8,12.63,28,29,Moderate,Low,5,No,23683-82655
Sedan,4,19760,94,1973,34,14.1,12.65,35,30,Worn,Medium,10,No,44410-113676
Truck,2,151053,105,1576,28,4.7,12.55,41,34,Moderate,Medium,1,No,10897-41997
SUV,10,140542,95,3032,24,10.3,12.03,34,33,Moderate,Low,9,No,40833-105617
Hatchback,12,223731,92,1373,35,20.9,11.83,40,32,Good,Medium,1,No,62488-112538
Truck,3,239141,104,1798,22,4.6,12.51,33,31,Good,High,8,No,10194-19358
Hatchback,12,40726,96,2463,39,20.7,12.61,30,34,Good,High,3,No,24050-38950
Truck,12,36487,97,798,23,4.9,12.52,38,30,Worn,Medium,2,No,30280-46588
Sedan,9,163410,100,1286,45,13.2,12.41,43,30,Good,Medium,4,No,28037-179202
SUV,4,33779,105,3404,33,11.2,12.47,29,31,Good,Low,11,No,37206-126216
Truck,5,175836,109,2421,20,6.0,12.62,38,28,Moderate,High,10,No,958-2168
Hatchback,3,199765,96,655,41,22.8,12.59,26,30,Moderate,Low,4,Yes,33332-77414
Truck,12,71630,106,2276,20,5.6,12.44,43,30,Good,High,11,No,1190-2844
Truck,2,110281,105,931,19,7.6,12.18,44,33,Good,Medium,9,Yes,8602-31570
Sedan,1,13327,99,869,29,11.4,12.27,26,32,Good,Low,7,No,44304-96610
Hatchback,4,7741,92,2520,44,17.7,12.28,40,31,Good,High,1,No,26825-120838
Hatchback,3,36683,86,2050,34,22.2,12.31,32,36,Worn,Medium,1,No,26425-100340
Sedan,5,192135,84,3276,32,18.5,11.74,45,30,Good,High,2,Yes,8746-53362
Hatchback,6,132143,96,2440,41,23.2,12.43,27,35,Good,Low,3,No,50564-167210
Sedan,12,164205,98,643,36,11.9,12.31,31,28,Worn,Low,6,No,27875-173511
Hatchback,2,178877,98,2378,36,23.2,12.08,45,36,Worn,Low,12,No,24467-38623
Truck,9,46713,102,2263,24,7.8,12.06,38,34,Good,High,1,No,1344-70070
Hatchback,7,67545,96,2588,34,14.2,12.24,39,29,Worn,High,7,No,6545-23847
Hatchback,9,101962,94,2853,34,20.6,12.03,27,32,Critical,Medium,11,No,13806-30526
Hatchback,2,90268,95,2170,34,20.7,11.98,44,35,Moderate,Low,2,No,16366-103052
SUV,11,171840,92,2069,34,12.8,12.22,29,32,Good,Low,4,Yes,39931-129889
SUV,5,106920,101,1308,27,15.0,11.75,45,28,Good,High,10,No,23236-73911
Hatchback,10,223056,94,1996,42,13.6,12.05,30,30,Moderate,Low,11,Yes,31798-61512
Hatchback,9,92193,93,2028,34,18.7,12.17,31,34,Good,Medium,7,No,46606-105554
Sedan,2,90714,93,1312,38,15.4,12.52,36,32,Good,Medium,11,No,28317-77749
Truck,10,158951,95,819,33,8.4,11.72,38,32,Worn,Low,11,No,14881-30247
Truck,8,240361,108,3403,29,6.9,11.94,32,31,Good,Low,5,No,33102-51118
SUV,7,218626,103,2911,32,12.3,12.64,27,33,Moderate,Low,11,Yes,6336-56218
Truck,11,149242,100,3058,18,7.7,12.13,29,31,Good,Low,3,No,13858-50556
Sedan,1,69457,89,733,31,16.4,12.23,43,30,Good,High,11,No,12415-23105
Hatchback,10,69189,86,3158,30,14.5,11.95,44,33,Worn,Medium,8,No,26980-77612
SUV,11,42125,97,2254,36,9.9,11.96,28,34,Good,Low,6,No,107680-161980
Sedan,5,169212,93,2149,33,15.8,12.55,42,35,Worn,Low,4,No,29335-153076
Truck,9,169457,97,2408,32,6.0,11.88,27,30,Critical,Low,4,No,7763-19153
Sedan,8,246210,88,978,37,15.8,12.5,45,28,Good,High,4,No,29665-106477
Hatchback,7,95529,89,1229,44,21.5,12.5,43,34,Good,Low,2,No,68058-172628
Sedan,8,227660,96,1838,30,16.6,12.04,31,36,Good,High,3,No,7291-100555
Truck,11,22538,106,1317,23,5.0,11.93,28,28,Moderate,High,12,Yes,1474-3714
Hatchback,4,74516,95,1142,38,20.5,12.72,31,30,Worn,High,12,No,18921-34931
Truck,1,30723,98,3070,18,9.9,12.64,26,28,Good,Low,9,No,21197-51627
Sedan,8,23682,99,2027,35,17.8,12.71,42,32,Good,Low,6,No,34769-101919
Truck,5,136838,108,3176,30,7.9,11.72,35,31,Good,Low,8,No,20098-46310
Hatchback,11,137812,92,3477,39,20.1,12.78,26,32,Critical,Medium,6,No,19751-52795
Hatchback,12,86449,99,3286,43,18.9,11.8,32,32,Worn,Medium,10,No,37608-86866
Hatchback,4,158817,90,1541,45,20.4,12.0,29,32,Good,Low,3,No,82403-130647
Truck,2,233486,113,2060,33,6.1,11.92,30,35,Worn,Medium,12,No,1973-5851
Truck,11,29862,109,3124,22,9.3,12.66,34,29,Good,High,5,No,2610-5168
Hatchback,10,111213,90,727,30,16.8,11.97,34,36,Moderate,Medium,6,No,27853-82559
Truck,7,90172,105,3233,17,5.4,11.95,32,32,Good,High,10,No,4326-9318
Sedan,10,107789,96,3193,25,16.0,12.32,27,29,Worn,Low,7,No,31099-102481
Sedan,2,249933,89,3261,43,14.9,12.48,44,32,Good,Low,8,No,93726-140728
Sedan,6,152515,98,1946,41,16.0,12.59,31,28,Worn,Medium,10,No,35154-93912
Hatchback,7,244685,84,1388,32,16.7,12.41,35,36,Good,Low,9,No,77943-180000
Sedan,12,169580,103,1971,32,13.2,11.94,25,29,Good,High,3,No,14047-36465
Truck,10,35773,109,1133,21,5.5,12.32,32,29,Good,Low,7,No,5655-24360
Sedan,8,67929,91,1406,31,16.4,12.79,37,33,Good,High,8,No,19273-76715
Hatchback,1,249120,84,693,41,15.3,11.77,44,33,Good,High,11,No,10028-61808
Hatchback,12,10489,89,3460,37,17.7,11.93,28,31,Good,Low,4,No,63362-128750
Truck,11,113106,95,3319,22,10.0,12.24,25,34,Moderate,High,5,No,9989-20775
Sedan,11,136103,96,1387,29,15.4,12.78,25,32,Worn,Low,1,No,42293-86777
Truck,5,70795,107,3269,28,5.2,12.47,42,36,Critical,Medium,5,No,5692-11526
Truck,4,176369,99,2521,31,10.1,12.02,39,33,Good,Low,4,Yes,21338-56032
SUV,11,60910,91,2966,35,13.4,11.85,28,36,Good,High,1,No,41172-88434
SUV,11,144439,104,1148,33,13.7,12.07,32,36,Good,Medium,10,Yes,38666-112984
Hatchback,9,240251,89,888,32,17.1,11.75,39,35,Moderate,Medium,3,No,39267-104803
Truck,6,131180,97,1104,29,8.8,11.78,28,29,Good,Medium,8,No,15251-54683
SUV,3,108059,90,714,27,13.0,12.8,42,29,Critical,Low,1,No,36900-130496
SUV,11,243909,94,1366,29,11.2,11.75,36,30,Good,Medium,4,No,60077-180000
Hatchback,11,180856,93,3002,36,15.8,12.49,38,28,Moderate,Low,5,No,81025-124047
SUV,4,121896,95,3158,37,14.7,12.4,40,33,Worn,Medium,1,Yes,37370-104512
Truck,1,82242,111,2887,29,10.9,12.01,35,32,Good,Low,7,Yes,13760-28418
Truck,6,61488,95,2430,30,9.1,12.6,29,32,Critical,Low,3,No,22851-35135
Hatchback,11,82401,82,3443,35,20.1,12.53,26,30,Worn,Low,3,No,58494-111116
Sedan,4,203141,85,1638,41,12.7,12.09,31,30,Good,Low,5,Yes,72054-108868
Sedan,2,82138,84,3210,33,14.6,11.88,40,30,Good,Low,10,No,72425-127571
Sedan,1,58666,90,688,35,12.6,11.97,28,34,Moderate,Low,10,No,57946-105212
Hatchback,4,118780,96,783,33,15.2,12.28,34,32,Worn,Medium,1,No,40985-133123
Truck,6,43711,92,1315,34,7.0,12.64,35,35,Good,Low,2,No,56805-143415
SUV,10,146766,102,689,28,10.2,11.99,25,29,Critical,High,10,No,7033-37086
SUV,3,175974,102,2247,35,7.5,12.34,39,28,Moderate,Low,10,Yes,45569-95057
Truck,4,68710,102,3167,22,6.8,11.79,28,35,Critical,High,6,Yes,1531-3219
SUV,1,183550,103,3363,37,10.0,12.11,30,28,Worn,High,1,No,56778-95458
Truck,1,236821,109,3337,26,9.1,11.88,25,32,Good,Medium,3,Yes,13460-29556
SUV,9,70188,96,2803,32,11.5,12.71,28,28,Good,High,1,No,33461-112325
Hatchback,2,195612,87,614,38,16.6,12.28,32,31,Good,Low,2,No,60614-129242
SUV,3,57234,95,2691,33,10.3,11.93,38,35,Good,Low,7,No,107498-165472
Hatchback,12,49225,94,3073,38,20.4,12.61,43,28,Worn,High,8,No,19724-92774
SUV,2,189310,90,1129,32,12.4,12.31,25,32,Moderate,High,2,Yes,34518-74032
Sedan,5,193703,86,2212,34,16.2,11.87,41,34,Moderate,Low,12,No,28918-59756
SUV,6,217242,96,1005,33,8.7,11.9,38,32,Good,Low,6,No,95433-163393
Sedan,7,50141,83,2590,37,15.2,12.06,27,36,Good,High,10,No,54937-98729
SUV,1,206516,98,1664,38,7.3,11.86,44,28,Worn,Low,7,No,64942-180000
SUV,5,90775,92,2447,29,8.5,11.77,30,28,Moderate,High,1,No,42590-96726
SUV,2,122952,97,3264,28,10.3,12.67,28,28,Worn,High,8,No,19039-37471
Truck,9,169265,107,628,33,10.1,12.16,39,34,Good,Low,3,No,40015-74707
Hatchback,10,120146,95,1819,46,14.8,12.43,39,33,Worn,Low,3,No,31877-110037
Hatchback,11,25728,87,1809,36,15.5,12.14,43,34,Good,Low,9,No,46261-175593
SUV,12,18104,96,1968,37,9.7,11.86,30,34,Moderate,Low,2,No,76024-136950
Sedan,6,243757,95,3271,38,12.8,12.65,34,28,Moderate,Medium,5,No,54650-89898
Truck,8,228744,105,3401,31,5.8,12.29,37,32,Good,Medium,11,Yes,9322-16332
Truck,10,14901,101,3117,29,6.5,12.42,39,31,Worn,Low,6,No,33940-57628
SUV,8,170718,90,2175,33,12.7,12.74,33,30,Moderate,Low,2,No,100324-154620
SUV,1,229732,100,2420,28,8.0,11.9,28,29,Good,Low,3,No,48363-180000
Sedan,12,118438,97,2932,40,15.7,12.45,33,28,Good,Low,9,No,58120-180000
Sedan,6,104888,97,2063,37,17.6,11.82,34,35,Critical,Low,9,No,20644-65514
Hatchback,12,160609,94,2951,41,14.1,12.19,37,35,Good,High,12,Yes,18530-30396
Sedan,2,58565,88,2383,35,12.5,12.35,33,34,Good,Low,11,Yes,6714-108505
Truck,10,32928,110,2327,26,7.3,12.61,31,29,Moderate,Low,6,No,7813-16911
SUV,1,13122,99,2816,25,12.8,11.72,42,35,Worn,Low,12,Yes,28110-89864
Hatchback,5,42603,88,1081,34,16.5,12.05,27,35,Critical,Low,10,Yes,28008-44702
SUV,12,229809,100,2862,32,11.7,12.7,40,35,Good,High,5,No,23543-89519
Sedan,12,10018,90,3240,39,13.9,12.22,45,34,Critical,Low,3,No,42720-109990
Hatchback,12,240240,95,2173,46,17.3,11.97,29,36,Good,Low,3,No,62045-138125
SUV,4,143459,101,2547,28,10.1,12.52,36,33,Moderate,Low,4,No,27926-72276
SUV,5,187483,99,2043,38,14.6,12.69,39,33,Moderate,High,7,No,30790-53744
Truck,7,128784,97,1986,23,7.3,12.07,39,31,Critical,Low,2,No,34019-77077
Sedan,4,175177,91,2655,44,13.6,11.92,37,31,Worn,High,9,No,21374-48156
Truck,4,39058,107,1071,21,4.0,11.78,29,34,Good,Medium,6,Yes,3183-5847
Hatchback,1,139579,85,1158,38,20.4,12.35,44,30,Good,Low,3,No,77889-161257
Sedan,10,102786,95,3239,31,17.9,12.45,33,29,Moderate,Medium,5,No,47360-72490
Truck,4,231933,100,2952,24,5.6,12.7,37,30,Good,Low,3,Yes,40280-62610
SUV,7,100523,102,1881,29,8.8,12.43,32,30,Moderate,Medium,5,Yes,24248-38140
Sedan,5,192489,96,1297,34,12.7,11.96,34,36,Worn,Medium,11,No,11405-37293
Hatchback,10,177459,82,1373,33,16.2,11.94,32,32,Good,Medium,10,No,28275-89587
Hatchback,4,58539,94,1850,32,22.0,12.4,36,35,Good,Medium,12,Yes,8239-72020
Sedan,5,51086,86,3061,39,17.7,12.12,41,32,Moderate,Low,8,No,100345-173507
Truck,1,11358,100,785,23,5.6,12.78,30,36,Critical,Low,8,No,8206-18488
Sedan,7,235005,100,3145,34,15.6,12.59,25,34,Good,Low,3,No,30939-82545
Sedan,11,44064,82,1036,33,18.4,12.63,43,34,Good,Medium,6,No,26819-79873
Sedan,4,228269,87,1406,29,10.9,12.28,45,30,Moderate,Medium,9,No,43838-104212
Truck,1,55158,99,1529,27,8.1,12.32,36,32,Critical,Low,3,No,11998-23334
Hatchback,6,105910,96,3147,33,20.9,12.38,38,36,Good,Low,11,No,26475-44999
Hatchback,6,244158,94,3280,40,18.5,12.68,42,31,Good,Low,5,No,61371-177533
SUV,11,78710,100,2861,38,8.3,11.82,40,36,Good,High,3,No,44979-129679
Sedan,1,57376,91,1730,31,14.1,11.79,25,29,Moderate,Medium,1,No,41890-78910
SUV,6,156179,94,2284,25,12.6,12.53,43,33,Good,High,12,No,29979-62185
SUV,12,69771,95,2506,28,13.0,12.37,36,36,Good,Low,10,No,53949-180000
Truck,12,53049,115,2720,20,6.8,12.1,27,31,Moderate,Low,6,No,4078-23437
Truck,8,104171,101,2150,20,10.2,12.39,44,32,Worn,Low,5,No,10029-29359
Hatchback,8,17878,91,3404,28,16.3,11.88,31,28,Worn,Low,7,No,31563-86777
SUV,4,230935,100,1088,33,14.5,11.85,38,35,Moderate,High,1,Yes,30501-49723
Sedan,8,39407,95,870,30,16.5,11.92,35,28,Worn,Low,10,Yes,35235-57523
Truck,11,226343,100,3074,35,8.7,12.31,36,36,Moderate,Low,9,No,32929-80681
Sedan,9,229727,97,2632,30,16.7,11.95,26,33,Good,Medium,1,No,41299-91955
Truck,12,110266,107,1812,24,5.3,11.96,28,31,Good,Medium,5,No,8797-32923
Truck,5,49060,95,2512,30,5.2,11.87,27,29,Moderate,High,11,No,4866-15390
Sedan,11,161844,99,798,36,17.4,11.97,29,32,Moderate,High,12,No,11659-37921
Sedan,7,197634,87,1225,37,12.2,12.3,38,31,Good,Low,5,No,73540-161726
Truck,3,220377,111,2350,26,9.5,12.7,39,31,Good,Low,4,No,19594-90544
Truck,7,42232,97,2926,22,8.1,12.51,25,32,Good,Medium,11,No,12332-35142
SUV,5,216063,99,610,33,10.3,11.97,41,33,Good,Low,2,No,8396-180000
Hatchback,4,32863,100,2882,32,19.8,12.39,45,36,Good,High,7,No,31470-83780
Hatchback,6,200926,84,1240,42,14.0,12.34,41,33,Good,High,12,No,24587-43417
SUV,5,211336,102,658,29,13.1,12.49,34,29,Good,Low,2,Yes,56173-178611
Hatchback,7,173129,87,1755,42,19.9,12.14,34,35,Good,Medium,5,No,80798-139674
Sedan,3,185003,95,835,31,14.8,12.11,26,34,Good,Low,9,No,53029-85877
SUV,6,11838,95,922,35,11.9,12.33,26,35,Good,Low,10,No,38356-152611
Truck,6,20914,109,3138,32,5.4,12.45,38,29,Critical,High,10,No,972-2774
Hatchback,12,240218,90,2215,41,19.2,12.74,41,31,Worn,Medium,7,No,60687-107647
Sedan,2,144373,88,1055,43,13.8,12.03,42,32,Good,High,12,No,17560-39998
Hatchback,9,160374,90,1891,30,18.1,11.83,41,29,Good,Low,6,No,2001-180000
SUV,4,171216,97,1238,37,8.4,11.77,41,31,Good,Medium,9,No,52291-145043
Sedan,4,235600,91,1554,38,14.8,12.16,32,31,Worn,Low,12,No,65626-109794
SUV,6,243234,98,1181,42,10.5,11.91,28,30,Good,Medium,6,No,65586-119672
Hatchback,4,42754,90,2081,40,18.0,12.57,30,32,Good,Medium,3,Yes,37129-113815
Hatchback,2,46053,83,1667,43,22.2,12.46,30,34,Good,Medium,11,No,45314-150915
Sedan,1,33987,96,739,30,15.0,12.21,39,35,Moderate,Low,9,No,53069-118759
SUV,7,122396,99,2050,34,14.0,11.74,39,30,Moderate,High,10,No,12502-46578
Truck,1,187030,108,2123,21,7.8,12.39,44,30,Worn,Medium,12,No,1530-3738
Hatchback,12,206308,91,2693,30,16.3,12.46,39,33,Moderate,Low,11,No,9617-97066
SUV,8,42214,91,2093,27,9.6,12.11,28,34,Good,Medium,8,No,58742-131360
SUV,8,19708,87,3396,30,9.8,12.2,28,32,Good,Low,9,No,76573-127113
SUV,12,39335,88,1933,36,14.5,12.35,28,33,Moderate,Low,5,No,48509-140903
Hatchback,4,147184,87,1088,45,17.1,11.78,27,32,Good,High,5,No,15262-168968
Sedan,7,115132,92,3059,37,14.7,11.74,26,28,Good,Low,6,No,81510-136766
SUV,9,152715,101,1078,30,10.8,11.89,37,35,Good,Medium,1,No,42187-180000
Truck,1,131725,105,3421,36,10.0,12.07,31,30,Worn,High,6,No,5550-32883
Hatchback,7,85100,97,941,32,15.1,12.02,33,30,Good,High,2,No,24225-86949
Sedan,11,147429,91,2881,34,12.8,12.41,32,31,Good,Low,5,No,56815-143547
Sedan,6,70319,87,1790,39,15.2,11.84,44,36,Worn,Medium,10,No,34752-67760
SUV,5,118863,97,3242,43,12.7,12.62,39,34,Worn,Low,9,No,63872-116276
SUV,3,72048,98,1151,36,10.1,11.8,42,31,Good,Low,11,No,44648-70550
Truck,3,220709,104,812,29,8.1,11.91,35,35,Moderate,Medium,2,No,13183-41239
Truck,9,206632,102,1672,32,9.4,12.43,44,30,Critical,High,10,No,3503-9083
Truck,5,34127,107,1110,30,5.5,12.17,34,34,Good,Low,4,No,16837-47545
Truck,3,212340,108,1409,24,9.1,11.88,38,29,Good,Low,2,No,14055-53671
Truck,1,135277,105,2385,18,7.5,12.7,30,34,Good,High,11,No,1051-3585
Sedan,11,78603,96,2358,26,16.2,11.94,29,28,Good,Low,6,Yes,50125-112193
Hatchback,8,29675,87,997,41,14.3,11.82,39,31,Good,Low,8,Yes,89197-174663
Sedan,7,77584,100,2257,32,15.3,12.3,38,34,Good,Medium,5,No,30410-109052
Sedan,1,43519,103,2298,27,15.8,12.12,37,28,Moderate,Low,7,No,28138-91426
Hatchback,11,76601,84,1447,37,13.9,12.02,43,33,Good,Medium,11,No,38950-102934
Sedan,3,245129,90,3445,39,14.6,11.88,41,35,Good,Medium,12,Yes,26523-59849
Truck,3,208373,109,2338,29,6.8,12.58,27,36,Moderate,Low,4,No,18991-34175
Hatchback,9,242913,86,2985,34,15.4,11.82,34,28,Good,Low,9,Yes,50166-103312
Sedan,7,239655,87,1237,43,12.4,11.95,39,36,Good,Medium,10,No,53756-180000
Hatchback,10,120399,101,772,43,20.6,12.05,37,28,Good,Low,2,No,49534-176324
Truck,9,91088,101,2666,28,8.7,11.97,32,33,Good,Medium,8,Yes,26638-79670
Truck,5,189877,110,1758,26,6.6,12.35,44,31,Good,Medium,6,Yes,15820-39514
Truck,7,101686,107,3446,28,6.4,11.94,39,36,Moderate,Low,1,Yes,7932-25464
Hatchback,11,71896,85,2635,31,15.0,11.97,37,31,Critical,Medium,2,No,32060-67246
Sedan,4,40232,90,1147,30,14.0,11.84,38,34,Good,Medium,11,No,11289-40459
Hatchback,11,36441,95,1143,38,19.5,11.76,35,32,Good,Low,8,Yes,39636-66456
Sedan,12,136588,97,2793,34,18.4,11.92,31,32,Good,High,3,No,32283-85803
Sedan,9,159716,96,2900,30,13.8,11.79,42,28,Good,Medium,12,No,27661-50391
Hatchback,2,160021,87,1810,44,19.7,11.81,35,35,Moderate,Low,7,No,54858-112168
SUV,10,67279,101,3227,30,9.9,11.79,37,28,Good,Low,1,Yes,57891-166851
Sedan,10,20117,92,786,30,15.3,12.27,37,31,Moderate,Medium,11,No,13473-48923
Sedan,2,190745,83,1581,42,13.1,12.16,25,32,Critical,Low,7,No,33299-68113
Sedan,10,208080,98,2821,34,14.4,11.94,40,30,Good,Medium,11,No,40918-70218
Truck,8,248953,105,1409,23,8.2,12.34,34,36,Good,High,4,No,10716-38646
SUV,12,193612,105,986,38,7.7,12.34,26,28,Worn,Medium,12,No,34775-72097
Truck,7,102092,107,1840,29,5.9,12.36,43,30,Good,Low,5,No,22364-76042
SUV,3,148873,104,2977,36,12.2,12.62,35,34,Good,Low,2,No,41926-156966
Hatchback,9,224047,87,1289,31,14.6,12.12,36,32,Moderate,Medium,10,No,16410-131004
Truck,7,8523,92,942,17,5.0,12.11,32,36,Critical,Medium,3,No,4456-8552
Hatchback,12,215360,90,3094,35,18.4,12.12,30,28,Moderate,High,9,No,17935-65833
Truck,4,215262,100,1718,19,7.1,12.77,44,32,Moderate,Low,9,No,7179-15285
Hatchback,6,159333,90,2762,30,16.3,12.62,45,28,Worn,Low,6,No,63029-114305
Hatchback,1,206391,93,1497,37,15.9,12.56,38,36,Moderate,High,2,No,40133-71117
Sedan,11,159474,92,2682,32,18.0,12.74,25,31,Good,High,11,Yes,17392-42058
Hatchback,3,222980,96,873,44,13.9,12.11,33,28,Good,Low,1,No,94081-161777
Hatchback,11,145057,89,1874,31,17.4,11.84,26,28,Critical,Low,10,No,20888-83430
Sedan,1,155783,97,3067,33,15.2,11.71,38,33,Good,Medium,3,No,34528-103452
Hatchback,4,82079,84,3095,39,16.9,11.96,30,28,Good,Low,11,No,45042-101646
Sedan,12,193812,88,3219,33,17.5,12.38,45,30,Good,Low,1,No,69385-180000
Hatchback,5,80774,101,2891,30,17.1,11.83,37,35,Worn,Low,1,No,24219-78295
Truck,1,222896,108,1701,22,5.3,12.3,26,34,Good,Low,10,No,13306-41486
Truck,11,115518,110,2858,18,6.2,12.14,43,28,Good,Low,4,Yes,2015-4219
Truck,10,238882,99,950,34,9.8,12.5,36,36,Good,Low,5,No,40505-87289
Hatchback,7,189544,95,750,40,17.9,12.54,39,33,Worn,Low,4,No,51988-83802
Truck,10,165475,102,1717,29,6.3,12.68,41,29,Moderate,High,12,No,4272-15308
SUV,11,206111,101,1944,27,9.5,12.13,27,28,Good,Low,8,No,35936-125152
Sedan,1,7233,97,2122,37,14.0,11.86,43,29,Good,High,4,No,31630-60932
Truck,7,87100,109,605,22,8.5,12.3,31,33,Good,Low,2,No,29141-70435
Sedan,11,241718,90,3199,40,10.9,12.31,38,33,Worn,Medium,2,Yes,28552-76516
SUV,8,151988,100,2791,35,11.7,12.06,41,32,Critical,Low,9,No,25852-57700
SUV,8,116643,99,1826,39,13.6,12.38,33,30,Worn,Medium,5,No,44443-135505
SUV,3,228883,101,791,39,11.7,12.11,28,35,Critical,Low,12,No,32065-71819
Hatchback,7,244109,99,3218,36,22.1,11.89,44,35,Good,Medium,11,No,33352-84836
Hatchback,3,48437,96,1853,48,20.2,12.71,27,32,Worn,Medium,4,No,38557-62249
Truck,9,162906,97,1041,26,3.4,12.18,31,29,Worn,High,2,No,14685-22245
SUV,2,191768,97,2775,30,11.8,12.03,40,32,Good,Low,12,Yes,11636-46344
Sedan,5,89516,87,1082,31,17.3,12.16,36,36,Good,Medium,6,Yes,39871-97615
Truck,9,195287,106,1822,27,7.7,12.02,38,36,Good,High,3,Yes,7271-12925
Truck,4,74697,93,3118,21,5.6,12.62,32,31,Moderate,High,8,Yes,6424-17240
Truck,2,89538,100,1210,18,3.8,12.59,39,29,Good,Low,1,No,13930-44770
SUV,6,20220,99,2629,32,10.7,11.78,40,32,Good,Medium,3,No,41863-63963
Hatchback,10,145803,97,2391,39,18.4,12.44,38,32,Worn,Medium,10,No,26459-83589
SUV,10,222946,92,1665,36,13.0,12.16,29,31,Good,Medium,9,Yes,62620-168336
Sedan,11,38702,91,3382,38,16.1,12.66,38,30,Good,Low,5,Yes,62544-106228
Hatchback,6,170025,97,2994,38,20.7,12.24,36,36,Good,Low,3,No,86302-130828
Truck,10,239214,102,2553,22,9.5,12.19,45,32,Worn,Medium,2,No,26587-86477
SUV,8,106793,92,656,27,11.9,12.59,39,34,Moderate,High,11,No,5324-14858
SUV,9,27618,93,1013,32,7.1,12.42,43,28,Good,Low,10,Yes,56715-131687
Sedan,6,185664,91,3045,30,15.6,11.74,26,32,Moderate,Low,1,No,22524-180000
Sedan,2,186833,88,3282,32,18.1,12.77,28,32,Critical,Low,8,No,22384-50294
Truck,3,198303,98,648,31,7.0,12.63,42,31,Good,Low,10,No,64526-114840
Hatchback,8,118724,95,2873,48,19.3,12.15,42,29,Good,High,8,Yes,26749-80609
Sedan,11,181427,90,3433,29,12.2,12.54,30,31,Good,Low,10,No,87097-135163
Hatchback,3,178981,86,1573,37,23.0,12.78,31,32,Moderate,High,9,No,20910-40354
SUV,3,232610,91,1547,28,12.9,11.72,31,36,Good,Medium,6,No,60323-125925
Truck,9,66535,103,3092,20,9.6,11.93,27,33,Good,High,4,No,1569-8730
SUV,7,131880,102,2923,42,9.3,12.31,28,29,Moderate,High,7,Yes,43565-67507
Hatchback,7,96206,95,2706,40,20.1,12.27,43,28,Good,Low,5,No,77048-165054
Sedan,8,41140,90,1113,37,13.3,12.46,38,30,Worn,Low,9,Yes,25422-83668
Hatchback,10,240807,83,745,41,18.9,12.5,44,31,Worn,High,9,No,41653-63263
Truck,9,81050,96,3443,29,8.3,12.52,27,32,Good,High,12,No,2755-4699
Sedan,8,11541,93,977,42,14.3,12.69,41,34,Worn,Low,1,No,66261-168881
Truck,12,128003,96,1261,20,9.3,11.79,33,32,Good,Medium,7,No,10880-30618
Truck,11,223449,100,2978,25,9.9,12.38,42,34,Moderate,Medium,5,No,33001-69385
Truck,1,104427,97,2026,35,5.2,12.76,45,33,Moderate,Medium,12,Yes,3907-9749
Truck,8,105407,97,2386,34,6.1,12.19,31,32,Moderate,Low,4,No,19753-42095
Truck,11,198605,99,1083,24,2.8,11.77,26,31,Good,High,9,No,10398-40192
Hatchback,9,229363,100,1683,39,21.8,12.56,25,36,Good,Medium,1,No,98895-173129
Sedan,1,128003,93,1480,37,14.9,12.71,42,28,Good,Low,10,No,60377-128863
Sedan,12,141727,87,1324,36,15.5,11.79,26,29,Good,High,11,No,29017-56339
Sedan,10,203105,93,800,38,17.9,12.3,35,36,Moderate,Low,6,No,68804-131724
Truck,10,207324,95,1811,30,4.3,12.61,29,32,Worn,Low,8,No,19406-45486
Truck,4,189453,103,751,22,8.0,11.9,25,32,Good,High,5,No,12859-29657
Sedan,1,36787,97,2695,33,18.6,12.42,29,36,Critical,Low,4,No,12837-38747
Hatchback,7,32524,95,3300,33,18.9,12.71,34,30,Critical,High,4,No,4968-8508
Hatchback,11,124210,89,1018,38,21.3,12.01,42,31,Moderate,Medium,5,No,33131-88417
SUV,6,73698,89,2678,31,10.7,11.88,40,28,Critical,Low,5,No,53609-89275
Hatchback,10,173840,96,2639,47,16.2,12.59,37,32,Good,Low,10,No,80065-145715
Truck,4,229777,97,2230,33,6.0,12.07,26,31,Critical,High,3,Yes,815-2133
Hatchback,12,27725,96,1600,36,15.0,12.39,41,30,Worn,Low,9,No,33879-134355
Truck,8,128285,107,724,23,8.5,12.53,33,31,Good,Low,4,Yes,10152-31066
Hatchback,7,107630,96,2716,44,15.9,11.84,32,32,Moderate,Low,7,No,29018-73896
Hatchback,7,149358,96,2678,39,15.6,12.39,26,31,Worn,Medium,12,No,44263-68469
Hatchback,12,5824,92,2114,34,17.3,11.87,30,32,Moderate,Medium,7,No,45757-146263
Hatchback,9,202918,94,3451,35,19.9,11.74,25,32,Good,High,12,No,12484-36808
Sedan,2,140609,90,2934,34,14.4,11.94,29,30,Worn,Low,7,No,26572-87646
SUV,2,207955,103,2601,27,8.3,12.33,30,33,Moderate,Low,9,No,49314-83034
Truck,4,74631,104,1764,19,7.8,12.63,31,32,Good,Medium,2,No,26513-90117
Hatchback,4,244519,96,2636,34,20.5,12.52,32,29,Good,Low,11,Yes,19394-60500
SUV,4,152648,104,1740,39,9.8,12.49,27,29,Good,Low,8,No,69018-107070
Sedan,10,223412,98,3138,39,10.9,12.0,35,32,Good,Medium,8,No,52776-116642
SUV,3,190070,91,3319,32,13.7,12.06,45,31,Worn,Medium,10,No,37535-90955
Sedan,6,90041,83,989,33,14.0,12.3,34,36,Moderate,Low,5,Yes,35714-64292
Truck,4,26607,113,1876,36,10.2,12.4,33,32,Worn,Medium,10,No,10432-25826
Sedan,4,108723,100,1513,41,15.3,12.28,25,31,Good,Medium,9,No,45147-96471
Sedan,11,171154,90,1234,26,18.2,12.54,30,36,Good,High,10,No,18484-33606
Truck,10,206086,101,2071,35,6.3,12.35,28,31,Good,Low,1,No,45062-113848
Hatchback,7,60091,87,942,40,18.6,12.74,45,34,Worn,Low,11,No,33209-104741
Truck,12,249893,107,1174,29,9.4,12.36,25,31,Worn,Low,12,No,5663-9749
SUV,7,156660,94,732,35,9.2,12.52,42,33,Good,Low,11,Yes,39931-77071
Truck,1,171301,102,823,24,7.7,12.09,31,30,Moderate,High,12,No,4289-8077
SUV,7,21170,100,2399,32,14.2,12.11,35,29,Critical,Medium,3,Yes,7502-14984
Truck,12,165647,107,3014,31,4.4,11.72,26,30,Moderate,Low,5,Yes,15516-42384
Hatchback,12,63555,99,1692,37,20.8,12.46,35,28,Critical,Low,1,No,39761-74567
SUV,5,110342,103,2414,32,8.8,12.33,45,29,Good,Medium,8,No,25983-110687
Sedan,8,173910,100,847,34,14.5,12.1,32,29,Worn,Medium,6,Yes,22145-69067
Hatchback,1,115530,97,2697,32,20.4,12.41,41,33,Good,Low,4,Yes,23490-87284
Truck,5,150137,99,939,29,9.2,12.25,39,34,Worn,Low,4,No,28383-58433
Sedan,1,33944,101,793,28,16.6,12.01,38,35,Good,Medium,6,No,29525-79535
Sedan,1,244443,95,2352,31,12.2,12.49,32,32,Worn,Medium,4,No,14118-111305
Truck,1,164224,108,2602,31,5.0,12.3,45,29,Moderate,High,8,No,6990-13778
Hatchback,12,59480,96,956,30,18.1,12.57,41,36,Good,Medium,10,No,38566-70140
SUV,2,158653,93,2711,31,9.8,12.31,30,35,Moderate,Medium,7,Yes,49455-95251
Hatchback,7,59535,99,1755,37,22.1,12.11,28,32,Critical,Low,11,No,9523-18387
Sedan,2,248139,84,2590,42,15.7,12.71,36,35,Worn,Medium,9,Yes,22340-81144
Sedan,12,117618,96,3478,33,12.5,12.4,37,31,Good,Low,4,No,63099-103235
Sedan,2,29945,97,2696,37,16.4,12.31,35,32,Critical,Medium,5,Yes,12730-42508
Truck,5,150012,112,2849,22,6.8,11.88,42,32,Critical,Low,12,No,1150-2956
Truck,1,145690,101,736,24,6.1,11.72,32,32,Worn,Low,10,No,34090-59120
Sedan,7,37310,90,3489,38,17.4,12.68,35,33,Moderate,Low,11,No,25149-132155
Hatchback,9,22320,91,2012,34,22.6,12.64,38,34,Worn,High,9,No,36833-66059
Sedan,2,184631,90,1480,32,15.4,12.07,35,30,Good,Medium,4,No,43718-75080
Sedan,8,232876,94,3278,33,13.2,11.81,25,31,Good,Low,10,No,83401-180000
Hatchback,2,177940,90,1819,33,17.0,12.14,33,28,Worn,Medium,2,No,26844-91658
Hatchback,2,131010,92,3157,28,14.8,12.58,34,32,Worn,Medium,7,No,28608-74516
Hatchback,3,101163,100,2760,44,20.5,11.9,37,33,Worn,Low,2,Yes,36824-82674
Hatchback,1,156843,87,2147,40,17.8,12.73,33,34,Good,High,5,No,39936-98416
Sedan,3,56032,91,1384,43,18.5,11.99,36,29,Good,High,12,Yes,9705-22141
Hatchback,11,165039,93,2706,43,15.5,12.6,35,30,Critical,Medium,9,Yes,28294-72396
Sedan,2,80624,84,972,29,11.5,11.78,38,36,Moderate,Medium,4,No,30004-98112
SUV,3,65535,92,1516,26,11.4,12.78,37,28,Good,Low,7,No,56367-166131
Sedan,11,81972,94,1926,34,11.8,12.65,32,28,Good,Low,9,Yes,38133-74391
Truck,8,54450,106,3251,32,5.9,12.74,32,29,Good,Low,7,No,26861-56831
Sedan,6,136660,85,1525,42,14.6,12.06,35,33,Critical,Medium,11,No,10517-19897
Hatchback,7,19469,83,1965,30,18.3,12.22,40,30,Critical,High,1,No,5887-17951
Sedan,5,148764,98,2409,29,13.4,12.51,25,28,Worn,High,8,No,14848-27136
SUV,2,144462,103,2187,37,11.2,12.69,39,28,Worn,Low,2,Yes,36648-134152
Sedan,2,113397,89,1783,34,14.8,12.51,44,31,Good,Low,2,No,59137-180000
Hatchback,9,76510,96,2440,42,21.5,12.37,44,30,Moderate,Medium,10,No,51620-113480
SUV,9,157120,102,1673,30,8.8,12.32,42,33,Moderate,Low,2,No,22338-166226
SUV,8,31345,95,705,28,11.4,12.57,29,28,Good,Low,8,Yes,49871-83915
SUV,9,76975,98,2453,41,8.3,12.63,36,30,Critical,Low,1,No,58929-115051
SUV,8,87234,91,2750,40,12.2,12.24,28,33,Good,Low,4,Yes,37567-180000
Sedan,5,41018,102,1277,28,14.4,11.9,30,31,Moderate,Medium,9,No,14617-121515
Hatchback,10,33193,91,1479,32,22.4,12.79,26,35,Good,Low,11,No,52501-81765
Hatchback,9,83851,92,2695,38,17.0,12.54,34,33,Worn,Low,6,No,101314-165412
Sedan,3,236140,91,1229,37,15.7,12.45,42,32,Good,Medium,5,Yes,29901-75199
Truck,7,246496,101,1136,31,4.2,12.24,33,29,Moderate,Medium,3,No,17785-113779
Hatchback,8,165672,95,2370,45,14.9,11.87,37,31,Good,Low,3,No,48032-112900
Hatchback,10,92010,91,3455,36,14.4,11.77,31,28,Good,High,7,Yes,45922-72518
Sedan,8,41048,85,966,38,15.0,12.52,43,35,Worn,Low,6,No,55786-180000
Sedan,10,69005,90,1986,41,16.1,12.46,36,28,Worn,Medium,11,Yes,27141-52629
Hatchback,2,101058,92,1905,37,15.8,12.16,43,36,Worn,High,1,No,48670-111334
SUV,12,61938,99,3348,38,10.5,11.73,28,31,Worn,Low,8,Yes,26262-89362
Sedan,8,119537,87,2535,42,15.9,12.17,36,35,Moderate,Low,6,No,50153-180000
Hatchback,3,169869,89,3304,31,19.4,11.75,36,32,Moderate,Medium,8,No,42990-68918
Hatchback,7,40148,91,2392,38,18.2,11.84,28,28,Good,Medium,9,No,43828-123630
Truck,5,24973,96,3329,20,5.2,12.77,26,29,Good,Medium,2,Yes,7435-28657
Sedan,5,89428,89,3390,33,14.7,12.57,37,29,Worn,Medium,2,No,30652-72318
Sedan,9,152941,102,3289,40,17.2,12.32,45,29,Good,Low,5,No,68057-173721
Sedan,11,90896,92,2825,40,18.0,11.83,45,29,Moderate,Low,7,No,66039-174323
Hatchback,3,30914,97,1473,39,13.9,12.57,29,28,Good,High,7,No,16550-44070
Sedan,10,66242,93,1596,44,17.0,12.3,44,34,Worn,Low,10,No,86475-138191
Sedan,11,242055,99,755,41,15.9,12.42,43,30,Moderate,Low,9,No,36413-67413
Sedan,5,56734,97,641,33,13.9,12.49,37,32,Moderate,Medium,3,Yes,9931-67301
Sedan,7,241549,99,3128,42,17.4,12.65,41,31,Good,High,11,No,16372-38320
Sedan,5,240467,93,1143,29,14.7,12.39,30,30,Moderate,Low,6,Yes,13700-143277
SUV,8,154684,96,2154,27,13.2,12.61,25,28,Moderate,Low,10,No,3297-125559
Truck,2,86486,100,2526,24,8.2,12.62,31,34,Moderate,High,12,No,3796-9070
Truck,10,121140,100,1356,32,9.1,12.6,27,34,Worn,Low,7,No,22032-34810
Truck,8,195852,107,1936,22,8.3,12.73,31,33,Good,Medium,6,No,8358-16730
SUV,1,39562,96,1618,24,11.7,12.79,39,28,Worn,Medium,9,No,27972-103738
SUV,4,114565,98,3051,35,8.7,12.01,40,31,Critical,Medium,11,Yes,8927-13617
Truck,3,162565,102,2115,26,8.6,12.02,36,30,Good,Medium,6,No,38720-74616
SUV,7,54328,98,3403,36,7.4,12.07,30,31,Worn,Medium,11,No,34290-54034
SUV,12,106948,103,2835,26,12.1,11.74,37,35,Critical,Medium,1,No,23593-54809
Truck,5,125469,94,749,31,8.1,11.96,26,32,Good,Medium,5,No,47823-89991
Truck,9,105229,101,2225,17,5.0,12.48,45,34,Moderate,Medium,9,Yes,5520-16654
Hatchback,1,159397,98,2180,40,14.1,12.14,42,36,Good,High,12,No,4296-31109
SUV,11,184587,95,3264,40,8.7,12.32,40,35,Good,Low,4,No,47632-152624
Hatchback,5,71831,83,2824,45,22.7,12.14,26,28,Critical,High,4,No,11448-23040
Sedan,11,28728,102,3219,41,12.0,12.41,40,29,Good,High,12,No,8527-29865
Hatchback,4,32158,88,3302,34,21.6,12.2,33,33,Moderate,Low,11,No,19024-34470
Hatchback,6,231746,99,971,33,16.5,11.95,33,35,Moderate,High,2,Yes,13112-50643
Sedan,10,217855,88,3450,39,13.7,12.1,44,35,Good,High,4,No,48877-81799
SUV,2,224185,95,1567,27,10.3,12.73,34,36,Critical,High,1,No,12861-30919
SUV,11,160145,98,2115,28,7.7,12.8,25,36,Moderate,Low,4,Yes,44857-150545
SUV,1,74968,91,2181,27,12.0,12.37,31,32,Good,Low,8,No,57305-154891
Hatchback,4,71081,89,1938,40,22.9,12.09,26,32,Good,High,1,No,42223-126065
Hatchback,3,10992,88,2817,30,19.1,11.71,35,36,Good,Low,4,No,72952-180000
Hatchback,1,75958,91,3191,34,14.6,11.83,32,33,Moderate,High,6,No,27146-57102
Truck,3,165619,104,1800,23,10.8,12.72,43,31,Good,High,3,No,12406-45140
SUV,4,154373,96,2950,23,8.4,12.42,30,32,Good,Low,3,Yes,29021-82527
Truck,1,202989,102,1968,19,6.7,11.98,39,36,Good,Medium,2,No,17857-56891
Sedan,8,150956,101,1033,37,18.8,12.47,37,31,Good,High,2,No,30167-116465
Truck,6,75288,113,625,24,4.5,12.14,41,31,Worn,Medium,7,Yes,6859-12467
Sedan,2,114001,89,1094,37,14.4,11.96,32,29,Good,High,9,No,31950-102480
Sedan,11,64318,95,1651,36,11.9,12.23,33,35,Moderate,Low,12,No,37245-59447
SUV,7,28942,94,2034,43,12.2,11.74,44,29,Worn,Medium,12,No,26122-103416
Hatchback,1,167940,93,1409,36,13.3,12.15,26,32,Worn,Low,7,Yes,45452-82230
Sedan,12,27592,88,2947,39,11.2,11.73,33,33,Good,Medium,3,No,63714-163876
Truck,7,101825,96,2261,32,4.5,12.32,26,32,Worn,Low,12,No,14536-35568
SUV,6,163233,95,3012,27,11.1,12.69,41,36,Moderate,Medium,8,No,47199-99803
Hatchback,6,201162,98,2375,34,20.2,12.01,37,35,Good,High,9,No,21308-74034
Truck,12,182574,101,1949,36,9.1,11.98,40,36,Good,High,11,No,6043-61881
SUV,11,151408,95,2841,32,12.9,11.97,43,34,Good,Low,8,No,85483-176787
SUV,6,202407,97,1913,34,12.9,12.33,39,28,Good,Medium,2,Yes,44254-128890
SUV,7,208180,96,3051,43,8.5,12.51,45,31,Worn,Low,7,No,49697-158951
Hatchback,10,136616,94,2888,29,14.9,12.62,26,34,Good,Low,9,Yes,29737-100309
SUV,10,73897,105,2571,37,12.2,12.46,42,33,Good,High,1,No,8517-148938
Hatchback,12,59901,85,3378,32,19.0,12.57,43,33,Moderate,Medium,3,No,34702-123210
Hatchback,5,137820,85,769,34,17.0,12.67,37,36,Critical,Medium,2,Yes,15690-65029
Sedan,5,90197,98,2479,34,16.8,11.7,41,35,Critical,Low,12,No,11813-38295
SUV,9,196795,97,2583,37,12.2,12.05,35,29,Critical,Low,12,No,25430-55788
Hatchback,1,55145,88,815,42,17.8,12.66,27,35,Good,Low,4,Yes,81355-158711
SUV,9,209158,102,1138,28,9.6,12.24,33,30,Good,Low,2,No,89558-138882
Truck,3,233409,111,1997,27,6.6,12.2,45,36,Good,Low,7,Yes,14786-26038
SUV,1,6349,99,1459,31,10.8,12.18,31,33,Good,High,10,No,44085-70727
Sedan,12,42630,97,3199,26,16.7,12.49,27,31,Worn,Medium,9,Yes,18448-61871
Hatchback,12,215930,97,2325,41,18.0,11.84,26,35,Critical,Low,5,Yes,12653-46523
SUV,8,157931,106,1687,34,12.3,11.99,32,35,Worn,Low,3,No,28711-84627
Hatchback,3,198460,85,3427,39,14.2,11.98,39,31,Critical,Medium,8,No,18692-67560
Truck,12,225381,111,3148,23,9.1,11.82,43,33,Moderate,Low,3,No,6379-22113
Truck,11,96306,103,2892,28,7.0,12.2,37,29,Moderate,Medium,8,No,21611-40457
SUV,8,105270,90,898,27,11.3,12.43,34,32,Critical,High,12,Yes,5673-9375
Truck,6,24994,109,3320,32,7.7,12.64,27,28,Critical,Medium,4,No,8306-13266
SUV,3,235571,96,635,26,11.4,11.92,39,28,Worn,Low,2,No,75966-168746
Sedan,8,117833,90,1699,27,14.5,12.69,45,34,Moderate,Medium,1,Yes,29218-81520
SUV,12,196644,99,2499,30,10.3,12.33,32,33,Good,Medium,5,Yes,28895-152999
Sedan,11,202723,84,1421,35,14.5,12.18,26,36,Good,High,1,Yes,21476-53322
SUV,11,119700,100,1142,40,9.7,11.81,39,31,Moderate,Low,8,No,73461-144691
Truck,1,207159,103,2027,20,9.2,11.86,39,31,Good,Medium,7,No,14722-37748
Sedan,10,39696,90,3234,31,13.5,12.07,36,29,Worn,Medium,11,Yes,9156-24708
SUV,9,232809,93,2312,35,13.2,12.17,44,32,Good,Low,6,No,63425-180000
SUV,8,73541,88,1577,34,12.5,12.36,40,29,Worn,Low,6,No,68263-140803
Sedan,7,235135,102,842,30,15.7,12.73,44,30,Moderate,Medium,1,No,53641-90235
Truck,5,39160,110,1412,29,4.5,11.72,34,31,Good,Medium,2,Yes,7784-37598
Sedan,4,50999,94,2309,35,12.8,12.65,39,31,Good,Low,6,No,58352-108924
SUV,9,179471,94,2975,38,13.3,12.19,29,34,Good,Low,2,No,29662-170224
SUV,7,161552,98,764,37,12.6,11.93,26,30,Good,Low,1,No,71459-120305
Sedan,10,132063,90,1099,29,15.9,12.59,42,31,Good,Medium,9,No,25774-87850
Sedan,12,206674,98,3078,32,15.0,12.54,39,36,Moderate,Medium,1,No,23891-94637
Truck,12,213318,99,2960,23,5.9,12.54,31,32,Worn,Low,3,No,3280-65131
SUV,3,48401,102,1400,25,9.8,12.35,28,30,Good,Low,4,No,48026-170680
Sedan,10,14024,97,2365,30,15.5,11.72,33,30,Moderate,High,2,No,14634-108597
Sedan,3,192102,91,1628,41,14.0,12.24,40,32,Good,High,1,No,29585-82899
Hatchback,11,117303,95,2763,46,20.8,12.76,36,35,Moderate,Low,8,No,33587-112283
Hatchback,6,29583,91,2780,32,15.8,12.36,35,29,Good,Low,8,No,65209-180000
Sedan,8,17226,101,1798,28,15.2,12.15,28,36,Good,Medium,5,Yes,12073-45862
Hatchback,6,156889,87,2423,45,16.7,11.91,29,31,Moderate,Low,5,No,34917-180000
Truck,7,130147,108,1822,34,4.8,12.32,32,32,Critical,Low,4,No,2614-4956
Truck,4,172360,101,2022,32,4.4,11.97,37,33,Good,Medium,11,No,8437-28149
SUV,3,239547,96,2183,26,11.0,12.57,38,35,Good,Medium,4,No,3269-156811
Sedan,1,73488,94,3232,44,18.2,12.64,36,36,Critical,Medium,5,No,44167-74901
SUV,12,190213,98,1590,39,9.1,12.65,35,29,Good,Low,5,No,13922-179750
Sedan,5,207523,88,860,45,14.0,11.99,39,29,Moderate,Low,7,No,65537-180000
Truck,5,62782,99,2703,26,5.1,11.95,26,35,Worn,Low,11,No,9056-32484
Sedan,11,233855,101,1867,27,16.5,12.41,31,28,Good,High,11,Yes,2954-4722
Truck,6,228050,97,921,34,9.2,11.89,35,31,Good,Medium,11,No,14910-28154
SUV,1,70134,94,1107,28,7.8,12.08,40,34,Good,Low,3,No,75768-120196
Sedan,2,63845,86,3321,27,19.0,12.8,25,32,Moderate,Medium,4,Yes,20858-53896
Hatchback,5,123185,90,759,37,15.5,12.01,37,35,Worn,Medium,11,No,41060-77708
Sedan,2,218480,101,1660,32,12.9,12.25,33,33,Good,High,9,No,22418-90839
Truck,9,197295,99,2672,31,7.4,12.11,44,34,Critical,Low,4,No,11790-38434
SUV,5,197341,92,2392,28,13.2,12.11,31,34,Good,Medium,11,No,25592-120782
SUV,5,243427,93,1346,30,11.0,11.74,33,36,Good,Medium,2,No,42513-137121
Hatchback,7,130156,90,1406,33,18.3,11.81,43,35,Good,Low,6,No,76054-123866
Hatchback,3,180942,90,3438,31,20.8,12.65,25,36,Worn,Low,6,No,30895-122899
Sedan,11,122088,96,1738,28,15.8,12.27,29,35,Good,Medium,7,No,52874-136426
Sedan,10,166339,99,2761,29,15.6,11.99,28,34,Good,Low,5,Yes,34510-70778
Sedan,3,66488,97,3422,32,14.6,11.71,40,35,Critical,Low,12,No,16270-28486
Sedan,5,237906,85,615,36,14.3,12.48,40,35,Good,Medium,3,No,69062-104272
SUV,8,238456,98,2762,39,12.9,12.69,27,30,Moderate,Medium,11,No,31817-83353
Sedan,3,223766,100,1189,34,14.5,11.91,33,28,Moderate,Low,2,No,38742-151720
Sedan,7,110782,87,1627,39,14.4,11.75,38,35,Good,Low,7,No,63606-98898
Sedan,10,213921,99,677,43,13.5,11.93,26,29,Good,Medium,8,No,46567-87597
SUV,6,86361,99,3068,27,7.6,12.75,25,28,Worn,Low,7,Yes,31326-75068
Hatchback,1,236486,91,3355,38,14.3,11.86,44,35,Good,Low,4,No,58626-127166
Hatchback,12,209789,98,725,31,16.8,11.84,31,28,Good,Medium,2,No,36207-106429
SUV,1,73815,103,2656,38,11.7,12.55,30,29,Good,Low,5,No,4251-180000
SUV,10,56243,89,2592,32,12.4,11.77,38,36,Good,Low,4,No,76562-156898
Hatchback,7,161406,86,3305,44,18.2,11.91,36,36,Good,High,4,Yes,23995-86211
SUV,8,25337,92,3409,37,9.6,12.36,31,29,Moderate,Low,7,No,74114-124214
Hatchback,9,110530,100,1767,40,15.5,12.11,28,31,Good,High,5,No,34465-73133
SUV,11,223557,92,1962,24,8.3,12.41,33,32,Worn,Medium,8,No,23887-90589
Sedan,11,37560,83,2688,35,11.9,12.11,29,28,Good,Low,9,No,62364-118424
Hatchback,3,202292,93,706,37,16.1,12.6,43,28,Good,Low,1,No,42485-123837
SUV,1,45558,94,2968,28,7.1,12.17,42,35,Good,Low,6,No,90700-141744
Sedan,6,122084,89,2217,37,14.1,12.29,32,33,Good,Medium,12,No,46544-77784
Sedan,5,174821,96,3043,44,16.9,11.74,43,29,Good,Low,12,No,31750-89176
Truck,3,104478,109,2192,24,8.7,12.19,40,29,Good,Low,9,No,19139-56291
SUV,3,132581,96,3474,30,13.1,11.98,38,29,Good,High,1,Yes,36965-61131
Sedan,10,118054,88,3444,26,15.5,12.39,42,30,Good,Low,2,No,95811-144573
Truck,6,153248,111,1163,26,7.1,12.13,45,36,Critical,Low,7,No,2451-5761
Truck,10,178773,106,1065,17,4.0,12.15,26,29,Worn,Medium,3,Yes,1134-4446
Truck,10,181675,100,1697,22,6.5,11.81,27,35,Moderate,High,11,Yes,412-1608
Hatchback,12,201617,94,1686,27,16.8,12.51,31,33,Good,Low,11,No,39441-134089
SUV,3,193413,96,2926,36,9.8,11.89,36,35,Good,High,8,No,47836-81474
Sedan,7,90467,99,1023,35,17.8,11.88,32,32,Worn,Medium,10,No,11743-72063
SUV,9,126283,100,798,28,13.1,12.39,40,28,Good,High,2,No,49293-126011
Hatchback,1,56016,90,1810,30,16.0,12.56,33,30,Good,Medium,6,Yes,50845-115425
SUV,6,25652,88,638,36,13.5,11.83,26,35,Good,Low,12,No,60496-158656
SUV,2,26724,91,1050,33,10.6,12.07,32,36,Good,Low,8,No,64014-160426
Truck,7,213330,101,1467,25,6.7,12.06,37,35,Worn,Low,2,No,51384-117838
SUV,3,243575,93,2113,31,12.9,12.03,25,32,Moderate,Low,10,No,60010-103754
Truck,3,87737,111,1550,28,4.1,11.89,25,31,Moderate,Low,8,Yes,12301-42233
Hatchback,9,116742,92,1584,40,18.4,12.76,28,30,Good,Low,7,No,87509-179545
Hatchback,12,61326,84,2056,39,19.6,12.57,42,31,Good,Medium,11,Yes,18032-50200
Hatchback,5,48619,96,2383,29,16.2,12.02,35,32,Worn,High,1,No,18390-35054
Sedan,4,30433,89,2756,34,16.1,11.86,37,33,Critical,Low,6,No,41300-64562
Sedan,10,25275,91,2508,38,11.6,12.52,40,34,Moderate,Low,5,No,54471-113029
Hatchback,6,131457,92,735,43,20.9,12.52,37,30,Good,Low,10,No,55912-180000
SUV,12,222482,96,2967,33,9.3,12.46,29,30,Good,High,3,No,26208-87772
Sedan,9,127920,89,1628,32,13.1,12.63,35,29,Good,High,10,Yes,41195-62241
Truck,12,111366,107,3366,30,5.0,12.0,34,30,Good,Low,7,No,37297-64929
Sedan,4,56843,89,1851,31,13.9,12.27,43,31,Worn,Medium,8,No,29068-112341
SUV,4,108588,95,1393,31,13.2,12.06,42,34,Worn,Medium,10,No,37904-73940
Hatchback,2,184747,94,1581,42,15.8,12.33,25,35,Worn,Medium,4,No,62338-112056
Hatchback,8,142690,85,737,35,17.9,11.97,40,30,Good,Low,5,No,63976-180000
Hatchback,2,94994,90,1728,38,16.5,12.64,35,30,Worn,Low,8,No,47267-129001
Sedan,7,216104,87,3451,36,16.4,12.21,28,34,Worn,Medium,3,Yes,41951-135623
Truck,9,180702,102,2041,20,4.0,11.9,43,36,Moderate,Medium,12,No,8072-12850
Truck,11,80184,108,3051,29,5.3,11.76,38,28,Moderate,High,5,No,4654-14148
Truck,3,124451,109,1716,28,3.4,11.83,38,35,Moderate,Medium,5,No,6187-22329
Truck,5,42030,110,2990,32,8.1,12.71,39,32,Good,Low,3,No,16173-36345
SUV,9,24524,98,1482,39,9.7,12.11,44,35,Worn,Low,3,No,33927-165586
Sedan,12,98773,86,1876,33,16.2,12.04,31,36,Critical,Low,7,No,29869-50757
Sedan,1,69278,90,1410,37,17.0,12.56,38,33,Critical,Medium,6,No,32888-68022
Sedan,6,159345,88,2889,27,16.0,12.46,34,32,Good,Medium,1,No,103448-165602
SUV,9,91330,93,1489,32,7.5,12.45,34,33,Moderate,Medium,2,No,45060-139582
Truck,4,165183,98,1196,20,4.1,12.39,41,31,Good,High,2,No,16523-27803
Hatchback,11,102338,96,2016,45,14.5,12.57,26,30,Moderate,Low,1,No,55201-180000
Truck,9,118551,95,3476,25,3.9,12.04,29,33,Critical,Medium,12,No,2399-17655
SUV,5,230705,90,836,40,10.7,12.33,31,29,Good,Low,8,Yes,77892-180000
Truck,1,52019,103,691,23,4.7,12.48,43,29,Moderate,Medium,11,No,15929-29339
Sedan,10,197799,90,3011,35,16.2,11.81,34,31,Moderate,High,3,No,15884-51036
Truck,6,34563,102,3437,20,7.1,12.75,34,29,Moderate,Medium,3,Yes,5183-13551
Truck,12,181527,111,1509,20,4.8,12.39,36,28,Worn,Low,6,No,7560-15766
SUV,6,27318,94,2162,42,10.0,12.26,44,31,Critical,Low,2,No,61631-145973
Hatchback,2,116872,100,1599,31,19.5,12.64,35,33,Good,Medium,7,No,42161-68729
Sedan,5,159447,82,2666,33,17.5,12.4,43,28,Good,High,2,No,30411-112339
Sedan,10,249414,83,2644,32,16.4,11.93,37,32,Good,Low,11,No,25319-84513
SUV,12,126330,92,747,36,12.4,11.81,37,33,Moderate,Low,1,No,73703-154253
Hatchback,2,34928,90,3009,35,15.8,12.01,33,32,Good,Medium,5,Yes,35940-69742
SUV,5,211138,90,3388,24,10.3,12.63,29,34,Worn,High,6,No,18720-69946
Sedan,4,199233,86,2145,40,18.1,12.78,25,34,Good,Medium,10,No,63071-140313
SUV,8,239377,88,1763,33,10.3,12.79,40,28,Critical,Low,11,Yes,16031-39555
Sedan,4,17728,85,3064,40,15.7,12.54,40,34,Good,Low,5,No,82642-168228
SUV,2,33867,98,2120,31,13.8,12.52,39,28,Worn,Low,10,No,35397-77871
Hatchback,11,184382,95,2544,35,16.5,12.54,27,30,Critical,Low,12,No,7017-17715
Hatchback,1,243287,100,2277,38,20.4,11.79,34,28,Worn,Low,10,No,50910-120152
Truck,11,203382,100,2014,33,3.6,12.52,28,35,Worn,High,4,No,9364-30142
Truck,11,194039,98,1750,21,7.5,11.86,39,31,Good,Low,4,No,14027-38295
Truck,6,111702,100,1850,33,8.2,11.98,27,33,Moderate,Low,4,No,7432-129074
Truck,8,113681,111,3440,22,4.8,11.83,25,33,Moderate,High,9,No,945-8500
Sedan,1,89291,89,3081,29,10.9,12.17,29,30,Worn,Low,6,No,53803-108119
SUV,8,16967,97,2160,37,9.6,12.07,30,29,Worn,High,9,No,826-60015
Sedan,12,214443,88,1346,39,14.6,12.23,29,35,Moderate,High,12,No,8791-15511
Sedan,1,166407,88,3116,29,15.3,12.1,39,32,Moderate,High,8,No,9954-71131
SUV,1,168509,95,3325,38,10.4,11.8,38,33,Critical,Medium,11,Yes,11941-33725
SUV,6,47889,96,1942,34,10.3,12.17,25,35,Good,Low,7,No,55283-140229
Truck,10,70424,97,2135,23,8.2,12.54,29,32,Good,Low,4,No,33243-130519
SUV,6,27253,94,2228,27,10.2,12.16,28,33,Good,Medium,7,No,72489-114299
SUV,9,91117,100,2540,40,10.8,12.8,31,31,Good,Low,11,No,24487-84501
Truck,3,31859,112,2915,21,9.6,12.48,39,30,Good,Medium,2,Yes,6503-14395
Truck,9,80082,98,2259,27,9.0,12.12,29,35,Good,Low,10,No,37766-107284
Sedan,5,141797,96,848,28,12.3,12.05,40,28,Critical,Low,8,Yes,11231-32209
SUV,6,233780,105,1985,41,10.2,12.69,33,34,Good,High,9,No,27708-74312
Truck,11,137000,113,2592,30,7.5,12.23,37,36,Good,Low,6,No,18905-34045
Hatchback,2,244768,100,3262,35,17.2,12.67,31,34,Good,Medium,3,No,28489-79989
Truck,11,238187,94,3313,22,7.6,12.5,25,32,Good,Medium,2,No,46187-84715
SUV,2,179149,96,3227,43,9.7,12.46,43,36,Good,Medium,5,No,55066-175096
SUV,11,83862,95,1582,29,8.4,11.8,44,32,Good,High,2,No,7040-176211
Truck,7,199355,98,3322,30,9.7,12.05,36,29,Good,Low,1,No,31214-107780
SUV,11,74845,94,3322,33,12.3,12.27,39,31,Good,Low,11,No,45363-134595
Hatchback,3,36057,86,1255,38,15.9,12.09,29,34,Critical,Low,1,No,54638-97300
Hatchback,7,125644,93,790,31,16.2,12.19,31,35,Good,High,8,No,21684-71380
Sedan,2,129518,97,2825,38,15.7,11.96,42,36,Good,Low,5,Yes,28498-72090
SUV,5,213429,100,2068,24,7.8,12.75,32,32,Moderate,High,12,No,13128-46792
Truck,9,75444,102,1521,31,5.2,12.78,37,32,Moderate,Low,7,Yes,15608-51412
Truck,10,149838,98,2044,29,5.9,12.45,45,28,Moderate,Low,8,No,29017-47783
SUV,7,166173,101,1380,31,13.7,11.9,28,28,Critical,Low,7,No,37814-74484
Hatchback,7,112301,91,1744,34,14.0,11.81,29,29,Good,Medium,11,No,47184-72058
SUV,9,109105,89,1038,30,14.8,12.44,26,31,Worn,Low,2,No,33272-180000
Sedan,5,18768,88,1816,37,14.0,12.13,26,31,Moderate,High,6,No,21743-37355
SUV,9,135513,97,637,25,13.0,12.75,34,29,Critical,Low,8,No,23599-77301
Truck,10,234386,99,911,33,8.7,11.84,45,32,Moderate,High,8,No,22415-36259
Sedan,12,32320,94,3204,34,11.2,12.02,41,30,Good,Low,8,No,32719-180000
SUV,2,217985,90,2461,38,12.8,12.33,28,28,Critical,Low,1,No,68343-179673
Sedan,10,29757,90,972,32,15.3,11.72,40,30,Moderate,Low,2,No,46716-136084
SUV,1,146287,94,2246,26,9.2,11.86,34,33,Good,Medium,11,Yes,11632-98888
Sedan,4,145738,85,719,36,11.5,12.35,34,36,Good,High,2,No,56354-87036
SUV,11,33348,98,2387,33,8.0,12.4,30,36,Good,Low,4,No,28432-160453
Hatchback,7,149829,88,946,46,18.9,11.88,30,28,Moderate,Low,6,Yes,19063-114264
Hatchback,12,205946,97,2304,42,22.2,11.83,28,28,Moderate,Low,5,No,29537-93261
Hatchback,7,82396,93,1718,37,17.7,12.43,35,30,Worn,Medium,9,No,24651-108437
SUV,10,127350,94,1250,25,14.1,12.32,36,28,Good,Low,8,No,105980-173284
Hatchback,2,197221,99,679,31,15.9,12.78,27,30,Critical,High,10,No,2555-13079
Truck,10,160802,104,2071,23,7.6,11.92,30,30,Good,Low,2,Yes,55981-108225
Truck,11,178962,110,1899,28,7.6,11.78,38,36,Critical,Medium,8,Yes,1543-3023
SUV,1,248206,96,931,27,11.3,11.92,25,32,Worn,Medium,10,No,34681-101243
SUV,12,71880,96,3417,23,13.0,11.72,32,31,Critical,Low,8,Yes,16813-53115
SUV,6,221981,99,1536,25,8.4,11.91,33,34,Moderate,Low,6,No,41651-134543
Hatchback,12,126692,95,1211,28,15.2,11.74,42,35,Critical,Low,11,Yes,2398-6594
SUV,2,239219,95,2864,42,9.1,12.3,30,29,Good,Medium,5,No,85105-180000
Truck,6,21597,98,1458,21,4.1,12.7,33,34,Moderate,Medium,7,No,15819-33555
Sedan,6,66539,99,1589,33,13.0,12.64,38,29,Good,Low,11,Yes,18354-33584
Hatchback,2,171760,97,2448,36,17.2,12.49,45,29,Worn,Medium,5,No,32422-117414
SUV,2,66019,95,3248,27,10.2,11.92,36,35,Critical,Medium,12,Yes,6737-12439
Truck,3,248282,98,1779,30,7.7,11.95,42,33,Good,Low,4,No,24973-81213
Truck,12,153837,113,2641,34,9.3,12.03,27,30,Good,Low,12,Yes,8335-15059
Hatchback,10,239129,99,3068,31,14.4,12.27,36,35,Critical,High,1,No,17381-38361
Sedan,7,18008,90,1786,34,18.1,12.79,30,30,Moderate,Medium,11,No,25601-68561
SUV,10,223142,92,763,32,10.4,12.28,30,33,Worn,Low,2,No,46353-173889
Hatchback,4,157153,98,2357,27,15.4,12.36,40,33,Good,High,9,No,6410-75445
Hatchback,9,69124,87,1232,33,19.3,12.14,31,33,Moderate,Medium,3,No,41114-86236
SUV,5,102183,99,3457,42,10.4,12.18,32,31,Good,Medium,2,No,63808-134190
Sedan,2,57456,88,3410,42,12.6,12.64,28,29,Good,High,4,No,41574-129060
Sedan,11,92352,97,1290,39,15.3,11.81,38,32,Good,Low,9,Yes,62569-115189
SUV,3,147216,95,3054,26,9.4,12.49,42,28,Good,Low,12,No,41404-67920
Hatchback,8,134052,95,2933,31,16.4,12.76,25,31,Moderate,Low,5,Yes,8539-59839
Truck,9,45509,109,3194,22,9.3,11.92,27,28,Worn,Medium,3,No,2040-23803
SUV,6,129816,98,3224,31,12.5,12.45,27,34,Good,High,1,No,31197-78137
Hatchback,10,248443,100,3020,41,17.1,12.5,33,35,Critical,Low,5,No,15844-50676
Sedan,1,247791,94,2625,33,14.3,12.3,41,29,Good,High,12,No,8877-28487
Sedan,11,211164,86,3346,31,18.7,12.05,32,35,Worn,Low,2,Yes,39950-65078
SUV,2,195467,95,966,30,13.3,12.75,27,36,Moderate,Low,7,No,49846-111964
SUV,10,70457,90,1649,35,10.5,12.78,25,34,Good,High,8,Yes,31019-56883
SUV,2,122549,93,731,27,8.3,12.34,45,28,Moderate,Low,5,Yes,37196-131030
SUV,1,105348,99,2830,37,13.6,12.18,28,34,Good,Low,1,No,50559-148433
Hatchback,11,154240,101,748,38,22.4,12.03,42,28,Good,Low,9,No,73446-180000
SUV,7,209561,100,1232,24,9.9,12.21,26,32,Good,Medium,7,No,38948-144435
SUV,2,12048,92,1279,28,8.9,12.36,43,29,Moderate,High,12,Yes,8350-29570
Truck,12,46395,110,1491,26,5.1,12.04,38,33,Moderate,Low,11,Yes,2966-5872
Sedan,2,67511,93,604,30,13.1,12.57,45,36,Worn,Low,1,No,80121-145569
Truck,6,237412,97,1404,26,6.4,12.75,42,28,Good,High,11,Yes,923-15046
Hatchback,6,93491,93,2602,36,18.0,12.79,40,28,Moderate,Low,12,Yes,18221-68159
Hatchback,1,87166,91,688,40,16.6,12.2,28,34,Critical,Medium,8,No,22742-61894
Sedan,3,157568,82,2260,32,13.6,12.23,38,36,Worn,High,12,No,16764-27386
Truck,2,184118,108,3080,21,7.7,12.52,28,34,Moderate,Medium,7,No,5047-16567
Truck,10,217554,104,3287,31,10.1,11.78,32,28,Good,Medium,1,No,55976-91834
SUV,1,47058,97,2004,36,8.3,12.14,43,36,Good,High,10,No,44544-80446
Sedan,7,228152,97,2290,30,18.0,11.9,32,33,Moderate,Medium,8,Yes,25312-88914
SUV,2,246916,106,1310,25,9.6,11.78,36,30,Good,High,1,No,27964-100023
Sedan,12,7404,97,654,41,14.5,11.78,31,32,Moderate,Medium,8,No,57984-108424
Hatchback,3,195584,97,1453,35,15.4,12.31,31,34,Moderate,Medium,6,No,24761-66399
Hatchback,7,112472,100,2602,30,17.3,12.41,44,33,Good,Low,6,No,37835-91307
SUV,9,52452,92,2396,35,12.6,12.41,29,33,Moderate,Low,11,No,6843-143188
Truck,11,188519,97,2009,36,5.3,11.89,45,30,Moderate,Medium,6,No,22622-41268
Sedan,9,124783,84,3012,39,15.1,12.72,33,36,Good,Medium,11,No,23597-91519
Hatchback,9,151007,90,3337,35,15.4,11.97,29,34,Moderate,Medium,10,No,33178-83764
Truck,1,215081,109,1224,27,4.9,11.97,38,29,Good,Low,1,No,31570-55584
SUV,12,239530,103,3381,37,10.8,12.64,40,30,Moderate,Medium,1,No,68918-177454
Hatchback,4,54675,90,1930,38,20.6,12.13,41,34,Worn,Medium,2,No,78878-180000
Sedan,2,99894,90,664,27,17.4,12.33,36,33,Good,Low,9,No,79410-153342
SUV,11,126063,101,1443,36,13.0,12.62,43,33,Good,Low,9,No,41211-180000
SUV,5,219692,92,3019,27,9.3,12.15,28,29,Good,Medium,8,No,94837-163861
Hatchback,12,227282,89,2307,40,16.9,12.64,34,33,Good,Low,10,No,47164-158286
Truck,1,203449,102,2200,28,5.2,12.33,33,29,Good,Low,9,No,56423-109351
Truck,7,119306,102,3427,21,8.4,12.45,25,31,Moderate,Low,3,No,6760-48825
Hatchback,4,72574,90,2277,34,18.3,12.17,40,35,Good,Low,3,Yes,28023-89231
Hatchback,4,126547,92,2497,37,18.9,12.77,41,31,Good,Low,8,No,65468-109624
Hatchback,12,89873,86,2868,37,19.6,12.19,31,28,Good,Medium,6,No,34757-131863
Sedan,2,79799,100,2280,35,16.5,12.11,34,30,Good,Medium,12,No,15956-47602
Sedan,12,46495,96,3470,38,17.2,12.29,33,33,Worn,Medium,3,No,54990-102184
Hatchback,7,241983,88,1548,38,16.1,12.8,36,28,Good,Low,4,No,15696-176631
Hatchback,7,39517,90,3177,40,21.4,12.06,43,32,Worn,Low,9,No,62274-115528
Sedan,10,155172,98,1693,35,15.0,12.41,26,33,Critical,Low,1,No,22562-87740
Truck,3,150276,112,2735,23,9.5,12.69,36,30,Good,Medium,2,Yes,6116-19554
Truck,8,189252,96,3484,23,4.6,12.8,30,28,Worn,Low,3,Yes,26035-52401
SUV,2,212539,93,3316,39,10.5,12.03,27,30,Good,Medium,7,No,86449-160989
Hatchback,10,114769,94,2910,47,18.3,12.73,30,28,Good,Low,5,No,91501-180000
Truck,3,85131,94,1130,20,9.7,12.57,35,31,Good,Low,7,No,34592-78260
SUV,4,168484,104,1181,27,8.6,12.6,42,30,Moderate,Medium,6,No,24973-79921
SUV,10,75242,96,2033,40,12.7,11.76,37,31,Worn,Medium,11,Yes,27677-81721
Truck,1,102592,96,1092,23,7.2,12.31,25,29,Critical,Medium,10,No,18517-35271
Sedan,8,87357,90,1352,38,17.2,12.69,30,36,Good,Medium,11,Yes,11261-85047
Sedan,5,120581,92,1878,45,13.6,12.04,36,29,Good,Medium,10,Yes,25982-98424
SUV,9,41528,103,1439,40,10.1,12.21,26,30,Moderate,Medium,1,No,53128-151948
Hatchback,4,200880,86,730,43,16.4,12.71,36,28,Moderate,Low,6,Yes,29903-88471
Sedan,7,136535,93,3087,30,12.0,12.74,34,33,Worn,Low,6,Yes,30191-121075
Sedan,2,111028,85,1130,31,16.2,12.24,34,28,Good,Low,10,No,73707-141433
Sedan,7,73116,94,2436,37,13.4,12.19,43,36,Good,High,7,Yes,20956-39326
Truck,1,174854,107,3401,21,6.0,12.5,25,33,Good,Low,3,No,9498-34552
Sedan,7,141667,93,1714,33,15.6,12.71,28,35,Worn,Medium,8,Yes,28558-64812
SUV,7,203035,91,848,31,8.4,12.4,44,36,Good,Medium,3,No,17151-180000
Truck,12,32856,101,2086,35,6.2,12.44,39,32,Good,Medium,12,No,4699-18747
SUV,10,168556,97,1466,29,11.2,12.71,29,28,Good,Medium,5,No,42023-78429
Hatchback,4,99652,99,3252,37,13.5,12.47,27,35,Good,Low,1,No,49224-119782
Sedan,4,95020,97,2880,26,16.5,12.18,37,30,Worn,Low,4,No,20865-80815
Truck,4,136684,105,3241,28,4.8,12.63,33,28,Moderate,Medium,2,No,37901-70841
Truck,4,172729,99,1010,33,7.0,11.79,28,36,Moderate,High,5,No,8507-28091
SUV,2,27226,87,1939,33,12.4,11.81,43,36,Good,High,9,No,46028-77038
SUV,5,32870,92,2076,34,14.7,11.94,33,35,Worn,Low,9,No,92878-180000
Sedan,7,63979,88,2522,40,12.9,11.78,34,32,Good,Medium,4,No,53519-115693
Sedan,2,232056,90,3358,34,16.4,11.82,29,31,Worn,Low,4,No,41598-73100
Hatchback,11,141332,92,2881,35,15.0,11.98,30,36,Good,Low,9,No,58216-135628
Sedan,2,164928,85,2526,34,13.9,12.16,39,34,Good,Medium,10,Yes,57138-110152
SUV,11,154545,98,1230,33,12.5,12.37,29,34,Moderate,Low,6,No,30126-102030
Hatchback,9,150930,85,2824,28,17.0,12.5,42,31,Good,Low,4,No,58707-166343
Truck,8,157226,103,2874,27,9.7,12.34,30,30,Worn,Medium,3,No,34137-53825
SUV,2,165306,98,1935,34,9.0,12.75,33,33,Moderate,Low,10,No,32161-107911
Truck,5,13671,106,1418,37,8.1,12.38,34,33,Worn,Medium,5,No,7329-49822
Hatchback,1,211937,88,1609,34,17.7,12.76,29,28,Worn,High,11,No,8656-23220
Hatchback,4,52488,94,1453,32,17.9,12.27,37,29,Good,High,8,No,13426-47088
Hatchback,1,112608,90,2562,44,17.8,12.42,32,30,Worn,Low,11,No,24971-171574
Sedan,11,185641,85,1005,30,15.0,12.14,44,29,Worn,Low,5,No,49528-99464
Sedan,1,85696,88,2068,32,14.9,12.45,36,30,Good,Low,8,No,75081-140257
Sedan,4,138348,92,2269,29,14.7,12.15,35,34,Good,Medium,10,No,39458-103020
Truck,7,145408,93,3400,26,9.2,11.79,31,29,Good,Low,6,Yes,43867-113835
SUV,4,48886,101,645,27,12.8,12.53,28,35,Moderate,Low,9,No,33645-148353
Hatchback,11,37416,92,1651,46,17.7,12.77,25,30,Moderate,High,2,No,21935-78065
Sedan,3,236391,93,2901,38,12.9,12.67,33,34,Critical,Low,8,Yes,29500-85636
SUV,2,21906,96,851,25,9.3,11.94,28,33,Good,Low,5,No,99843-171475
Hatchback,4,41727,92,1669,33,18.3,12.16,30,31,Good,Medium,8,No,44739-83695
Truck,2,168327,110,3128,26,6.7,11.82,37,30,Good,Low,1,No,24269-95497
Hatchback,7,8937,95,2993,43,20.3,12.61,39,28,Worn,High,7,No,14651-65669
Sedan,2,124641,97,3090,38,15.5,11.95,41,30,Good,Low,10,No,97573-168053
Hatchback,10,230110,87,2983,37,17.2,12.49,38,28,Good,Medium,7,No,100054-155104
Sedan,7,60623,99,3098,37,16.2,12.49,41,29,Moderate,Low,1,No,56877-136093
Sedan,5,110109,84,996,39,15.7,12.45,41,30,Good,Medium,8,No,61324-100702
Hatchback,2,132952,84,3200,37,22.1,12.16,38,31,Moderate,Low,6,No,99401-176977
Hatchback,6,37685,88,2583,42,17.3,11.84,44,36,Moderate,Low,4,No,56299-169709
SUV,10,87285,106,613,36,8.2,11.99,44,28,Good,Low,3,No,52831-92291
SUV,2,222088,88,2408,28,10.7,11.84,40,28,Good,Medium,5,No,79417-157303
Truck,10,162385,106,814,19,5.0,12.72,40,34,Worn,Medium,9,Yes,1295-3167
SUV,7,199814,91,2516,41,8.8,12.57,45,33,Moderate,Low,4,No,61430-154574
Sedan,5,33685,91,2971,40,15.4,12.53,39,29,Moderate,Medium,9,No,57908-109154
Sedan,12,158211,93,1846,36,13.2,12.42,30,33,Good,High,11,No,16405-41425
Hatchback,8,51749,97,2154,30,21.6,12.46,27,31,Good,Medium,12,Yes,7893-18533
Sedan,5,206582,91,1541,35,16.0,12.36,28,36,Good,Low,12,Yes,23930-44876
Sedan,1,80505,99,1656,36,14.3,11.85,37,30,Moderate,Medium,6,Yes,14091-62165
Truck,1,156166,107,2615,28,7.6,12.36,25,35,Good,High,9,Yes,2371-3677
Hatchback,8,29238,86,1488,35,21.3,12.21,42,32,Good,Medium,1,No,90058-136494
Truck,12,17363,97,1471,31,7.3,12.4,36,36,Worn,High,6,No,13702-28516
SUV,10,61330,94,1868,38,11.7,12.45,25,32,Good,Medium,6,No,60070-148098
Sedan,11,132174,94,2039,43,14.1,11.79,26,32,Worn,Low,10,No,94620-178446
SUV,11,127072,99,3201,39,14.5,11.93,32,30,Critical,Low,8,No,43555-119869
SUV,3,148626,105,2473,27,9.5,11.92,32,32,Critical,Low,8,No,30850-74918
Hatchback,9,219946,82,1320,42,15.5,12.07,33,33,Good,Medium,6,No,57117-159715
Hatchback,9,76355,100,1599,33,18.9,11.97,25,28,Moderate,Low,6,No,12093-142501
Sedan,9,193154,97,1819,35,16.2,12.57,37,28,Good,Low,10,No,32517-72729
Sedan,1,43256,94,642,35,16.4,12.4,44,35,Good,Low,2,No,99794-164392
Truck,8,206831,107,2214,24,6.3,12.63,35,36,Good,High,12,No,652-1480
Hatchback,9,8412,90,1610,41,21.8,11.79,29,32,Good,Low,8,No,82839-164979
Truck,7,82532,93,937,31,7.1,12.23,39,35,Critical,Low,4,No,27827-78561
Hatchback,6,89334,89,911,32,21.9,12.5,27,35,Good,Low,2,No,47222-117004
Hatchback,2,50705,89,1204,38,18.0,12.59,30,32,Worn,Low,11,No,48100-122416
Hatchback,2,237751,90,2569,31,20.7,12.38,42,28,Moderate,Low,6,No,55146-102056
Truck,2,33493,109,3394,30,9.1,12.25,32,36,Good,Low,3,No,32330-59598
Sedan,5,161213,95,1713,42,14.5,11.81,26,36,Good,Low,10,No,44121-141295
Truck,2,178362,111,1990,32,8.5,12.67,32,36,Good,Low,1,No,28761-49255
Sedan,6,239527,99,1026,30,13.9,12.6,44,31,Worn,Low,11,No,21891-102625
SUV,2,98856,93,1035,37,11.9,12.47,31,32,Moderate,High,4,No,49564-85000
Truck,9,72281,104,2256,32,5.7,12.0,26,30,Moderate,High,7,No,4635-51483
Sedan,11,6162,99,961,37,19.0,12.8,31,34,Good,Low,6,No,59648-180000
SUV,4,244037,105,1335,25,10.0,12.03,40,32,Critical,Low,2,No,23870-76664
Sedan,5,241927,99,2267,31,12.8,12.05,28,28,Critical,High,7,No,7772-11846
Truck,10,144512,104,715,26,3.5,12.0,27,34,Worn,Low,6,No,28698-48034
Truck,7,32835,110,1569,26,6.8,12.0,38,28,Worn,High,4,No,2830-8254
Truck,8,187760,106,1448,23,9.7,11.75,31,29,Good,Medium,10,No,10962-26306
Truck,2,215816,97,2964,32,8.4,12.68,33,33,Worn,Medium,4,No,11005-51821
SUV,8,218075,94,2652,29,9.6,11.9,31,34,Good,High,11,No,23750-61250
Truck,7,144872,106,916,25,8.2,12.45,32,32,Critical,Medium,9,No,4342-10422
SUV,2,159867,99,1009,32,12.5,12.61,30,28,Moderate,High,11,No,15332-25294
Truck,9,247134,109,1817,33,3.7,12.32,26,30,Good,Medium,4,No,10780-40702
Truck,12,88383,108,1356,25,6.9,12.75,36,32,Critical,Low,4,No,2341-5127
SUV,6,165426,95,1251,37,9.8,11.94,44,33,Good,High,9,No,39882-92120
Truck,12,57317,106,2972,28,8.8,11.96,31,32,Moderate,Low,5,No,11140-17660
Hatchback,1,129872,90,1710,40,21.9,12.01,29,31,Good,Medium,7,Yes,58309-96823
SUV,2,219961,92,2362,31,11.6,12.8,44,29,Moderate,Medium,5,No,40510-86962
Sedan,4,88988,102,1099,34,13.5,12.45,37,33,Good,Low,3,No,51469-120453
Hatchback,6,6383,96,1980,42,17.3,11.96,45,31,Good,Medium,11,Yes,33034-57222
Sedan,11,69364,96,1608,27,18.9,12.62,27,33,Good,Medium,3,No,20998-146614
SUV,7,216267,98,2852,22,12.3,12.65,37,29,Moderate,Medium,5,No,41099-119461
Hatchback,5,27637,85,2784,38,20.2,12.55,45,31,Good,Medium,7,No,64568-157478
Truck,12,20833,108,1342,21,4.2,12.15,27,28,Critical,Medium,8,No,1353-3915
SUV,10,20151,99,2227,31,8.0,11.89,35,35,Good,High,5,No,20026-71384
Hatchback,8,9234,89,848,38,21.6,12.49,25,35,Good,Medium,6,No,50602-114828
SUV,5,192351,100,1117,35,7.8,11.98,38,30,Moderate,Low,5,No,27087-108091
SUV,4,227064,101,2162,30,15.1,12.45,31,29,Good,Medium,5,No,49067-116403
Truck,4,38066,96,2434,32,3.7,12.17,34,28,Moderate,Medium,1,No,15262-82649
Sedan,2,94819,85,2877,44,15.8,12.0,31,29,Moderate,Low,4,No,63451-178461
Sedan,6,229804,87,3432,27,15.4,11.78,36,34,Good,High,3,No,23345-40147
Hatchback,4,79978,96,769,33,16.5,12.28,35,36,Worn,Medium,8,Yes,43336-75922
SUV,2,46969,98,757,37,13.8,12.14,39,28,Moderate,Low,4,Yes,38672-70068
Truck,4,127117,103,2310,26,4.3,12.24,40,30,Moderate,Low,6,No,1262-73421
Sedan,6,124684,97,3450,36,13.4,11.92,38,36,Moderate,Medium,5,Yes,22867-70721
Hatchback,8,231724,90,686,35,21.6,12.42,32,32,Moderate,Medium,1,No,43636-125868
Hatchback,8,80351,90,3339,44,21.8,12.26,40,30,Moderate,High,9,No,33082-67750
SUV,3,180069,101,1864,27,9.3,11.75,25,32,Critical,High,12,No,277-9309
Sedan,4,238404,88,881,28,17.3,12.09,31,33,Moderate,Low,7,No,39927-85399
Sedan,2,49035,97,3191,37,16.6,12.46,33,32,Good,Low,2,Yes,106084-168962
Hatchback,7,146243,89,1978,38,18.0,11.9,37,30,Worn,Low,1,Yes,69799-112611
SUV,9,135232,94,3428,39,14.4,12.41,33,32,Worn,Low,10,Yes,78404-180000
Hatchback,9,22023,88,1982,40,19.2,12.23,31,31,Good,Low,1,No,76184-146494
Hatchback,4,200550,94,2707,48,21.7,11.94,33,32,Good,Medium,3,Yes,40782-99268
SUV,3,135094,93,1564,27,10.4,12.2,26,30,Moderate,High,5,No,17679-54529
Truck,1,29941,97,1014,26,6.1,12.62,36,35,Good,Low,9,No,43984-110118
Truck,1,203522,100,2141,28,4.4,12.68,35,33,Worn,Low,7,No,13222-40002
Hatchback,1,146520,88,2830,42,16.1,12.31,43,28,Good,High,10,Yes,17318-33798
Sedan,10,67216,87,3302,31,14.9,12.53,43,28,Moderate,High,7,Yes,10812-24832
Sedan,9,208886,97,1605,38,17.5,12.13,44,34,Good,High,2,No,30951-91149
Hatchback,10,215494,97,3040,36,17.9,12.0,38,31,Good,Low,12,No,39995-75183
Truck,3,33803,97,1805,19,9.7,11.85,36,28,Moderate,Medium,12,No,89-8538
Truck,3,178479,110,1274,26,6.2,12.66,37,33,Good,High,12,No,1645-2631
Truck,3,128829,112,1462,33,6.2,12.69,26,28,Worn,Low,12,No,4558-9674
Hatchback,8,213122,85,1814,35,20.3,12.65,43,28,Good,High,11,Yes,8416-26256
Sedan,4,32012,98,677,33,14.2,12.65,39,30,Good,High,1,Yes,22370-64458
SUV,5,39280,95,3492,28,12.4,11.82,39,30,Worn,Low,10,No,22156-163444
SUV,9,240613,91,1237,35,10.8,12.6,28,33,Worn,Medium,6,No,42612-87480
Sedan,3,130558,95,3061,32,14.7,12.44,26,35,Good,Medium,1,No,32720-109846
Truck,5,65292,98,2837,28,5.2,11.84,32,31,Moderate,High,6,No,16149-29513
Truck,11,182793,100,2182,36,7.8,11.88,35,34,Good,Medium,3,Yes,26811-40793
SUV,3,78950,97,1087,36,9.7,11.83,34,29,Worn,Low,2,No,68794-120614
Sedan,6,42293,92,2144,35,16.5,12.19,35,30,Critical,Low,3,No,31002-86674
SUV,7,165655,101,1405,32,14.0,12.35,32,30,Good,Medium,10,No,38014-118924
Hatchback,10,45919,90,2704,38,15.3,11.94,37,29,Good,High,1,No,36389-67653
Sedan,8,180319,89,2253,37,15.9,12.38,35,32,Good,Medium,9,No,21397-180000
Truck,3,206963,96,2617,20,10.6,12.55,40,31,Worn,Low,2,No,38549-73865
SUV,7,148089,93,759,26,8.8,12.42,39,35,Good,Low,10,No,91596-151760
Hatchback,6,25815,92,1353,38,21.2,11.9,26,34,Good,Low,11,No,37940-124348
SUV,6,182810,98,2640,35,9.4,12.12,31,32,Moderate,Medium,3,No,23827-95265
Truck,4,169745,105,2213,31,9.3,12.66,33,28,Worn,Low,9,No,23722-63042
Sedan,4,242716,85,634,28,15.4,11.76,40,36,Moderate,High,1,No,9530-52246
Hatchback,9,231849,88,1640,34,21.5,11.87,40,36,Good,Low,9,No,104482-162288
Truck,2,243191,104,1942,22,8.1,12.64,41,29,Good,High,10,No,23032-35542
SUV,12,166829,105,1800,36,7.6,11.84,31,36,Moderate,Low,2,No,46946-178478
Truck,7,172767,108,3117,21,9.1,12.24,27,36,Moderate,Medium,10,No,5269-13629
Sedan,11,138357,83,1917,36,12.9,12.59,33,35,Moderate,High,8,No,25735-47497
Hatchback,9,199926,95,1923,33,15.9,12.35,42,33,Worn,Low,3,No,19520-180000
SUV,8,117156,104,3395,32,12.1,11.78,26,28,Moderate,Low,9,No,38254-99330
SUV,3,137864,98,2953,26,9.8,11.83,42,34,Good,Medium,9,No,49336-115312
Truck,11,63971,114,1422,24,6.3,12.37,31,36,Good,Medium,2,No,28924-69906
Sedan,9,58859,97,3122,30,14.0,11.99,43,30,Good,High,4,Yes,4017-27150
Hatchback,8,197238,98,3273,41,19.9,12.47,33,28,Good,High,4,Yes,12370-68439
Truck,9,178850,102,1133,21,9.1,11.86,43,36,Good,Medium,12,Yes,4004-12910
SUV,1,165190,89,1803,30,11.2,12.75,26,33,Moderate,Low,6,No,75732-180000
Hatchback,3,165604,85,1340,31,20.7,11.77,35,35,Worn,Low,10,No,43789-68461
SUV,7,117323,103,2488,39,12.9,11.96,42,35,Good,Low,9,No,92529-153211
Truck,2,72307,95,3234,27,7.9,12.32,42,30,Critical,Low,7,No,5077-15369
Truck,3,89101,109,2503,31,5.4,12.01,34,33,Good,High,9,No,2567-9577
Sedan,7,57145,85,2667,29,17.3,11.93,40,28,Moderate,Low,11,Yes,30826-72676
Hatchback,9,109084,92,2322,42,17.6,12.07,38,31,Good,Low,7,No,82173-180000
Truck,1,35608,102,2348,28,8.8,12.46,32,33,Good,Low,5,Yes,33371-82371
Truck,2,42949,114,960,19,3.4,12.55,40,30,Moderate,High,6,No,1087-2301
Sedan,11,165581,97,2639,38,14.2,12.26,29,32,Worn,Low,2,No,60437-180000
Sedan,3,160969,94,2508,37,13.5,12.13,28,30,Worn,Medium,4,No,39181-109591
SUV,6,17729,102,1002,27,9.0,11.95,38,35,Worn,Medium,3,No,35433-87015
Hatchback,10,98385,100,2921,43,21.5,12.46,42,32,Critical,Low,7,No,15296-45132
Hatchback,1,204845,91,2322,34,19.2,12.37,30,36,Moderate,Medium,3,Yes,42238-71372
Sedan,6,197366,90,3137,33,13.3,11.93,43,34,Good,High,4,No,14893-38349
SUV,8,12065,102,2349,38,9.2,12.29,45,28,Moderate,High,6,No,18966-45210
Sedan,4,180115,87,2825,33,14.4,12.4,44,28,Critical,Medium,2,No,19641-117761
Sedan,5,10842,95,3434,30,18.8,12.28,31,32,Good,Medium,4,No,52084-102472
Truck,4,71876,97,2641,16,8.2,12.29,29,33,Good,Low,9,No,27813-43893
SUV,12,249144,97,2718,32,9.4,11.87,27,33,Good,Low,12,No,37548-105600
SUV,7,47413,100,2616,41,11.5,12.32,28,28,Moderate,High,6,No,26077-60305
Hatchback,9,73144,84,1910,41,20.7,12.64,25,33,Moderate,High,3,No,13916-46368
SUV,6,185597,92,1766,31,10.8,12.75,29,29,Good,Low,2,No,67796-173628
SUV,7,31646,96,809,26,13.4,12.67,26,31,Moderate,Medium,3,No,53163-84933
SUV,7,162439,102,991,33,9.2,12.72,28,30,Moderate,Low,1,No,73455-129315
Sedan,11,71809,93,1833,41,16.8,11.87,29,29,Good,Low,12,No,51407-111335
Hatchback,9,172635,86,1232,42,19.0,12.1,38,35,Worn,Low,9,No,91785-145395
Truck,6,156862,97,2538,25,7.3,11.85,26,35,Moderate,High,3,Yes,4662-10928
Hatchback,8,233239,90,1397,35,15.1,12.18,29,28,Good,Low,5,No,64837-118093
Sedan,1,137165,89,2115,40,13.2,12.42,45,35,Worn,Low,12,No,48162-87094
Sedan,5,248171,93,749,29,17.6,12.76,41,35,Good,High,5,No,27905-42415
Truck,9,184677,110,3061,22,8.4,12.65,25,33,Good,High,12,No,149-1993
Hatchback,7,228726,95,1315,34,20.6,12.18,43,34,Worn,High,5,No,4491-21885
Sedan,1,232655,95,2190,36,17.8,12.66,35,34,Worn,Medium,1,No,34815-129969
SUV,9,152177,93,3357,28,11.4,12.68,28,34,Worn,High,11,Yes,19610-37402
Sedan,2,152333,90,1014,28,13.2,12.22,27,35,Moderate,High,4,No,14664-42090
Hatchback,12,20594,93,3098,30,21.2,12.48,25,30,Good,Low,9,No,58544-142520
Truck,10,155560,100,3463,34,9.6,12.12,34,28,Good,Medium,6,No,24539-90197
Sedan,2,204335,98,1831,35,15.2,12.12,28,35,Critical,Low,3,No,18654-56410
SUV,8,25750,101,714,37,9.2,12.2,36,28,Moderate,Medium,4,No,51052-107548
Sedan,8,127953,91,1919,43,17.3,12.2,45,28,Moderate,Low,6,Yes,28422-101255
SUV,5,166477,99,2949,28,9.3,11.78,26,35,Good,High,1,No,20535-134715
Hatchback,9,150821,88,2743,38,18.9,12.79,43,35,Moderate,High,2,No,35694-108990
Sedan,8,239826,88,993,33,15.6,12.1,32,31,Worn,Low,1,No,95017-155341
SUV,2,227251,104,788,28,12.8,12.46,42,29,Worn,Low,5,No,27235-86657
SUV,5,78213,104,2767,40,11.5,12.74,43,29,Worn,Medium,9,Yes,37758-137522
Truck,5,38538,101,1690,21,10.2,12.39,41,31,Moderate,Low,12,No,6830-16730
Hatchback,3,113635,84,2767,43,20.4,12.18,28,28,Worn,Medium,4,No,45531-144443
Truck,8,14824,107,1161,18,8.8,12.1,31,35,Moderate,Low,9,No,7075-12445
Sedan,1,160491,90,1199,44,19.1,11.72,29,32,Good,High,5,No,41099-71949
SUV,2,187633,101,909,27,7.7,12.72,30,34,Good,High,8,Yes,23159-82593
Truck,3,52194,93,2974,27,6.5,11.93,29,30,Good,Medium,5,No,41048-71604
Hatchback,11,144672,89,3303,47,17.6,11.83,41,34,Moderate,Low,11,No,36718-74390
SUV,4,207952,101,1881,39,10.0,12.7,28,36,Good,Low,1,No,57492-125188
Sedan,1,174592,92,2270,34,16.7,12.6,34,36,Critical,Low,11,No,20418-35920
Truck,7,239844,104,1531,22,9.2,12.1,40,29,Moderate,Low,6,Yes,24054-77202
Truck,5,220595,108,1723,30,5.5,11.85,30,32,Good,Low,12,No,9133-19231
Truck,10,81073,99,2955,31,6.2,12.13,34,36,Good,Medium,1,No,39116-100158
SUV,9,189890,102,3345,29,9.5,12.13,26,35,Good,Medium,4,No,31613-70413
Sedan,2,221158,98,1780,32,11.1,12.43,29,34,Worn,Low,1,No,62300-115114
Hatchback,5,210501,91,2813,29,18.5,12.71,40,34,Moderate,Low,3,No,33336-88064
SUV,2,180483,96,1281,33,11.5,11.72,37,31,Moderate,Low,11,Yes,45388-71948
Hatchback,7,106629,92,1322,42,14.9,12.62,28,34,Worn,Low,6,No,76627-124319
Sedan,5,88296,88,3193,43,17.3,11.91,41,31,Moderate,Medium,5,Yes,46049-92135
Truck,6,116837,103,3045,32,4.4,12.24,34,33,Moderate,Low,1,No,40141-108613
Truck,3,210501,98,1044,25,8.5,12.02,35,32,Good,High,1,No,19025-32707
Truck,6,172876,109,2617,34,9.5,12.52,43,35,Worn,Low,4,No,14087-31031
Sedan,12,147713,91,3072,32,12.9,11.89,34,33,Good,Low,8,No,49820-112006
Sedan,12,126892,96,2291,26,12.6,11.85,36,32,Good,Medium,4,No,10150-109198
SUV,3,194425,96,2149,34,10.8,12.5,43,29,Worn,Medium,9,Yes,37486-62068
Sedan,12,56305,88,1887,25,14.5,12.14,33,32,Moderate,Medium,8,No,47302-129973
Sedan,11,210252,90,2772,34,16.9,12.62,44,36,Worn,High,10,No,27009-57727
Hatchback,6,169067,90,1504,37,16.8,12.23,38,35,Good,Low,10,Yes,58717-176035
Sedan,1,20053,94,1273,32,13.6,12.41,42,32,Moderate,Low,8,Yes,54433-84387
Hatchback,10,22682,91,3406,40,19.2,12.02,32,33,Worn,Medium,7,Yes,21583-81143
SUV,7,25193,92,1290,38,9.8,12.79,30,36,Moderate,Medium,5,No,54777-159913
Sedan,6,124446,94,1581,37,14.9,12.33,43,35,Worn,Low,8,Yes,41025-100491
SUV,12,121878,88,2953,34,12.8,12.7,26,32,Good,High,11,No,16666-40060
Hatchback,3,18513,93,1801,40,15.0,11.84,37,36,Good,Low,10,No,58842-111374
Sedan,1,180659,93,1644,37,12.7,12.06,38,31,Moderate,Medium,12,No,10579-59356
Hatchback,12,101836,92,604,46,18.7,12.43,30,34,Good,Low,12,No,34834-78580
Hatchback,10,56943,99,1239,32,19.4,11.83,45,33,Worn,Low,4,No,51211-116501
Hatchback,2,141638,83,3261,34,14.4,12.02,29,34,Good,High,4,No,20158-49152
Sedan,5,198196,96,814,32,13.3,12.26,28,30,Moderate,Low,2,No,44443-133067
Hatchback,2,181828,88,3310,40,22.0,11.76,35,35,Good,High,6,No,43993-128169
Sedan,1,232961,99,621,36,15.9,11.72,25,31,Worn,Low,5,No,31548-112076
SUV,1,242511,93,1147,36,13.1,11.77,38,32,Good,Medium,12,No,45386-110748
SUV,6,162623,97,1233,31,9.4,12.32,39,28,Good,Low,10,No,55343-123933
Sedan,12,138883,84,1423,26,15.1,12.7,30,33,Good,Low,10,No,73390-159574
Truck,7,116066,100,2844,27,4.7,12.35,25,30,Good,Medium,10,No,9323-55981
Truck,11,221898,106,2552,33,2.5,11.9,44,31,Good,Low,12,No,8915-27333
Hatchback,11,169488,98,1431,39,19.2,12.6,31,30,Good,Medium,7,No,42963-94953
Sedan,12,160182,102,1629,38,15.5,12.77,36,28,Worn,Low,12,No,18051-36941
SUV,3,129187,99,1504,39,9.5,12.53,31,34,Good,High,7,No,53925-95661
Sedan,6,213475,99,3365,28,16.1,11.83,33,28,Good,Low,3,No,45734-80626
Truck,12,167882,99,2503,16,9.5,12.24,30,29,Moderate,Low,3,No,15771-27085
SUV,11,197877,90,802,30,9.5,12.14,27,33,Worn,Medium,2,No,82794-180000
Sedan,10,32972,92,3343,33,18.1,12.28,44,36,Good,Low,2,No,45942-166916
Hatchback,5,215774,88,808,44,19.2,12.49,40,30,Moderate,Low,8,Yes,23802-169354
SUV,3,171150,93,782,25,9.8,12.25,27,29,Good,Low,11,No,36080-73500
Sedan,8,96605,91,995,38,15.8,11.99,39,28,Moderate,Low,12,Yes,32507-57981
Sedan,6,177618,89,2507,26,15.5,12.03,27,33,Good,Low,4,No,61799-127599
Truck,2,51838,111,1304,17,10.4,12.54,38,35,Worn,Low,4,Yes,4709-8617
Sedan,3,24032,92,2696,32,14.3,11.95,38,34,Good,Low,11,No,18528-133016
Truck,3,207567,100,2174,26,9.6,12.58,29,35,Good,Medium,9,No,19730-42552
SUV,7,157919,95,1855,25,7.6,12.39,37,32,Good,High,1,No,51811-114545
Sedan,2,209970,90,1764,38,12.9,12.03,25,30,Good,Medium,9,No,50557-180000
Sedan,6,110618,87,1075,40,12.4,12.74,29,29,Moderate,Low,8,No,56504-180000
Hatchback,5,54746,93,3263,42,19.9,12.4,33,35,Worn,Medium,6,No,23448-180000
Sedan,5,173351,97,1639,28,16.4,11.86,44,29,Worn,Low,9,Yes,23688-70720
Hatchback,7,199437,84,3162,30,15.7,12.34,39,33,Good,Low,11,Yes,30560-85988
Truck,2,119829,106,2871,21,9.7,12.02,34,32,Moderate,High,7,No,1856-3718
SUV,7,39371,102,2288,29,11.4,12.73,37,35,Worn,Low,4,No,32447-139320
Sedan,11,234989,87,3107,31,15.6,11.73,25,36,Good,Low,3,No,63547-150367
Truck,4,21931,99,3272,29,8.7,12.62,42,32,Good,Low,10,No,43270-114878
Truck,12,105532,96,1349,31,8.4,11.81,33,28,Good,Low,6,No,55053-111471
SUV,5,25635,99,2373,35,15.1,11.79,43,33,Moderate,Low,7,No,28221-85907
Hatchback,7,196279,85,3495,36,18.8,11.88,44,31,Worn,Low,9,No,71930-180000
Hatchback,6,121058,96,2379,35,17.5,12.63,36,36,Moderate,Low,4,Yes,22839-49291
SUV,6,235178,98,2237,33,13.4,11.71,30,34,Good,Low,2,No,95163-157121
SUV,10,173237,98,2642,27,14.7,11.8,32,30,Good,High,11,No,7465-12691
Truck,12,184332,106,849,26,9.5,11.91,41,33,Moderate,Low,12,No,4980-12478
Hatchback,7,221899,92,3345,36,14.5,12.02,31,30,Critical,High,10,No,6889-34942
SUV,5,46480,99,2306,29,14.4,12.53,38,35,Good,Medium,7,No,28843-122292
Hatchback,8,117482,93,680,34,15.1,11.81,25,36,Critical,Low,6,No,24175-40277
Sedan,8,124521,88,1912,40,13.4,12.41,36,35,Worn,High,9,No,24724-67962
SUV,3,178267,95,2650,29,7.5,12.04,31,36,Worn,Medium,12,Yes,10377-28987
Hatchback,10,105409,94,2467,34,18.4,12.06,40,31,Moderate,Medium,9,No,51343-78249
Sedan,8,134428,92,2257,26,12.7,11.89,44,36,Worn,Low,5,No,36522-98178
SUV,11,150119,91,2192,31,9.5,12.65,33,30,Moderate,Low,4,No,63174-180000
SUV,8,181530,102,1523,32,10.2,11.79,33,35,Good,High,2,Yes,18089-39673
Truck,8,43445,106,1233,34,3.3,12.52,30,28,Good,Medium,12,No,1594-7288
Truck,2,243510,113,1729,21,6.9,11.9,37,32,Moderate,Low,3,No,7396-16416
Truck,12,28466,101,2024,35,6.2,12.45,39,30,Good,Medium,4,No,16497-42445
Hatchback,11,127170,90,924,40,18.1,12.23,37,31,Good,Low,2,No,51281-159537
Sedan,3,94354,96,1807,32,15.6,12.2,41,31,Good,Low,11,No,19386-37322
SUV,11,155303,93,1641,30,10.9,11.74,34,34,Good,High,1,Yes,52593-112007
Hatchback,7,57551,88,1470,33,15.3,12.35,33,34,Good,Low,4,No,59021-180000
Truck,9,211717,95,1833,28,8.7,12.48,44,31,Critical,High,10,Yes,385-2034
Truck,7,167516,103,2161,24,7.9,12.15,32,31,Worn,Low,8,Yes,16996-56710
SUV,1,214073,104,3066,31,13.0,12.07,25,29,Good,Low,5,No,66357-105087
Truck,7,34607,109,3127,21,4.1,12.62,33,29,Good,Low,2,Yes,15354-25154
Hatchback,9,230723,100,1589,33,19.7,11.9,41,36,Moderate,Low,5,Yes,21606-54612
Sedan,8,63171,94,1169,27,16.3,12.47,35,29,Moderate,High,12,Yes,5505-9159
Hatchback,9,118719,95,2652,35,14.4,12.04,41,28,Moderate,Low,12,No,4504-81180
Sedan,2,149023,93,1851,32,16.6,11.86,32,34,Critical,Low,2,No,13659-105797
SUV,4,233469,93,1548,33,8.4,12.69,37,28,Good,Medium,11,No,39363-115773
Sedan,9,200200,94,2249,31,16.5,12.65,45,35,Good,Low,7,No,46092-143518
Hatchback,10,136618,87,1414,36,15.1,11.88,38,32,Good,Medium,9,Yes,43223-133013
Hatchback,8,80931,93,2247,29,20.4,12.12,29,28,Moderate,High,3,Yes,12511-26783
Sedan,7,66496,95,3170,41,14.6,12.05,40,36,Good,Low,11,No,41586-67466
SUV,4,175677,107,1583,27,10.5,12.32,30,33,Worn,Low,11,No,8448-20034
SUV,6,198236,94,705,31,7.1,11.96,26,36,Good,Low,2,Yes,67864-180000
Sedan,9,127666,90,941,32,16.2,12.28,36,31,Good,Low,5,No,53943-110017
Truck,9,207660,102,973,22,4.1,12.66,42,34,Good,Medium,4,No,16414-40460
Truck,4,217980,100,1616,29,6.1,12.38,25,29,Good,Low,7,No,47983-127927
SUV,8,174424,93,2760,35,11.7,12.56,44,29,Good,Low,10,Yes,58616-180000
SUV,7,76201,100,844,37,8.3,11.95,30,36,Critical,Low,7,No,46365-87889
SUV,1,34246,94,624,31,9.7,12.41,36,36,Good,Medium,10,Yes,26300-83810
SUV,6,185845,100,1220,34,9.8,12.53,28,30,Critical,Low,8,No,21556-33486
Sedan,12,245137,88,1912,40,16.3,12.29,42,32,Good,Low,4,No,68652-165866
Truck,5,83859,109,2125,33,7.9,11.9,25,33,Worn,Medium,4,No,7191-17119
SUV,3,242776,98,684,28,8.0,11.8,41,35,Good,High,11,No,14527-24431
Hatchback,10,32705,86,1666,31,20.7,12.02,29,32,Good,Low,2,No,70981-180000
Sedan,8,116787,99,2907,28,14.9,12.41,45,29,Good,Low,7,No,41265-129201
SUV,11,73048,93,1144,24,11.7,12.74,27,28,Moderate,Medium,1,No,86057-164909
SUV,1,131115,98,3046,33,14.9,11.85,27,28,Worn,Low,5,No,23765-78935
Hatchback,7,7586,93,979,42,18.0,12.11,38,35,Worn,Low,11,Yes,40706-63300
Sedan,10,16277,91,2574,26,13.7,12.08,41,35,Moderate,Low,8,No,43040-76404
SUV,11,231066,94,811,41,13.9,12.19,39,30,Critical,Medium,10,No,42501-102833
Truck,11,246890,109,658,25,7.9,12.02,32,34,Critical,Low,7,No,4915-15667
Hatchback,4,133950,82,939,36,21.7,12.63,34,33,Good,Low,6,No,59881-180000
Sedan,7,178312,85,1523,43,17.2,12.35,38,33,Good,Low,10,No,54295-180000
Hatchback,4,27341,89,1952,37,20.5,11.76,25,31,Good,Low,1,No,50327-152973
Sedan,6,151332,83,852,40,14.2,11.96,45,33,Moderate,Medium,7,Yes,46334-80840
Hatchback,6,230092,91,1578,31,14.5,11.93,32,34,Moderate,Low,6,Yes,44980-87646
Hatchback,3,59194,96,3332,33,13.9,11.72,29,30,Good,Medium,10,No,54452-110848
Truck,7,176854,108,1357,20,6.2,12.09,37,34,Worn,Medium,7,Yes,328-852
SUV,3,54782,100,736,28,7.9,12.35,32,33,Worn,Medium,3,Yes,21090-74555
Truck,9,236633,109,2094,29,9.0,11.95,42,28,Good,High,12,Yes,1278-2710
Hatchback,8,14788,83,2287,44,19.7,11.83,34,35,Good,High,7,No,60907-101031
Hatchback,11,22826,91,1988,38,16.9,12.72,27,31,Good,Low,11,No,26249-98841
Truck,11,53572,102,3238,25,8.8,12.55,39,35,Good,Low,1,No,31564-103065
Sedan,7,174011,91,3448,37,13.6,12.63,38,30,Worn,Low,11,No,20955-125603
Hatchback,12,227745,90,1641,37,21.0,12.52,33,35,Moderate,Medium,2,No,55914-180000
Hatchback,8,214368,88,2382,28,21.4,12.73,43,35,Critical,Low,7,No,25119-68297
SUV,2,118605,89,1409,32,8.0,12.18,35,30,Good,Low,12,No,11773-127763
Truck,12,171788,109,2016,29,8.6,12.14,44,34,Good,Low,6,Yes,5962-14392
SUV,12,8285,97,1421,28,8.6,12.61,35,36,Good,Low,5,No,66225-135585
Hatchback,1,200394,85,2566,43,21.8,12.13,29,28,Good,Medium,2,No,74475-115223
Sedan,7,172093,87,2501,31,12.1,12.76,28,28,Worn,Medium,12,No,25894-66984
Sedan,1,11009,90,2305,43,15.3,12.74,26,33,Moderate,Low,9,Yes,12444-144504
Hatchback,7,45999,87,626,31,19.7,11.95,44,31,Worn,High,9,No,16362-41014
Hatchback,8,21392,96,1273,31,15.5,11.9,28,31,Worn,Medium,7,No,27251-84109
Truck,10,139092,104,897,21,7.1,11.89,40,34,Good,Medium,11,No,1633-4943
Sedan,3,43712,96,2606,43,14.8,12.77,32,29,Moderate,Low,5,Yes,54024-83838
Truck,8,229756,109,2398,31,9.2,11.91,36,30,Good,Medium,4,No,4597-17189
Truck,6,128220,109,1273,28,3.5,12.47,29,30,Good,Medium,10,No,6694-32113
Sedan,5,158572,91,918,36,13.4,12.25,30,29,Moderate,Low,12,No,41015-127549
SUV,9,241682,95,1076,23,10.6,12.37,42,31,Good,Low,10,Yes,41429-72059
Sedan,4,10182,98,2634,39,14.0,11.93,30,34,Moderate,Medium,5,No,53662-98892
SUV,9,206240,104,2398,31,14.6,12.38,35,32,Moderate,Low,1,No,86541-163455
Hatchback,1,19649,95,2543,34,15.8,12.14,30,34,Good,Medium,5,No,49254-77362
Sedan,2,211139,102,2202,27,15.2,11.76,38,31,Good,Medium,6,Yes,22351-58611
Truck,8,71258,107,2497,26,8.8,12.63,39,28,Moderate,Medium,2,No,10588-34542
Sedan,10,9842,84,3262,36,12.7,12.53,32,32,Moderate,High,8,No,24994-106455
Hatchback,7,49909,90,1936,39,19.8,11.72,45,34,Good,High,1,No,36709-147313
SUV,5,70091,106,1501,32,12.1,12.51,43,35,Moderate,High,12,No,4201-6713
Hatchback,12,160387,97,2547,27,13.5,12.8,26,33,Critical,Low,6,Yes,10481-28287
SUV,11,120660,95,2299,30,10.3,12.4,36,32,Good,Medium,11,No,25160-55426
Truck,4,112854,107,1623,25,7.0,11.8,25,34,Good,High,12,No,871-2477
SUV,7,106284,96,3245,31,11.5,11.8,32,33,Critical,Medium,6,Yes,12722-32792
SUV,6,124761,89,2126,39,10.4,11.9,38,31,Good,Low,7,No,63791-138097
Hatchback,5,203109,92,863,36,22.5,12.64,25,33,Good,Low,5,No,61596-161262
SUV,6,75744,94,3081,41,9.9,12.8,42,30,Worn,Low,10,No,32326-180000
SUV,3,56216,97,3445,30,10.4,12.16,39,29,Good,High,2,No,56772-105712
SUV,12,80584,99,3192,32,10.5,12.55,25,35,Worn,High,5,Yes,5270-20426
Hatchback,11,111622,89,1217,35,19.6,12.75,41,32,Good,Low,11,No,41822-71658
Truck,4,56437,106,1584,22,5.7,12.22,42,31,Good,Low,10,Yes,9755-16349
Hatchback,11,233087,91,1506,33,16.9,12.37,25,35,Good,High,9,No,27655-58339
Hatchback,1,189934,89,2825,43,16.1,12.29,35,28,Moderate,Medium,8,No,33911-126249
Sedan,2,64527,89,2061,41,15.7,12.26,44,34,Critical,High,10,No,19537-39109
SUV,2,228466,98,1034,36,13.3,12.73,28,32,Good,Low,3,No,54019-167601
Sedan,11,136497,97,795,36,14.9,12.63,44,35,Good,Medium,3,No,9788-155088
SUV,12,167411,99,2315,26,8.7,12.44,34,28,Good,Low,9,Yes,39446-107596
SUV,1,71062,91,1519,37,9.2,12.34,25,36,Critical,Low,7,No,61751-99011
Truck,4,20885,98,3379,32,9.1,12.03,40,33,Good,Low,2,No,44375-85545
SUV,10,167964,95,3157,38,11.1,12.51,35,31,Moderate,Medium,9,No,36978-116594
Sedan,1,210801,92,2902,41,16.2,12.71,44,36,Good,High,8,No,38908-83364
Hatchback,8,102922,100,2863,47,16.3,12.08,31,28,Good,High,3,Yes,11568-114754
Sedan,4,45037,90,3259,39,16.2,12.72,29,35,Good,Low,7,No,88939-157847
Sedan,8,144393,91,2238,44,11.6,12.43,38,32,Good,Low,2,No,90467-146277
Sedan,7,91864,98,2222,34,13.5,12.77,41,31,Good,Medium,2,No,28195-93441
Hatchback,1,11325,94,3324,45,18.7,11.73,36,30,Moderate,Medium,10,No,43411-69459
Hatchback,9,183456,87,1710,37,16.3,12.5,41,29,Good,High,5,No,45037-99331
Hatchback,1,165814,89,3053,35,15.8,12.35,39,32,Worn,High,4,No,6262-54383
Truck,12,16000,100,2182,22,9.1,12.15,33,31,Worn,High,9,No,4198-30430
Sedan,1,148615,89,2554,32,17.3,12.01,25,36,Moderate,Low,8,No,47605-78559
Sedan,7,55664,91,690,34,16.4,12.5,44,36,Moderate,High,10,Yes,5534-21704
SUV,2,219992,95,799,34,11.0,12.73,37,36,Moderate,Low,3,Yes,31291-135502
SUV,12,245326,102,715,35,11.6,12.76,31,34,Worn,Medium,4,No,27527-107965
Sedan,11,218098,88,639,35,13.6,11.87,26,31,Moderate,Low,6,No,48842-102102
Truck,12,106191,107,2647,23,7.3,12.3,35,32,Good,Medium,3,Yes,7939-29989
Sedan,4,227614,91,1262,41,15.1,12.77,28,34,Moderate,High,7,Yes,15585-38285
Sedan,10,185276,90,3309,34,18.6,12.5,35,36,Good,High,9,No,19941-54553
Sedan,11,154741,97,3055,38,14.1,12.42,37,34,Critical,Low,11,No,9833-31039
Sedan,4,163888,89,1218,33,14.0,12.1,33,29,Moderate,Medium,5,No,42550-136128
Truck,9,25335,107,2889,26,4.2,11.83,33,30,Moderate,High,10,No,2458-6172
Truck,12,208738,96,3022,35,8.8,12.04,27,33,Moderate,Medium,1,No,13622-38732
Hatchback,10,141800,98,2203,43,20.5,12.59,44,36,Good,Low,11,No,33224-98226
Truck,2,170915,97,1653,34,5.4,11.74,43,36,Good,Low,5,No,31041-110001
Hatchback,10,152766,84,3464,30,15.7,11.77,37,35,Good,Medium,9,No,44091-89055
Hatchback,9,202798,97,2248,45,15.7,11.75,32,35,Critical,Low,10,No,22092-39178
Hatchback,9,111498,87,1971,45,17.3,12.43,31,31,Worn,Low,5,No,71233-140019
Truck,8,109650,115,2263,26,6.1,12.31,39,30,Good,High,1,Yes,3342-8492
SUV,11,56896,99,2938,32,13.5,12.47,31,29,Worn,Medium,7,No,43725-73155
Hatchback,12,39478,100,3325,39,22.6,12.2,27,36,Moderate,Medium,3,No,46599-90285
Hatchback,1,217475,89,664,36,18.4,12.75,41,35,Good,Medium,8,No,64989-180000
Sedan,8,191080,96,2970,33,16.8,12.25,43,31,Good,High,12,No,8432-26802
Hatchback,9,145825,90,1226,44,15.4,12.09,35,33,Moderate,Medium,1,No,92926-174328
SUV,11,37912,91,2845,34,9.9,12.46,38,29,Moderate,Low,9,No,71160-146642
SUV,1,5443,101,2697,28,12.0,12.05,31,33,Critical,Low,11,No,9314-23930
Sedan,9,115249,90,3142,41,13.4,12.59,38,28,Good,Low,7,No,57024-179017
Hatchback,12,201340,85,1318,34,17.2,12.18,26,32,Worn,Low,3,Yes,33390-84988
SUV,10,170256,90,2776,28,13.7,12.35,39,33,Good,Low,10,No,84504-144926
Truck,10,201847,95,1577,25,7.3,12.43,44,28,Worn,Medium,9,No,18196-37860
Sedan,12,180897,89,2203,32,17.2,12.6,29,29,Good,Medium,9,No,19852-100329
Hatchback,11,22638,97,1849,36,19.9,12.18,30,28,Critical,High,8,Yes,4979-15987
Truck,12,246273,99,1600,35,3.2,12.15,38,29,Good,Medium,10,No,21623-59123
Sedan,12,123093,87,3367,44,16.5,12.79,27,32,Worn,Low,7,No,61221-159033
SUV,8,137672,98,1282,32,12.8,12.69,36,35,Moderate,Low,8,No,48997-124861
SUV,11,201902,93,965,27,10.3,11.82,25,31,Moderate,High,11,Yes,12961-29829
SUV,6,62602,94,1393,29,10.1,11.85,43,32,Good,Medium,3,No,94784-175052
Hatchback,5,195283,90,3189,45,15.7,12.26,26,35,Good,High,3,No,37400-73518
Sedan,3,118776,85,621,33,15.3,11.85,26,34,Good,Low,6,No,65517-142515
Sedan,8,146519,90,1067,34,14.5,12.58,31,34,Good,Low,3,No,85861-173769
Hatchback,2,112312,89,1594,27,16.0,12.3,40,35,Worn,High,11,No,6486-42119
Truck,8,190255,97,2926,20,3.4,12.51,36,33,Good,Medium,1,No,9840-61296
SUV,1,21498,94,1058,28,9.3,12.79,41,31,Worn,High,6,No,13511-41279
Hatchback,9,102082,88,2030,41,13.1,12.16,44,35,Good,Low,6,No,60554-105088
Sedan,3,28015,91,942,29,17.3,11.83,35,29,Good,Low,4,Yes,42825-116577
Truck,11,224101,101,1925,32,5.9,12.18,40,34,Worn,High,4,Yes,1074-7129
Sedan,10,194255,84,3285,36,12.2,11.86,40,35,Good,Low,8,No,55512-171002
Sedan,5,153294,88,2122,41,16.1,12.77,42,35,Moderate,Medium,6,No,33220-86720
Sedan,8,55128,93,3486,38,18.4,12.25,30,33,Moderate,Medium,3,No,41609-134877
SUV,3,9228,98,912,35,7.7,12.56,35,30,Worn,Medium,4,No,29987-71381
Sedan,2,124343,94,1689,29,15.6,11.98,27,36,Good,Low,6,No,54317-180000
Sedan,4,127615,93,1408,34,12.9,12.74,43,30,Good,Low,9,No,40137-133787
Truck,10,29459,98,982,27,6.0,12.11,31,36,Good,Low,12,Yes,8067-26167
SUV,6,206302,100,3137,33,9.2,12.02,28,33,Good,Low,11,Yes,23625-49087
Sedan,7,145049,99,2303,34,16.3,11.83,29,29,Good,Low,3,No,51043-113299
Truck,2,216942,101,1676,31,9.0,11.74,27,28,Worn,Medium,5,No,21098-40046
SUV,3,89346,91,1182,39,13.1,12.11,29,33,Moderate,Low,11,Yes,49999-118265
Truck,3,130142,110,1785,25,4.0,11.79,36,28,Good,Low,10,No,312-62200
SUV,6,22042,103,736,24,10.6,11.89,32,36,Good,Low,6,No,64982-113022
Truck,2,35597,109,737,16,4.7,12.72,44,32,Good,Low,7,No,7436-48391
Hatchback,4,121660,94,3209,44,22.3,12.42,42,34,Good,Medium,5,No,38794-122406
Truck,9,7978,105,1447,26,8.4,11.97,35,30,Moderate,Medium,11,No,8645-23051
Truck,1,145760,96,1790,17,5.0,11.71,35,30,Good,Medium,6,No,14679-32599
Hatchback,6,209769,95,798,31,21.8,12.15,43,35,Good,High,8,No,7268-54986
SUV,1,80990,100,2879,41,9.4,12.71,33,35,Good,High,1,No,65077-111049
SUV,6,136098,91,900,32,14.0,11.97,33,32,Worn,Low,4,No,73673-127661
SUV,12,225395,99,1524,39,14.7,12.66,29,33,Critical,Medium,7,Yes,14511-50025
Hatchback,2,131688,90,2480,36,14.3,12.18,30,35,Good,Medium,10,Yes,39231-129641
Sedan,1,29333,99,2382,39,11.4,12.14,34,35,Moderate,Medium,6,No,38863-64405
Sedan,1,95150,86,630,29,17.9,12.54,32,35,Good,High,3,Yes,19356-76104
Sedan,4,54412,91,856,28,15.0,11.93,38,30,Good,Medium,2,No,54041-128589
Sedan,3,70754,89,1841,40,14.3,12.46,41,31,Good,Low,4,Yes,60935-159287
Sedan,7,166362,94,1004,29,13.0,12.39,33,33,Moderate,High,11,No,11466-23968
SUV,9,232858,91,2978,41,9.4,12.61,34,30,Critical,Low,3,No,36499-93653
SUV,10,60715,102,961,37,11.8,12.41,44,33,Critical,Low,6,No,39118-61342
Truck,2,197982,99,2011,29,7.1,12.52,38,31,Moderate,Medium,8,No,18809-119308
Sedan,11,56451,87,642,41,17.3,12.36,41,30,Good,Low,1,No,36431-180000
Sedan,8,37615,101,870,31,17.7,12.44,37,31,Good,High,11,No,17342-32014
SUV,2,182695,104,2256,25,12.3,12.03,32,33,Good,Low,5,Yes,36513-77435
SUV,10,165850,102,1390,33,11.5,12.48,27,32,Good,Low,5,Yes,21994-122115
Truck,12,196361,105,3427,36,7.9,12.55,30,36,Moderate,Medium,4,No,23990-50838
Truck,9,238019,110,683,16,8.6,12.11,27,28,Moderate,Low,10,No,4278-9546
SUV,8,21513,96,1681,30,11.3,12.69,33,29,Good,Medium,10,No,33075-69801
Hatchback,7,221922,91,2180,41,21.3,12.68,44,31,Critical,Low,3,Yes,24328-69370
SUV,2,221872,91,1557,35,14.2,12.04,44,29,Good,High,4,No,60443-91423
Hatchback,12,124765,98,3103,33,16.7,12.8,31,36,Good,Low,7,No,38896-112334
Hatchback,5,222233,100,1860,32,16.7,11.86,36,28,Good,Medium,6,No,26362-73830
SUV,9,246298,102,3384,36,9.3,12.3,41,28,Good,High,12,No,23308-70808
Hatchback,5,18407,85,880,35,18.1,11.78,43,35,Critical,Low,1,No,3294-164147
Sedan,7,138443,94,3184,38,11.9,12.76,45,33,Good,Low,9,No,45961-147839
Truck,2,99622,112,2649,24,4.7,12.56,28,36,Moderate,Low,1,No,13339-82953
SUV,9,90008,96,3476,38,11.1,11.85,28,29,Good,Low,5,No,66283-116447
Truck,7,62476,103,2716,31,6.1,12.5,30,35,Moderate,Medium,5,No,27315-42701
Sedan,10,51389,89,3404,39,17.5,12.0,36,32,Moderate,Low,10,Yes,8738-139677
Hatchback,10,69860,88,3085,38,18.2,12.26,36,31,Worn,Low,5,Yes,36121-76013
Truck,6,160564,96,2772,31,7.7,12.36,26,33,Good,Medium,7,Yes,13769-37865
Truck,8,105792,101,629,28,6.0,11.85,26,35,Good,Low,7,No,14704-103053
Hatchback,10,202703,96,1267,36,20.7,11.76,36,29,Worn,Low,11,Yes,30079-89157
SUV,10,66294,93,1306,26,9.6,12.53,36,34,Good,High,7,No,35842-99540
SUV,7,53767,92,3007,38,12.5,12.65,36,28,Good,Low,2,No,68613-180000
Hatchback,10,218134,92,2480,31,16.5,12.08,36,36,Worn,High,4,No,27196-69986
Hatchback,7,118501,92,1306,31,20.5,12.54,29,30,Good,High,3,No,10638-39896
Truck,2,173952,96,1201,18,6.1,12.35,26,35,Worn,Low,8,No,19681-31669
Sedan,1,149474,87,1456,28,14.8,12.75,44,30,Good,Low,3,No,67127-148499
SUV,4,214470,103,2117,40,8.9,11.96,33,29,Moderate,Medium,6,Yes,44632-95082
SUV,4,180971,99,2340,27,14.3,12.0,32,28,Critical,Medium,10,No,24856-102585
Sedan,5,40125,98,2682,28,14.6,12.79,26,29,Worn,Low,12,No,13078-78697
SUV,2,143825,96,1487,28,10.2,12.57,34,29,Worn,Low,4,No,44218-127178
Sedan,3,111222,90,692,41,17.0,12.78,35,28,Moderate,Low,5,No,59362-168930
Sedan,10,60726,88,2485,35,13.7,12.09,38,31,Good,Medium,12,No,20671-36927
Sedan,9,135630,98,1686,31,15.2,11.82,39,31,Moderate,Medium,6,No,28188-69278
Hatchback,6,138314,95,3209,41,13.3,11.83,44,34,Good,Low,1,No,67069-119697
SUV,12,78377,97,2698,40,10.5,11.9,41,28,Critical,High,9,No,4664-17940
Hatchback,12,5019,93,1142,37,21.2,12.64,36,30,Moderate,Low,9,Yes,40536-62758
Hatchback,8,36819,89,1425,31,17.8,12.41,26,34,Moderate,High,1,No,12776-68990
Sedan,6,77467,96,3411,39,13.1,12.22,43,36,Critical,Medium,1,No,16896-51032
Truck,2,31849,100,1044,26,9.1,11.82,26,33,Good,Low,7,No,66323-106731
Truck,10,50691,106,1612,28,7.7,12.72,39,36,Worn,Medium,6,No,10524-41454
Truck,12,68660,102,2989,28,8.6,12.31,26,34,Worn,High,4,No,8290-14966
Truck,1,24777,104,1468,25,8.7,12.73,25,35,Good,Low,7,No,38311-103245
Sedan,1,31070,96,2813,41,15.9,11.71,37,32,Good,High,2,No,40560-117523
Sedan,2,183346,88,2078,38,17.7,12.39,30,32,Good,Medium,6,No,39929-157941
Hatchback,4,21749,99,1843,35,18.6,12.17,40,35,Good,Low,2,Yes,28990-77666
Truck,1,240383,94,1055,21,7.5,11.77,41,30,Good,Medium,9,Yes,14197-50080
Hatchback,3,244320,90,2277,35,19.4,12.76,31,29,Moderate,Low,10,No,35821-136749
SUV,6,110525,98,2055,32,12.9,12.72,45,28,Good,Low,5,No,88928-160126
Sedan,7,245895,102,2391,28,14.4,12.06,26,30,Worn,Medium,8,No,37811-75741
Truck,10,116490,111,3210,22,4.1,12.31,44,35,Good,Medium,3,Yes,17090-28794
SUV,7,211384,100,3469,36,12.6,12.24,42,35,Worn,Low,10,No,47953-180000
SUV,8,186870,104,707,34,10.1,12.49,35,35,Worn,Low,6,Yes,45206-73540
Truck,8,163828,101,1370,19,8.4,12.13,25,35,Good,High,2,No,4986-15590
Hatchback,10,243533,87,685,34,19.0,11.85,37,36,Good,Low,10,No,38222-136462
Sedan,2,220391,101,2024,43,13.1,12.33,33,28,Moderate,Low,4,No,54410-122628
Sedan,5,103704,91,2018,31,17.5,12.56,28,35,Worn,Low,1,No,17938-180000
SUV,5,124067,103,1621,27,10.3,11.93,35,36,Moderate,Medium,8,No,40175-84247
Sedan,5,234185,95,800,25,14.7,12.14,45,30,Good,Low,7,No,44677-87395
SUV,7,130552,98,1068,30,8.6,12.26,33,28,Good,High,4,No,26549-77153
Truck,7,185729,106,3312,23,8.1,12.46,42,29,Good,Low,11,No,6275-14003
Sedan,11,227111,88,1896,38,14.7,12.18,38,34,Moderate,High,1,Yes,39499-64731
Truck,10,171625,106,1321,21,9.7,12.63,28,30,Good,Low,7,No,13176-20180
Truck,9,224805,108,3259,23,8.9,12.75,44,35,Moderate,High,1,No,3313-6361
Sedan,1,68338,97,3138,39,16.1,12.17,31,34,Good,Low,9,No,58865-113251
Sedan,9,206729,100,2473,34,14.5,12.64,40,30,Moderate,Medium,11,Yes,17453-28749
SUV,2,229038,91,1808,26,10.1,11.75,41,35,Good,Medium,8,No,53779-180000
Truck,8,13633,100,1885,19,9.5,12.53,40,36,Good,Medium,12,Yes,5813-12485
SUV,5,80801,89,2535,29,11.4,12.17,29,35,Good,Low,11,No,60046-90992
SUV,6,53598,96,1290,40,9.3,12.49,26,32,Good,Low,6,No,59519-151241
Sedan,9,112177,98,2762,30,15.6,12.47,27,36,Good,Low,4,No,43799-99875
Sedan,4,10542,97,921,31,17.0,11.99,35,35,Good,Low,5,No,43495-133799
SUV,5,139700,96,1686,26,9.3,12.71,34,33,Worn,Medium,6,No,31022-159723
SUV,7,234652,99,1317,29,7.3,11.7,36,36,Moderate,Low,12,No,30006-70248
Truck,10,12432,95,2353,26,6.5,12.17,26,32,Critical,High,1,No,4593-8767
SUV,3,103464,98,2800,30,13.9,11.88,44,36,Moderate,High,2,No,26117-41981
Truck,8,17784,99,1513,27,8.2,12.41,38,35,Good,Low,5,Yes,32824-60988
SUV,6,49019,93,3031,35,10.2,12.41,31,36,Moderate,Medium,1,No,62797-125065
Hatchback,11,146205,94,2475,41,14.1,12.19,45,35,Good,Medium,3,Yes,49176-86894
SUV,11,138636,98,2886,31,13.5,12.46,29,36,Moderate,Medium,11,No,36869-65269
SUV,4,142589,101,1370,40,11.2,12.04,40,29,Critical,Low,6,Yes,19059-64703
Truck,4,25078,95,885,31,5.4,12.48,44,30,Good,Low,5,Yes,20180-67142
Sedan,6,161721,94,1008,37,14.1,12.75,34,29,Good,Medium,6,No,43288-133858
Sedan,9,149057,89,3217,34,14.4,12.21,27,31,Good,Low,3,Yes,34111-89849
Sedan,9,169272,92,1947,30,13.0,12.26,41,33,Worn,Medium,5,No,29815-77021
SUV,10,31083,95,1075,28,8.4,11.73,38,34,Worn,High,6,No,29236-44456
Truck,9,14055,96,2399,31,9.0,12.28,36,35,Good,Medium,10,No,32108-67398
Sedan,7,204104,85,1572,35,15.4,12.56,40,28,Good,Medium,6,No,40752-96806
Sedan,12,186752,94,1181,40,12.9,12.06,38,31,Worn,Low,7,No,80430-168800
Hatchback,1,125979,93,1658,36,18.3,12.49,33,31,Moderate,Low,11,No,31113-123293
SUV,7,191682,96,1589,31,8.4,12.22,45,36,Good,Low,1,No,99430-171802
Sedan,2,114738,91,688,39,14.4,12.76,32,34,Critical,Low,6,No,57302-89850
Hatchback,4,143532,93,3214,36,22.5,11.98,41,34,Good,Medium,12,No,25164-87916
Hatchback,8,79148,86,2336,33,20.5,12.1,37,34,Moderate,Medium,4,No,24847-84383
Sedan,7,210535,82,3162,42,16.8,12.56,34,29,Critical,Low,11,Yes,14196-29936
Sedan,9,165678,94,2397,26,13.9,11.78,29,31,Moderate,Medium,9,No,53421-119397
SUV,10,21376,90,1154,38,7.5,11.91,30,33,Critical,High,6,Yes,10184-38658
SUV,1,18151,95,2986,38,12.0,12.38,29,32,Moderate,Low,11,No,48323-99827
Truck,1,214282,102,683,23,4.7,12.74,32,31,Critical,Low,5,Yes,4017-28017
SUV,11,144568,106,1827,38,9.3,11.83,29,36,Good,Low,5,No,58677-109837
Truck,4,78367,106,855,31,4.5,12.02,26,31,Worn,Low,2,Yes,16748-27814
SUV,3,220462,104,2666,37,9.9,11.95,30,30,Good,Low,10,No,25372-180000
Truck,11,37870,97,1244,34,10.2,12.33,27,29,Good,Low,1,No,37742-101472
Truck,5,73714,109,737,26,8.3,11.87,40,35,Good,Low,9,Yes,20504-38828
Sedan,7,68064,98,2523,31,17.8,11.99,38,31,Worn,Low,9,No,59694-105006
SUV,12,109693,95,750,28,9.4,12.1,45,33,Critical,Low,2,No,51031-107701
Truck,5,242044,99,702,30,10.2,12.72,38,28,Moderate,Low,12,Yes,17087-35971
SUV,3,60628,92,2641,27,10.4,12.51,39,35,Good,Medium,12,No,58946-113600
Truck,3,184417,101,1083,28,7.9,12.43,27,35,Worn,Medium,12,No,14612-24634
Hatchback,12,142879,94,2751,35,14.1,12.65,39,29,Moderate,Medium,5,No,29724-72630
Sedan,3,23042,91,981,35,16.3,12.41,41,31,Good,High,3,No,24441-69551
Truck,8,80636,104,649,19,5.8,12.14,36,28,Good,Medium,9,No,6968-17906
Sedan,12,217481,84,2363,33,18.6,11.95,28,34,Moderate,Low,12,No,22961-48165
Truck,4,83011,112,3268,31,2.7,12.4,39,36,Good,Low,9,No,29885-76739
Truck,2,36058,103,1802,32,8.1,12.38,32,29,Good,Low,1,No,36517-82085
Truck,3,68617,103,2703,26,4.3,12.0,30,29,Moderate,Low,9,No,23761-55129
Hatchback,8,208523,85,2946,46,15.9,11.77,33,33,Good,Low,11,Yes,40857-98265
SUV,8,217456,93,1009,35,11.3,12.48,39,31,Worn,Low,4,No,74755-160237
Sedan,3,151715,96,875,30,13.5,12.0,36,32,Moderate,High,3,No,13152-40834
Truck,1,225721,96,2960,29,8.5,12.1,43,33,Moderate,Low,10,No,4866-89902
Truck,11,110507,108,2363,15,5.8,11.92,35,28,Critical,Medium,2,No,712-1974
Sedan,2,90013,96,3190,28,15.2,12.39,37,36,Good,Medium,8,No,34407-131795
Hatchback,1,164595,88,1736,47,19.2,12.1,35,36,Worn,Medium,2,No,55603-134457
Hatchback,9,204561,94,1277,37,20.5,11.79,45,28,Good,Medium,9,No,64047-127909
Truck,9,64149,95,2084,36,4.0,11.85,36,29,Worn,Low,6,No,41795-92325
SUV,8,227832,94,1454,36,11.8,12.12,45,33,Good,Low,8,No,57105-171303
Sedan,10,25638,102,3488,30,15.1,12.36,25,36,Good,Low,8,Yes,6826-146080
Hatchback,6,228402,85,1609,41,17.2,11.73,39,32,Good,Medium,8,No,94778-160960
Truck,6,116844,112,1426,22,6.5,11.89,44,35,Critical,Medium,5,No,3075-5405
Truck,2,41624,113,1160,20,5.5,12.35,28,32,Good,Low,7,No,14980-28584
Sedan,10,68573,89,1515,28,13.4,12.56,33,36,Moderate,Low,1,No,17681-174595
SUV,1,146088,94,3392,29,11.9,12.03,28,28,Good,Medium,9,Yes,43959-72893
SUV,5,235585,88,2556,24,7.2,11.73,26,35,Good,Low,6,No,45420-147126
SUV,1,124642,96,1782,32,14.1,12.74,41,34,Moderate,Medium,7,No,60740-116812
Hatchback,12,108393,90,1901,42,15.3,12.14,28,33,Good,Low,1,Yes,97490-161544
Hatchback,8,56574,85,3200,31,17.4,12.56,37,33,Good,Low,1,No,45547-163795
Truck,4,248515,103,1604,17,5.1,11.91,31,31,Good,Low,11,Yes,4864-15218
Hatchback,10,22106,95,643,36,20.7,12.64,27,32,Worn,Low,10,No,45026-80082
SUV,5,152723,97,2486,34,11.2,12.2,40,32,Critical,Medium,6,No,15954-45006
Truck,10,234319,96,1024,36,4.1,12.7,32,36,Good,Low,7,No,38029-136371
SUV,1,10263,105,3191,39,10.3,12.11,34,36,Moderate,High,4,No,9394-51671
Hatchback,8,249970,86,1764,42,19.5,12.72,43,30,Good,Low,9,No,41799-143971
Sedan,8,53724,95,608,38,13.9,12.64,30,32,Worn,Medium,12,No,24768-91764
Sedan,4,207985,90,2433,32,14.3,11.85,34,35,Critical,Medium,9,Yes,11338-22498
Hatchback,7,104381,94,1572,35,23.2,11.82,33,32,Moderate,Low,1,No,43490-119958
Hatchback,4,60315,87,907,38,17.6,12.42,31,30,Good,Medium,1,No,64833-178779
Hatchback,3,248713,93,1987,32,17.4,11.93,29,29,Good,Low,10,No,55760-107256
SUV,9,127552,96,988,34,12.4,12.4,36,29,Good,Low,2,No,36066-128782
Sedan,9,183141,96,2398,30,16.1,12.17,42,35,Good,Medium,11,No,31999-65387
Truck,12,219290,96,2293,23,8.8,12.25,31,30,Good,Medium,4,No,25434-49532
SUV,4,217203,96,2258,29,8.9,12.49,28,29,Good,Low,9,No,62290-103746
Hatchback,7,249586,100,2860,39,18.1,11.88,44,35,Good,High,2,Yes,24837-61185
Sedan,2,11671,94,2814,31,16.7,12.47,39,31,Good,Medium,9,No,69264-107928
SUV,5,69192,95,3273,42,9.7,12.02,44,28,Good,Low,11,No,41138-101476
Hatchback,11,54669,97,2919,39,18.5,12.27,40,36,Worn,Medium,9,Yes,18556-67966
Sedan,5,59662,88,1815,32,17.0,12.28,26,35,Good,Medium,2,No,52130-138842
Truck,2,196917,94,2497,35,5.7,12.09,31,29,Moderate,Low,7,No,28448-92642
Sedan,10,83739,85,2993,31,14.9,11.7,44,35,Moderate,Medium,5,No,45823-69227
Hatchback,3,96492,91,3292,33,16.7,11.94,43,28,Worn,High,1,No,16964-64924
Hatchback,10,86487,85,1786,34,17.2,11.99,38,36,Worn,Low,2,No,53868-134180
Hatchback,12,126458,90,1616,40,18.3,11.72,42,28,Moderate,Low,6,Yes,46943-95013
Hatchback,3,173396,88,2047,44,16.7,12.32,37,35,Moderate,Low,2,Yes,73216-164068
SUV,9,181761,105,857,24,10.9,11.94,35,32,Moderate,Medium,12,No,28622-56000
Truck,11,188666,111,3341,26,6.9,11.85,43,30,Good,Medium,5,No,9933-32667
Truck,11,66354,95,1847,18,4.4,12.08,37,35,Moderate,Low,8,No,6908-22558
Truck,3,74062,99,2999,28,6.3,12.71,34,33,Worn,Low,2,No,42290-128324
Sedan,9,197360,97,2108,32,12.7,12.62,45,28,Worn,Low,7,Yes,35803-58331
SUV,5,155027,99,1003,35,10.6,12.49,37,31,Good,Low,3,No,40244-133826
Sedan,10,153083,95,980,42,16.6,11.73,40,28,Moderate,Low,3,No,45102-120072
Hatchback,7,84695,95,3290,40,14.3,12.53,41,35,Good,Low,9,Yes,57682-110944
SUV,12,173393,101,3112,36,13.3,12.32,32,32,Good,Medium,2,No,44608-116756
Sedan,9,204708,100,1226,38,16.9,12.19,42,31,Critical,Medium,3,No,41041-61703
SUV,6,75748,100,1065,34,12.0,12.11,33,34,Worn,Medium,3,No,49792-92840
SUV,8,75707,98,2024,30,8.2,12.05,43,28,Moderate,Low,7,No,29612-113550
Hatchback,6,178503,94,979,34,14.1,12.16,25,31,Worn,Medium,8,No,46066-105052
Sedan,6,242181,86,3312,44,17.5,12.42,39,32,Good,Medium,4,Yes,53509-120413
Sedan,1,70198,95,698,39,13.6,11.79,32,30,Good,Low,1,No,68310-163956
Truck,3,85904,113,3115,18,9.2,11.7,37,36,Moderate,Medium,9,No,3622-13237
Truck,9,174493,110,3031,28,7.1,12.08,26,32,Critical,Medium,12,No,2060-3176
Truck,8,52513,113,771,28,5.7,11.73,27,31,Worn,Low,9,No,8757-15377
SUV,5,39594,95,643,37,12.7,12.72,29,29,Critical,Medium,6,Yes,11328-44200
SUV,6,18723,98,3123,39,10.8,11.89,45,33,Critical,Medium,4,No,29486-58166
SUV,5,209420,101,2306,37,14.0,12.35,42,36,Worn,Medium,11,No,43532-69458
Hatchback,4,77300,88,2403,32,15.3,12.48,44,31,Good,High,1,No,65475-106377
Hatchback,9,160651,92,1922,42,15.3,12.16,30,29,Worn,Medium,3,No,30840-96326
Truck,7,79579,102,2927,33,8.7,11.76,30,32,Good,Medium,4,Yes,40289-68931
SUV,7,109945,91,2833,25,10.6,11.99,32,30,Moderate,Low,11,No,14570-180000
Hatchback,4,244674,93,2290,40,17.6,12.64,25,28,Worn,Medium,6,No,28078-88014
Truck,6,203857,105,2046,22,6.8,12.72,34,36,Moderate,High,5,No,10540-28468
SUV,7,27820,106,1723,27,7.8,12.17,35,29,Moderate,Low,8,Yes,20943-53863
Sedan,8,92241,93,946,29,13.2,12.09,38,33,Moderate,Low,6,No,31541-89659
Sedan,11,31725,92,3315,30,13.4,12.35,26,31,Good,Medium,7,No,46318-70906
Truck,10,203989,111,2258,18,7.4,12.69,40,32,Good,Low,11,Yes,1324-3590
Sedan,4,138966,91,3344,37,18.2,12.64,30,30,Worn,Medium,6,Yes,38652-131460
Sedan,8,156011,93,895,30,16.7,12.64,31,32,Moderate,Low,9,No,30891-95423
Truck,8,227928,102,1910,19,8.0,12.62,39,35,Good,High,11,No,1054-5260
Hatchback,3,112844,87,2001,39,18.9,11.74,38,35,Worn,Medium,7,No,21681-84459
Sedan,6,29801,99,1132,37,17.9,12.46,28,33,Moderate,Medium,11,Yes,7035-16859
Sedan,10,160770,100,2733,37,16.6,11.7,27,28,Good,Low,12,Yes,11501-41737
SUV,7,18651,99,1880,29,9.7,11.81,35,33,Good,Low,6,No,83172-178542
Sedan,6,167312,85,3132,27,17.6,11.92,27,35,Good,Medium,3,No,31834-119728
Sedan,11,87594,101,2782,30,14.2,11.84,36,29,Good,Low,6,No,39473-117139
SUV,7,230056,98,801,33,10.5,12.3,34,30,Good,Medium,1,No,8239-180000
Truck,5,31482,105,1549,27,10.2,12.25,43,32,Good,Low,5,No,10839-149192
SUV,6,40037,106,1426,39,7.6,12.18,42,29,Good,Low,8,No,26426-96750
Sedan,6,95605,100,1111,28,16.8,11.99,43,32,Good,High,8,No,15552-50498
SUV,3,131999,98,2028,43,6.9,12.43,40,32,Moderate,Medium,7,No,44771-117609
Truck,11,49357,107,2212,32,7.0,12.6,30,34,Moderate,High,7,No,5745-16461
Truck,9,112288,104,1162,28,4.6,12.31,34,29,Moderate,Medium,7,No,24793-86703
Truck,6,192811,97,3321,29,6.2,12.35,25,33,Moderate,Low,9,No,22605-43999
SUV,10,69357,99,2415,30,7.8,12.41,42,30,Critical,Low,9,No,27460-58002
Hatchback,5,211630,88,2868,41,20.8,12.62,27,30,Good,Medium,11,No,25976-98830
SUV,6,152480,91,3480,25,12.2,12.26,33,35,Worn,Medium,12,No,31323-75511
Truck,11,152941,93,3278,16,4.5,11.9,25,31,Critical,Low,10,No,14497-28715
SUV,2,214373,95,2410,33,9.7,12.4,36,30,Good,Low,5,No,75564-161214
Hatchback,7,83623,85,1851,34,15.7,11.77,39,29,Good,Low,9,No,54667-155496
SUV,8,228558,101,3341,41,14.9,12.63,37,34,Good,Low,1,No,51975-180000
Hatchback,4,28323,98,1497,37,15.8,11.93,36,33,Moderate,Medium,7,No,41448-72806
Truck,9,167208,104,1829,32,10.5,12.79,29,30,Good,Low,3,No,38978-68596
Hatchback,8,122259,91,2660,46,17.0,12.32,29,30,Worn,Low,5,No,42303-163351
Truck,5,229789,98,843,30,8.3,12.32,27,32,Good,High,7,Yes,9958-23910
Hatchback,8,173685,95,1975,47,19.6,12.62,33,33,Worn,Medium,8,Yes,20172-34280
Hatchback,7,175640,92,724,34,14.1,12.05,25,29,Moderate,Low,5,No,12190-109195
SUV,7,217494,103,1649,31,10.3,12.36,36,29,Worn,High,8,Yes,11715-46627
Hatchback,9,243450,99,1468,47,19.7,12.54,45,35,Moderate,Medium,4,Yes,45308-71682
SUV,10,119489,88,901,32,12.3,12.01,33,30,Good,Low,3,No,95779-154063
Truck,6,141927,97,3300,27,7.6,12.59,27,36,Moderate,Low,2,Yes,27300-79530
Truck,1,98585,108,1541,24,7.9,12.34,45,30,Good,Medium,9,No,16532-40676
Sedan,8,41797,96,1329,36,17.1,11.87,25,29,Good,Low,10,Yes,55324-96364
Sedan,9,248075,86,3211,39,13.8,12.05,26,30,Good,Medium,4,Yes,35440-66970
Sedan,5,187491,90,1387,36,14.8,11.75,36,31,Moderate,Low,12,No,11901-179202
SUV,5,118714,97,3105,32,13.9,11.91,29,34,Moderate,Medium,11,Yes,9353-18427
Hatchback,12,166450,86,2663,34,20.2,11.75,30,29,Moderate,High,9,No,12525-39517
Sedan,2,117579,96,2581,29,15.0,12.75,45,30,Moderate,Low,1,No,36641-83533
Hatchback,3,59894,94,1127,28,20.9,12.09,37,28,Good,Medium,2,No,56836-180000
SUV,5,245986,93,3490,37,9.3,11.75,42,30,Moderate,Low,11,No,51777-103127
Truck,3,23038,98,1567,20,6.3,11.8,30,36,Good,High,4,Yes,6078-10598
SUV,8,28977,97,1753,30,11.2,12.61,34,28,Good,High,6,No,33021-81543
Truck,10,159638,105,746,26,9.5,12.24,41,30,Good,Low,3,Yes,38546-80656
SUV,2,245110,97,3278,28,10.9,12.11,32,30,Moderate,Low,2,No,51529-128115
SUV,9,88597,96,1013,36,12.6,11.81,38,34,Moderate,Medium,3,No,47898-110436
Sedan,9,201105,97,1714,27,13.1,12.16,29,32,Moderate,Low,5,No,19471-147476
Sedan,12,35913,93,2076,36,13.6,12.15,30,34,Good,Low,9,No,73712-180000
Sedan,1,116415,89,2421,41,15.5,11.75,26,30,Worn,Low,8,No,25748-180000
SUV,4,56412,101,3209,38,7.7,11.97,44,31,Good,High,3,No,38800-75198
SUV,1,16034,104,724,34,13.3,12.24,35,31,Good,Low,12,No,11346-117610
Truck,3,178454,104,2327,19,5.9,12.56,33,30,Critical,Low,5,No,2367-7117
SUV,8,67367,98,1414,26,13.6,12.28,25,29,Good,High,5,No,36494-65970
Truck,6,242319,105,1497,29,4.4,12.72,32,29,Worn,High,9,Yes,8765-15231
Truck,5,179944,92,2667,33,7.3,12.64,43,32,Good,Medium,9,No,24272-103284
Hatchback,2,45055,87,3135,41,23.1,11.83,44,34,Moderate,Medium,4,No,60192-98098
Sedan,9,238100,86,1316,34,15.1,11.91,26,35,Moderate,Low,10,Yes,17612-155507
Truck,1,147697,109,2625,27,6.5,11.88,27,28,Good,Low,12,No,7693-14627
Truck,12,218000,104,3348,25,8.2,12.11,33,28,Good,Low,10,No,41119-109437
Sedan,11,241949,89,1287,37,15.6,11.8,28,33,Good,Low,2,No,95070-142888
Hatchback,9,115132,95,1535,35,19.0,12.29,41,34,Critical,Medium,7,Yes,11685-23639
Truck,11,67525,95,1542,29,3.6,12.35,33,32,Worn,Low,6,No,42112-64118
Sedan,2,73450,90,1055,40,17.4,12.15,35,36,Moderate,Medium,4,Yes,32228-111812
SUV,3,25379,99,750,26,9.5,12.0,26,31,Good,Low,4,No,62899-180000
Truck,3,184937,113,1445,21,2.9,12.33,32,32,Good,Medium,12,No,1163-3625
Truck,1,100797,103,722,23,8.0,12.63,41,31,Worn,Medium,2,No,27807-53523
SUV,9,39648,92,2164,24,9.4,12.43,45,34,Good,Low,4,No,96599-149493
SUV,4,218021,100,2497,23,10.8,12.4,26,32,Moderate,Low,9,Yes,41191-97029
Hatchback,9,138538,93,2904,33,17.3,12.7,45,28,Moderate,Low,6,No,29202-83228
Truck,5,94341,102,3093,18,9.0,11.81,37,28,Moderate,Low,6,Yes,11882-31046
Truck,8,197906,106,1717,23,9.3,11.89,37,30,Good,Low,3,No,34308-67110
Hatchback,11,213588,101,1417,35,21.2,11.89,29,28,Moderate,Low,8,Yes,23335-87771
SUV,6,172418,91,1848,41,10.2,12.25,42,31,Worn,Low,1,No,54953-180000
SUV,6,67588,87,2147,35,8.4,12.4,33,31,Moderate,Low,12,No,11371-108862
Truck,3,211068,97,2211,25,6.4,12.09,32,33,Moderate,High,4,No,13032-22988
SUV,2,22639,93,2129,37,11.4,12.2,27,36,Good,Medium,8,Yes,79926-127442
Truck,1,179699,95,1854,29,3.9,12.07,32,30,Good,Low,6,No,65104-108804
Sedan,3,71222,87,2461,30,18.1,12.54,28,32,Good,Medium,4,Yes,46044-119508
Sedan,5,152959,85,2234,42,15.6,12.14,41,31,Good,Low,8,Yes,72961-175189
Truck,3,243887,103,615,29,6.6,11.8,35,28,Critical,Low,8,No,17710-26938
Sedan,1,158760,94,1952,32,18.6,12.71,45,36,Good,Low,9,No,55403-115795
Hatchback,1,188888,90,2777,37,16.0,11.73,33,36,Worn,Low,5,No,54271-153133
Sedan,1,155661,88,1724,37,15.8,12.32,44,28,Moderate,Low,10,No,73681-115101
Hatchback,9,87193,94,2614,41,15.4,12.05,43,34,Good,Low,3,No,73526-129620
Hatchback,11,41669,92,3217,38,14.8,12.15,29,33,Good,Medium,5,Yes,42723-83585
SUV,8,246057,95,2480,26,12.4,12.33,36,35,Good,High,12,No,3383-23731
Sedan,5,101266,89,1174,30,15.6,12.35,29,30,Worn,Medium,7,No,37360-80506
Hatchback,9,15832,85,951,35,20.9,12.54,28,30,Good,High,1,No,38680-65086
Truck,6,78487,103,1115,33,9.7,11.75,38,32,Good,Medium,8,No,31458-51342
Sedan,3,177450,90,3349,29,17.1,11.92,41,31,Good,High,2,No,34460-102534
Sedan,2,112529,95,2965,32,15.7,12.59,42,35,Worn,Low,9,No,58765-100295
Sedan,9,54294,95,2690,30,15.8,11.87,35,35,Worn,Low,10,No,37640-131996
Sedan,7,156479,88,3149,39,13.8,12.27,27,35,Critical,Low,2,No,33862-86330
Truck,11,156087,110,1173,30,6.6,11.98,36,29,Good,Low,8,No,27790-51494
Sedan,9,182627,95,3110,38,13.1,11.95,42,28,Worn,Low,9,No,55828-91044
SUV,4,114121,104,2452,32,10.7,12.6,36,31,Worn,Low,12,No,19311-32891
Truck,9,114973,99,2741,33,10.0,12.28,29,30,Moderate,High,4,No,14737-37711
Sedan,3,135022,95,1081,31,15.4,11.87,31,31,Moderate,Medium,11,No,7520-20112
Sedan,4,27261,96,995,32,14.2,12.5,25,33,Good,Low,9,Yes,61047-95973
SUV,11,118239,93,1852,29,10.3,12.12,25,36,Good,High,3,No,56204-104506
SUV,11,27496,99,1178,38,10.3,12.17,45,31,Good,Low,12,No,51002-127666
Sedan,10,25902,92,714,28,16.4,12.22,40,31,Moderate,Low,2,No,60018-163000
Truck,12,73819,99,3304,22,7.3,11.94,26,35,Good,Medium,8,No,26848-69756
Truck,11,186714,94,2258,31,10.8,12.24,30,29,Moderate,Low,5,No,68207-110359
Truck,8,224307,108,2660,29,9.0,12.4,34,30,Critical,Low,11,No,1612-3514
SUV,7,5300,102,2724,29,10.6,12.33,28,34,Critical,Low,11,No,20022-38440
Truck,8,199477,109,1596,21,9.0,12.05,45,34,Good,Medium,2,No,16858-32310
Sedan,5,163565,95,2626,35,17.8,12.55,27,30,Good,Low,10,No,36107-93931
Sedan,7,34111,88,2074,30,14.3,11.99,31,34,Critical,High,11,No,2797-8211
Hatchback,4,35841,100,2198,36,18.6,12.21,37,28,Critical,Low,12,No,9969-51870
Truck,4,29137,100,2541,22,4.1,12.7,36,32,Moderate,Medium,8,No,14582-46328
Truck,6,108276,100,2539,24,6.9,12.64,25,33,Good,Low,6,No,42217-86357
Hatchback,2,13941,91,1421,34,21.2,11.8,31,35,Worn,Low,6,No,62890-106286
Truck,1,149765,105,1761,26,8.3,12.22,37,35,Worn,Low,8,No,14809-37679
Truck,1,8769,107,2090,19,3.3,12.59,40,32,Good,Medium,12,No,960-1448
Sedan,3,178550,93,906,31,15.7,11.97,44,29,Good,Medium,11,No,9868-99708
Sedan,5,179749,82,2177,32,13.5,12.18,42,29,Critical,Medium,7,No,33834-72068
SUV,12,122628,98,2443,37,12.5,12.78,30,29,Good,High,6,Yes,34113-51591
SUV,6,62944,100,2075,37,9.8,12.02,28,35,Critical,Medium,1,No,49801-117793
Hatchback,2,212756,98,1347,32,20.2,12.62,30,31,Moderate,High,8,No,2925-43155
SUV,1,27653,97,850,38,12.4,12.11,31,28,Moderate,Medium,5,No,36067-98067
Sedan,2,16920,95,1135,40,13.7,12.4,28,34,Good,Low,1,No,85279-133633
Hatchback,7,56825,96,2849,31,22.1,12.35,26,34,Critical,High,6,No,1196-20260
Hatchback,5,200127,90,1766,34,13.4,11.96,34,35,Worn,High,8,No,20473-51689
Sedan,6,112333,97,3446,30,17.0,11.78,44,31,Worn,Low,11,No,22594-63368
Truck,5,164050,104,2493,19,5.3,12.07,42,29,Moderate,Low,11,No,7325-14847
Truck,11,149861,108,2945,28,4.4,11.76,40,32,Worn,High,11,No,2077-3285
SUV,9,56372,94,2972,24,9.3,12.24,36,34,Moderate,Medium,12,No,24879-67197
Sedan,5,6519,92,2893,40,12.3,12.12,28,31,Good,Low,2,No,83287-154441
SUV,9,20070,93,2311,41,14.3,12.21,27,28,Good,Low,3,No,43150-141500
Sedan,2,79564,91,3283,36,18.1,12.28,35,30,Good,Medium,6,No,73535-111997
SUV,7,84955,99,1264,28,8.9,12.42,35,28,Critical,Low,5,No,19378-62322
Truck,9,236250,106,857,28,9.6,11.97,33,30,Worn,Low,8,No,12388-41128
Truck,8,161535,106,778,22,5.9,12.45,39,31,Moderate,Low,9,No,15755-36959
Sedan,5,170193,85,3084,35,13.0,11.86,35,34,Moderate,High,4,No,17265-38541
Truck,3,139674,102,2085,30,6.7,12.03,27,28,Moderate,Medium,1,No,16367-46777
Hatchback,4,72348,94,3414,34,15.4,12.32,38,29,Moderate,Low,3,No,34081-68759
Sedan,9,157960,92,1323,33,18.5,12.07,41,29,Good,Low,11,No,41018-132632
Truck,6,170517,111,1302,22,6.1,12.5,33,35,Moderate,Low,12,No,4678-8658
Sedan,10,149297,95,2795,37,13.8,12.46,42,33,Good,High,3,Yes,26825-46155
Sedan,9,155124,90,1087,32,16.7,12.44,41,32,Good,Low,2,Yes,65154-180000
SUV,7,106346,98,1447,26,11.8,12.41,30,31,Good,Medium,9,No,49390-74590
Truck,9,149683,112,2170,26,6.3,12.31,28,32,Moderate,Low,8,No,13624-23172
Sedan,2,105437,97,3033,34,14.7,12.65,40,33,Worn,Medium,12,No,15314-41912
Truck,11,125484,106,2127,36,5.1,12.09,44,28,Worn,High,9,Yes,5382-15734
Sedan,7,16916,95,3427,31,16.1,12.32,31,31,Moderate,Low,4,No,68240-105476
Truck,12,128845,101,2755,29,10.1,11.72,33,34,Moderate,Low,10,Yes,23345-70311
Hatchback,5,120452,89,3402,37,15.6,12.68,39,35,Good,High,4,No,53018-92672
Sedan,12,28173,92,1293,35,16.0,11.97,45,36,Good,High,1,No,29728-97632
Sedan,7,177964,85,669,43,11.7,12.1,45,32,Worn,Medium,12,Yes,23975-60405
Sedan,4,223855,90,1907,29,12.8,11.72,30,29,Good,High,6,No,19116-54878
Hatchback,4,162700,92,1841,28,17.5,12.61,35,30,Worn,Low,11,Yes,34833-59279
Sedan,12,42051,82,3079,31,17.5,12.45,41,34,Worn,Low,12,Yes,14756-50890
SUV,5,23709,89,1251,33,9.9,12.46,28,30,Good,Low,10,No,84520-127156
SUV,6,210083,102,2683,31,9.0,12.18,29,32,Critical,Medium,4,No,25572-81794
Sedan,1,174504,90,659,30,12.0,12.46,34,31,Moderate,Low,2,No,38437-180000
SUV,7,178553,98,2379,31,13.4,11.82,36,34,Good,High,6,Yes,34976-82180
Hatchback,10,162015,97,3379,37,14.9,12.72,29,30,Worn,Low,5,No,35229-86569
Truck,8,18933,96,3229,23,7.0,12.2,42,33,Worn,Low,6,No,30858-46704
Truck,9,188939,113,2149,30,10.0,12.12,43,29,Critical,Low,4,No,4430-13326
SUV,4,110480,102,1883,34,11.0,11.83,32,35,Moderate,Low,12,No,29739-50253
SUV,12,93806,94,3174,35,9.3,12.21,30,35,Good,Low,12,No,14871-107509
Sedan,7,56442,89,2418,39,17.4,12.76,37,31,Good,Medium,2,Yes,56711-180000
SUV,11,83215,94,1491,25,10.3,12.1,36,34,Good,High,11,No,29283-74703
Sedan,5,206168,96,3301,30,16.9,12.31,28,36,Good,Medium,8,No,32545-98953
SUV,6,176819,98,2247,34,8.7,12.45,36,32,Good,Low,8,Yes,54361-92659
Hatchback,2,78999,90,2855,43,14.2,12.32,33,32,Good,High,3,No,24521-90371
SUV,11,220454,92,3375,31,12.3,12.64,41,32,Worn,Low,6,No,77139-165497
Truck,4,84175,102,2295,23,9.8,12.7,29,28,Good,Medium,5,No,8263-86165
Truck,8,25390,107,2700,25,3.6,12.45,34,32,Worn,Low,6,No,18453-30123
Truck,3,107466,114,3493,30,8.2,12.72,25,28,Good,High,4,No,3821-10165
SUV,9,39983,100,1699,33,9.0,12.3,35,31,Good,Medium,3,Yes,34188-80474
Truck,9,68247,106,3267,33,5.3,12.37,43,29,Good,Low,2,Yes,29505-45067
Truck,8,20909,96,2911,25,4.5,12.08,28,34,Good,Low,9,No,22118-172617
SUV,2,204282,94,1129,41,10.6,12.61,26,34,Good,Low,2,No,45241-176715
Truck,12,173055,111,737,19,9.2,12.2,33,29,Critical,Low,6,Yes,723-1361
Hatchback,9,94581,94,2530,47,15.3,12.01,40,30,Moderate,Medium,3,No,37283-134069
Sedan,2,6789,85,760,39,15.9,12.58,26,34,Worn,Low,4,No,71837-162555
Sedan,11,186622,87,2390,30,13.8,12.59,43,29,Moderate,Medium,11,Yes,13719-43519
SUV,1,213877,102,1500,39,13.7,12.41,35,32,Good,Medium,12,Yes,20799-58363
Truck,2,188684,103,2288,20,7.9,11.79,26,33,Good,Low,6,No,17836-44972
SUV,9,95388,99,1569,24,9.6,12.45,35,35,Good,Low,3,Yes,23525-145013
Hatchback,10,43333,86,685,45,15.8,12.29,37,28,Good,Medium,1,No,36477-180000
Sedan,6,222553,95,1264,27,14.3,12.28,34,34,Good,Medium,2,No,41594-105074
SUV,11,140833,96,3141,32,11.6,12.34,37,29,Good,Low,2,No,51962-111048
SUV,11,161921,96,1925,28,13.6,12.04,26,35,Critical,Low,2,No,34450-67858
Hatchback,12,195466,94,2575,44,18.9,11.98,43,36,Good,Medium,1,No,38559-163023
Truck,7,125534,107,1198,29,6.8,12.09,42,28,Good,Medium,12,No,6298-13250
SUV,5,237044,96,2499,27,12.0,12.48,32,30,Critical,Medium,12,No,10326-20736
Hatchback,6,223661,94,712,38,18.3,12.22,35,35,Critical,Low,8,No,48949-112515
Hatchback,10,20842,92,2783,37,15.2,12.53,43,36,Moderate,Medium,3,No,27292-84916
Sedan,11,8978,92,1341,38,14.5,12.66,42,29,Critical,Low,12,Yes,15734-37142
SUV,4,9288,91,2268,37,7.8,12.69,45,29,Moderate,Medium,7,No,92913-180000
Truck,12,179695,111,2000,21,7.6,11.87,36,34,Good,High,11,No,2283-3639
Truck,12,138472,101,1176,25,3.8,11.98,36,31,Good,Medium,3,Yes,9059-132679
Sedan,4,123811,88,687,34,16.3,11.97,43,29,Good,Medium,12,No,27714-63524
Truck,5,43042,111,3376,21,7.3,12.76,26,30,Good,Medium,12,Yes,1026-3162
Truck,4,214699,105,643,22,7.2,12.09,25,29,Good,Medium,10,No,37391-60801
Hatchback,9,135580,87,2642,33,17.9,12.41,37,29,Moderate,Medium,7,No,36452-134680
SUV,4,43435,100,1580,41,12.3,12.41,40,36,Good,High,7,Yes,36389-65123
SUV,11,100362,97,2096,25,10.5,11.83,26,32,Critical,Medium,8,Yes,11610-29860
SUV,3,70536,97,3207,36,9.9,11.81,31,28,Moderate,Medium,10,No,50052-112124
Truck,1,95099,100,2128,20,7.4,12.22,26,28,Good,Medium,8,No,13075-32491
Sedan,12,151585,91,2202,25,12.8,12.14,41,33,Good,Medium,11,No,22624-62450
Truck,10,143276,101,1117,25,6.4,12.76,33,35,Worn,Medium,3,No,20359-68643
Truck,10,178676,102,3250,23,9.5,12.6,25,30,Good,Low,11,Yes,13953-38723
Truck,3,161302,103,1917,20,7.2,12.65,45,34,Moderate,Medium,7,No,15676-33092
Truck,3,79256,102,1538,21,7.6,12.43,41,29,Worn,High,7,No,6981-14143
SUV,5,205734,91,1431,29,13.6,12.55,35,29,Good,Medium,5,No,61969-180000
Truck,3,241085,104,1928,27,5.2,12.67,45,29,Good,Medium,2,No,42967-68363
Sedan,10,86653,91,2783,31,15.9,12.65,27,35,Good,Medium,6,No,30896-103576
Sedan,10,38863,83,736,41,13.2,12.59,39,33,Good,Low,4,No,70232-180000
Truck,5,95530,96,648,21,10.8,12.03,33,31,Good,Low,7,No,16134-43812
Sedan,6,44387,96,3377,37,14.3,12.57,37,35,Good,Medium,11,Yes,18033-47211
Sedan,5,184688,96,1988,39,16.3,12.28,40,31,Worn,Low,3,No,24740-118161
Truck,6,146550,109,2806,24,6.1,12.56,25,34,Worn,High,3,No,5207-11519
SUV,7,239249,91,1365,30,9.4,12.01,27,36,Moderate,Low,3,No,71487-174693
SUV,6,184582,91,3409,35,10.7,12.73,37,35,Moderate,Low,7,No,44770-127850
SUV,8,212381,95,2353,30,13.3,12.03,27,30,Good,Low,4,No,40310-180000
SUV,5,78514,98,979,37,12.2,12.34,41,36,Good,Medium,9,Yes,56405-91977
Hatchback,11,20639,84,1158,39,15.0,11.98,39,36,Worn,Low,3,No,77032-180000
Hatchback,2,162793,91,1270,29,18.4,12.77,25,30,Good,High,10,No,35146-84532
Hatchback,10,46270,84,2205,31,20.4,12.79,31,32,Good,Medium,9,No,43009-114553
Hatchback,10,247722,92,3146,40,20.2,12.52,32,30,Critical,Medium,5,No,28730-78318
Hatchback,1,195729,94,3425,28,17.1,12.36,45,32,Worn,Medium,1,No,37838-76148
Sedan,10,105287,94,823,38,12.4,12.16,26,31,Good,Low,10,No,63255-109861
Hatchback,1,46526,90,2527,48,19.9,12.13,40,29,Moderate,Low,10,No,70038-180000
Truck,4,246002,104,2155,19,9.7,11.88,38,30,Moderate,Low,10,No,7066-21648
SUV,4,66541,90,2511,24,9.7,11.99,39,35,Good,Medium,2,No,66305-108381
Truck,3,64972,112,803,21,5.2,12.15,34,29,Moderate,Low,12,No,1245-4287
SUV,9,37741,97,2410,35,8.8,11.91,39,34,Good,High,8,No,24907-81943
Hatchback,9,186491,97,993,32,13.2,12.53,31,34,Worn,Medium,11,Yes,14749-29647
Hatchback,11,212802,97,1958,30,18.8,12.48,44,34,Moderate,Medium,6,No,11369-63197
SUV,9,49384,99,2347,27,12.5,12.01,35,33,Good,Medium,6,Yes,61048-113184
Hatchback,4,196973,89,2494,41,20.0,12.05,34,35,Good,Medium,9,No,73920-112542
Hatchback,9,92397,85,2236,35,19.5,11.77,28,31,Good,Medium,8,No,39108-65574
SUV,6,210229,96,2326,35,11.9,11.79,31,34,Good,Low,5,No,55333-180000
Hatchback,11,180818,92,686,41,14.9,12.3,30,30,Critical,Medium,6,No,14271-49419
Sedan,7,172691,92,1797,30,16.8,12.63,26,28,Critical,High,7,No,13558-40758
Hatchback,6,207315,96,3380,32,18.5,11.72,42,29,Good,High,3,No,21091-81465
Truck,2,45909,113,1070,33,10.6,12.48,29,32,Moderate,Medium,10,No,14281-41049
Hatchback,12,194047,83,623,36,15.6,12.43,28,36,Moderate,Low,2,Yes,57479-105749
SUV,8,87243,100,1230,26,11.1,11.92,27,33,Good,Medium,6,No,44890-109934
Hatchback,6,84686,97,3466,45,13.7,12.39,44,35,Good,High,6,No,12606-44362
Sedan,1,245517,84,958,33,15.3,12.2,29,31,Moderate,Low,12,Yes,17164-37384
SUV,8,157504,104,1743,29,12.2,11.7,45,36,Good,Medium,5,No,26424-98322
Hatchback,11,222064,94,3300,44,18.1,12.64,41,35,Critical,Low,12,No,22258-69364
Truck,5,149708,105,677,31,5.3,11.83,33,32,Good,High,10,Yes,5749-19627
SUV,10,68664,88,2203,30,10.8,12.23,37,36,Good,Low,6,No,34189-180000
Sedan,6,203338,99,1158,29,15.9,12.22,42,33,Worn,Low,8,No,49410-82682
Hatchback,9,156466,92,1303,40,18.0,12.13,34,29,Good,Low,12,No,40982-115936
Truck,9,62629,95,3121,24,5.6,12.23,35,28,Moderate,Low,3,No,32863-54339
Truck,8,140792,109,3036,29,6.0,12.22,40,29,Moderate,Medium,12,No,4468-17590
Truck,11,143861,103,1437,21,7.7,12.49,32,36,Moderate,Medium,10,No,16668-42080
Truck,11,225730,92,1542,25,3.9,12.22,36,35,Moderate,Low,7,No,55482-102918
Sedan,12,249372,95,923,41,17.9,12.02,42,36,Good,Medium,11,No,29740-45366
SUV,3,101584,95,781,27,11.1,12.22,25,33,Moderate,Low,1,No,58884-114378
Sedan,10,63142,100,1038,28,18.1,12.62,43,35,Good,Low,3,Yes,26987-85305
Hatchback,11,113536,91,1956,35,21.4,12.61,32,28,Good,Low,6,Yes,53712-105134
Truck,8,57411,97,2726,30,7.4,11.79,39,33,Worn,Low,4,Yes,16563-35727
Sedan,12,166312,95,1144,33,15.2,11.97,25,30,Good,High,2,No,23764-74984
Hatchback,8,83568,94,1906,34,16.6,12.76,40,35,Good,Low,8,No,75489-167245
Truck,6,187609,95,1321,26,7.8,11.92,40,29,Good,Medium,4,Yes,27141-64731
SUV,12,120924,105,913,36,8.3,11.79,30,33,Moderate,Medium,3,No,39409-71455
Sedan,8,40894,88,2609,31,14.7,12.06,26,32,Worn,Medium,4,No,31425-117137
Hatchback,9,243348,88,1926,37,16.0,12.55,44,28,Moderate,Medium,2,No,30554-180000
Truck,7,228098,99,3083,20,10.3,12.2,25,29,Critical,Medium,8,Yes,1763-2867
Sedan,2,183981,97,3397,43,14.7,11.8,42,32,Good,Low,2,Yes,64770-180000
Sedan,8,235744,96,2346,32,17.4,11.79,35,34,Worn,High,4,No,12511-23841
Hatchback,6,220869,101,2918,32,17.1,12.74,30,35,Moderate,Low,1,No,42937-66383
SUV,12,235554,99,1071,36,9.6,12.11,41,33,Good,Low,4,No,49450-144900
Truck,1,94271,109,2885,27,10.2,12.53,25,28,Worn,Low,11,No,2231-7505
Hatchback,8,70040,89,1438,43,14.8,12.34,31,35,Worn,Medium,11,No,14121-36949
Truck,5,153430,100,1308,20,5.9,12.54,39,34,Critical,Low,4,Yes,3912-8146
Sedan,12,146486,91,2339,41,18.9,12.3,34,36,Good,Low,7,No,53465-174397
Hatchback,10,34675,89,3498,35,22.4,12.23,44,30,Worn,Low,3,No,44610-87162
Hatchback,8,228095,86,1444,40,16.0,12.74,44,32,Moderate,Low,9,No,59989-150723
Hatchback,8,193963,89,1162,40,18.8,12.23,35,36,Good,Low,2,No,50370-164426
SUV,6,187737,100,2118,38,9.5,12.58,41,34,Moderate,High,9,No,13553-68832
Truck,1,170382,101,2518,18,4.2,11.97,41,29,Moderate,Low,8,No,14406-41962
Hatchback,7,214732,83,3101,37,18.7,12.26,34,31,Good,Low,3,No,54168-138584
Sedan,4,121454,96,849,35,15.9,12.27,35,33,Good,Medium,9,No,47007-115907
Truck,5,162868,98,2314,26,6.6,12.0,26,30,Critical,Low,1,No,30686-60710
Truck,3,98254,100,2910,33,9.1,11.93,32,33,Critical,High,5,No,1577-4427
Sedan,9,96240,92,1298,32,14.3,12.56,37,29,Good,Low,2,No,35349-128213
SUV,2,133505,92,3407,39,12.9,12.52,42,32,Good,Low,2,No,54797-180000
Truck,9,102274,95,3439,21,4.3,12.4,28,31,Worn,Low,4,No,6784-23912
Truck,10,94064,109,2549,21,9.1,12.52,31,34,Worn,Medium,11,No,804-1928
Hatchback,7,25122,87,1713,37,18.3,12.18,36,35,Moderate,Low,2,Yes,65446-140490
Truck,2,76147,112,1741,32,6.3,12.76,38,36,Worn,Low,10,Yes,8533-23043
Hatchback,5,102217,93,2754,44,18.3,12.22,40,28,Good,Low,8,No,87561-180000
SUV,5,53110,105,3039,27,14.3,12.13,37,29,Worn,Low,7,No,29089-129553
Sedan,2,60294,88,1399,28,14.0,12.36,36,35,Good,Low,1,No,63409-110335
Hatchback,12,236665,86,3080,33,21.3,12.01,45,35,Good,Medium,5,No,42410-119332
Sedan,7,105404,94,3403,30,18.5,12.03,32,30,Good,Medium,1,No,76896-128824
Truck,7,156219,99,1696,36,8.4,12.63,42,33,Critical,Low,11,No,10121-17189
Sedan,7,239454,92,1269,44,15.0,12.17,44,28,Good,Medium,12,No,22829-173950
Sedan,3,165540,86,2790,38,11.8,12.37,29,34,Good,Low,8,No,81692-160172
Sedan,12,232131,97,3330,33,18.0,12.5,36,31,Critical,Low,1,No,25504-89872
Sedan,3,96881,90,1906,30,14.3,12.61,45,30,Critical,Medium,5,Yes,8171-25721
Truck,8,189788,97,2281,19,8.3,12.43,32,32,Good,Low,11,Yes,5879-17969
Truck,4,226540,97,1512,25,9.7,12.57,43,32,Critical,Medium,3,No,12304-47058
Truck,8,91077,111,1580,22,7.4,12.27,25,30,Moderate,Low,10,No,10487-25499
Truck,5,136673,92,1549,21,9.6,12.7,32,31,Moderate,Medium,12,No,3315-9187
SUV,9,198327,100,1910,26,8.7,12.64,31,29,Critical,Low,12,No,4063-48540
SUV,9,78918,91,3017,41,8.8,12.61,37,36,Good,Low,4,No,70410-137150
Truck,3,54460,98,934,20,5.4,11.84,39,36,Moderate,Low,7,No,13397-23149
Sedan,7,79486,92,1421,26,16.3,11.98,34,31,Moderate,Low,7,No,31486-106514
SUV,10,159131,104,2531,32,13.2,12.13,30,30,Critical,Low,5,No,13624-43560
SUV,6,114185,100,3298,25,7.7,12.67,40,32,Good,Medium,1,No,38325-180000
Truck,1,25365,110,633,27,7.1,12.26,42,33,Worn,Medium,11,No,4913-9811
SUV,10,92309,100,1138,38,8.9,12.8,43,35,Good,Medium,1,No,58869-180000
Truck,6,9511,108,2001,20,4.9,12.29,44,28,Good,Medium,10,No,3997-8769
SUV,12,244267,97,1712,34,10.6,11.82,33,28,Good,High,4,No,16051-37653
SUV,11,173544,102,3242,28,12.7,11.89,38,32,Good,Low,2,No,56944-107358
SUV,3,216651,105,1897,28,10.7,12.29,26,31,Critical,Medium,2,No,28012-51962
SUV,8,237426,89,2911,28,13.3,12.5,27,36,Worn,High,1,No,45259-132307
SUV,3,223623,102,3330,40,10.9,11.71,31,30,Critical,Medium,8,No,30116-65042
Truck,2,149474,100,1671,19,3.5,12.01,33,30,Good,High,10,No,4214-8378
Sedan,12,118644,92,2090,36,16.0,11.71,29,30,Good,Low,3,No,35891-134779
Truck,12,137984,102,2257,19,6.9,11.82,43,28,Moderate,Low,6,No,19631-33335
Hatchback,8,178884,92,2143,39,18.4,12.63,45,28,Moderate,Medium,10,No,37097-117325
Truck,12,71082,100,1752,35,6.9,12.44,28,31,Moderate,Low,7,No,34905-52807
Sedan,8,165185,99,3403,37,15.8,12.25,32,29,Good,High,9,No,31935-53459
Sedan,8,72995,99,1150,34,11.2,11.77,29,29,Good,Low,1,No,52251-180000
Hatchback,1,246260,86,615,45,19.8,12.73,45,31,Good,High,9,Yes,22809-81231
Hatchback,8,165749,86,1993,30,21.8,12.59,36,33,Critical,Low,5,No,12798-50808
SUV,4,210323,98,2632,32,9.6,11.75,44,29,Good,Medium,3,Yes,27529-93287
Hatchback,9,153449,89,805,48,20.7,12.17,27,35,Worn,Low,10,No,43338-163608
Truck,8,207610,101,1480,24,5.7,11.87,42,32,Good,Low,1,No,58527-95353
Truck,1,127292,114,1075,30,6.7,12.41,44,31,Moderate,Medium,10,No,10998-40256
SUV,9,226104,93,670,32,11.7,11.81,39,31,Moderate,High,3,No,14859-99462
Truck,3,167385,110,3199,25,7.0,11.71,25,35,Good,Low,8,No,11544-96319
Sedan,6,139612,96,3139,36,15.1,12.64,29,36,Good,High,1,No,29460-85148
Truck,4,110008,93,2987,24,9.7,12.16,29,35,Good,Low,1,No,69649-174675
Hatchback,6,20321,86,3272,33,19.5,12.46,39,31,Good,High,2,No,46440-104252
Sedan,4,19351,87,3318,31,16.6,11.85,31,32,Worn,Medium,11,Yes,21554-35704
Truck,11,194491,99,1157,23,6.0,12.77,28,36,Good,High,3,No,12992-29302
Hatchback,10,246427,90,2776,31,15.9,11.73,37,34,Moderate,Low,11,Yes,19255-31865
Truck,5,58428,113,1793,37,6.1,12.28,36,32,Worn,Low,9,No,20480-43032
SUV,1,183592,99,675,23,11.1,12.37,27,32,Good,High,6,Yes,38842-69404
Hatchback,5,100206,94,2655,34,20.9,12.54,39,34,Critical,Medium,11,No,10168-35550
Hatchback,9,150393,92,2126,46,22.3,12.69,30,30,Good,Medium,3,No,13930-180000
Hatchback,2,122024,91,1867,35,16.8,12.32,40,30,Good,Low,11,No,25662-92418
Hatchback,5,27693,89,2282,35,20.5,11.73,38,35,Good,Low,2,No,91720-157276
SUV,11,242912,103,3044,36,10.8,12.38,30,30,Moderate,High,1,No,33410-133816
Hatchback,1,220925,90,2697,31,16.5,11.73,34,35,Worn,Medium,4,Yes,5174-84416
Hatchback,7,17931,96,2605,45,21.9,12.25,25,29,Worn,Low,10,No,29601-80917
Truck,10,32416,98,2882,31,4.3,11.97,39,29,Moderate,Low,4,No,14197-41407
Hatchback,10,239045,96,2394,44,20.0,11.77,29,29,Good,Medium,6,No,42952-91618
SUV,6,34073,94,1671,33,10.9,11.76,38,34,Moderate,Low,5,No,64960-120694
SUV,6,161642,95,741,38,13.9,11.77,43,35,Moderate,Low,8,No,74715-180000
SUV,10,29279,92,3368,28,12.2,12.45,45,34,Moderate,Medium,12,No,20742-52908
SUV,9,18807,101,1701,28,8.1,11.88,33,28,Worn,Medium,10,No,48161-83251
Hatchback,11,116324,86,845,34,21.2,11.79,30,32,Good,High,8,No,13106-42492
Hatchback,6,126122,94,872,40,16.9,11.85,25,36,Good,Low,2,No,68059-145741
Truck,12,16004,111,2687,25,7.2,11.96,30,29,Worn,Medium,4,No,9989-51475
Hatchback,1,164768,94,1955,48,21.5,12.53,35,31,Good,Medium,3,No,54287-130727
Hatchback,1,33780,95,2391,38,22.1,12.01,33,32,Good,Low,7,No,83696-151762
SUV,12,49601,106,1038,35,10.0,12.64,30,31,Moderate,Low,4,No,16916-53874
Truck,12,29793,94,2303,35,8.8,12.18,33,35,Good,Low,10,No,24095-157232
Sedan,3,78530,91,1115,34,15.4,11.72,41,34,Moderate,High,2,Yes,21606-111323
Sedan,8,235583,97,3045,38,17.8,12.49,44,36,Good,Medium,7,Yes,46667-117763
SUV,12,43552,106,1148,31,15.3,11.82,29,30,Moderate,Low,3,No,15547-60297
Truck,12,208057,109,2957,33,5.4,11.74,42,30,Critical,Low,11,No,1122-4426
SUV,10,68859,96,1008,34,15.0,11.88,42,29,Good,Low,3,No,68304-106888
Sedan,9,119238,102,625,27,16.7,12.57,45,28,Moderate,High,7,No,8508-23832
Sedan,4,157592,92,3436,44,15.2,12.68,33,32,Good,Medium,2,No,86992-143270
SUV,5,204808,101,3261,35,10.8,12.65,45,30,Moderate,Low,12,No,34090-52576
Truck,4,6604,103,3002,32,5.8,12.29,39,34,Moderate,Low,9,No,4499-120201
SUV,12,222475,99,2484,31,11.5,11.9,34,28,Good,Low,1,No,63481-180000
Truck,6,139055,98,1907,20,7.9,12.72,26,36,Worn,Low,11,No,5456-14104
Hatchback,7,164830,85,810,31,20.5,12.16,32,28,Worn,Medium,2,No,26823-104323
SUV,5,38454,93,2755,37,9.3,11.99,25,28,Worn,High,6,No,56391-101471
Hatchback,3,138004,94,3229,30,16.6,12.35,39,29,Critical,Low,12,No,19092-35586
Hatchback,6,177395,90,967,36,19.2,12.09,27,28,Good,Low,5,No,87271-153717
Truck,5,230551,99,2657,34,5.6,12.21,29,29,Good,High,9,Yes,13559-37497
SUV,1,231555,95,2514,33,11.0,12.79,26,30,Good,Low,2,No,70674-121520
SUV,11,13131,91,2664,30,14.4,11.79,29,30,Worn,Medium,12,No,22631-97783
Truck,5,57271,105,3348,26,8.2,11.98,35,30,Good,Medium,2,No,21919-175780
Truck,3,113357,99,1868,21,7.5,11.71,30,35,Moderate,Medium,6,No,13123-38031
Hatchback,6,168411,85,3007,28,21.2,12.35,40,36,Good,Low,6,No,95308-176458
Hatchback,11,14318,85,1016,32,18.1,11.96,31,31,Moderate,Medium,4,No,43063-107345
Sedan,6,43334,89,2634,35,13.8,12.05,43,33,Critical,High,7,No,14090-35732
Sedan,2,10166,83,2561,31,13.3,12.04,41,30,Good,Medium,11,No,21746-53500
Truck,6,30179,110,2984,16,5.0,11.75,40,34,Critical,Low,9,No,874-1940
SUV,3,87489,91,1803,34,13.9,12.0,40,29,Good,Low,5,No,94082-159296
Truck,12,218209,102,801,19,6.4,11.99,28,29,Moderate,Low,4,No,15851-24013
Truck,1,241766,110,2441,15,10.6,12.32,30,32,Worn,Medium,9,No,3977-12359
SUV,11,50190,91,3408,39,9.1,12.2,26,29,Moderate,Low,6,No,61488-130886
Sedan,12,53297,87,1851,28,11.9,11.9,25,30,Moderate,Medium,9,No,58306-89024
SUV,2,249079,87,2397,38,10.3,12.1,30,34,Good,Medium,2,No,77585-180000
Sedan,5,21001,84,2161,28,18.5,12.0,28,30,Good,Low,6,Yes,50577-123931
Truck,5,218227,108,3430,24,4.1,12.2,42,33,Good,Low,1,No,40671-77727
Sedan,7,245893,84,2229,37,13.7,12.22,45,33,Moderate,Low,10,No,43405-145557
SUV,10,206979,104,1638,26,10.2,12.11,30,31,Moderate,Medium,11,No,13105-52897
Sedan,10,44722,95,1453,34,15.1,11.89,30,29,Good,Medium,11,Yes,8173-31063
Sedan,6,99022,93,1976,41,13.1,12.08,32,31,Moderate,Medium,11,No,27305-87079
Hatchback,4,200257,93,985,28,15.6,12.13,30,28,Good,Low,9,No,79756-135284
Hatchback,7,14960,91,2851,31,16.6,11.98,41,29,Good,Medium,11,No,19347-68961
Hatchback,8,7353,94,1273,43,18.9,12.65,45,32,Good,Low,1,No,63325-171051
Sedan,11,199616,98,1222,40,12.3,12.1,33,31,Good,Low,7,No,91475-145459
Truck,7,229752,109,3369,27,10.8,12.12,37,33,Critical,Low,11,No,353-793
Sedan,5,205714,90,1976,36,15.7,12.71,42,36,Moderate,Low,4,No,60023-147617
Hatchback,7,111753,89,2768,35,22.3,12.77,31,29,Worn,Low,8,Yes,27621-91087
Hatchback,12,66332,84,3452,36,20.8,12.7,26,29,Moderate,Low,9,No,46307-164457
Hatchback,5,87728,87,2232,37,20.0,12.09,35,29,Good,Low,4,Yes,48982-131678
Hatchback,9,73630,94,2710,42,17.1,11.76,25,35,Good,Low,10,No,58029-147447
Sedan,1,37467,90,2253,42,15.3,12.65,25,36,Good,Medium,12,No,41427-111763
Truck,5,196795,109,1934,25,7.5,12.0,30,35,Critical,Low,10,Yes,6131-17029
Truck,10,113181,97,1246,19,10.0,12.45,35,35,Good,Low,7,No,34091-68309
SUV,6,133803,93,2381,25,9.0,12.67,37,33,Good,Medium,8,No,50168-118176
Truck,2,108036,104,3195,30,6.2,12.12,39,30,Moderate,Low,8,Yes,35051-64939
Sedan,7,231064,102,1479,38,16.8,11.88,37,34,Critical,Low,5,No,24336-78527
Truck,8,130374,106,2200,20,7.9,11.95,29,31,Good,Medium,5,No,4837-16007
Truck,12,233352,113,2584,19,8.6,12.54,38,35,Moderate,High,7,No,1044-4132
SUV,10,54402,103,1470,32,12.9,11.9,27,29,Good,Low,11,Yes,17953-44511
SUV,11,202700,98,3458,32,10.2,12.56,42,34,Good,Medium,10,No,61974-114442
Hatchback,8,230442,94,1531,35,16.7,11.97,30,28,Worn,High,7,Yes,11785-26149
SUV,11,147163,106,1674,43,11.9,11.79,33,28,Good,Low,5,No,31267-82365
Truck,8,231795,101,1022,32,9.3,12.52,41,34,Good,Low,3,No,43193-65345
Sedan,8,11570,101,1491,39,14.3,12.07,45,31,Good,Low,2,No,63915-108865
Hatchback,4,209188,92,3159,45,20.7,12.23,35,32,Good,Low,10,No,69100-115488
Sedan,11,202496,87,2682,39,13.2,12.55,31,35,Good,Low,1,Yes,100546-152488
Sedan,4,64843,92,1370,34,16.1,12.08,35,35,Good,Low,6,No,52214-177946
SUV,1,157044,91,1542,30,12.0,12.16,25,34,Moderate,Low,12,No,37665-63075
Sedan,6,84884,95,3483,35,13.8,12.79,25,32,Good,Low,12,No,30313-65197
Sedan,3,115545,100,710,32,17.4,11.89,36,30,Good,High,10,No,14917-49535
Truck,2,131801,104,1561,29,8.2,12.69,25,34,Good,Low,8,No,47174-84154
Truck,5,200480,111,1427,27,9.0,12.06,36,35,Good,Medium,6,No,14620-27104
Hatchback,6,171449,96,3113,28,17.9,12.77,26,32,Good,Low,11,No,23183-37093
Sedan,3,244082,94,917,29,14.6,12.05,34,35,Good,Low,11,No,57185-87281
Truck,11,39239,111,2325,28,9.0,12.25,29,29,Good,Low,10,Yes,11012-41700
Truck,2,100004,108,2222,24,6.0,12.25,38,33,Good,Medium,12,No,6980-13760
Sedan,11,41138,92,2597,30,17.4,12.55,36,29,Moderate,Low,2,No,89650-162658
SUV,2,174742,104,1592,29,10.5,12.3,37,32,Good,Low,6,No,67498-172962
Hatchback,9,125120,97,2094,32,22.4,11.96,32,30,Moderate,Low,2,Yes,49638-109286
Hatchback,8,70887,91,2514,41,21.6,12.09,44,32,Moderate,Low,7,No,55610-180000
SUV,10,239647,96,1406,29,10.5,12.59,34,34,Good,Medium,3,No,69978-109110
SUV,1,26947,89,802,28,13.8,11.72,37,34,Good,Low,5,No,72314-133780
SUV,1,129787,103,2160,40,9.4,12.25,31,32,Good,High,1,No,21674-83032
Hatchback,3,238946,90,1110,42,18.1,12.8,26,36,Worn,Medium,1,No,78206-122420
Sedan,2,167691,87,1819,32,18.4,12.25,34,33,Moderate,High,5,No,23370-56572
Hatchback,10,112760,90,2721,38,20.2,12.18,25,34,Good,High,11,No,31265-67025
SUV,9,234596,104,1091,33,13.7,12.52,38,31,Good,Low,2,No,53772-178938
SUV,8,148428,106,2072,29,7.9,12.13,38,30,Critical,Medium,5,No,11425-37289
Truck,7,89018,93,1985,32,5.6,11.86,43,34,Good,Medium,7,No,10426-106781
Hatchback,10,12528,98,1306,33,21.7,11.71,33,30,Good,Low,2,No,56456-114228
SUV,6,165302,95,3244,33,9.7,12.62,28,29,Worn,Medium,10,No,17201-161870
Hatchback,12,164472,92,3375,33,21.8,12.57,36,29,Good,High,10,No,29756-64710
Truck,4,71543,95,2132,21,7.9,12.64,32,31,Moderate,High,6,No,2351-5401
Hatchback,11,70919,93,3311,37,18.0,12.02,26,33,Critical,Medium,11,No,18499-36135
Sedan,7,115149,97,2443,33,16.8,12.75,30,30,Good,Medium,4,No,51172-107632
Hatchback,12,143656,92,2616,38,20.3,12.14,32,30,Worn,Low,1,No,51326-136408
Truck,4,198791,100,803,27,4.6,12.56,35,30,Worn,High,9,No,18494-33738
SUV,2,42131,106,3354,39,9.2,12.51,43,30,Moderate,Low,2,No,52320-100036
Truck,1,131636,99,3203,28,7.7,12.4,42,35,Good,Medium,5,No,24072-69522
Truck,2,22565,113,3444,29,7.2,11.78,28,36,Moderate,Low,2,No,16076-56516
Sedan,7,36651,89,1284,36,16.2,12.26,43,29,Worn,Medium,9,No,30551-70681
SUV,6,173764,92,1363,29,11.0,12.22,42,29,Worn,Low,1,Yes,47045-120987
Sedan,3,25737,91,925,33,14.5,12.13,37,32,Worn,Low,7,No,33306-109166
Sedan,3,23651,90,911,30,15.7,11.77,31,35,Good,High,10,No,30094-61662
Truck,3,185147,97,2452,26,6.0,12.77,26,33,Good,Low,2,No,45713-70819
Hatchback,9,198719,95,3481,41,16.5,12.0,32,36,Worn,Medium,5,Yes,25732-84016
SUV,2,100842,91,3347,28,13.2,12.12,39,31,Good,Low,8,No,66162-156404
SUV,3,61870,96,2739,40,10.2,12.31,28,34,Moderate,Medium,3,No,40743-61861
Truck,6,240105,113,3005,23,7.4,12.76,25,30,Moderate,Low,3,No,12410-23152
Sedan,9,15998,95,1447,33,14.5,12.52,34,36,Worn,High,2,No,37140-59122
Truck,8,137258,111,3421,18,3.5,11.75,33,35,Good,Medium,2,No,12684-40272
SUV,12,192959,91,2260,30,11.7,12.48,30,28,Worn,High,10,No,32917-78243
Truck,10,30219,112,2678,23,6.7,11.91,36,36,Moderate,Medium,12,Yes,944-1514
Truck,11,189419,105,1825,25,6.4,11.76,45,36,Moderate,Medium,5,No,16591-48786
Hatchback,1,190178,97,1046,36,15.0,12.42,28,36,Good,Low,5,No,48280-133226
Truck,12,51548,101,837,26,9.8,12.02,28,31,Worn,High,1,No,15966-36768
SUV,4,203488,105,1377,35,15.5,11.99,31,30,Good,Medium,3,No,33674-103616
Hatchback,8,53179,96,3236,43,19.5,12.27,34,30,Good,Low,12,No,19295-176554
Hatchback,11,237874,94,927,31,17.5,12.37,33,33,Moderate,High,9,No,16397-54631
Hatchback,2,78792,92,1915,34,17.6,11.87,33,28,Critical,Medium,11,No,10771-19007
Hatchback,3,13158,86,833,28,22.2,12.44,35,36,Worn,Low,12,Yes,25580-38860
Sedan,1,59895,96,2869,33,12.4,11.75,31,34,Moderate,Low,6,Yes,23608-85084
SUV,7,249559,103,1976,38,8.8,12.7,37,31,Good,Low,4,No,45655-161411
Hatchback,2,171848,90,1323,44,15.4,11.79,39,36,Good,High,7,No,39930-61808
Hatchback,12,53723,87,1602,37,15.0,12.22,32,30,Worn,Medium,9,No,31788-115544
Hatchback,1,181947,94,1953,45,19.0,12.28,30,31,Good,Low,11,No,31033-84085
Hatchback,11,235731,89,955,32,16.1,12.17,38,30,Worn,Low,3,Yes,37096-126832
Hatchback,10,202300,96,1550,34,17.3,12.46,39,36,Moderate,High,5,No,13459-45465
SUV,8,8055,98,613,26,9.9,12.3,25,33,Good,Low,1,No,71251-180000
Hatchback,6,6970,87,1547,34,15.0,12.36,28,28,Good,Low,10,No,59319-109381
Sedan,12,100886,95,2703,40,15.1,12.75,41,32,Moderate,Medium,4,No,31312-88092
Sedan,11,9436,90,894,32,15.9,11.87,34,36,Good,Low,6,No,71144-147340
Truck,8,144723,103,684,18,8.8,12.44,38,36,Good,High,8,No,5045-11217
Hatchback,4,109717,87,1440,37,17.1,12.52,34,34,Moderate,Medium,10,No,40498-61782
SUV,2,151172,103,1650,39,9.2,12.15,34,34,Good,High,2,No,57117-112525
Sedan,9,49043,94,659,39,13.5,12.04,44,35,Good,Medium,10,No,62548-99086
Truck,4,46787,112,1161,31,7.0,12.33,30,29,Moderate,Low,9,No,5484-19948
Sedan,10,63279,83,2822,41,17.4,12.05,26,31,Good,Low,7,No,72244-180000
SUV,11,75169,100,1607,27,7.1,12.69,37,29,Moderate,Low,9,Yes,32292-94338
Truck,2,70432,107,1066,27,4.6,12.55,25,31,Moderate,Low,9,No,6762-26380
Truck,11,49781,105,3341,24,10.9,11.81,36,35,Critical,Low,5,Yes,8049-21825
Truck,6,187729,101,2304,25,7.4,12.38,35,34,Worn,Low,5,No,29198-74034
Sedan,6,139453,88,1726,33,18.5,12.48,36,29,Good,Medium,11,No,32550-72420
Truck,1,214576,93,2451,24,7.7,12.7,35,33,Good,Low,2,Yes,28504-88083
Truck,8,162662,103,1086,21,6.4,11.76,27,31,Good,Medium,9,No,5752-14406
Sedan,6,76309,96,2241,42,12.4,12.02,29,31,Moderate,High,2,No,32948-77030
Sedan,9,248095,84,1029,37,13.0,12.55,30,29,Worn,Low,1,No,50064-148612
Sedan,6,20837,88,1265,28,15.4,12.42,43,36,Moderate,Medium,5,Yes,5005-71064
Hatchback,11,142462,85,1161,44,15.5,12.58,32,31,Moderate,High,11,No,16278-25952
Sedan,10,13830,85,1479,36,13.7,12.01,44,32,Moderate,Low,3,No,95549-179011
Hatchback,11,120681,92,1775,29,16.2,11.75,33,31,Moderate,Low,1,No,69666-146006
SUV,2,182715,102,3124,37,10.8,12.15,38,29,Critical,Low,6,Yes,22539-39141
SUV,3,56350,94,3163,40,9.8,12.68,31,35,Critical,Medium,10,No,59528-92584
Hatchback,11,114429,90,952,35,19.6,11.7,42,31,Good,Medium,2,Yes,7634-115483
Sedan,12,117712,96,1279,40,11.4,12.78,37,36,Critical,Medium,12,No,21171-38419
Truck,11,117052,95,2466,22,4.8,11.82,39,31,Good,Medium,12,Yes,6851-15085
Truck,5,163335,114,3355,31,7.1,12.61,32,34,Good,High,8,No,4271-12783
Sedan,12,128783,93,2595,33,14.5,12.6,36,28,Good,High,2,No,38645-102241
Truck,5,136709,106,2249,30,10.8,11.79,32,33,Good,Medium,2,No,26731-43507
Sedan,12,180165,86,2555,29,16.6,11.83,36,35,Moderate,Medium,8,No,43578-71950
SUV,11,201831,103,678,31,11.4,11.95,30,32,Worn,Low,6,No,47427-89833
Truck,7,230821,100,1321,17,5.6,12.1,41,35,Critical,Medium,6,No,5632-15860
Sedan,8,26088,90,1009,37,17.3,12.04,44,34,Moderate,Low,12,No,26838-95886
Hatchback,4,235413,90,1599,37,23.0,12.44,40,36,Good,Low,10,No,47188-122368
Sedan,6,69175,101,1111,29,13.1,12.04,28,33,Moderate,Low,3,No,41346-92224
Truck,7,176405,104,2436,29,6.0,11.81,39,33,Good,Medium,4,No,28768-86014
Truck,10,221864,113,1763,34,5.7,12.54,42,28,Good,High,1,No,14376-24174
Sedan,5,18898,101,1619,38,18.6,11.71,37,32,Worn,Low,4,No,43380-118728
Sedan,1,185570,91,1131,41,12.9,11.88,25,34,Moderate,Medium,2,Yes,45406-90696
Hatchback,4,19387,91,2286,36,16.5,11.82,33,29,Moderate,Low,2,No,45425-137931
Sedan,1,106074,83,3136,42,14.1,12.51,38,35,Moderate,Low,5,Yes,44807-131703
Sedan,9,238646,95,1947,33,15.0,12.7,30,35,Good,Medium,11,No,21966-43614
Sedan,12,70540,96,2273,34,16.6,11.77,30,35,Good,Medium,8,No,67954-111570
Hatchback,4,135569,86,2426,35,17.3,12.63,38,34,Good,Low,4,Yes,848-132400
SUV,2,131037,92,1273,38,9.7,11.97,29,30,Good,Medium,1,No,73895-180000
Truck,10,103114,95,2236,34,10.0,11.98,39,29,Good,Low,1,Yes,39743-79639
SUV,8,52056,101,2180,33,7.3,12.25,31,35,Moderate,Low,1,No,73623-180000
Truck,2,222428,110,1677,24,10.3,11.91,42,29,Moderate,Low,5,No,10446-19406
Sedan,4,233855,99,3425,40,17.6,12.56,25,33,Moderate,Low,10,No,35061-79457
SUV,11,227791,97,996,32,9.2,12.75,34,35,Worn,Medium,1,No,35225-103175
SUV,9,228760,100,2110,28,13.2,12.08,29,35,Critical,Medium,7,No,22398-83916
Sedan,7,200703,98,3137,31,14.6,11.88,38,28,Good,High,12,No,7764-15280
Hatchback,10,130476,88,1025,37,20.6,12.5,38,29,Good,Medium,1,No,73217-152451
Hatchback,6,178610,100,1051,43,20.0,12.8,33,35,Moderate,Medium,11,No,29116-56726
Hatchback,4,120248,93,1893,40,21.9,11.87,39,31,Good,Low,10,No,87159-180000
Truck,12,66667,100,2562,31,6.9,12.1,30,30,Good,High,9,Yes,11892-31210
Hatchback,1,244239,89,2945,36,17.1,12.51,27,29,Good,High,5,No,58141-116749
SUV,4,103725,97,2725,39,11.1,12.12,37,33,Good,Medium,7,No,65432-180000
SUV,2,26902,96,2529,29,13.1,12.64,34,29,Moderate,Low,5,No,37192-75664
Truck,3,49810,109,3168,27,10.0,12.76,35,29,Worn,High,1,No,5299-13823
Truck,12,8862,108,2448,26,7.2,11.76,28,36,Good,Low,1,No,27340-60856
Hatchback,12,149397,100,2260,29,23.0,12.39,44,29,Good,Low,9,No,42654-120164
Sedan,4,172388,90,823,44,11.5,11.91,26,35,Good,Low,11,No,52899-91177
Hatchback,7,70509,94,1804,41,18.1,12.03,41,35,Good,Low,12,No,31827-106916
Truck,6,52110,111,2344,26,3.2,11.92,29,35,Worn,Low,5,No,10636-33844
Sedan,4,103750,94,1170,29,16.5,12.03,26,35,Good,Low,5,No,69627-180000
SUV,11,180842,102,1193,30,6.8,12.16,38,29,Moderate,Low,11,No,24079-50007
Hatchback,2,71897,93,1566,38,20.2,12.68,38,33,Good,Low,10,No,61381-125657
SUV,10,119612,104,1584,41,7.9,12.38,41,31,Critical,Medium,3,No,31083-80259
Truck,10,63661,96,2696,27,6.8,12.4,32,36,Good,High,4,Yes,15240-40444
Sedan,12,21964,96,2806,36,18.7,11.85,29,36,Good,Medium,6,No,35911-87844
Truck,2,39834,114,1717,18,6.6,12.6,29,34,Moderate,High,10,Yes,734-2010
SUV,7,11212,92,3138,26,9.8,11.95,44,32,Good,Low,8,No,34489-180000
SUV,6,46076,103,1526,35,10.0,12.79,29,31,Moderate,Low,5,No,26654-80034
Truck,1,152869,111,3303,33,10.1,12.23,30,32,Moderate,Low,9,No,20492-37532
SUV,4,173387,103,2739,32,13.6,12.13,28,28,Good,Low,5,No,26020-180000
Truck,2,221949,102,1562,20,8.2,12.32,31,31,Moderate,High,12,No,843-1267
Hatchback,5,144378,88,2729,33,20.3,11.71,39,30,Good,Low,4,No,71695-153263
Sedan,5,179104,88,2242,36,16.8,12.15,29,36,Good,Medium,1,No,82361-126119
Hatchback,11,216246,88,2781,40,17.6,12.04,33,33,Moderate,Low,10,No,80126-180000
Hatchback,5,247736,82,1157,37,22.4,12.78,42,30,Good,Low,3,No,72268-136046
Sedan,5,59870,84,3245,36,16.2,12.65,25,29,Good,Low,3,No,64382-180000
Truck,9,234100,94,3500,30,5.6,11.85,34,30,Worn,High,5,No,8266-21904
Truck,1,126572,105,1418,15,6.3,12.13,40,36,Good,Low,6,No,20412-36294
Truck,9,242265,106,1287,23,8.1,11.85,45,34,Critical,Low,10,No,5791-11693
Hatchback,6,219573,88,985,30,16.4,11.79,44,29,Critical,Low,9,No,24461-93925
SUV,3,150196,96,3497,25,9.9,12.24,25,34,Worn,Low,7,No,47003-97983
Sedan,8,230647,90,1460,34,14.7,12.24,45,32,Worn,Medium,2,No,43098-104150
SUV,5,141401,95,1344,32,9.9,12.49,41,33,Good,Medium,8,No,46504-95742
Hatchback,1,87390,94,3186,35,16.2,11.93,37,35,Good,Low,12,No,33305-102619
Sedan,12,230600,84,3433,27,16.5,12.47,42,34,Good,Low,1,No,70501-107517
Sedan,2,196698,95,3370,32,17.7,12.55,41,34,Moderate,Medium,2,No,33008-76938
SUV,9,95172,92,1271,41,12.8,12.4,30,34,Good,Low,5,Yes,27483-180000
Sedan,6,175830,95,1945,34,14.2,12.23,25,36,Good,Low,1,No,53363-155343
Hatchback,12,163342,93,1056,38,19.7,12.4,39,28,Good,Low,8,No,56747-180000
SUV,2,69826,93,1193,37,13.2,11.99,30,32,Good,Low,10,No,40464-148296
SUV,12,233545,107,2890,38,10.2,11.96,45,29,Moderate,Low,2,No,45640-72632
SUV,4,12713,101,2407,33,14.4,12.63,34,35,Moderate,Medium,10,No,26356-97170
Sedan,6,35703,88,1027,31,12.7,11.82,37,34,Moderate,Low,4,No,39050-100738
Hatchback,4,119315,88,2370,33,17.6,11.96,34,28,Moderate,Low,4,No,30011-148579
Sedan,4,25569,83,1157,36,12.7,11.94,40,28,Moderate,Low,3,No,57558-180000
Hatchback,8,26853,91,3496,33,19.7,12.79,45,31,Good,Medium,10,No,44680-84804
Truck,6,235690,106,2642,35,11.0,12.27,37,32,Moderate,High,4,No,1739-11113
Hatchback,3,197064,88,2917,32,19.3,12.55,43,32,Good,Low,4,No,65864-122808
SUV,5,138795,104,3179,24,10.2,11.85,37,28,Good,Low,11,Yes,28637-74223
Sedan,6,5434,99,3001,26,13.7,12.0,42,36,Moderate,Low,9,No,38984-158287
Sedan,8,31686,91,3443,32,15.6,12.23,37,29,Moderate,Medium,9,Yes,13351-43189
SUV,9,181887,99,2688,24,10.1,12.7,29,33,Critical,Low,4,Yes,36722-66354
Sedan,8,82453,87,2797,43,13.3,11.84,27,32,Good,Medium,10,Yes,45792-69624
Sedan,8,9885,96,1388,30,15.5,12.19,38,36,Good,High,11,No,5925-34863
Sedan,9,205161,96,3376,38,15.3,12.19,33,30,Moderate,Medium,10,Yes,16509-64695
Hatchback,7,196236,82,3179,44,17.1,12.41,38,31,Good,High,5,No,34251-76389
Truck,1,183025,97,630,23,4.6,11.99,27,36,Good,Low,4,No,26917-95639
Truck,7,231149,104,3147,17,9.1,12.78,37,31,Moderate,Medium,5,No,7149-13203
SUV,8,198720,91,2564,35,9.3,11.81,44,30,Moderate,Low,10,No,23680-180000
Truck,6,52557,100,1259,20,5.1,12.46,38,31,Moderate,Low,7,Yes,8688-27932
Sedan,6,57672,95,1967,27,16.8,12.03,36,34,Moderate,Low,7,No,67106-112766
Hatchback,3,71966,84,2168,30,13.8,11.74,40,30,Critical,Medium,7,No,16735-36229
Hatchback,7,194445,86,3352,38,17.9,12.25,29,30,Moderate,High,2,No,52471-126285
Hatchback,10,248537,88,619,41,22.6,12.37,44,28,Moderate,Low,7,No,83461-131227
SUV,11,57551,97,2935,34,9.1,12.38,32,34,Good,High,11,No,8065-24042
Sedan,1,247896,82,2046,32,13.9,12.35,26,28,Worn,Low,8,No,33665-85551
Truck,1,155476,103,1834,35,6.9,12.46,34,30,Good,High,6,No,16964-40662
Sedan,1,235784,87,989,37,17.7,12.56,35,34,Moderate,High,8,No,23939-52797
Hatchback,9,143348,90,2392,32,15.5,11.76,38,35,Moderate,Low,2,No,68099-151181
SUV,11,205311,99,1724,34,12.0,11.81,29,33,Good,Medium,8,No,39825-110521
Sedan,5,170651,82,1405,27,16.0,12.34,34,35,Good,Low,9,No,51339-153381
Truck,4,143337,106,772,26,6.6,11.85,42,35,Good,High,10,No,6182-16746
Sedan,6,165258,87,1203,36,13.4,11.87,45,36,Moderate,Medium,3,No,38941-69073
Sedan,9,183079,97,2818,29,12.7,11.86,36,36,Critical,Low,8,No,15604-54594
Hatchback,3,68066,97,3476,35,14.1,12.13,33,36,Good,Low,3,No,36121-131353
Truck,12,11846,96,1057,36,6.1,12.32,32,30,Critical,Low,2,Yes,29495-45059
SUV,4,229369,91,2963,36,9.3,11.85,32,35,Good,Low,2,No,54300-129014
Truck,10,74368,108,2606,23,5.8,12.63,43,34,Good,Low,12,No,16512-29682
Truck,10,207954,108,1894,17,7.6,12.28,31,35,Worn,Low,1,No,4687-16477
Truck,7,172156,109,3213,36,7.9,12.5,33,34,Good,Low,11,No,13871-29181
Truck,5,128371,110,1787,28,4.0,12.19,26,31,Good,High,7,No,4714-11460
Sedan,11,120632,85,2572,28,15.9,12.35,30,36,Moderate,High,10,No,17263-61787
SUV,8,236662,95,2047,26,12.7,12.4,31,36,Good,Low,2,No,65244-178356
Hatchback,11,231166,87,626,38,17.8,11.98,31,34,Moderate,Low,1,No,76045-142549
Hatchback,12,128314,88,2343,37,19.9,11.89,44,36,Worn,Medium,12,No,20979-57969
SUV,10,216298,90,3163,34,10.4,12.02,25,32,Good,Low,10,Yes,77934-119196
Hatchback,7,140697,86,2201,35,18.7,12.27,30,31,Moderate,Low,12,No,39702-71492
Hatchback,1,236003,91,1436,41,15.3,12.57,36,29,Good,Low,10,No,73156-180000
Truck,2,149068,108,1002,24,8.9,12.42,30,36,Moderate,Low,4,No,21668-36538
SUV,1,133774,105,3157,26,8.9,11.93,41,35,Moderate,Low,8,No,42832-132058
Sedan,3,44299,93,1827,29,18.6,11.72,45,33,Good,Low,6,No,23926-180000
Truck,6,197100,104,645,15,4.0,12.46,41,30,Worn,High,4,No,3228-6152
Sedan,8,162321,91,3281,32,16.0,12.01,36,29,Good,Medium,11,No,17720-54124
Sedan,8,34262,98,2479,30,14.3,12.63,35,34,Worn,High,12,No,2837-6363
SUV,6,30330,99,2999,33,9.9,12.12,31,28,Worn,High,1,No,16343-34629
Sedan,5,81416,91,782,37,12.0,12.3,29,32,Moderate,Medium,7,No,18923-180000
SUV,10,186156,102,694,38,10.4,12.07,25,36,Worn,Medium,3,No,49406-88580
SUV,4,129009,98,981,32,9.0,11.87,30,36,Good,Low,4,No,49977-134307
SUV,8,88893,99,2818,36,10.5,12.21,42,30,Good,Low,5,No,55849-135289
SUV,4,212785,103,1057,37,13.2,12.77,44,33,Moderate,Low,3,No,65506-155220
Hatchback,1,89411,90,830,37,14.4,12.16,32,36,Moderate,Low,2,No,100233-170241
Truck,11,229416,109,1558,27,7.6,12.73,28,30,Good,Low,3,No,26761-60955
Sedan,4,95959,88,1979,30,17.2,11.93,25,34,Critical,Low,9,Yes,39184-60484
Truck,4,78064,106,1286,24,7.6,11.73,37,33,Good,Low,1,No,27649-71703
Hatchback,6,247679,83,2599,36,20.3,11.78,39,30,Worn,Low,10,No,67398-121754
SUV,4,119349,98,895,34,15.4,12.06,43,30,Good,Medium,5,Yes,51302-114698
Hatchback,6,204497,84,2931,39,18.4,12.1,42,28,Moderate,Medium,3,No,51134-77320
Truck,10,14212,106,677,26,4.5,12.3,27,29,Good,Low,4,Yes,20405-31559
SUV,2,144893,102,927,28,9.7,12.23,28,32,Good,Low,12,No,52174-118766
Sedan,6,60015,92,3474,43,14.1,11.98,31,28,Good,High,11,Yes,22828-35152
Truck,3,197834,107,2156,33,9.1,12.03,45,29,Moderate,Medium,4,No,11963-25937
SUV,5,98088,99,1104,30,12.6,12.57,43,32,Worn,Medium,2,No,62881-94533
SUV,3,70675,90,2340,37,10.6,12.7,33,34,Moderate,Medium,7,Yes,56203-122421
Truck,5,200070,107,2291,29,5.9,12.11,34,35,Worn,Low,2,No,27292-52450
Sedan,7,228893,93,1448,28,14.4,12.79,30,32,Good,Medium,10,No,35639-95939
Hatchback,7,79179,97,3101,41,19.0,12.41,25,28,Good,Low,9,Yes,48218-99340
Sedan,3,135186,88,1667,27,16.1,12.07,44,28,Good,High,7,No,21623-71801
Sedan,6,52001,93,2852,25,14.4,12.15,36,34,Worn,Medium,1,No,34067-77755
SUV,9,44712,99,1844,22,11.2,12.23,35,31,Moderate,High,7,No,44418-70246
Sedan,8,35764,95,1005,31,14.7,12.08,25,36,Good,Low,4,No,26453-85437
Sedan,1,63777,100,3214,29,14.8,12.6,45,36,Good,High,7,Yes,9202-35864
Sedan,2,35127,92,676,38,15.6,12.55,45,29,Critical,Medium,11,No,17366-31196
Hatchback,8,226481,85,1589,40,20.5,12.48,33,31,Good,Medium,11,No,31897-84399
Hatchback,2,236536,95,2163,34,13.1,11.72,30,33,Good,Low,6,No,50858-92522
Hatchback,9,161593,89,768,44,17.1,12.34,40,34,Worn,Medium,2,No,57784-143366
SUV,12,103798,100,1950,31,12.3,12.73,26,32,Critical,Low,8,No,13901-48407
SUV,7,58620,102,2865,33,8.6,11.75,44,30,Good,Low,2,Yes,63816-128126
Truck,11,44683,97,2918,33,8.9,12.38,41,35,Good,Low,8,No,25491-82957
SUV,6,131602,104,3284,29,12.2,12.42,25,29,Critical,Low,3,No,24812-80896
Hatchback,11,189918,92,697,37,13.7,12.8,41,30,Moderate,High,8,No,14190-41966
Truck,6,79052,109,1796,32,7.0,12.39,45,32,Worn,Low,9,Yes,1961-30295
Truck,4,242097,104,983,36,8.2,11.76,44,36,Critical,Medium,3,No,6107-15789
Sedan,9,96029,87,3351,41,16.3,12.73,25,30,Good,Medium,4,Yes,34958-69944
SUV,4,89580,102,2526,36,12.6,12.05,38,31,Good,High,12,Yes,15897-42201
Sedan,8,161049,92,3459,39,14.1,12.52,41,34,Moderate,Medium,9,No,51468-88398
Hatchback,8,160632,89,3038,35,16.7,12.58,35,28,Moderate,Low,2,Yes,47431-99665
Sedan,8,148867,102,2258,34,18.1,12.23,25,31,Good,Medium,4,No,40462-130946
Sedan,3,65657,85,2898,40,12.2,12.11,43,33,Good,Medium,10,No,59298-130396
Sedan,10,37513,98,1896,41,18.1,12.24,26,29,Good,High,11,Yes,9608-30904
Hatchback,2,212699,89,2151,29,16.5,12.45,26,34,Worn,Medium,5,No,32595-124683
Truck,3,206718,113,2996,26,4.2,12.38,25,35,Good,High,12,No,1192-3806
Hatchback,8,214341,89,770,33,22.4,12.46,35,31,Moderate,Low,8,No,26877-99201
Truck,2,140289,104,2537,29,9.7,11.88,43,29,Worn,Medium,2,No,20159-75933
Truck,11,220230,100,2892,28,11.3,11.79,26,31,Critical,Low,4,No,18245-38065
Truck,2,233060,103,923,16,6.7,12.4,45,29,Moderate,Low,7,No,14518-24872
Sedan,3,101359,84,1319,28,15.4,12.21,44,33,Moderate,Medium,4,No,47250-97062
SUV,5,212464,97,987,24,12.9,12.55,26,36,Good,Low,8,No,86319-149433
Hatchback,4,77666,91,2687,47,19.0,11.95,42,32,Good,Medium,8,No,94569-180000
Sedan,5,175933,99,1141,32,14.9,12.6,29,30,Moderate,Medium,11,No,13495-42335
SUV,11,220574,99,2771,34,8.6,12.32,43,30,Good,High,1,Yes,33510-51326
SUV,9,116298,98,1336,36,10.9,12.68,40,28,Good,Low,3,No,60355-158899
Hatchback,4,105339,86,710,41,20.4,11.79,37,28,Critical,Low,9,Yes,14263-54695
Truck,3,47038,100,1876,19,9.2,11.98,43,28,Good,Low,11,Yes,1704-6538
Hatchback,12,153252,93,3164,37,19.4,11.9,28,34,Critical,Low,12,No,11331-40507
Sedan,7,40467,100,1464,32,12.4,12.49,29,28,Good,Medium,11,No,20977-32703
Hatchback,11,42093,97,1846,36,20.4,12.43,43,33,Good,Medium,4,Yes,36250-71152
Hatchback,5,242418,86,731,33,16.2,12.75,26,29,Good,Low,4,No,68598-180000
Hatchback,11,235446,97,2068,36,18.1,11.9,36,34,Good,Medium,12,No,21748-61014
Sedan,1,193811,89,2091,37,14.1,12.63,42,30,Good,Low,11,Yes,40803-63277
SUV,10,178221,89,1760,38,9.2,12.79,38,34,Good,Low,4,No,44576-126086
Truck,6,175750,109,2226,33,6.5,11.96,33,35,Moderate,Low,2,No,7959-74494
Hatchback,6,70942,87,2608,34,19.2,12.43,41,34,Worn,Low,1,No,57559-180000
Hatchback,12,149365,83,2095,37,18.3,12.6,27,31,Moderate,High,12,No,9258-16952
Hatchback,9,117910,95,1967,42,18.0,12.31,25,28,Moderate,Medium,8,No,36098-118239
Truck,6,5602,114,1599,18,7.7,12.0,29,28,Moderate,Low,11,No,225-1131
Truck,6,183133,98,2359,28,3.7,12.3,39,28,Good,Medium,10,Yes,32901-55203
Truck,5,135326,101,1608,21,5.7,11.97,29,29,Moderate,Medium,6,No,19745-39687
Truck,12,102221,104,3087,16,5.2,12.37,28,35,Moderate,Low,10,No,11781-25865
Hatchback,7,110000,87,1463,35,20.1,11.72,36,31,Moderate,Medium,5,No,39827-111277
Truck,10,52846,109,3480,21,7.9,12.29,45,35,Critical,Medium,4,No,230-1342
SUV,2,187619,99,832,41,11.1,12.31,31,29,Good,High,4,No,31824-103084
Sedan,10,71927,89,2907,39,13.7,12.74,35,29,Worn,Low,1,No,47505-172759
Truck,3,93262,106,2446,30,7.9,11.71,34,28,Good,Low,2,No,25385-62729
Hatchback,4,126399,99,3109,39,14.6,12.06,42,33,Critical,Low,9,No,37498-57296
Truck,9,117463,100,3494,32,9.9,11.89,28,35,Good,High,11,No,8440-15556
Sedan,9,153098,94,3230,40,16.2,12.57,26,33,Good,Low,2,Yes,17444-180000
Hatchback,6,87286,101,1864,44,16.3,12.14,31,36,Good,Low,10,No,93803-171093
Hatchback,1,91672,90,2471,31,14.7,12.2,43,33,Critical,Low,8,Yes,30473-68093
SUV,4,212844,98,2506,42,9.9,12.03,40,35,Good,Medium,3,No,57730-152216
Hatchback,12,208261,94,1304,37,16.0,12.3,33,34,Good,Low,6,No,68458-113514
Sedan,3,55971,95,1251,28,14.0,12.01,42,33,Good,High,12,No,20265-33383
Hatchback,10,59946,91,2743,41,22.2,12.22,45,28,Moderate,Low,9,Yes,60797-116959
Truck,11,164475,108,1047,30,6.6,11.75,30,31,Good,Medium,6,No,14638-22210
Truck,8,63793,109,929,18,5.1,12.53,31,31,Good,Medium,3,No,6511-10479
Hatchback,9,23836,85,2647,37,16.0,12.15,39,32,Good,Low,7,No,44157-167841
Truck,2,63225,99,2400,20,4.8,11.78,25,36,Good,Low,2,Yes,32676-51964
SUV,10,32590,104,1060,28,7.8,12.77,30,36,Good,High,11,Yes,19592-34746
SUV,8,214385,93,1505,25,11.2,12.44,43,28,Good,Medium,12,No,36801-107939
Sedan,12,119703,88,2045,34,14.6,12.31,25,31,Moderate,Low,4,No,55937-84263
Sedan,3,106601,91,2859,36,11.9,12.15,45,30,Good,Low,6,No,56342-118012
SUV,4,93504,99,2900,37,10.7,12.51,43,30,Worn,Low,2,Yes,99548-162252
Hatchback,3,204505,89,1205,45,18.7,12.49,31,35,Good,Medium,9,No,21382-180000
Truck,6,15947,107,3254,36,3.5,12.72,30,30,Critical,Low,12,No,7706-14862
Hatchback,9,123292,87,2570,34,20.2,12.33,31,32,Worn,Low,8,No,38608-99584
SUV,9,90509,101,1073,31,11.3,12.38,28,29,Good,High,9,No,19330-67562
Sedan,6,216446,101,1456,37,13.1,11.74,30,28,Good,Medium,2,Yes,55526-122632
Hatchback,4,159495,87,2022,28,14.3,12.38,36,30,Worn,Low,1,No,79629-167507
Sedan,8,68348,83,1293,34,12.4,12.28,37,35,Good,Medium,5,Yes,35191-127515
Hatchback,3,210426,85,1156,41,17.4,12.24,44,29,Critical,High,8,Yes,7281-17755
Hatchback,7,77539,99,2168,31,19.3,12.7,36,28,Moderate,Low,9,No,29619-118179
SUV,11,146481,87,1988,39,13.9,12.7,43,35,Moderate,High,12,No,38769-74923
Truck,11,150602,111,2030,35,7.2,12.24,38,30,Moderate,Medium,2,No,11758-19234
Truck,4,236914,95,2698,34,6.9,12.27,40,29,Good,Medium,5,Yes,40751-79195
Sedan,4,140965,101,1489,40,14.0,12.55,27,32,Moderate,Low,9,No,20702-81736
Truck,10,72058,94,2501,32,4.6,12.09,35,33,Good,Medium,5,No,61010-118656
SUV,7,136340,97,2553,29,11.3,12.34,25,28,Good,Medium,11,No,29712-48484
Hatchback,6,218489,99,3306,29,19.2,11.97,32,29,Good,Low,3,No,53644-81842
Hatchback,8,239941,93,2525,32,14.4,12.22,40,33,Moderate,High,6,Yes,11194-19034
Sedan,2,130454,98,3391,33,13.2,11.98,28,31,Moderate,Low,7,No,29959-85855
Sedan,12,211971,92,1544,33,14.0,12.4,30,36,Good,High,12,Yes,16367-30981
Sedan,12,173106,86,691,35,13.6,12.03,26,35,Good,Medium,2,No,64868-121436
Hatchback,9,40219,98,691,42,20.6,11.82,43,35,Good,Low,7,No,66010-105666
SUV,11,80408,94,2679,27,9.2,12.03,38,29,Good,Low,1,No,79156-122136
SUV,2,209637,99,2213,28,12.4,11.8,39,34,Good,Low,6,No,94275-161383
Sedan,6,127121,97,923,44,14.1,12.27,26,28,Moderate,Medium,5,No,38392-79384
Sedan,5,90694,92,793,36,14.6,12.3,34,35,Worn,Low,12,No,49605-137259
Truck,8,49160,93,808,29,8.1,11.76,29,36,Moderate,Medium,9,Yes,21522-47592
Sedan,6,173584,83,3470,33,14.3,12.75,33,29,Good,Low,2,No,61703-98607
SUV,8,67240,93,3263,38,12.5,12.41,32,36,Good,Medium,2,No,45829-114831
Hatchback,10,86657,89,3115,38,20.3,12.06,25,30,Moderate,Medium,10,No,49988-97580
Sedan,7,42061,96,2977,35,15.2,12.79,34,28,Good,High,6,No,14350-40010
Truck,7,7684,107,2436,25,5.0,12.68,29,36,Moderate,Medium,1,No,17623-32975
Sedan,10,48649,86,811,29,11.6,12.62,36,30,Good,Low,10,No,83532-173164
Sedan,7,36573,89,774,33,13.8,12.13,35,29,Critical,Medium,7,No,18817-38235
Sedan,2,234825,86,1846,44,12.8,12.15,34,34,Moderate,Medium,11,No,13838-46966
Truck,5,86777,102,2618,31,4.9,12.67,44,32,Good,Medium,4,No,21030-77394
Hatchback,10,72078,87,1660,36,13.1,12.72,43,31,Good,Low,3,No,37297-145795
SUV,5,204937,102,655,41,14.7,12.64,29,29,Good,Medium,1,No,49071-144179
Hatchback,2,215467,86,2933,43,16.1,12.24,37,33,Worn,Medium,9,No,35864-102494
Sedan,1,15923,94,1344,37,13.0,12.2,26,35,Moderate,Low,11,No,37692-145790
SUV,3,129609,93,2617,26,13.8,12.17,43,31,Good,Low,3,Yes,69672-173416
Hatchback,11,175069,94,1910,43,15.3,12.4,43,30,Moderate,Medium,2,No,78935-156037
Truck,10,60796,110,986,34,6.3,11.85,41,36,Critical,Low,12,Yes,1139-3319
Sedan,11,21547,98,798,29,17.6,12.15,25,32,Moderate,Low,11,No,21409-65947
Truck,1,45270,95,924,28,6.9,12.22,45,31,Good,Medium,9,No,23522-49564
Hatchback,7,17331,96,3497,47,20.6,12.71,30,34,Good,High,11,Yes,18257-39921
SUV,1,242476,93,2594,29,7.4,12.48,27,30,Worn,Low,12,Yes,26911-80719
Sedan,5,57689,82,2959,39,13.3,12.05,31,32,Moderate,High,12,No,12042-34698
Sedan,8,65109,91,613,40,14.6,12.25,38,30,Moderate,Low,7,Yes,21634-81240
Sedan,6,223905,88,2176,33,13.1,12.13,40,33,Moderate,Low,6,Yes,41804-134532
SUV,8,100111,101,3348,33,12.4,12.32,30,29,Worn,Low,9,Yes,41314-102292
SUV,3,17701,101,1705,29,8.7,12.78,40,30,Worn,High,1,No,23089-83989
SUV,3,230076,89,759,28,10.9,12.18,25,33,Good,Low,7,Yes,60233-143463
SUV,5,236655,99,779,33,12.6,11.8,35,36,Good,High,5,Yes,15938-50160
Truck,7,231795,113,3024,28,8.2,11.8,26,28,Good,High,7,No,6465-11861
Sedan,1,247782,95,2947,39,18.1,11.8,38,29,Critical,Low,12,Yes,4893-42628
Truck,12,33110,106,728,19,5.1,12.21,29,32,Good,Low,5,No,10438-39576
Hatchback,10,108886,88,2649,33,13.0,12.31,44,35,Good,Medium,10,No,49651-129775
Sedan,7,75973,97,2814,38,13.5,11.87,29,34,Good,Low,10,Yes,31030-84760
Truck,9,57888,112,2718,23,6.7,11.97,41,34,Worn,High,12,No,1097-4217
Truck,4,141897,103,2457,22,7.2,12.26,25,28,Critical,Low,3,No,14758-26370
Sedan,9,184749,90,1854,30,16.1,12.19,25,36,Good,Medium,7,No,32453-119929
Hatchback,3,9731,96,2180,33,15.8,11.96,45,32,Worn,High,10,No,7448-25190
SUV,12,198456,99,1966,34,10.0,12.09,28,28,Moderate,Medium,11,No,24107-73023
Sedan,2,105534,92,2558,43,14.1,11.83,36,30,Good,Medium,1,No,55983-136361
Sedan,12,230843,96,2456,32,13.9,12.12,34,31,Moderate,Low,12,Yes,6186-19558
SUV,12,249776,93,2824,27,12.5,12.53,39,31,Critical,Medium,5,No,33281-58381
Sedan,4,191181,89,1139,32,16.2,12.2,41,31,Critical,Low,1,No,9857-148818
SUV,6,76669,105,2457,35,12.3,12.25,31,28,Moderate,High,3,No,17854-46918
Hatchback,9,79027,90,796,48,15.0,11.88,36,30,Critical,High,1,No,23393-63161
Hatchback,12,54010,88,2398,40,19.5,12.01,44,34,Worn,High,12,No,10401-31011
Sedan,2,240442,94,2575,43,13.4,12.04,28,36,Good,Medium,11,No,26698-92850
SUV,9,225661,97,3275,28,9.6,12.63,45,30,Good,Medium,9,Yes,32654-75726
SUV,1,6569,97,2013,36,10.4,12.45,37,36,Worn,Low,11,No,24914-82374
Sedan,9,23515,91,3446,25,13.2,11.78,38,31,Moderate,Low,6,Yes,39194-137424
SUV,3,141863,88,3274,26,14.7,12.72,31,28,Moderate,Medium,8,No,39285-134505
Hatchback,6,180469,88,3451,48,16.3,12.57,31,32,Good,Low,8,Yes,56886-174528
Hatchback,5,18464,93,1848,34,18.9,11.89,36,29,Worn,High,5,No,18898-56042
SUV,11,61739,105,1938,38,12.1,12.16,33,30,Moderate,Medium,1,No,61828-180000
Sedan,10,63127,97,1608,35,14.4,12.54,26,35,Good,High,5,No,27323-64969
SUV,9,178888,91,2831,37,14.2,11.99,33,36,Worn,Medium,10,No,28063-180000
Hatchback,3,46026,86,820,38,16.7,12.53,41,36,Good,Low,5,Yes,65170-111710
SUV,9,15900,103,1440,38,14.2,12.22,25,36,Good,Medium,11,No,56598-91006
Sedan,1,158705,97,916,34,13.7,11.98,39,31,Good,Medium,2,No,27660-87768
Sedan,8,127646,89,2189,34,14.3,12.5,36,32,Good,Low,4,No,51824-157132
SUV,7,188889,95,3186,37,12.9,11.99,37,34,Moderate,Low,9,No,84427-135325
Hatchback,11,185766,87,974,42,20.6,11.75,43,36,Critical,Low,12,No,31135-91955
Sedan,9,145443,83,760,35,18.6,12.38,31,30,Moderate,Medium,11,No,19192-51786
Truck,9,80264,97,3478,24,5.4,12.62,28,30,Good,High,12,No,2144-7724
Truck,1,83285,106,3053,21,7.5,12.42,32,32,Worn,Low,2,No,12719-46647
Sedan,7,81029,96,2483,37,14.0,12.3,32,33,Worn,Medium,8,No,17257-120241
Truck,12,109110,100,882,17,6.5,12.54,40,28,Good,Medium,7,No,6252-32655
SUV,3,142288,97,1710,24,12.9,11.8,27,32,Moderate,Medium,7,No,31106-103108
Truck,1,243810,107,713,34,7.1,12.75,32,29,Moderate,High,3,No,5509-9265
Hatchback,11,198303,99,823,33,15.5,12.06,31,35,Moderate,Medium,5,No,33355-54789
SUV,7,11914,88,2625,38,8.7,12.59,44,31,Good,High,2,No,50474-163236
Sedan,12,66658,97,3233,43,12.2,12.51,26,36,Good,Low,4,No,83932-180000
Sedan,2,185093,100,2012,32,16.3,11.76,39,31,Good,Low,6,No,50850-115958
Hatchback,12,102905,83,773,39,15.5,12.35,32,30,Good,Medium,7,Yes,35137-130141
Hatchback,8,44774,88,909,29,20.6,12.71,27,29,Good,Low,8,No,37418-138070
SUV,10,196543,98,626,28,13.6,12.21,30,34,Moderate,Low,11,No,27968-88142
SUV,1,201507,96,2885,34,8.8,12.43,34,35,Critical,Low,8,Yes,17143-65545
Sedan,4,71881,92,3449,30,13.0,12.75,42,28,Good,Low,4,No,44936-180000
Sedan,12,234146,93,2637,42,16.9,12.0,29,35,Good,Low,5,No,77095-170465
SUV,2,28609,91,2538,27,14.6,12.65,33,35,Moderate,High,7,No,20802-32224
Truck,11,35051,108,3143,23,8.2,11.8,44,34,Moderate,High,1,No,5722-12450
Truck,4,104453,108,2416,26,9.8,12.39,36,30,Critical,Medium,5,No,3584-6964
Sedan,9,66488,99,3274,29,15.2,12.07,27,30,Moderate,High,3,No,15789-41443
SUV,3,113590,100,2462,29,11.1,11.8,42,36,Good,High,6,No,26856-89738
Truck,7,19111,111,1500,23,6.2,12.79,31,32,Good,Low,1,No,28750-52264
Truck,11,186689,109,2919,17,6.0,12.74,35,28,Good,Low,4,Yes,6184-11200
Truck,8,125446,99,1294,23,3.7,12.62,27,29,Good,High,10,Yes,14758-36932
SUV,9,240629,95,991,30,12.6,12.67,44,35,Good,High,9,No,30657-68755
SUV,8,230254,95,2575,23,13.1,12.3,43,35,Good,Low,1,No,56377-134363
SUV,8,24646,97,1110,34,8.4,12.24,34,33,Good,Low,3,Yes,42773-117662
Sedan,1,76528,101,3197,42,15.3,12.41,44,35,Good,High,6,No,21179-35537
Truck,1,218285,107,847,31,5.3,12.28,30,35,Worn,Low,4,No,12382-22622
Sedan,9,207113,89,2378,33,17.4,12.69,37,35,Worn,High,2,No,36427-59517
Truck,10,84847,105,3149,31,6.9,12.37,41,29,Good,Low,10,No,41091-89911
Sedan,11,214710,84,1226,34,16.9,12.03,32,34,Good,Medium,12,No,11967-43487
SUV,8,120264,95,2799,24,9.6,12.69,37,29,Worn,Medium,4,No,39034-93076
Truck,12,197053,112,1153,27,7.0,12.13,36,35,Good,Low,12,No,11563-26285
Sedan,1,35594,95,3465,37,17.4,11.99,26,29,Good,Low,9,Yes,28837-108081
Sedan,5,77871,89,1235,44,13.4,12.3,31,30,Moderate,Medium,12,No,19570-52992
Truck,2,174206,98,3040,35,3.7,12.01,45,29,Good,Low,12,No,29484-102154
SUV,2,98958,88,2623,35,10.0,12.25,41,32,Worn,Low,7,No,93065-139857
SUV,2,159311,93,3134,31,8.8,11.98,29,35,Critical,Low,6,No,49835-122471
Sedan,9,134891,83,2977,38,12.6,12.74,45,32,Moderate,Low,9,No,46116-180000
Sedan,5,86742,99,3409,34,14.9,12.25,44,34,Worn,Low,11,No,37193-65675
Hatchback,8,214351,90,1773,33,15.4,12.02,35,31,Moderate,High,10,No,24388-60666
Truck,9,43245,108,2127,28,5.4,12.14,38,35,Moderate,Low,2,No,13701-109839
Sedan,1,6994,89,1793,41,14.8,12.63,27,32,Moderate,Medium,1,No,58181-118101
SUV,5,90453,91,1878,23,11.6,11.73,38,34,Moderate,Medium,9,No,43619-127743
SUV,11,62503,93,3113,28,9.5,11.84,39,31,Moderate,Low,5,No,60110-162656
Hatchback,9,15846,88,1895,40,19.4,11.88,26,34,Good,Low,1,No,74406-133322
Hatchback,1,240756,93,777,36,20.4,12.58,27,35,Moderate,Medium,5,No,44375-80791
Hatchback,5,41407,88,2313,34,17.4,12.04,43,34,Worn,High,7,No,35840-56846
Truck,12,141577,101,1296,25,3.1,11.81,30,28,Good,Low,9,Yes,23881-75279
Hatchback,1,87965,95,1744,33,17.6,12.79,33,31,Good,Medium,2,No,46408-129768
Truck,10,56368,113,1231,28,4.7,11.7,38,28,Good,Low,1,No,18784-48696
Truck,4,155496,115,685,25,7.2,12.09,34,32,Good,Low,2,No,10846-58577
Hatchback,4,196924,92,1423,43,22.1,12.19,29,30,Good,Low,7,No,54741-115811
Truck,6,124471,108,949,29,7.2,12.2,37,28,Good,High,11,No,1079-3081
SUV,9,22804,99,3150,30,9.0,12.72,29,30,Worn,Medium,8,No,36825-125677
Sedan,7,89657,94,847,29,17.4,12.18,35,28,Worn,Low,8,Yes,33290-81192
Truck,7,8665,100,1833,27,6.8,12.68,35,29,Moderate,Low,3,No,26191-69713
Hatchback,5,183988,96,2902,31,19.6,11.89,37,30,Good,Low,2,No,73641-115449
Sedan,4,94939,88,2711,37,13.4,12.78,36,35,Good,Medium,12,No,41861-101857
Sedan,4,160069,82,2060,39,14.6,11.94,32,29,Worn,High,12,No,6370-26123
SUV,6,185959,100,2557,38,13.5,11.97,26,33,Good,Medium,8,No,40469-135953
Sedan,9,59158,98,2175,36,14.4,12.54,43,33,Good,Medium,12,Yes,22735-64731
Hatchback,7,59002,97,1238,31,21.8,12.75,43,28,Good,Medium,8,No,60044-119052
SUV,12,64532,103,2720,42,10.6,11.72,31,36,Critical,Medium,2,No,41944-75160
Hatchback,2,222155,92,963,39,15.6,12.48,40,33,Good,Medium,12,Yes,17582-53446
Hatchback,2,173308,92,2927,28,21.6,12.29,27,31,Good,High,10,Yes,27878-64472
Truck,8,193624,96,1082,16,5.7,11.74,37,36,Worn,Low,1,No,21538-80750
Truck,8,184027,103,2366,21,8.2,11.98,31,33,Critical,Low,6,No,4039-15723
Sedan,6,57441,91,2323,31,13.5,11.98,26,29,Moderate,Low,2,No,64537-122067
Hatchback,7,24278,88,3327,34,15.6,12.48,30,31,Good,Low,6,No,68995-180000
Sedan,11,228659,99,1386,35,11.3,11.98,40,33,Moderate,High,4,No,6837-41899
SUV,5,227243,97,1951,32,14.3,11.77,39,33,Good,Low,10,No,57432-180000
SUV,11,66898,106,2894,42,9.3,12.07,35,29,Moderate,Low,11,Yes,13967-34651
Truck,6,113595,100,2640,23,7.6,11.83,35,35,Good,Medium,6,No,19514-58482
SUV,10,18360,96,726,38,6.7,12.77,32,29,Moderate,Medium,10,No,18181-154824
Truck,1,51823,96,1741,32,6.3,12.24,27,28,Good,Low,6,No,41438-105972
SUV,11,86185,96,1460,37,8.9,11.79,30,29,Moderate,High,8,No,12296-91191
Truck,8,54615,104,2814,35,9.1,11.72,44,36,Moderate,Medium,6,No,36865-61111
SUV,6,248855,98,1126,24,9.0,12.78,27,30,Good,Medium,5,No,66029-106877
Hatchback,5,213315,97,3469,40,20.0,12.02,40,28,Good,Low,9,Yes,9009-155459
SUV,5,95794,91,2121,27,8.8,12.41,45,35,Good,Medium,11,No,59706-114804
Hatchback,5,134895,86,3078,36,15.2,11.79,33,33,Moderate,Medium,7,No,40847-103525
Truck,11,17481,102,3149,20,6.9,12.43,26,35,Good,Low,11,No,5553-41349
Truck,1,157716,100,3424,27,8.8,12.06,41,35,Worn,Low,3,No,11843-45699
SUV,11,249845,99,1190,23,10.5,12.49,39,33,Moderate,Low,1,No,77550-129426
Sedan,10,82190,90,1315,42,16.0,11.81,32,35,Moderate,Medium,2,No,64087-102817
Truck,9,178941,105,3267,24,7.2,12.08,35,35,Worn,Low,1,No,30714-92154
Truck,10,5832,101,1606,30,8.3,11.96,30,36,Good,Low,8,No,40090-67744
Hatchback,9,9970,86,1343,43,16.3,12.43,37,33,Worn,Low,8,No,64010-178980
Sedan,7,242183,94,2329,37,17.9,12.39,41,29,Good,Low,5,No,64590-100008
Sedan,10,221693,97,971,34,16.8,12.29,36,34,Good,Low,2,No,48619-171139
SUV,12,10529,95,3221,22,13.9,12.02,40,28,Worn,Low,2,Yes,42510-74860
Hatchback,7,198748,86,797,35,18.3,12.64,39,36,Worn,High,8,Yes,20368-31518
Truck,11,193560,94,2983,27,7.1,12.76,43,32,Critical,Medium,10,No,6711-22741
Hatchback,5,133950,91,1239,39,18.9,11.89,34,34,Good,Low,9,No,94639-155967
Truck,10,22425,115,647,34,9.6,12.42,27,31,Moderate,Low,1,No,33780-62430
Sedan,12,169604,97,2157,27,13.1,11.97,35,31,Critical,Low,11,No,13886-33332
Hatchback,10,52426,91,2390,33,20.1,12.64,34,29,Good,Medium,4,No,47839-88335
Truck,6,120862,99,958,19,6.6,12.3,40,31,Good,High,9,No,4505-14691
SUV,2,81330,100,3478,28,14.6,12.77,36,29,Good,Medium,1,No,53950-155592
Hatchback,1,140993,92,3447,38,21.1,11.88,40,30,Moderate,Medium,8,No,44913-129987
Hatchback,12,138154,101,1359,34,21.2,12.06,27,29,Worn,High,9,Yes,12438-39590
Hatchback,3,221209,101,1416,31,22.3,11.87,35,31,Moderate,High,11,No,1951-4891
Hatchback,3,6299,82,618,42,21.5,12.57,40,30,Moderate,Low,7,No,91697-169455
SUV,9,45047,98,2285,37,8.4,12.23,38,33,Good,Low,6,Yes,62172-180000
SUV,5,147307,99,3351,38,10.7,12.0,39,33,Good,High,3,No,40429-73935
Truck,6,128630,104,760,25,8.0,12.1,43,31,Good,Medium,12,No,5783-21189
SUV,11,126386,99,1100,36,11.0,12.66,40,35,Critical,High,10,No,3762-22240
Sedan,3,56881,93,1752,40,11.4,12.41,27,34,Worn,Medium,7,No,36685-75427
SUV,10,188702,94,1414,28,9.5,12.11,28,30,Moderate,Medium,6,Yes,39439-87261
Hatchback,12,95219,93,3238,32,17.8,12.61,42,36,Critical,Low,3,No,34914-54442
SUV,1,31511,95,2841,25,7.7,11.93,31,28,Moderate,Medium,3,No,43463-90245
Sedan,2,88835,101,1663,32,16.2,11.78,33,32,Worn,Low,3,Yes,39843-69469
Sedan,6,8084,90,2592,30,17.9,12.78,25,30,Worn,Low,2,No,69689-124619
Truck,8,97752,97,2917,30,9.3,12.22,35,36,Moderate,Low,7,No,38168-61084
Truck,10,93372,110,958,27,4.3,12.56,26,33,Critical,High,6,No,518-5405
SUV,1,116194,105,1701,42,11.3,12.65,40,31,Good,Low,6,No,77226-180000
Truck,10,199348,112,1246,29,5.6,11.74,27,33,Good,Low,11,Yes,3800-10066
Truck,3,155057,106,2287,25,5.6,12.2,25,30,Good,High,2,No,15256-40378
Sedan,5,112335,88,951,33,17.0,12.42,39,35,Worn,Medium,1,No,25835-96093
Truck,1,17434,113,1918,25,4.6,12.48,31,31,Worn,Low,5,No,23564-36116
SUV,10,142374,105,751,36,12.1,11.72,32,33,Moderate,Medium,7,No,33343-67345
Truck,4,110209,112,764,21,5.2,12.41,33,32,Moderate,Low,9,No,3225-11087
Hatchback,5,141145,93,1805,41,17.4,12.78,37,32,Moderate,High,10,Yes,21879-81569
Hatchback,6,83828,89,1800,41,21.5,12.55,42,28,Worn,Medium,5,No,47192-89764
SUV,6,167841,91,1864,31,11.2,12.41,39,30,Worn,High,7,No,43369-68241
Sedan,12,115758,88,1638,26,15.1,11.95,27,33,Good,Medium,4,No,59817-98041
Truck,8,246120,109,930,25,3.8,12.11,33,35,Critical,Low,9,No,4881-16809
Hatchback,4,49442,94,2031,39,21.3,11.86,41,34,Critical,Medium,4,No,18909-103120
Hatchback,11,173943,97,1605,40,19.5,12.68,28,32,Moderate,Medium,1,Yes,39267-105321
Truck,10,129640,102,984,22,5.1,12.19,29,30,Good,Low,9,No,34644-117840
Sedan,10,205419,88,3302,37,16.7,12.43,26,35,Good,Medium,9,No,65875-159823
Sedan,2,188115,90,1627,41,19.0,12.08,36,31,Worn,High,3,No,12840-75405
Hatchback,5,157140,93,2819,42,16.6,11.79,43,33,Good,High,11,No,31595-54373
Hatchback,3,128757,87,2815,42,14.3,12.04,41,29,Moderate,High,11,No,15401-30105
Hatchback,6,13333,84,842,33,16.0,12.27,45,28,Moderate,Medium,4,No,27156-89866
Truck,10,50474,102,2503,26,5.1,12.79,43,36,Moderate,Low,4,No,21333-37505
Sedan,11,213343,95,780,36,18.3,12.12,44,34,Good,Medium,3,No,28297-91767
Hatchback,6,168196,93,2732,36,21.4,12.33,25,31,Good,Low,6,No,73966-125996
Hatchback,3,48630,91,3299,35,22.9,12.07,33,29,Good,Low,11,No,26476-90476
SUV,11,47140,95,3483,31,13.1,11.79,28,30,Good,Medium,5,No,23230-91268
Sedan,3,144150,95,1566,36,17.4,11.94,27,29,Good,High,5,Yes,14940-58789
Sedan,5,231836,92,2275,35,17.8,12.0,37,32,Moderate,High,4,Yes,19907-32549
SUV,2,234188,98,2928,37,9.1,12.06,25,30,Good,High,5,No,52737-114171
Sedan,4,223052,98,3122,32,12.3,11.91,34,32,Moderate,Low,9,No,41161-74605
SUV,3,18355,90,2439,30,10.5,12.48,33,29,Critical,Low,5,No,33213-101057
Truck,11,95377,94,1413,17,3.7,12.36,26,32,Critical,Low,7,Yes,3408-7832
SUV,5,234952,93,1144,40,10.7,11.72,40,30,Good,Medium,7,No,77807-144767
Sedan,8,11867,97,3437,35,18.0,12.11,30,28,Critical,High,7,Yes,1503-21300
Hatchback,11,52675,84,1305,31,20.5,12.7,25,36,Critical,Low,11,No,8500-32332
Truck,10,123855,100,3264,28,8.3,12.6,35,28,Good,Low,2,Yes,55489-114025
SUV,7,110093,101,1319,28,7.5,11.97,30,33,Good,Low,7,Yes,30602-121222
Truck,9,153026,103,1814,34,5.4,11.94,25,36,Worn,High,9,Yes,1367-4709
Hatchback,7,118339,92,826,34,14.9,12.28,33,31,Good,Low,1,No,52075-180000
Hatchback,2,229636,95,3489,31,17.0,12.63,27,36,Good,Low,11,No,15213-44493
Sedan,4,171452,102,887,30,16.5,12.79,41,35,Good,Low,9,Yes,57422-103304
Sedan,9,109559,87,3158,31,14.9,11.73,38,29,Moderate,Medium,1,No,40622-105566
Sedan,6,151085,99,2692,35,15.8,12.29,35,33,Worn,Low,1,Yes,39921-113263
Hatchback,10,137669,97,3120,44,16.7,12.39,32,29,Good,Low,8,No,29689-173624
Hatchback,4,102802,93,3406,43,15.5,12.09,42,32,Good,High,9,No,28918-84026
Truck,12,196038,102,1039,29,6.6,12.39,44,30,Good,High,11,No,3514-8374
Sedan,8,50010,99,741,31,13.8,12.37,44,28,Good,Low,10,No,45463-95523
Hatchback,2,179865,91,2705,32,14.6,12.39,39,36,Critical,High,8,No,12899-24929
Hatchback,12,186153,87,2504,42,14.5,12.23,25,32,Good,Low,12,Yes,45245-104693
SUV,5,20186,91,2078,28,13.0,11.81,37,34,Good,Low,12,No,38380-124558
Truck,10,28843,109,3370,32,7.4,12.07,26,36,Good,Low,4,No,12970-46300
Sedan,3,51003,98,1481,38,13.0,12.16,33,32,Good,Low,4,Yes,26797-100521
SUV,5,135023,92,1082,37,9.3,12.49,35,28,Moderate,Low,12,Yes,23518-90026
SUV,6,77455,103,602,29,12.0,12.32,29,32,Good,High,9,No,41340-68036
Sedan,12,96408,95,1474,40,13.7,12.57,27,33,Good,Low,2,No,56824-151988
Hatchback,9,151597,91,3322,32,14.7,12.69,33,35,Good,Low,5,No,82862-170726
SUV,7,28734,97,1448,35,10.7,12.73,43,29,Moderate,Low,7,Yes,58267-92179
Truck,2,236801,101,1620,25,8.4,12.37,28,29,Good,Low,4,Yes,18021-63995
Truck,12,213072,105,1253,36,7.0,12.3,27,32,Worn,Medium,12,No,16353-32211
Hatchback,9,92433,92,2369,36,18.5,11.89,36,33,Critical,Medium,3,No,37073-57955
Hatchback,12,168548,91,1498,32,20.1,11.89,36,29,Moderate,High,6,No,15225-56331
Hatchback,6,74645,89,3045,33,17.0,11.7,43,35,Good,Medium,8,No,32559-71647
Sedan,5,74331,88,621,32,16.5,12.3,41,30,Good,Medium,9,No,37328-64830
SUV,2,228281,92,662,31,10.2,12.07,45,30,Moderate,Low,2,No,73850-180000
Truck,11,10609,102,919,31,10.0,12.75,36,33,Moderate,Medium,7,No,24635-37633
SUV,10,120758,92,3371,40,9.8,11.75,33,30,Good,High,11,Yes,16024-48792
SUV,5,93740,88,3340,42,9.6,12.23,39,32,Good,Medium,4,No,87293-175805
Truck,9,112500,100,2405,26,8.2,12.35,29,35,Good,Medium,10,No,25365-49427
SUV,2,110285,106,2789,27,10.3,12.27,35,28,Moderate,Medium,5,Yes,12866-39858
Hatchback,11,174262,99,2490,39,13.4,12.32,42,36,Good,Low,9,No,42849-159363
Hatchback,9,231714,88,2883,45,16.3,12.22,42,33,Critical,Low,9,No,32212-114806
Sedan,6,24601,96,1072,33,16.2,12.63,39,28,Good,High,4,No,8918-82157
SUV,11,116388,105,3451,29,9.9,12.76,30,33,Good,Medium,12,No,38086-67756
Hatchback,1,105652,98,1331,33,16.6,11.87,26,35,Good,High,5,No,25670-55558
Hatchback,7,102783,86,3465,40,14.4,12.6,29,35,Good,Low,5,No,44171-158571
SUV,3,102933,88,845,36,12.5,11.81,34,29,Moderate,Low,4,Yes,93636-144382
Sedan,9,230986,92,1518,26,17.7,11.9,33,28,Good,Low,9,Yes,52565-127127
Sedan,11,116688,96,3015,28,16.9,12.49,44,35,Worn,Low,6,No,62586-102734
Sedan,3,55574,88,1625,34,13.5,12.03,45,30,Worn,Medium,8,No,44538-100030
Hatchback,11,225040,88,3335,45,18.6,12.46,28,35,Good,Medium,9,Yes,41651-134931
SUV,8,81943,88,2885,36,10.2,12.23,26,35,Good,Low,12,No,102011-154201
SUV,6,233908,97,2866,25,9.3,12.34,44,29,Good,Low,5,No,59768-117914
Truck,9,161740,113,2988,20,5.8,12.58,31,30,Good,High,12,No,1006-2906
Sedan,5,239576,86,1903,32,11.8,11.95,41,31,Moderate,Medium,7,No,24278-91976
Hatchback,9,163005,93,2734,32,21.6,12.61,45,31,Good,Low,8,No,63212-131940
Truck,1,212076,98,2401,22,10.8,12.43,41,29,Good,Medium,9,No,41990-65008
Hatchback,8,179452,88,2689,29,16.6,12.04,35,35,Moderate,Low,7,No,43469-79023
SUV,11,49209,94,2570,36,13.7,12.56,43,32,Good,Low,8,No,66446-155340
Sedan,8,159269,94,2283,35,17.0,11.97,35,36,Good,Low,5,No,79273-180000
Hatchback,2,60536,93,2451,30,18.9,12.22,44,34,Moderate,Low,5,No,42320-66380
Hatchback,5,164762,83,1182,48,20.8,11.93,31,32,Good,Low,1,No,70785-164533
SUV,2,210712,88,673,39,10.1,12.65,38,30,Critical,High,2,No,21644-49762
Hatchback,9,192090,87,3418,39,15.3,12.53,25,31,Moderate,Low,2,No,56308-159888
Sedan,10,234912,99,626,36,15.3,12.26,30,34,Good,Medium,11,No,46233-72027
Hatchback,7,161952,94,2940,42,14.6,12.28,30,29,Good,Low,11,No,35728-117050
Sedan,8,150688,93,1805,41,12.5,12.38,34,30,Moderate,Low,12,Yes,17604-67622
Hatchback,2,237237,91,3363,43,19.3,12.57,31,34,Critical,Low,9,No,30633-70825
SUV,4,28156,99,949,27,8.9,11.89,40,35,Good,Medium,6,No,34700-129574
Truck,10,124910,97,1480,32,4.3,12.44,28,29,Moderate,High,7,Yes,5756-14878
Truck,4,217979,96,1925,27,4.9,12.05,30,31,Worn,Medium,7,No,35683-58819
Hatchback,8,97166,95,2757,46,14.4,12.43,30,35,Good,Medium,8,No,56802-103846
Truck,4,180020,107,2273,20,5.7,12.74,34,33,Good,High,12,No,690-1940
Truck,2,178396,105,3405,36,5.4,12.6,39,31,Good,Low,7,No,39448-133278
SUV,7,213253,94,1016,29,9.4,12.59,39,36,Worn,Low,9,No,43712-137416
Hatchback,7,221684,91,1833,31,15.2,12.13,41,36,Worn,Low,7,Yes,35504-91148
Hatchback,6,128407,95,2759,38,20.7,11.82,32,29,Worn,Medium,1,Yes,41928-131006
SUV,11,186762,93,2292,43,8.2,12.11,33,35,Good,Low,8,No,56714-180000
Truck,5,29984,108,1331,15,10.9,12.26,39,28,Good,Low,1,No,6150-23358
SUV,5,237511,96,620,34,9.1,12.03,34,30,Good,High,9,Yes,12559-66555
SUV,11,102175,97,1902,32,13.4,11.88,26,34,Worn,Medium,3,No,33061-101041
Truck,1,47428,99,3289,28,4.8,12.51,43,36,Worn,Low,7,No,29354-61918
Hatchback,11,75854,101,3462,34,20.7,12.61,43,28,Good,Medium,4,No,59965-103165
Sedan,11,194905,99,3200,35,18.5,12.1,38,33,Good,Medium,8,No,57036-105268
Hatchback,7,164173,94,1680,38,18.3,12.32,42,34,Moderate,High,4,No,17306-57312
Truck,2,45890,110,2029,17,3.3,12.75,36,36,Worn,Low,6,No,2521-7980
SUV,10,180981,97,2084,33,12.3,12.17,25,34,Worn,Medium,12,No,26688-68642
Hatchback,1,69806,84,1882,43,20.5,12.37,38,29,Good,High,10,No,22699-141740
Truck,11,58694,98,1067,37,3.6,12.75,27,35,Good,Low,12,Yes,16318-41840
Hatchback,9,69076,89,2630,39,17.8,12.24,34,32,Moderate,High,12,No,5018-48683
Hatchback,5,122063,92,1303,31,17.7,12.52,38,29,Worn,Low,1,No,69152-166550
Sedan,1,30264,94,860,44,17.1,12.18,36,29,Moderate,Medium,11,No,27086-59968
Sedan,10,93457,96,2653,33,12.8,12.66,39,36,Moderate,Medium,4,No,20290-36344
Truck,3,143738,105,1582,29,3.4,12.71,39,30,Good,Medium,12,No,5434-51463
Truck,6,126216,103,3132,21,6.1,12.57,29,29,Worn,Low,2,No,7661-53023
SUV,2,185333,102,1303,39,10.8,12.19,42,28,Good,Low,3,No,77276-180000
Truck,2,190100,109,2420,26,3.7,12.47,29,36,Good,Low,1,No,25434-43962
Hatchback,1,174609,96,1001,32,19.0,12.23,25,29,Good,High,4,No,26135-74279
Hatchback,11,20410,98,3226,37,19.4,12.22,31,32,Worn,Low,3,Yes,29130-125903
Hatchback,8,86627,91,974,38,16.2,12.16,45,32,Moderate,Medium,11,No,20957-57287
SUV,2,161351,95,2936,24,8.4,12.53,28,36,Moderate,Low,10,No,27067-102449
Sedan,1,189878,98,2241,35,14.1,12.03,45,32,Critical,Medium,12,No,6446-16578
SUV,5,246426,100,993,28,8.1,12.08,30,29,Moderate,Low,10,No,29666-84134
Hatchback,4,228459,96,1206,35,19.3,12.39,45,30,Critical,Low,12,No,5130-16474
Truck,11,202133,95,1618,20,6.9,12.14,45,28,Good,High,8,No,4920-14514
SUV,3,137537,98,2978,33,12.0,12.0,38,34,Good,High,9,No,21291-74661
Hatchback,2,108623,85,2026,42,20.5,11.88,39,35,Moderate,Medium,3,No,52069-122901
SUV,12,57579,101,1628,29,15.4,11.96,37,36,Good,Low,8,No,55969-133219
Truck,7,21141,97,3426,22,9.0,12.54,26,28,Good,Low,5,No,41020-74432
Sedan,6,135251,95,635,39,16.9,12.63,39,34,Worn,Low,7,Yes,48538-104286
Hatchback,10,127749,98,647,40,16.5,12.06,37,28,Moderate,High,2,Yes,18921-31273
SUV,11,53105,91,784,33,12.9,11.87,38,33,Moderate,Low,10,No,52700-111614
SUV,1,38380,105,1223,33,10.9,11.72,28,31,Critical,Low,11,Yes,6686-22054
Hatchback,3,67828,98,3497,46,17.5,12.67,38,29,Good,High,5,No,24978-85257
Hatchback,9,155231,91,2691,40,15.7,12.12,38,31,Good,High,7,No,35735-73189
SUV,5,178941,98,2021,37,10.7,12.48,29,36,Good,Low,12,No,28965-90725
Sedan,3,196427,95,2950,27,18.5,11.92,40,36,Good,Low,3,No,25191-89997
Truck,7,156271,105,2670,27,5.8,12.13,42,29,Good,Low,10,No,55259-101735
Truck,4,188582,102,1745,27,6.3,11.89,42,28,Good,Low,3,No,51002-88498
Sedan,6,117953,96,725,30,15.7,12.31,41,34,Good,High,12,No,5070-19326
Hatchback,4,52582,92,2371,44,19.5,12.42,45,32,Moderate,Low,11,No,39888-94388
Sedan,5,205186,89,1136,29,14.3,12.74,26,36,Moderate,Low,7,Yes,48086-116848
Truck,8,33568,102,1846,21,2.9,12.08,38,36,Worn,Medium,3,Yes,6033-14631
Hatchback,6,66812,86,2041,31,17.3,11.94,45,31,Good,Low,9,Yes,17909-161853
SUV,5,162081,100,3251,26,8.9,12.33,33,36,Moderate,Low,7,No,23829-111811
SUV,1,180467,89,844,36,7.8,11.75,25,28,Good,Low,10,No,84080-141104
Sedan,2,93792,95,988,29,16.1,12.67,36,28,Good,Low,9,No,37083-88517
Hatchback,8,6724,88,3344,36,19.0,12.75,37,30,Good,Medium,7,Yes,40294-66468
Hatchback,12,171806,97,3455,40,17.8,12.78,44,30,Good,Medium,10,No,37014-130038
Hatchback,2,210119,88,772,37,15.5,12.39,25,29,Moderate,Low,5,No,105230-167312
Truck,3,6256,104,636,31,5.3,12.03,41,28,Worn,High,11,No,6798-13068
Truck,12,135358,106,2516,19,8.1,12.02,26,33,Good,High,3,No,759-3434
Truck,11,181938,112,2807,33,7.5,12.19,43,34,Good,High,12,Yes,138-1802
Hatchback,2,141171,88,3323,35,20.4,11.85,34,29,Good,Medium,10,No,27370-94130
Truck,2,121060,114,3153,17,7.5,12.1,40,33,Worn,High,8,No,315-991
Hatchback,12,199066,92,3382,42,15.8,11.95,39,36,Critical,Medium,10,No,43506-65824
Hatchback,11,38907,91,883,37,17.3,11.77,41,31,Moderate,Low,8,No,65886-107176
Sedan,1,238728,89,2049,26,16.1,12.45,25,34,Critical,Medium,5,No,27256-47218
Truck,9,104665,101,1876,19,10.4,12.57,45,34,Moderate,High,12,Yes,50-1943
SUV,5,46878,99,3050,34,9.7,12.04,33,30,Critical,High,9,No,17425-26827
Sedan,8,208577,85,3242,35,16.9,12.34,29,31,Worn,Low,7,No,25507-96559
SUV,4,241249,100,1360,38,12.7,12.59,29,31,Worn,Low,7,No,85936-171920
Hatchback,7,112102,91,1959,39,18.2,11.97,43,29,Worn,Medium,12,No,31934-61692
Sedan,3,172570,92,2597,37,13.9,12.41,26,29,Good,High,7,No,15570-120162
Truck,12,245976,112,2346,23,4.0,11.89,33,35,Moderate,Medium,7,No,9770-20290
SUV,3,56555,99,1631,36,7.5,12.28,36,31,Good,Low,3,Yes,62908-102404
Truck,12,246106,104,3073,15,8.9,12.58,33,28,Good,Low,1,Yes,13635-77293
Hatchback,7,235788,92,2364,42,17.5,12.46,32,35,Good,Low,4,No,59082-135344
SUV,3,230115,96,767,32,10.8,12.25,36,31,Moderate,Medium,6,No,10828-167299
Hatchback,11,184566,93,3061,31,20.9,12.78,34,28,Good,Medium,8,No,29220-109826
Hatchback,5,248841,86,3203,39,14.8,11.72,43,31,Moderate,Low,7,No,69534-137288
Sedan,5,240880,90,1545,32,16.1,11.75,36,29,Good,Medium,5,Yes,47653-112423
SUV,11,17609,107,2712,32,11.4,12.6,31,31,Good,High,3,No,5931-16063
Truck,4,178297,98,2695,20,8.4,12.67,38,33,Worn,Low,1,No,10167-40551
Truck,3,90766,112,2821,19,7.8,12.73,25,30,Good,Low,3,No,16976-33190
Sedan,12,149959,90,3164,28,14.5,11.88,29,31,Good,Medium,6,No,29611-123597
Hatchback,6,104805,85,2826,39,17.9,11.79,41,28,Good,Low,4,Yes,48756-179978
Hatchback,12,219618,86,3324,37,17.4,12.57,40,29,Good,Medium,11,No,50772-120912
Sedan,8,93978,86,2225,27,14.9,12.43,35,29,Good,Low,2,No,80020-163660
Sedan,9,201885,83,2717,36,17.7,12.41,34,33,Moderate,Low,6,No,80402-170320
Hatchback,9,192909,100,1123,36,15.1,12.34,42,31,Moderate,High,1,No,32722-62206
SUV,3,92673,104,2625,39,10.6,12.01,34,30,Good,Low,1,No,81482-173820
SUV,12,207659,90,2875,23,14.6,12.35,38,33,Moderate,Low,6,No,38813-145535
Truck,6,210905,106,1130,19,4.6,11.78,42,31,Good,Low,2,Yes,5275-16523
Hatchback,10,245538,95,2714,35,14.1,12.22,45,30,Moderate,Medium,8,Yes,3801-58186
Hatchback,12,9411,88,2986,37,17.8,12.78,42,33,Good,High,11,No,28687-46419
SUV,7,226463,99,2371,28,11.1,12.77,34,29,Worn,Medium,10,No,50344-92670
Sedan,8,234219,91,1906,39,15.2,12.15,32,29,Good,High,11,No,33263-77591
Hatchback,9,44406,94,2312,35,21.2,11.81,26,35,Moderate,Low,1,No,62581-121137
SUV,11,82586,103,2796,37,11.0,12.62,42,36,Good,Low,3,Yes,50919-180000
Hatchback,4,201925,96,3387,41,17.4,12.66,29,29,Good,Medium,4,No,35406-119146
SUV,9,231830,101,751,33,9.0,12.66,30,32,Good,Low,4,No,53896-180000
Truck,3,161476,98,2759,35,3.7,12.15,26,33,Good,High,5,Yes,15914-26198
Hatchback,8,240137,93,3492,38,19.1,12.67,30,28,Moderate,High,2,No,37251-101527
Truck,5,178221,97,3274,30,6.8,12.45,43,35,Good,High,5,Yes,7574-26636
Hatchback,7,195887,98,2025,36,15.3,12.78,44,29,Worn,Medium,11,Yes,13444-38806
SUV,5,9816,95,2125,31,8.9,12.02,32,30,Critical,Low,7,Yes,15009-43171
Sedan,11,179367,88,719,33,12.1,12.02,34,28,Worn,High,3,Yes,11243-43973
Truck,11,232256,100,613,16,6.3,12.18,39,33,Critical,Low,6,No,1480-5728
Sedan,1,98279,96,1542,30,13.2,12.57,25,33,Moderate,Medium,8,No,34621-62221
Truck,5,146510,95,2044,21,6.6,12.44,38,28,Good,Low,6,No,25752-75012
SUV,3,82685,97,1371,43,7.0,12.75,26,32,Critical,Medium,11,No,8186-24756
SUV,7,8134,103,1127,37,14.1,12.12,41,34,Worn,High,6,No,15659-52225
SUV,9,134576,94,2196,32,11.2,12.33,38,34,Critical,Low,7,Yes,22899-80073
SUV,3,160614,95,1324,28,9.1,12.17,27,29,Moderate,High,7,No,8516-117335
Sedan,2,84479,91,2987,41,13.5,11.7,30,36,Moderate,Low,12,Yes,11289-54376
Hatchback,12,71556,93,3195,35,15.1,12.7,43,32,Worn,Low,11,No,8874-49778
SUV,8,69757,93,3242,36,8.9,12.14,39,28,Good,Low,5,No,59750-128776
SUV,1,124146,89,1050,37,7.1,11.71,31,32,Good,Low,9,No,27522-180000
Hatchback,12,5395,89,667,33,16.4,11.75,38,34,Critical,Low,12,Yes,10283-19883
Sedan,5,84388,90,3358,36,17.9,12.57,29,29,Worn,Low,11,No,31667-68881
Sedan,9,94387,84,1451,28,11.6,12.61,39,30,Critical,Low,4,No,35926-92005
SUV,12,29484,96,917,38,15.4,11.82,29,29,Worn,High,8,Yes,21871-86294
Sedan,8,105434,95,2554,28,15.6,11.99,25,35,Good,Medium,4,No,66160-105320
Sedan,1,112955,93,2927,39,14.2,11.99,37,30,Moderate,Low,8,No,67349-132617
SUV,3,233935,98,1570,40,13.2,12.28,36,30,Good,Low,2,No,94345-162045
Sedan,6,134171,98,3203,39,11.9,12.54,37,36,Moderate,High,9,No,36104-67376
Hatchback,3,32892,84,1536,33,20.9,12.04,30,36,Worn,Low,5,No,56654-89586
Sedan,4,143217,94,2262,34,15.3,12.46,41,30,Good,Medium,1,No,59285-180000
Sedan,5,163194,86,757,37,14.3,12.41,36,35,Good,Low,5,No,68670-180000
SUV,4,108936,98,2565,34,8.5,12.58,26,36,Moderate,High,12,Yes,986-9167
SUV,1,131494,89,1591,24,8.9,11.82,36,34,Worn,Low,6,No,45055-135985
Hatchback,12,226734,93,2175,35,16.0,11.97,38,35,Good,Medium,7,Yes,20875-82499
Sedan,2,53957,83,851,35,17.7,12.5,43,29,Worn,Low,10,No,52328-101238
Sedan,3,230519,100,2968,27,16.5,11.8,40,32,Worn,Low,6,Yes,20381-51265
Truck,9,122400,101,2050,18,9.8,12.32,30,32,Good,High,1,No,6610-52149
Sedan,8,200005,102,2973,36,11.9,12.71,38,36,Good,Medium,2,No,51870-127790
Hatchback,10,189798,93,2868,32,19.4,12.09,34,35,Good,Low,10,No,59288-180000
Truck,6,82506,98,914,22,6.3,12.06,45,33,Worn,Low,11,Yes,11577-44759
Sedan,10,112786,96,1911,33,13.3,12.58,33,35,Good,Medium,10,No,21968-85976
Hatchback,8,203908,92,2429,34,19.5,12.43,33,35,Worn,Medium,8,No,39886-87510
SUV,5,137260,93,1422,40,13.1,12.72,40,36,Worn,Low,5,No,78445-180000
SUV,6,77270,101,1606,22,12.0,12.65,26,30,Worn,Medium,3,No,56134-101400
SUV,10,52041,97,2916,27,10.8,11.78,32,34,Moderate,Medium,10,No,32642-116458
Sedan,12,190408,88,1178,40,16.3,12.44,40,34,Worn,High,5,No,20067-35081
SUV,8,9071,91,682,35,10.3,12.11,43,34,Moderate,Medium,6,Yes,37182-114186
Truck,6,173081,108,827,19,5.6,12.75,44,34,Good,Low,7,No,13687-34807
Truck,6,46768,101,3051,26,7.3,12.62,33,31,Worn,Low,3,No,2702-65371
Sedan,5,95010,101,2534,32,12.6,12.63,32,35,Good,High,8,No,13218-49956
Truck,4,243592,113,1368,17,8.7,12.16,32,32,Good,Medium,5,No,6605-11383
Sedan,10,220293,102,2516,42,12.9,12.76,31,34,Moderate,Medium,5,No,41326-130042
Truck,10,88479,98,919,20,9.6,12.36,29,30,Moderate,Low,11,No,2765-4667
Sedan,5,50444,91,2419,36,16.4,12.17,34,30,Good,Medium,12,No,44218-92330
Truck,10,165770,107,3167,25,6.2,11.77,25,30,Moderate,Low,5,No,9220-35364
Truck,1,131690,101,3149,34,9.0,12.62,29,28,Good,Low,4,No,33837-104363
Hatchback,3,64768,89,3306,40,19.3,12.37,35,33,Good,Low,3,No,67791-171613
SUV,11,106105,97,1483,30,8.5,12.62,40,30,Good,High,11,Yes,15299-41507
Sedan,5,96700,92,1510,33,13.6,12.35,27,29,Good,High,9,Yes,35166-61896
Sedan,9,30649,95,2076,33,17.9,11.73,33,28,Worn,Low,12,No,22364-78220
Truck,11,62938,108,2789,17,9.8,12.36,39,32,Good,Medium,12,No,382-1142
Truck,6,16541,107,3359,27,4.8,11.97,45,32,Good,High,9,No,3165-10127
Hatchback,9,118041,87,2254,47,16.8,12.58,30,30,Good,Medium,1,Yes,33656-131590
Sedan,2,123988,97,2219,25,17.0,12.53,41,33,Good,Medium,3,No,15729-156050
Truck,8,65760,113,1044,23,10.3,12.63,45,28,Good,High,11,No,452-840
Sedan,2,117814,87,2774,34,16.4,12.21,40,30,Good,High,8,No,19581-73125
SUV,5,167610,103,1099,35,11.1,12.35,27,35,Moderate,Medium,12,No,20491-45589
Sedan,11,179396,94,2996,33,18.0,11.78,33,33,Moderate,Medium,8,Yes,25398-60482
Sedan,3,214332,87,3298,38,14.4,12.13,27,32,Good,Low,3,Yes,40466-120234
Sedan,2,203837,96,2044,28,14.8,12.18,41,34,Critical,Low,12,No,20645-31811
SUV,9,92570,93,1681,39,9.8,11.77,43,35,Moderate,High,4,No,55045-124209
Truck,2,207401,108,700,35,5.1,12.79,41,30,Good,Medium,5,No,5558-16146
Hatchback,6,5896,86,2822,28,22.1,12.27,41,36,Good,High,4,No,25067-38015
Sedan,8,164434,90,602,42,16.5,12.58,36,28,Good,Medium,6,Yes,67737-103381
SUV,10,132074,94,2037,33,10.9,12.41,25,32,Good,Low,5,Yes,20296-180000
Truck,1,104305,108,2028,34,8.0,12.34,32,35,Worn,Low,2,No,12918-80930
Truck,10,238496,112,3356,26,7.5,11.8,33,35,Good,High,12,No,628-1580
SUV,4,221411,95,1597,39,14.3,12.79,25,33,Critical,High,5,Yes,17509-37637
Hatchback,5,7350,99,1557,41,19.4,12.38,30,33,Moderate,Medium,10,No,48413-128937
Truck,8,166250,105,2748,26,6.8,11.84,27,33,Moderate,Low,10,No,21859-52241
Truck,1,29328,107,990,27,8.0,12.38,31,35,Moderate,Low,8,No,13877-21485
Hatchback,12,187090,98,2157,39,17.9,11.81,41,34,Moderate,Medium,10,No,58259-90305
Hatchback,3,84550,100,930,43,18.5,12.77,44,34,Good,Low,9,Yes,46504-101432
Hatchback,12,241669,89,988,47,18.7,11.79,28,30,Moderate,Medium,10,No,40737-73665
Sedan,11,71095,93,895,30,11.6,11.74,28,30,Good,Medium,6,No,37879-105715
Truck,12,168061,102,671,28,7.0,12.29,39,30,Critical,Low,11,No,3548-13944
Truck,12,132778,113,3040,26,8.1,11.71,32,34,Good,Low,12,No,5069-17833
Hatchback,11,170543,95,2139,47,17.3,11.72,39,35,Moderate,Medium,9,No,37373-65193
Hatchback,11,137116,90,1311,43,20.1,11.98,40,31,Good,Low,2,No,60481-156181
Truck,9,111889,109,1780,26,6.1,12.66,44,29,Good,Low,12,Yes,274-6983
Truck,9,131528,112,3155,23,2.8,12.65,38,34,Moderate,Medium,2,No,8918-30640
SUV,2,118680,102,943,33,9.3,12.26,31,36,Good,Medium,9,No,59623-89513
SUV,9,158517,102,1469,37,11.3,12.42,37,32,Moderate,Medium,1,No,37391-180000
Truck,8,101276,104,2648,20,5.6,12.16,30,34,Good,Low,3,No,24007-61075
Truck,8,105484,110,3230,23,6.5,12.71,32,32,Good,High,8,No,1070-6353
SUV,10,137507,93,3378,32,12.4,12.47,32,36,Moderate,Low,5,No,46025-156419
Hatchback,1,67109,87,732,30,18.8,11.84,27,29,Good,Medium,10,No,51651-79227
SUV,12,189413,97,2320,35,9.3,12.36,31,28,Critical,Low,2,No,32385-95505
Sedan,3,31199,93,3263,38,11.4,12.19,36,34,Worn,Low,4,No,80522-180000
Sedan,12,15125,99,752,31,18.5,12.45,32,31,Good,Low,11,No,20016-50908
Truck,2,119655,93,3459,15,8.4,12.67,42,35,Good,Low,10,No,19482-99286
Truck,3,223774,100,1343,34,10.7,12.01,37,36,Good,Medium,12,No,17212-40684
Sedan,9,143995,98,2513,31,14.9,11.92,29,28,Good,Low,6,No,22862-79844
SUV,1,17543,87,2430,38,9.5,12.27,42,29,Critical,Low,2,No,39229-155355
Sedan,11,25105,89,2022,39,13.9,12.67,30,32,Moderate,Low,3,Yes,40338-84358
SUV,7,25490,93,1361,36,9.8,12.76,27,35,Good,Low,5,No,50309-180000
Hatchback,1,184944,88,2179,44,14.1,12.7,30,29,Good,Low,9,No,32386-180000
Sedan,1,132167,89,691,38,11.3,12.68,40,31,Moderate,Low,11,No,36412-71826
Sedan,11,154434,95,2996,33,18.6,11.79,44,29,Good,High,11,Yes,6484-16216
Hatchback,7,181471,90,3382,41,21.9,12.34,33,32,Good,High,10,No,36750-89666
SUV,10,193877,92,2029,31,9.1,12.2,31,29,Good,Medium,9,No,40960-180000
Truck,4,210945,107,1661,20,6.6,12.34,36,29,Good,Medium,1,No,5474-17162
Truck,7,43705,107,695,34,5.8,12.1,35,28,Moderate,Medium,6,No,7775-30320
Truck,4,157112,101,1276,30,8.3,12.43,33,34,Critical,High,2,Yes,2202-5898
Hatchback,1,58148,88,825,36,17.7,12.32,28,28,Moderate,Medium,10,No,29399-115273
Hatchback,8,201831,86,1715,44,15.1,12.78,33,30,Moderate,Medium,9,No,29442-139096
Sedan,2,175266,100,1340,26,15.2,12.56,37,29,Good,Medium,2,No,68687-104637
Sedan,9,108343,91,3224,33,13.3,12.29,42,29,Good,Low,4,Yes,49322-130524
Hatchback,1,138154,94,3204,38,17.9,12.77,41,33,Worn,Low,10,No,26529-180000
Truck,11,187500,106,1725,34,6.8,12.05,32,28,Worn,Medium,8,No,15974-26776
SUV,12,249625,102,2895,32,8.8,12.23,35,36,Critical,Low,12,No,22334-35278
Truck,6,64129,108,1143,19,10.8,11.73,45,32,Moderate,High,12,No,1675-3537
Sedan,6,115054,93,2216,45,15.5,11.87,25,36,Moderate,Medium,11,No,10702-40788
Sedan,3,220452,99,2585,37,14.1,11.78,32,33,Good,Low,3,Yes,50877-114411
Truck,9,35243,98,684,25,3.0,12.17,34,29,Moderate,Low,5,No,37535-80869
Truck,12,167899,108,1166,27,3.4,12.19,28,35,Moderate,High,3,No,3523-17345
Sedan,6,146909,100,1375,36,16.1,12.42,38,28,Good,Medium,4,No,37771-102593
Sedan,9,218115,89,1533,33,18.2,11.74,34,29,Good,Low,12,No,45289-96883
Hatchback,11,136670,85,2418,34,16.4,11.86,43,30,Worn,Low,7,No,28066-109458
Truck,11,179972,98,970,31,8.6,12.32,35,31,Moderate,Low,3,No,24508-69862
Sedan,7,94674,92,912,32,14.9,12.34,38,35,Critical,High,4,No,6303-20187
Truck,2,94294,96,1370,33,7.9,11.82,36,29,Worn,Low,6,No,19927-39267
Truck,1,44359,98,2530,21,5.4,11.83,45,33,Good,Medium,6,No,10429-18887
SUV,6,45407,97,2903,40,8.1,11.75,40,32,Critical,Medium,2,No,30854-87662
Sedan,2,192938,90,2717,30,17.7,12.47,39,33,Critical,High,7,No,13818-30980
SUV,5,60881,102,2457,31,7.9,11.98,33,34,Moderate,High,4,No,18154-37892
Sedan,7,136658,99,1340,29,15.6,11.72,31,29,Good,High,10,Yes,15553-23735
Hatchback,5,161303,85,1837,37,21.7,11.73,33,36,Moderate,Medium,12,No,12110-45272
Hatchback,6,74797,87,1679,37,23.0,12.09,32,32,Good,Medium,1,No,13595-180000
Sedan,7,117844,89,1192,40,14.2,12.72,39,33,Good,Medium,6,No,63482-180000
Truck,4,127961,109,2856,26,4.6,12.54,38,28,Moderate,Low,1,No,29299-66769
Hatchback,10,220605,95,621,47,20.2,12.18,44,35,Critical,Low,12,Yes,16491-31309
SUV,10,238139,94,1249,25,11.3,11.97,31,32,Good,Medium,2,Yes,63489-180000
SUV,8,208290,100,738,29,13.3,11.83,39,34,Moderate,Low,5,No,37156-79036
SUV,12,185584,103,2266,40,8.6,11.83,44,34,Good,High,11,No,18412-112288
SUV,11,96683,96,2684,36,12.2,11.99,25,28,Good,Low,10,No,41746-161890
SUV,12,48491,95,1171,40,9.8,12.18,39,30,Good,High,1,No,44971-75667
Sedan,4,15588,98,2929,43,12.8,12.74,35,30,Good,Low,7,Yes,44968-101154
Sedan,9,195739,99,1245,35,14.4,12.23,27,36,Good,Low,10,Yes,42700-128154
SUV,8,143777,99,1423,24,9.4,12.77,34,30,Good,Low,2,Yes,69839-180000
SUV,12,34077,102,2171,40,11.5,12.68,41,31,Moderate,Low,5,No,74371-180000
Sedan,8,199268,101,3255,37,13.1,12.77,39,34,Moderate,Medium,1,No,21724-154785
Hatchback,3,59699,86,921,47,18.9,12.31,34,32,Good,Low,5,No,61797-103861
SUV,12,232742,98,628,38,11.7,12.46,40,28,Moderate,Medium,11,No,17876-49238
SUV,1,184358,98,1932,35,10.5,12.67,25,29,Moderate,Low,5,No,34139-105003
Hatchback,5,216590,100,2323,32,16.4,12.68,36,33,Good,Medium,2,No,42657-85135
Sedan,10,29758,93,2451,25,16.6,12.4,43,29,Critical,Low,8,No,29282-55032
Sedan,6,26352,89,1605,38,13.3,12.23,33,30,Good,Low,10,No,37785-127519
Sedan,11,201759,87,3156,44,10.9,12.51,41,29,Worn,Low,5,No,55340-157754
Sedan,4,142570,87,2408,29,14.2,12.14,32,31,Good,Low,9,No,43381-130079
Hatchback,5,235508,92,1314,37,13.7,12.79,26,34,Good,Low,6,No,72146-154514
SUV,4,174302,103,974,29,15.0,12.7,41,32,Good,Low,12,No,36270-120156
Sedan,1,27311,94,1443,39,12.0,11.83,40,36,Good,Low,2,Yes,57779-180000
Truck,4,53879,101,2750,25,4.4,11.97,28,30,Good,Medium,3,No,23381-116229
Sedan,2,52227,100,2980,40,17.0,12.67,32,29,Good,High,9,No,28903-49787
SUV,2,119279,93,2544,34,9.9,11.88,39,33,Moderate,Low,11,No,21921-108562
Truck,4,66099,111,2294,20,8.6,12.59,41,36,Good,High,7,No,572-1422
Truck,10,162423,96,3470,31,5.8,12.02,34,36,Moderate,Medium,3,Yes,8697-22651
SUV,10,92592,104,3481,33,9.5,12.58,27,32,Good,Low,8,No,97039-177371
SUV,9,150064,97,1188,35,8.3,11.79,27,35,Moderate,Medium,10,No,40163-78997
Truck,5,108842,95,2806,22,3.6,11.99,40,35,Worn,Low,4,No,12958-79799
Hatchback,11,161868,85,611,42,19.8,12.64,25,31,Moderate,Low,12,Yes,19182-87950
SUV,2,72125,97,1205,39,8.6,11.86,26,31,Good,Low,6,Yes,55189-176957
Hatchback,6,245919,90,2505,35,14.1,12.71,41,31,Worn,High,1,No,32922-56084
Truck,12,245556,98,1228,27,4.1,12.48,25,30,Moderate,Medium,10,No,27113-69525
Hatchback,7,167229,87,2041,35,21.8,12.43,41,35,Good,Medium,5,Yes,40557-74357
Hatchback,4,14636,85,2194,30,21.9,12.63,37,36,Good,Low,1,Yes,86059-174087
SUV,12,202160,93,1966,32,8.0,12.64,31,34,Good,Low,8,No,63757-126269
SUV,9,12028,102,2178,40,7.7,12.57,42,36,Good,Medium,12,No,41544-111254
Hatchback,12,184526,86,3322,37,19.7,11.79,45,30,Good,Medium,5,No,84080-170194
Truck,9,237473,103,1820,34,9.6,11.94,42,34,Good,Low,7,No,64400-105198
Truck,11,139170,102,734,30,7.4,12.41,40,36,Good,High,11,No,655-14768
Truck,2,23522,111,1001,23,10.4,12.23,26,32,Good,Medium,9,No,4985-19693
Sedan,8,117180,96,1399,35,17.2,12.09,36,30,Good,Low,6,Yes,56026-99854
SUV,9,166069,98,2873,32,13.4,12.45,37,30,Good,High,6,No,30127-75877
Sedan,1,173390,86,1357,34,14.2,12.14,28,30,Good,Low,11,Yes,9030-85396
SUV,5,156323,103,2966,36,10.4,12.73,44,28,Good,Low,11,No,47367-103921
Truck,5,113041,107,1345,30,6.4,12.73,25,33,Good,Medium,3,No,7552-20700
Sedan,10,23978,87,3096,34,13.2,11.87,45,30,Moderate,High,3,No,21658-104821
Hatchback,8,111817,89,2638,31,20.6,12.73,26,36,Worn,Low,11,No,23580-89304
Hatchback,9,137512,87,2824,28,20.3,11.95,40,29,Moderate,Low,3,No,50207-102875
Sedan,10,174234,94,2219,41,15.2,12.64,42,36,Worn,Medium,8,No,30428-77224
Sedan,6,168464,95,1660,41,16.3,11.82,25,34,Critical,Medium,1,No,25458-66174
Truck,1,115633,94,1405,23,7.3,12.11,26,29,Good,Low,3,No,43521-121065
Hatchback,11,102504,90,1195,29,15.2,12.25,25,33,Worn,Low,2,No,65370-144352
Hatchback,2,6582,96,2646,46,14.8,11.85,41,36,Good,High,7,No,24830-61190
Hatchback,1,211941,97,1243,27,14.0,12.64,39,29,Good,High,10,No,22988-49410
Truck,10,189488,101,2783,33,5.6,12.64,35,31,Good,High,6,No,9421-24883
Truck,10,117288,109,868,24,4.3,12.65,28,35,Moderate,Medium,8,Yes,2438-3888
Sedan,6,185034,95,993,39,18.9,12.34,26,31,Good,Low,3,No,51909-177822
SUV,4,9765,93,3036,26,12.6,12.51,43,33,Good,Low,7,No,30774-180000
Sedan,10,213344,90,3385,27,16.3,11.77,28,28,Moderate,Medium,5,No,42678-68494
Truck,7,234407,111,1082,17,4.6,12.19,39,32,Critical,Low,3,No,761-2157
Truck,6,183996,108,1630,18,5.3,12.46,40,29,Good,High,1,No,3746-5962
Hatchback,3,14836,86,1614,43,16.1,12.57,38,28,Good,Low,5,No,73787-127083
Sedan,1,121435,94,1941,27,13.7,11.86,39,35,Moderate,Low,10,No,28324-99972
Sedan,6,205870,95,636,40,13.3,11.92,37,32,Good,Low,10,No,67875-163621
Truck,8,68266,101,1118,29,5.5,12.02,29,29,Good,Medium,8,Yes,26378-42356
Sedan,6,27490,93,1006,30,16.4,12.01,27,30,Good,Low,8,Yes,24394-142907
Truck,12,14215,104,752,24,10.1,12.77,42,34,Moderate,Medium,7,Yes,8957-13617
Hatchback,8,167796,91,1168,42,18.8,12.2,29,30,Good,High,11,No,24597-57415
SUV,9,162419,98,614,27,11.6,12.46,37,28,Worn,Medium,2,No,30652-108928
SUV,1,220145,97,2199,42,11.3,12.66,27,32,Moderate,Low,12,No,48390-89508
Truck,2,229600,111,2001,28,5.2,12.65,41,31,Critical,Low,10,No,4179-13735
Truck,5,135032,96,1011,20,4.3,12.43,43,36,Good,Medium,3,No,12890-22282
Sedan,5,130420,85,2040,34,16.5,12.09,26,29,Good,Medium,1,No,86315-140185
Sedan,2,52483,84,1281,40,13.2,11.9,28,36,Worn,Low,5,Yes,54304-108680
SUV,1,61369,101,1346,37,12.0,12.41,41,35,Good,Low,5,No,62857-157185
Sedan,3,13144,86,2546,29,13.9,11.81,33,36,Good,Low,12,No,39047-101647
SUV,9,131595,102,1805,35,8.9,11.82,40,31,Moderate,High,8,No,31039-83723
SUV,7,213871,97,1213,32,13.2,11.97,27,36,Good,Low,8,No,79089-129569
Sedan,6,61553,93,2719,29,12.4,12.27,27,29,Good,Low,9,No,34127-136385
Sedan,11,234207,96,726,42,13.1,12.48,33,36,Good,Low,8,Yes,40976-132254
Truck,2,112307,113,769,16,5.4,12.44,45,34,Moderate,Medium,5,Yes,924-3076
Truck,11,147456,106,2547,17,10.4,12.62,45,36,Moderate,Medium,8,No,4241-12999
SUV,10,142371,102,3378,31,12.3,12.64,40,31,Moderate,High,7,No,16001-51579
Hatchback,12,85505,89,1201,36,19.5,12.73,39,35,Moderate,Low,9,No,61664-146556
Hatchback,6,158008,86,3342,42,21.6,11.82,32,32,Moderate,Medium,2,No,20192-180000
SUV,4,67438,92,1606,28,11.3,12.03,30,30,Good,Low,7,Yes,49810-155194
SUV,3,27014,97,2565,33,7.7,12.29,30,29,Moderate,Medium,6,No,25782-124419
Truck,10,31403,102,3288,21,4.8,12.76,30,35,Moderate,Medium,4,No,9949-26259
Truck,11,98973,103,1543,25,6.1,12.25,45,33,Good,Low,7,No,33769-122805
SUV,7,10703,92,1931,32,12.9,11.96,32,33,Good,Medium,5,Yes,56416-115944
Truck,6,29810,113,2957,29,7.3,11.9,42,28,Moderate,Medium,6,No,8854-24320
Sedan,12,168991,99,3428,36,16.0,12.59,37,29,Moderate,Low,5,No,24900-94374
Hatchback,10,33028,83,3148,37,15.3,12.02,41,29,Worn,High,2,No,44606-133728
Hatchback,4,85668,93,3153,35,15.0,11.83,29,32,Good,Medium,9,No,51954-123702
Hatchback,5,26610,98,2820,43,17.7,11.81,45,29,Good,Medium,5,No,32573-135923
Hatchback,12,97920,90,2615,38,22.4,12.79,39,31,Good,High,3,No,64210-111222
Hatchback,7,110370,87,1556,40,20.9,12.41,33,36,Moderate,Medium,1,No,76109-180000
Hatchback,5,65181,89,1711,38,14.0,11.81,41,33,Moderate,Low,2,Yes,44361-146273
Sedan,7,139603,99,3397,41,12.8,11.84,36,36,Good,Low,3,No,51472-112792
Sedan,3,208128,86,1162,33,14.1,12.0,27,30,Good,Low,12,No,19012-137492
Sedan,5,56030,91,2040,28,16.4,11.76,41,31,Moderate,Medium,5,No,40287-133887
SUV,2,226955,95,3306,36,11.3,12.11,38,35,Good,Low,5,No,60861-180000
Hatchback,6,137583,85,3331,38,14.2,12.39,42,36,Critical,High,7,No,10862-34938
Hatchback,7,129102,98,2653,42,18.4,12.7,45,35,Good,Low,8,No,52554-180000
Hatchback,6,13233,87,1866,35,14.6,12.49,34,34,Critical,Low,8,Yes,37298-59536
SUV,4,247026,92,2621,34,7.2,12.09,38,34,Good,Low,5,No,36908-141628
Truck,10,133419,97,2747,25,8.6,12.11,30,29,Moderate,Low,1,No,51255-100275
Sedan,2,29082,86,2588,38,13.9,11.98,26,35,Moderate,Medium,8,No,62013-98935
Hatchback,7,231027,91,3383,39,17.1,11.95,29,33,Good,Low,1,No,25966-180000
SUV,7,63654,101,2230,40,8.6,12.17,32,35,Worn,Low,11,No,31284-83418
Truck,6,213138,107,3075,22,7.8,12.65,36,30,Good,Low,12,No,14308-32462
Sedan,4,167044,102,2140,32,15.7,12.65,27,34,Moderate,Medium,1,No,39242-80630
Truck,7,80308,98,3319,32,6.1,11.76,40,35,Moderate,High,9,No,9189-28227
Truck,12,105448,110,2772,32,3.3,12.14,43,36,Worn,Low,11,No,4929-9107
SUV,5,128653,95,1893,30,11.7,12.17,28,29,Moderate,Low,6,Yes,44896-97870
Hatchback,11,156744,92,1224,28,18.0,12.42,31,35,Moderate,Medium,6,Yes,21446-73240
SUV,1,92430,105,2682,39,9.4,12.57,36,35,Worn,Low,7,Yes,41867-124975
SUV,7,143888,102,1822,37,6.8,12.21,35,33,Critical,Low,7,No,39496-72526
Sedan,2,191482,85,3422,35,16.5,12.74,34,36,Moderate,Low,9,No,44919-74005
SUV,7,23116,95,3438,36,12.6,11.71,44,35,Moderate,High,3,No,41540-62768
SUV,8,81913,95,1838,32,9.8,12.11,35,36,Worn,Medium,9,Yes,5018-58608
SUV,5,113782,97,3059,24,9.7,12.18,40,28,Good,Low,7,No,52819-132205
Sedan,6,230311,82,1760,29,15.5,12.53,28,32,Good,Low,1,No,70502-122844
Hatchback,5,28076,83,2814,32,21.7,12.26,31,33,Moderate,Medium,5,No,33113-71907
Truck,7,60694,105,1764,32,6.7,11.76,45,36,Good,Medium,4,No,23123-56601
SUV,3,121100,101,3083,37,12.8,12.21,33,30,Good,High,5,No,49678-111296
Truck,11,111368,110,2915,33,6.8,12.58,25,28,Moderate,Low,1,Yes,11750-18454
SUV,4,70836,94,3249,29,9.8,12.06,36,34,Moderate,Low,7,No,85879-142981
Truck,6,115653,106,2001,33,5.8,12.6,30,31,Good,Medium,9,Yes,18659-31285
Hatchback,12,158024,96,2668,41,17.0,12.28,34,30,Worn,Medium,4,No,65012-109094
Hatchback,2,219973,85,721,38,16.6,12.0,27,29,Good,Low,5,Yes,60030-180000
Truck,4,45520,108,738,21,9.5,12.8,29,31,Good,Low,3,No,9189-17187
Hatchback,7,87539,95,3077,40,13.6,12.65,36,29,Critical,Medium,1,No,29514-47112
Sedan,4,84380,87,2898,34,15.9,12.35,34,35,Good,Low,8,No,29585-180000
Truck,1,10030,99,3254,28,8.1,11.76,31,32,Critical,Medium,9,No,7641-26671
Truck,6,50429,109,2154,27,8.7,12.19,28,36,Good,Low,1,No,8284-104236
SUV,8,140306,103,2892,37,8.2,12.28,42,28,Good,High,4,No,41093-116103
Hatchback,11,82472,94,3159,32,18.9,12.47,40,33,Critical,Low,8,Yes,24943-68215
Sedan,3,6733,91,3266,41,15.7,12.29,33,33,Good,Medium,6,No,62101-126415
Truck,10,69094,110,2478,23,8.5,12.65,35,34,Good,Low,11,No,9594-31990
SUV,7,11155,98,2538,31,12.6,12.06,37,28,Worn,Low,12,No,23162-52790
Hatchback,10,243904,98,2519,37,21.2,11.91,36,33,Good,High,11,No,6062-18404
Hatchback,11,185843,96,3474,32,19.9,11.8,31,30,Good,Low,12,No,28597-63783
Hatchback,3,76237,90,2442,40,14.3,12.37,28,30,Moderate,High,8,No,18113-44791
Hatchback,10,233884,95,3217,33,16.8,12.16,25,34,Moderate,Low,1,No,38613-61941
Sedan,8,105890,83,2142,43,12.8,12.34,36,35,Moderate,Medium,3,Yes,43933-120117
Hatchback,8,95159,89,2898,29,20.0,11.71,27,36,Good,Low,7,Yes,63323-101575
SUV,6,180197,91,1311,23,6.7,12.09,45,34,Critical,Medium,11,No,9367-16445
Hatchback,4,43601,91,3011,40,15.3,12.13,26,28,Good,High,8,No,41993-82143
Truck,11,143026,94,1136,22,4.3,11.91,45,28,Worn,Low,4,No,51937-78041
Truck,3,27720,104,2466,24,10.4,12.61,35,35,Moderate,Low,7,No,18171-48909
Hatchback,5,13152,92,3219,39,16.6,12.69,38,32,Moderate,Medium,9,Yes,43939-70145
SUV,9,172015,101,3229,39,9.9,11.85,41,32,Moderate,Low,10,No,37641-180000
Hatchback,7,57845,85,2406,35,21.1,11.83,44,30,Good,High,4,No,20238-56368
Sedan,10,62876,85,1699,25,13.8,11.71,41,28,Worn,Low,3,No,48362-119146
SUV,5,142053,100,1711,32,11.3,12.67,40,34,Worn,Medium,7,No,52162-100452
Truck,12,235364,93,1102,20,5.3,12.36,41,34,Good,Low,1,No,37359-109059
Hatchback,2,232496,94,2407,40,20.4,12.7,39,29,Moderate,Medium,5,No,49944-100528
SUV,9,221200,106,1306,29,7.7,12.19,38,34,Good,Medium,8,No,14456-48762
SUV,5,119859,91,2996,38,13.3,12.21,34,31,Critical,Low,7,Yes,37004-113533
Truck,4,95601,109,2664,35,10.3,11.81,28,34,Critical,High,1,Yes,975-1923
Truck,9,128162,99,1996,27,9.7,12.55,32,34,Good,Low,2,No,55098-104832
Truck,2,54075,102,2996,18,6.3,12.56,26,36,Moderate,Medium,3,No,20649-38525
SUV,10,5980,95,832,31,8.5,12.5,25,30,Worn,Low,5,No,47756-135732
SUV,4,204194,94,2565,28,12.3,12.79,29,30,Critical,Medium,11,No,5269-16249
Hatchback,11,212807,97,2868,29,23.0,11.89,44,31,Moderate,Low,8,No,30834-99512
Sedan,4,152954,97,2785,34,12.2,12.55,27,36,Good,High,3,No,29863-50359
Sedan,11,186189,88,2385,38,13.7,12.46,42,29,Moderate,Low,4,No,31392-180000
Sedan,4,18895,90,1923,35,13.9,12.09,35,28,Good,High,7,No,22008-39696
Sedan,10,184764,86,1874,38,13.5,12.07,25,31,Good,Medium,10,No,97148-153500
Truck,1,190275,93,1796,27,5.6,12.61,30,31,Good,Low,10,No,43480-95394
Sedan,7,204294,85,2958,29,18.6,11.94,28,30,Worn,Medium,2,No,26927-101471
Sedan,9,173233,97,1223,45,14.2,12.72,45,30,Moderate,Low,6,No,37813-85539
Sedan,3,152667,99,2089,40,15.4,12.37,31,35,Good,Medium,8,Yes,46581-113919
Sedan,11,114851,97,1548,33,15.6,12.18,43,33,Good,Low,3,Yes,37693-113193
Hatchback,4,213708,90,1499,28,15.1,12.1,28,29,Critical,Low,2,No,33858-71986
Sedan,10,18433,101,3450,34,13.9,12.34,33,33,Good,High,1,No,39924-79990
Hatchback,4,42054,88,1903,33,22.0,12.44,33,29,Good,Low,11,Yes,19386-41806
Hatchback,2,141292,87,1212,35,14.8,12.18,31,32,Good,Low,10,No,87122-174776
SUV,5,195759,92,1674,26,14.4,12.67,37,31,Good,Low,8,No,76223-157937
Hatchback,4,69874,96,2054,40,17.1,12.67,30,29,Good,High,4,No,26938-82238
SUV,7,134960,100,1180,38,10.6,12.28,39,33,Worn,High,4,No,30468-87742
Truck,1,229314,99,1905,30,10.4,11.84,30,36,Moderate,Low,2,No,57557-86827
Truck,9,239961,97,2574,27,6.9,11.77,32,36,Good,High,7,No,13308-38552
Hatchback,10,157768,88,2559,32,15.6,12.16,25,28,Good,Low,4,No,34206-131520
Sedan,5,176206,86,1942,36,14.3,12.64,31,29,Good,Medium,5,No,101886-158838
Hatchback,2,36034,100,2300,29,16.6,12.01,43,35,Good,Medium,1,No,29501-106943
Sedan,8,208015,96,1124,40,15.7,11.92,40,29,Moderate,Medium,3,No,35734-69258
Sedan,4,142679,90,826,38,15.0,12.39,34,29,Good,High,7,No,54455-89883
Sedan,5,242515,93,3366,36,11.7,12.59,30,34,Good,Low,2,Yes,24237-180000
Sedan,3,224826,97,1037,37,12.0,12.51,39,35,Good,Low,2,No,34653-132805
Truck,1,40621,98,3301,31,7.4,11.81,27,33,Worn,High,8,No,4933-15463
SUV,2,117983,100,2004,27,9.4,11.73,43,35,Good,High,4,Yes,34893-77197
SUV,1,147695,104,1596,32,8.4,12.2,44,29,Good,Medium,12,No,11645-42857
SUV,8,248229,92,2287,27,12.0,12.21,37,30,Worn,High,6,No,20251-78607
SUV,10,192182,102,619,32,11.3,12.76,40,35,Moderate,Low,5,Yes,48328-109754
Sedan,3,205140,84,3410,31,13.5,11.81,36,35,Moderate,Low,3,No,37660-68044
Sedan,4,101717,89,697,29,16.4,12.0,36,28,Critical,Low,12,Yes,14328-43722
Sedan,12,210593,94,2585,39,16.8,11.72,35,28,Moderate,Low,3,No,100123-150495
Sedan,1,110642,98,2594,25,16.9,12.42,28,29,Good,Low,4,No,30338-90190
SUV,2,186580,102,3152,24,12.8,12.65,31,34,Moderate,High,6,No,22370-57162
Hatchback,8,38803,93,605,44,18.4,11.97,30,35,Moderate,Medium,9,Yes,32843-103719
Sedan,3,235263,87,1995,35,18.4,12.07,34,34,Good,High,2,No,37222-92360
Sedan,2,102890,83,965,27,13.4,12.46,34,33,Good,Medium,5,No,16381-148494
SUV,7,143571,99,1566,41,8.3,12.66,32,33,Moderate,Low,12,No,31682-109900
Hatchback,8,26016,99,630,41,18.0,12.2,41,28,Moderate,Low,6,Yes,48839-96915
Truck,11,146758,104,2136,29,7.8,12.34,44,29,Good,High,7,No,7768-29722
SUV,4,10663,105,1156,41,10.9,12.29,29,35,Critical,Low,10,No,33445-144749
SUV,4,248325,96,1278,34,11.9,12.26,32,29,Worn,High,3,No,30658-50514
Truck,8,41772,96,1680,27,2.7,12.57,30,30,Good,Medium,9,No,41439-67827
Sedan,2,63702,85,2666,35,15.0,12.05,37,29,Worn,Medium,11,No,7400-56921
Truck,6,68895,100,1364,34,5.4,12.03,29,36,Moderate,Low,4,No,22901-49487
Truck,3,79618,100,1011,23,3.9,12.31,33,31,Good,Low,5,No,39029-83189
Sedan,1,56140,88,1283,40,12.4,12.02,40,34,Good,Medium,8,No,33603-157678
SUV,6,22134,96,1080,28,10.4,12.1,28,34,Good,Low,2,No,41507-153513
SUV,10,246675,90,1546,38,10.9,12.71,37,34,Good,High,10,No,11185-125001
Truck,8,26654,109,618,28,7.0,12.23,37,30,Moderate,Medium,4,No,7332-23291
Truck,3,248741,100,1057,25,6.4,12.08,41,36,Good,Low,3,No,57619-99191
Sedan,6,188254,92,3251,31,16.8,12.73,25,31,Good,Low,6,No,61708-130832
Sedan,3,85430,89,1050,28,11.7,12.6,35,35,Moderate,Low,1,No,60235-180000
SUV,1,67785,93,2648,35,10.2,12.38,44,28,Good,Low,5,No,79061-177415
Hatchback,12,125715,89,3093,30,16.3,12.32,45,28,Good,Medium,9,No,31363-108989
Sedan,4,120985,95,1710,33,17.4,12.27,43,31,Good,Low,9,No,40810-73092
Sedan,6,114887,88,867,35,15.9,12.09,30,34,Moderate,Low,6,Yes,25242-82534
Hatchback,7,249142,92,2182,45,14.9,12.38,35,29,Good,High,4,No,57214-112856
Truck,3,128735,111,2797,31,6.3,12.0,31,34,Good,Low,11,Yes,374-22490
Truck,4,202602,108,2794,32,5.1,11.91,27,30,Moderate,Low,9,No,11595-30401
Truck,1,157501,98,1187,29,10.7,12.71,31,36,Good,Low,3,No,34387-97597
Hatchback,4,137746,96,785,33,19.8,12.5,34,34,Good,Medium,4,No,45031-150056
SUV,7,36965,96,1570,24,7.2,12.07,45,29,Good,High,7,No,34024-56292
Hatchback,3,40202,97,3068,40,22.2,12.54,41,34,Moderate,Medium,6,No,55207-113535
SUV,5,139178,91,2438,28,10.2,11.81,40,31,Critical,Medium,1,Yes,30035-63529
Sedan,12,217073,95,1089,38,13.0,12.63,25,35,Good,Low,11,No,59979-91627
Hatchback,8,98887,90,2381,40,18.7,11.95,33,30,Worn,Medium,10,No,49914-96186
SUV,3,54475,100,1960,39,6.9,11.73,45,33,Critical,Low,5,No,50515-118407
Hatchback,6,103497,89,1783,38,19.0,11.83,33,30,Good,High,4,No,21154-81380
Hatchback,11,70576,101,2045,46,16.7,12.77,32,28,Good,Medium,4,No,34567-115859
Sedan,3,169160,95,1220,30,10.7,12.05,44,34,Good,High,11,No,10604-30988
Hatchback,11,43703,96,1022,38,15.8,11.75,44,36,Critical,Medium,9,Yes,15279-41919
Truck,11,64327,106,2247,29,9.4,12.01,43,30,Worn,High,5,Yes,967-2625
Hatchback,4,222994,93,3045,37,13.6,12.0,39,31,Critical,Low,4,No,31918-125716
Hatchback,9,77436,94,2101,40,19.4,12.42,37,28,Good,Low,8,No,79897-180000
Sedan,2,38788,95,3353,34,13.8,12.01,26,33,Good,Medium,8,Yes,41106-68992
SUV,2,174378,97,1703,40,11.0,12.09,41,29,Good,High,9,No,48134-83810
SUV,4,97590,93,1781,28,10.0,12.27,30,34,Worn,Low,1,No,71098-122998
Hatchback,11,241093,92,3159,45,14.2,12.47,42,34,Good,Low,10,No,42457-128007
Sedan,4,46935,100,1302,41,15.6,12.34,33,28,Good,Low,7,No,93729-165157
SUV,2,16700,101,2071,33,9.0,12.46,28,31,Good,Low,7,Yes,38371-117067
Truck,4,69022,99,2263,22,5.9,11.89,34,34,Moderate,Medium,10,Yes,3000-27748
SUV,7,222884,95,3273,32,13.2,11.92,27,32,Moderate,Medium,6,Yes,6757-90727
SUV,7,111263,95,1721,29,8.5,12.59,45,30,Moderate,Medium,7,No,27500-82854
Truck,5,9540,111,2467,27,5.1,12.46,38,34,Moderate,Medium,10,No,3100-19930
Truck,8,199303,110,3045,22,5.2,12.41,27,32,Moderate,Low,1,No,7643-102894
Hatchback,11,239697,86,2866,35,18.2,12.06,45,29,Moderate,Medium,5,No,56197-110109
Truck,11,128026,110,3445,22,7.6,12.29,30,28,Good,Low,7,No,28989-50973
Sedan,6,135795,89,1709,40,13.2,12.33,42,30,Moderate,Medium,9,Yes,30591-135826
Truck,11,12381,105,1691,23,8.5,11.71,28,30,Good,Medium,9,No,14558-79282
Sedan,6,82288,98,1808,38,17.8,12.18,35,28,Moderate,Low,8,No,53294-93144
Sedan,5,82449,96,732,38,13.9,12.8,38,30,Moderate,High,10,No,17774-60558
Truck,6,26025,99,1376,31,9.5,11.8,35,36,Good,Medium,1,Yes,17342-53348
SUV,5,129136,92,2164,31,8.4,12.75,35,32,Good,Medium,12,Yes,2655-65807
SUV,9,176853,99,2844,31,11.1,12.55,40,33,Good,High,9,Yes,20884-33376
Truck,11,130054,109,2461,16,8.9,12.64,34,30,Moderate,Low,12,No,1529-2825
Hatchback,7,78888,85,3061,31,18.3,12.28,28,34,Moderate,Low,3,Yes,43059-88277
Sedan,7,201009,98,2945,29,16.6,11.72,37,31,Good,Low,8,No,32190-69060
Truck,10,52196,109,1491,29,8.9,12.03,29,35,Moderate,Medium,4,No,6484-13952
Sedan,4,45837,100,2263,33,14.0,12.36,30,31,Critical,Low,6,No,26574-44246
Sedan,1,131066,92,2700,36,17.5,12.35,38,32,Worn,Low,5,No,55123-142291
SUV,7,37243,92,2888,32,14.7,11.85,35,34,Good,Low,4,No,72875-149011
Truck,9,213602,92,1528,28,4.0,11.99,44,36,Good,Low,6,No,39423-104711
Sedan,10,50220,87,3279,44,15.4,11.71,39,31,Good,Low,10,No,17947-180000
Sedan,4,195872,100,1754,35,18.2,12.64,31,34,Good,Medium,10,Yes,15653-38247
SUV,4,175863,98,757,33,13.2,12.7,30,29,Good,Low,1,No,54692-150040
Sedan,7,153965,92,2729,27,16.4,12.63,39,34,Moderate,Low,4,No,36027-110201
Hatchback,6,166815,94,2438,36,18.2,11.91,40,35,Moderate,Medium,10,Yes,34485-79729
Hatchback,12,161126,85,922,27,12.8,12.38,30,36,Good,Low,9,No,45428-180000
Hatchback,7,99921,90,3167,41,19.9,11.83,31,36,Moderate,Low,3,No,60532-180000
Truck,11,142880,94,659,22,8.4,12.3,34,31,Critical,Low,11,No,11315-28861
SUV,9,48582,95,2338,28,12.5,11.91,35,36,Good,Medium,3,Yes,29786-132347
Sedan,8,133786,95,2057,44,14.5,11.9,45,36,Good,Low,2,No,75201-168397
Hatchback,12,141913,93,733,39,21.9,12.3,44,29,Moderate,High,4,No,22178-90473
Truck,6,236469,114,2202,25,4.7,12.62,33,30,Moderate,High,4,No,2431-8749
SUV,9,134496,99,1589,34,13.0,12.14,30,35,Moderate,Medium,10,Yes,6749-98078
SUV,2,240837,94,2431,34,13.4,12.4,39,35,Good,Low,7,No,69629-126551
Truck,12,5680,98,2294,20,3.2,12.68,42,34,Worn,Medium,9,No,20008-34372
Hatchback,7,24399,87,764,43,16.1,12.4,28,34,Good,Low,7,No,106154-163222
Truck,9,82283,111,2917,34,3.8,12.46,29,30,Critical,Low,6,No,2879-4527
Truck,10,240346,108,2758,27,6.4,12.37,36,36,Good,Low,9,Yes,8782-20238
SUV,1,63832,93,1542,29,12.0,12.48,31,28,Moderate,Low,8,No,69680-162588
Hatchback,6,239030,99,2328,38,18.1,12.65,42,36,Moderate,Medium,3,No,37482-73936
SUV,12,247022,96,2314,28,9.8,12.69,31,29,Moderate,Low,3,No,38518-98116
Sedan,2,108442,91,1096,31,10.9,11.87,34,36,Good,Medium,3,No,34148-88482
Hatchback,8,33068,92,3217,46,16.1,12.41,34,36,Moderate,Medium,10,No,32896-115904
SUV,1,128686,93,826,43,11.2,12.5,25,28,Moderate,High,6,No,40719-95615
SUV,6,240206,95,965,39,12.2,12.46,35,29,Good,Low,9,No,77198-164610
Hatchback,6,56509,100,1140,45,22.3,12.57,37,33,Worn,Low,2,No,50708-177688
Hatchback,9,145244,94,738,30,22.2,12.37,28,36,Critical,Medium,11,No,19352-30588
Sedan,6,73409,96,1001,42,14.8,12.24,30,36,Moderate,Medium,3,No,34624-85700
Truck,5,69693,96,2132,17,6.3,12.05,40,32,Critical,Low,11,No,507-895
Hatchback,8,244536,100,1635,37,16.8,11.93,35,28,Good,Medium,1,No,86439-180000
Sedan,8,85546,97,2957,33,19.2,12.51,37,30,Good,Low,4,No,53792-84196
Sedan,1,228734,97,2674,30,13.7,12.23,34,35,Critical,High,7,No,3737-7541
Sedan,4,101954,85,1837,44,14.2,12.1,35,28,Good,Low,5,No,65756-180000
Sedan,1,120858,86,3405,34,16.7,11.74,25,29,Good,High,6,No,22673-73595
Sedan,2,145435,84,1732,28,17.8,12.35,39,29,Moderate,Low,8,No,25956-97886
Truck,1,70107,94,2674,20,8.7,12.34,35,33,Good,Medium,9,Yes,9483-36373
Hatchback,2,29485,94,3071,37,15.8,11.71,32,33,Good,High,4,No,40178-78994
SUV,8,161316,99,2314,34,11.5,11.91,30,35,Good,Low,10,Yes,25596-83072
Truck,4,215825,109,1570,25,6.6,11.87,38,28,Moderate,High,9,No,3161-7521
Truck,3,48962,102,1371,18,5.3,12.47,39,31,Moderate,Low,11,Yes,2903-4385
Truck,1,33858,106,1826,32,8.5,11.93,30,32,Worn,Medium,7,No,15053-44157
SUV,7,99349,96,3484,35,10.6,12.15,28,35,Moderate,Low,6,No,24853-145048
SUV,3,179964,99,613,32,8.7,12.07,25,32,Good,High,6,No,4501-106505
Hatchback,5,35965,99,963,32,20.9,12.24,42,29,Good,High,7,No,32600-74548
Sedan,12,156637,90,727,29,12.0,12.21,45,36,Worn,Low,10,No,36901-80169
SUV,10,22833,104,1496,33,11.8,12.75,34,34,Good,Low,1,No,76253-167993
SUV,3,32852,92,1432,26,11.5,11.82,30,28,Worn,Low,5,Yes,64368-100990
Truck,9,143955,104,3024,26,5.8,12.01,38,30,Worn,Low,9,No,6538-81969
Sedan,9,191202,87,1817,29,12.7,12.03,38,29,Good,Low,2,No,41373-126815
SUV,2,54482,103,2173,40,10.4,12.2,43,36,Moderate,Medium,8,Yes,42119-83793
SUV,3,116605,96,783,40,12.7,12.58,26,28,Moderate,Medium,11,No,22406-75116
Truck,11,43498,102,1479,35,3.7,12.57,26,34,Good,High,4,No,11739-24067
Sedan,2,126461,87,2561,39,14.0,12.35,31,34,Worn,Low,6,No,72537-138719
Truck,2,6960,108,3422,23,5.1,11.84,29,36,Moderate,Low,4,No,20551-35171
SUV,7,151873,94,3216,40,11.8,12.62,28,35,Moderate,Low,9,No,79324-121950
Hatchback,1,149542,97,2289,33,18.0,12.15,29,31,Worn,Medium,4,No,18195-51029
Hatchback,5,100926,94,2030,34,18.7,12.25,38,36,Moderate,Medium,12,No,25628-70432
Sedan,3,134976,95,2777,36,14.2,12.25,27,30,Good,Low,3,No,72079-145593
Hatchback,5,83418,95,1534,43,22.3,12.05,25,32,Critical,Low,4,No,10113-74356
SUV,2,200043,93,1081,37,12.7,12.74,37,30,Good,Medium,5,No,60244-104076
SUV,6,91620,95,2552,29,8.2,11.93,30,34,Good,Medium,8,No,36561-134447
Hatchback,6,89761,96,2040,39,19.6,12.03,35,30,Worn,Low,6,No,39976-130182
Hatchback,4,77992,94,3305,28,16.9,11.99,26,28,Moderate,High,8,No,39756-70156
SUV,11,80660,95,2168,29,9.0,11.9,42,32,Good,Low,3,Yes,32079-102145
Truck,6,202568,110,2420,33,7.9,12.79,44,29,Good,Low,9,No,14832-39006
Hatchback,10,39678,86,2725,38,19.3,12.06,38,35,Good,Low,7,No,43787-158523
Hatchback,8,115168,84,1816,45,16.3,12.49,37,30,Worn,Low,6,No,62016-108572
Truck,11,235477,97,3129,23,7.6,12.57,25,36,Good,Medium,8,Yes,30883-60739
Sedan,5,198467,92,2928,34,16.2,12.64,36,33,Good,High,6,No,16431-56497
Hatchback,6,53191,88,1589,39,19.0,12.53,32,28,Good,Medium,7,No,69025-123721
Truck,3,36241,99,846,24,9.5,12.2,36,36,Moderate,Low,5,No,31657-83831
Hatchback,9,242292,95,1435,32,15.1,12.56,36,34,Good,Medium,3,Yes,27755-75709
Truck,7,241443,108,747,29,5.2,12.77,38,31,Good,Low,4,No,24287-40979
Sedan,11,8054,95,3146,32,13.5,12.52,31,35,Worn,Low,10,No,58300-112764
Truck,3,156573,97,2633,28,5.8,12.69,44,30,Moderate,Medium,5,No,19204-34990
Hatchback,11,124217,97,3287,38,17.1,12.33,41,32,Good,Medium,7,Yes,48950-79796
Hatchback,3,182755,89,1445,41,14.9,12.03,25,30,Moderate,High,6,No,21225-66025
Sedan,5,64338,86,1820,43,16.8,11.99,45,32,Critical,Medium,1,No,32190-88794
Hatchback,4,5358,85,1814,36,15.0,12.64,35,36,Moderate,Low,7,No,68420-180000
Hatchback,7,111799,96,848,36,20.3,12.06,25,28,Good,Low,3,No,59515-176563
Sedan,12,49202,88,1837,35,13.6,11.85,33,34,Critical,Low,7,No,25800-41034
Hatchback,5,117113,97,2454,37,18.2,11.72,31,32,Good,Medium,8,No,44392-100278
Hatchback,6,111119,88,1551,37,16.3,12.61,35,31,Moderate,Medium,12,No,36078-63282
SUV,11,120923,94,2162,29,12.7,11.9,27,30,Critical,Medium,4,No,29555-88561
Truck,9,53431,98,1618,34,5.5,12.4,41,35,Good,High,3,No,8058-24620
Truck,1,147028,96,2059,25,9.4,12.48,28,36,Moderate,Low,9,No,35585-81119
Truck,11,186914,103,887,29,6.0,12.28,43,35,Good,Low,12,No,17739-38909
SUV,1,199757,95,1394,30,12.1,12.28,34,36,Critical,Medium,5,No,9891-67733
SUV,3,78428,102,1133,31,10.7,11.79,39,30,Worn,Low,12,Yes,11398-39612
Truck,11,60721,104,3040,23,7.3,11.83,37,29,Good,High,6,No,11204-26774
Hatchback,3,134460,85,1912,45,21.6,12.38,42,30,Good,Low,9,No,42979-158477
Truck,7,140390,107,1251,27,9.7,12.73,37,29,Good,Low,5,No,17244-34266
Hatchback,8,78922,86,2702,40,15.2,12.15,37,28,Good,High,12,No,31909-72601
Truck,11,151698,98,657,20,8.3,12.4,44,29,Critical,Medium,11,No,1405-3815
Truck,8,19350,98,3129,17,9.5,12.01,45,35,Moderate,Low,5,Yes,10047-33803
Hatchback,7,36185,94,2771,37,20.5,12.2,36,31,Good,Low,10,Yes,47227-135579
Hatchback,10,232824,95,2789,29,19.2,12.61,40,35,Good,High,6,No,18810-74856
SUV,3,31776,91,3144,24,11.3,12.63,37,36,Good,Low,1,No,52844-131822
Hatchback,12,179793,87,3091,31,15.0,12.77,38,28,Good,Low,4,Yes,60276-109682
Truck,3,169334,99,1961,21,9.4,11.99,43,29,Good,Low,11,No,4119-16115
SUV,1,7403,100,2625,38,14.6,12.4,30,33,Moderate,Medium,5,No,44441-97309
SUV,3,49611,95,2050,33,13.0,11.94,45,28,Good,Medium,5,No,42726-76584
Truck,11,155227,106,1524,35,6.3,12.52,34,34,Good,High,9,Yes,5406-11508
Sedan,6,64356,93,1670,33,15.8,12.17,27,36,Critical,High,4,No,16249-29045
SUV,2,148928,98,2911,23,11.8,12.15,36,29,Good,Low,7,No,74724-139066
Hatchback,2,95702,86,1617,47,16.1,12.61,42,36,Critical,Low,9,Yes,31716-56608
Sedan,11,14363,100,3239,38,15.2,12.27,33,30,Good,Low,2,No,62998-148412
Sedan,8,113300,88,1400,27,17.3,12.29,36,36,Critical,High,2,Yes,4186-22418
SUV,3,13451,104,3127,30,12.6,11.72,40,36,Critical,Medium,5,No,28837-76265
Truck,2,172671,109,3176,25,6.3,12.7,26,30,Good,Medium,11,No,7911-13325
SUV,5,101142,101,1733,33,10.1,12.32,38,31,Good,High,5,No,18700-61292
Sedan,3,142661,98,2819,45,17.0,12.14,38,36,Good,Low,1,No,34515-136211
Sedan,8,204056,85,2885,37,15.4,12.33,36,35,Moderate,Low,11,Yes,30581-54811
Sedan,1,239650,93,638,35,15.0,12.51,34,35,Moderate,High,2,No,32278-73416
Truck,1,145005,97,3132,35,7.0,12.33,44,36,Moderate,High,2,Yes,8513-42283
Hatchback,5,28231,88,691,40,20.3,12.06,29,33,Good,High,6,No,52591-125331
Truck,4,163758,107,2193,22,11.3,12.74,31,32,Good,Low,9,No,33899-60783
Truck,10,185497,104,636,34,7.9,12.67,25,33,Good,Low,4,No,38148-72088
Truck,10,82352,99,2591,18,7.8,12.41,38,35,Worn,High,11,No,872-3382
Sedan,7,91821,97,3432,34,18.4,12.54,26,31,Good,Low,3,No,25966-100272
Truck,7,169653,106,739,27,4.6,12.43,41,34,Good,High,8,No,3105-10153
Sedan,12,156883,95,1770,32,16.1,12.09,27,36,Good,Low,7,No,41812-65906
Sedan,5,93006,93,3203,29,15.0,12.23,40,29,Critical,Low,8,No,24446-38866
Sedan,9,169106,95,1041,38,13.3,12.35,26,32,Worn,Low,7,No,46942-98892
Sedan,11,65739,91,2021,36,14.0,12.28,30,28,Good,Medium,7,No,21611-180000
Truck,3,53715,100,1484,34,8.1,12.76,26,28,Moderate,Low,2,No,13695-171976
Sedan,8,137059,94,1698,36,18.9,12.54,31,34,Good,Low,2,No,38136-180000
Sedan,12,218612,87,1010,44,13.2,11.88,43,28,Worn,Low,9,No,51644-180000
SUV,10,141035,90,1371,33,10.1,12.62,29,35,Good,Medium,8,No,36555-141909
Hatchback,8,139057,94,1720,44,20.5,12.6,44,35,Good,Low,8,No,57958-152048
Hatchback,2,23464,96,1084,41,15.6,12.52,35,32,Good,Medium,1,No,36535-169094
SUV,11,143171,90,2489,24,9.5,11.79,26,33,Critical,High,2,Yes,7892-40737
SUV,9,148100,101,3127,32,7.6,12.17,35,34,Moderate,Medium,12,No,29051-58833
Truck,11,199510,99,3100,22,8.8,12.03,28,30,Good,Low,11,No,34806-73878
Truck,7,6297,98,2644,23,5.0,12.46,30,36,Good,Low,4,No,33547-69989
Sedan,7,103519,92,2002,44,13.4,12.67,31,34,Good,Low,2,No,87039-167737
Sedan,5,52015,100,876,35,17.1,12.42,27,29,Moderate,Low,9,No,25012-84966
Truck,3,31662,103,2174,30,8.5,12.23,40,33,Good,Low,8,No,28999-86353
SUV,2,77985,98,1227,35,9.3,12.57,36,31,Worn,High,3,No,28220-69448
Sedan,5,146654,100,1453,29,16.6,12.09,38,32,Moderate,High,2,No,34082-72078
Truck,10,242417,103,1889,20,6.7,12.31,33,34,Moderate,High,8,No,2037-5077
Hatchback,10,168856,92,1518,34,16.7,12.55,44,35,Good,Low,3,No,57886-128514
Hatchback,11,224021,86,1273,40,14.6,12.2,25,28,Good,Low,10,No,67787-133349
Hatchback,4,134914,94,1011,32,18.6,11.9,34,35,Critical,Medium,8,No,43951-67429
Sedan,8,162483,102,3495,36,12.7,11.77,44,32,Good,Medium,2,No,49700-180000
Truck,6,35156,98,1194,33,7.9,12.24,33,31,Good,Low,7,Yes,26208-66644
Truck,5,148305,98,1566,29,10.2,12.68,32,33,Moderate,Medium,4,No,25640-58502
Truck,4,127623,100,2129,31,10.4,11.82,27,30,Moderate,Medium,12,No,6252-14668
Hatchback,12,111914,89,1324,31,18.9,12.49,45,30,Moderate,Low,7,No,31303-75975
Truck,2,102511,96,1563,23,5.9,11.96,36,29,Worn,Low,7,No,15560-51428
Hatchback,7,208879,89,1200,39,18.4,11.79,34,30,Good,Medium,10,Yes,32039-152288
SUV,8,203348,99,1798,23,14.2,11.93,45,31,Good,Low,4,No,79771-160489
SUV,11,63769,105,1758,36,13.7,12.23,42,36,Good,High,3,No,11399-165699
SUV,12,118017,99,2701,24,11.7,12.39,36,31,Good,Low,9,No,36020-180000
Hatchback,1,119491,89,1910,33,15.5,12.38,35,28,Good,High,5,Yes,10982-41660
Hatchback,1,241370,88,1907,32,20.3,12.77,31,36,Good,Low,6,No,79937-149847
Sedan,9,12656,91,1366,40,14.4,12.58,29,28,Critical,High,2,No,16284-51690
Truck,2,214627,112,2179,24,6.5,12.67,40,33,Moderate,Low,5,Yes,12385-31203
Sedan,3,5879,95,1213,32,17.7,11.88,45,32,Critical,High,5,Yes,1651-7945
Truck,6,51063,96,3104,23,9.5,12.73,32,33,Critical,Medium,3,No,7665-16829
Hatchback,8,16399,91,1156,41,19.9,12.28,41,29,Good,Low,6,No,86649-134943
Truck,7,195090,105,830,29,5.1,11.88,34,33,Moderate,Low,2,No,66081-107937
Truck,2,185795,100,1871,24,5.0,11.88,41,30,Moderate,Medium,7,Yes,12895-34065
Sedan,8,211587,92,1169,39,13.8,11.74,33,32,Good,Medium,5,No,38312-152704
Sedan,6,28954,96,2975,39,15.7,12.35,34,32,Worn,High,3,No,18040-62012
Truck,7,209988,111,640,30,4.0,12.09,26,36,Good,Low,2,No,23296-81272
Truck,1,219355,104,2671,31,8.3,12.78,32,29,Good,Low,5,No,33172-93342
Sedan,12,133330,99,1576,38,16.8,12.61,29,30,Good,Medium,7,Yes,45188-109382
Sedan,3,189551,94,1015,37,15.5,12.52,37,30,Critical,High,5,No,14255-42017
Hatchback,5,180262,93,2568,32,20.4,11.76,29,34,Good,Low,7,No,55690-180000
Sedan,6,51959,91,3369,29,15.0,11.91,40,36,Critical,Low,2,No,49995-79309
Hatchback,6,146271,91,2280,34,18.2,12.21,27,30,Worn,Medium,1,No,33832-73280
Hatchback,1,122083,95,1149,37,21.3,12.26,32,31,Moderate,Low,3,No,51708-78452
Hatchback,8,94964,92,822,40,16.8,12.34,35,29,Good,Medium,7,No,66280-142890
Truck,6,122058,96,2495,33,9.2,12.36,35,35,Good,Low,7,No,51036-78874
Truck,2,230632,95,1289,18,5.3,12.25,25,33,Good,Low,6,No,21689-72195
Sedan,1,231083,93,2557,40,12.8,11.9,36,35,Critical,Medium,5,No,14414-72812
Truck,10,136229,110,1933,27,7.6,12.54,30,29,Moderate,Medium,8,No,7114-12890
Sedan,7,214678,92,1460,37,15.7,11.75,28,29,Good,Low,3,No,83131-163051
SUV,2,210495,93,2495,25,13.4,12.36,28,33,Good,Medium,6,Yes,39074-62148
Sedan,9,242091,89,756,43,13.5,12.1,44,31,Moderate,Low,8,No,61186-180000
Truck,8,63419,102,1165,35,8.7,12.49,38,32,Moderate,Low,10,No,14886-37656
Truck,9,127331,93,2462,35,8.2,12.55,30,36,Moderate,Medium,3,Yes,23426-56904
Truck,5,117185,102,1942,26,8.4,12.65,35,32,Moderate,Medium,5,No,35451-73911
SUV,11,45723,98,1953,26,10.0,12.56,34,28,Worn,Medium,8,No,45308-132610
Hatchback,7,170932,82,1545,43,19.4,12.44,25,34,Good,Medium,5,No,42957-180000
SUV,6,195184,93,2953,33,8.7,11.74,45,31,Critical,Low,12,No,19640-64262
SUV,9,157187,97,625,32,14.4,12.61,30,36,Good,Low,7,No,44072-139100
Truck,7,238231,99,2727,31,6.9,12.54,40,28,Good,High,9,Yes,17092-36946
Truck,8,63726,93,2411,31,7.5,12.13,34,33,Moderate,Low,3,Yes,12929-49581
SUV,2,127911,103,2914,30,8.6,11.88,33,34,Good,High,10,No,27090-55414
SUV,9,165639,96,3194,36,14.0,12.37,40,30,Moderate,Low,7,Yes,66410-103400
Truck,10,224895,101,2834,24,5.7,12.69,32,28,Moderate,Low,6,No,21716-102494
Truck,5,100985,107,1760,37,8.3,12.3,26,36,Good,Medium,3,No,19718-91542
Sedan,11,61473,87,1006,31,12.8,11.86,28,28,Worn,Medium,12,No,41603-73603
Sedan,4,227583,101,683,42,15.8,12.05,44,30,Good,Low,12,No,27315-120226
Truck,5,39427,93,2310,25,3.5,12.04,25,30,Good,Low,12,No,27937-84929
Sedan,3,118877,88,1097,43,15.3,12.58,29,36,Moderate,Medium,10,No,46311-96581
SUV,5,24435,97,2434,40,10.7,12.34,39,33,Good,High,4,No,33419-83681
SUV,3,75969,96,2776,28,9.5,12.73,35,34,Good,Medium,12,Yes,39239-71575
Truck,10,175801,103,1749,33,8.8,11.85,25,29,Moderate,Low,6,Yes,19687-74027
SUV,11,226865,93,1064,29,9.8,12.37,43,32,Worn,Low,10,No,55843-110763
Truck,5,63272,103,2572,30,4.1,12.34,28,29,Critical,Low,4,No,21803-33947
SUV,11,26059,94,2036,40,12.6,12.64,43,30,Good,Medium,3,No,63955-117365
SUV,4,235636,97,1481,34,11.3,11.79,40,34,Critical,Medium,12,No,20189-32807
Truck,1,32835,100,2782,30,8.5,12.31,30,29,Critical,Medium,11,Yes,895-2591
Truck,8,116730,107,1390,33,7.3,12.09,28,32,Worn,High,7,Yes,668-2080
Truck,2,79033,103,2067,17,3.7,12.39,35,31,Good,Medium,10,No,15988-35504
Truck,9,221346,110,1202,15,3.1,12.17,39,36,Moderate,High,10,No,608-1186
Hatchback,5,113755,94,1788,30,19.7,12.66,31,31,Worn,Low,8,No,38262-120936
Hatchback,1,158562,87,1108,36,18.5,12.43,26,36,Good,Medium,11,Yes,23460-93554
SUV,9,13888,97,1318,23,11.4,11.98,42,28,Worn,Medium,10,No,42474-88332
Hatchback,9,158985,97,2542,40,13.9,12.59,29,30,Moderate,Low,8,Yes,36435-77395
Truck,10,44994,108,1388,22,4.2,12.54,42,33,Moderate,Low,2,No,25276-87458
SUV,1,73244,95,2698,41,13.9,12.06,44,28,Good,Low,8,No,58843-180000
Sedan,7,238006,91,1141,38,15.8,11.97,37,31,Good,Medium,3,No,71671-148911
SUV,9,210597,98,2452,35,8.1,12.23,34,30,Good,High,8,No,22057-74727
Truck,2,48719,97,2464,19,5.7,11.7,33,35,Moderate,Low,8,No,9923-16937
Truck,2,153960,92,1360,18,4.1,12.57,32,36,Worn,Medium,5,No,12469-40757
Hatchback,2,46788,94,1884,35,21.0,12.05,30,28,Good,Medium,6,No,38430-61748
Truck,12,181466,100,870,24,9.4,12.37,44,35,Moderate,Medium,11,No,11469-31989
Hatchback,7,54195,82,2784,42,18.2,12.41,44,31,Critical,Low,12,No,14418-54882
SUV,5,213645,98,1199,35,12.6,12.32,32,29,Good,Medium,6,Yes,60136-97766
Truck,8,23340,92,1692,18,9.3,12.56,35,31,Good,Low,7,Yes,8987-75628
SUV,1,109766,101,1054,39,9.2,12.79,43,34,Moderate,Medium,3,No,44377-111229
Truck,5,114552,103,871,23,8.3,12.45,40,30,Good,Medium,10,No,28756-43554
Truck,12,158970,100,2792,30,10.1,12.47,44,32,Moderate,Medium,6,No,41975-63273
Truck,11,55104,107,2637,23,6.0,11.83,41,29,Moderate,Medium,10,No,9210-28336
Hatchback,8,247261,98,1370,29,17.8,12.11,41,28,Good,Low,4,No,30906-105174
Truck,9,81456,105,2153,35,7.1,12.65,38,30,Moderate,Medium,6,No,3774-66355
Sedan,8,109048,99,921,25,15.2,12.26,37,29,Good,Medium,6,No,38359-96423
SUV,5,222342,97,2247,34,12.3,12.5,30,33,Good,Low,9,No,63341-180000
Sedan,4,145723,85,1799,39,16.1,12.7,40,35,Good,Low,8,Yes,67578-180000
Truck,8,224167,101,1873,21,8.0,12.32,27,31,Worn,Medium,2,No,7643-30259
Truck,5,231860,109,2606,27,4.0,12.78,27,35,Worn,Low,1,No,30797-74673
SUV,6,169986,91,2787,33,12.3,11.71,29,35,Good,Medium,5,No,33733-176160
SUV,7,102751,106,2264,37,11.8,12.73,41,34,Good,Medium,6,No,23391-170987
SUV,12,41462,92,1152,31,10.5,12.47,42,34,Moderate,Low,7,No,73339-129279
Hatchback,12,25877,96,2293,41,22.6,12.24,45,31,Good,High,12,Yes,12937-21285
Hatchback,2,99459,95,1097,31,19.1,12.69,39,32,Good,Medium,4,No,28207-87671
Sedan,6,137001,97,2975,43,15.1,12.18,35,32,Good,Low,10,No,40245-180000
Truck,8,69151,107,3058,30,5.3,12.44,26,28,Worn,Low,11,Yes,4161-10513
Sedan,1,247583,100,2954,42,15.9,12.66,35,35,Good,High,11,Yes,8388-30616
Hatchback,10,172383,97,1369,41,21.2,11.71,38,34,Good,High,7,No,12851-115496
SUV,3,232551,89,2392,40,10.2,12.69,33,31,Critical,High,6,Yes,8576-24700
Hatchback,6,42155,100,775,32,17.5,12.13,45,36,Moderate,Low,2,No,44664-74066
Sedan,12,14188,94,1538,34,13.5,12.21,35,34,Critical,Low,4,No,18939-59111
Hatchback,11,20127,93,1298,34,16.0,12.47,33,36,Good,High,1,Yes,22207-54927
SUV,10,95184,89,1823,40,13.1,12.64,27,32,Good,Low,3,No,62647-136361
Hatchback,9,150112,95,2763,36,15.6,12.52,31,28,Moderate,Low,6,No,63146-107700
Hatchback,1,124321,96,853,39,21.1,12.15,39,32,Good,Low,8,No,72481-146407
SUV,1,95837,94,1873,34,12.9,12.37,33,33,Good,Medium,3,No,91485-178075
Truck,6,58638,106,2679,24,6.5,12.47,43,30,Worn,Low,9,Yes,9098-13710
Hatchback,2,9759,92,3201,30,14.5,12.1,31,29,Good,Low,9,No,63849-180000
Sedan,11,134752,98,2996,38,14.5,12.79,29,31,Good,Low,3,No,59020-147482
Hatchback,1,78599,92,1760,35,13.3,12.26,34,34,Good,High,8,No,17597-70561
Sedan,6,111133,99,3289,39,11.8,12.78,31,36,Good,Medium,1,No,47365-157663
SUV,7,101074,99,704,39,10.5,12.62,43,36,Moderate,Low,12,No,34743-68877
Sedan,11,16343,88,2397,36,16.5,12.69,27,33,Good,Low,12,No,59534-111128
SUV,11,120709,90,2482,24,7.6,12.27,40,33,Critical,High,9,Yes,12966-22536
Hatchback,3,86251,91,2251,27,18.9,11.95,33,33,Moderate,Medium,9,Yes,31068-61316
Hatchback,5,8895,87,3364,32,16.8,12.56,37,28,Moderate,High,6,No,21619-75057
Sedan,8,34097,92,1332,35,16.7,12.41,28,35,Good,Low,7,No,66435-180000
Truck,12,198676,108,1707,25,6.5,12.56,42,36,Good,Low,6,No,34066-58098
Truck,5,71509,97,1587,15,9.1,12.28,27,29,Critical,Low,6,No,3482-5390
Truck,7,137849,105,2457,24,8.4,12.57,43,33,Good,Low,12,No,18316-106849
Sedan,12,150313,84,1651,28,14.6,11.93,44,30,Worn,Low,12,No,16998-58232
Sedan,6,102368,99,1973,26,10.9,12.46,39,33,Good,High,4,No,4965-53055
Hatchback,4,200444,93,2982,42,21.0,11.81,32,30,Good,Low,5,No,42336-168654
Truck,5,225134,107,3084,22,6.0,12.01,37,28,Worn,Medium,1,No,16348-40430
Hatchback,10,58263,96,618,44,17.8,12.11,44,32,Good,Low,10,Yes,43798-72732
Truck,12,80578,110,3220,23,8.0,12.06,30,29,Moderate,Medium,9,No,7353-14357
SUV,3,178975,89,1488,34,14.7,11.8,36,28,Good,High,4,No,50630-76672
Sedan,1,238989,88,3380,31,14.0,12.57,43,35,Good,Low,4,No,63016-118508
Sedan,9,190448,87,881,38,17.9,11.91,32,29,Moderate,Low,5,No,89375-179809
Truck,8,173128,101,1008,24,5.7,12.29,29,35,Good,Low,5,No,35636-102248
Hatchback,12,200367,94,2848,37,19.8,12.2,44,35,Critical,High,5,Yes,10407-25145
Truck,3,54094,107,3412,28,8.2,12.29,44,30,Good,Low,10,Yes,8208-12664
SUV,10,247600,91,883,31,10.0,12.48,40,35,Moderate,Low,6,No,54257-147561
Hatchback,10,111075,84,887,33,20.8,11.96,28,29,Good,Medium,2,No,16797-180000
SUV,7,74327,92,837,29,13.5,12.58,43,36,Moderate,Low,4,No,43019-117035
Sedan,4,102902,90,3225,33,16.8,12.03,45,30,Moderate,High,3,No,13860-40570
SUV,10,96672,104,740,31,10.2,12.46,38,30,Good,Low,4,Yes,57714-108482
SUV,6,189752,101,2394,42,12.0,12.25,30,33,Good,Low,12,Yes,53590-94602
Hatchback,7,216196,96,1060,29,19.0,12.51,39,36,Good,Medium,1,Yes,33046-78214
SUV,1,205884,98,2810,38,10.8,12.08,33,34,Worn,Low,12,No,49578-93766
SUV,1,92641,99,930,39,9.6,12.19,25,34,Worn,Low,6,Yes,51400-122556
SUV,11,158474,100,2134,25,10.4,11.84,41,29,Good,Low,6,No,41781-127953
Sedan,4,154964,86,2044,39,17.8,12.01,27,32,Critical,Low,9,No,48782-78936
Hatchback,2,135863,100,927,36,14.4,12.07,26,29,Good,Low,2,No,84593-146473
SUV,4,43817,100,2596,33,10.3,12.28,31,36,Moderate,Medium,6,Yes,15321-61798
SUV,11,120396,99,3406,24,12.5,11.72,37,28,Worn,Medium,3,No,34595-70599
Sedan,12,234045,92,2673,30,13.6,12.64,40,34,Good,Low,6,No,52860-180000
SUV,1,152818,88,988,29,13.7,12.52,43,33,Worn,Low,5,No,55717-178797
Hatchback,10,117068,96,2007,38,15.0,12.57,26,31,Good,Low,10,No,75266-145212
Truck,9,34610,99,1046,26,6.0,11.79,26,29,Good,Medium,1,Yes,33071-58059
SUV,8,245990,102,612,41,13.2,12.05,35,35,Good,Low,2,No,43509-142813
SUV,3,233913,98,3371,31,9.9,12.44,41,31,Worn,High,1,No,11814-57670
SUV,12,240056,106,2372,38,11.8,12.0,36,34,Good,High,2,Yes,39319-61607
Truck,9,124128,107,1370,20,10.0,12.1,34,35,Good,Medium,10,Yes,2381-10625
Hatchback,8,70538,96,3132,35,17.4,12.05,27,31,Good,High,7,No,10761-45658
SUV,8,135608,92,2883,31,7.2,12.46,30,31,Good,Low,8,No,55634-106540
Truck,7,80743,106,2690,26,8.8,12.6,45,36,Worn,Medium,9,No,8738-16840
Truck,2,243217,97,2035,27,5.0,12.58,27,33,Worn,Medium,10,No,27564-80160
Truck,5,239298,109,1933,26,5.9,11.91,35,29,Good,Low,3,No,19357-43997
Hatchback,9,189493,100,2084,34,22.1,11.92,33,34,Good,Medium,2,Yes,45846-89832
Sedan,7,127270,98,931,31,13.4,11.83,28,32,Good,High,10,No,24152-74204
Truck,7,232149,99,2414,29,8.6,11.72,27,32,Good,High,9,No,4630-23921
Hatchback,8,106391,89,1842,43,22.4,12.73,43,33,Critical,Medium,5,Yes,33918-72636
Sedan,1,158180,101,2131,28,13.7,12.63,37,32,Moderate,Medium,1,No,26020-97082
SUV,2,219463,98,2233,27,13.3,12.4,42,32,Moderate,Low,4,No,49858-137019
SUV,1,249415,93,2820,29,11.8,12.73,45,36,Good,High,7,No,38158-89412
Truck,3,211576,105,3448,27,7.5,12.18,33,31,Good,Low,4,Yes,19594-38884
Sedan,8,109625,93,780,36,11.2,12.1,34,36,Worn,Low,3,No,35737-180000
SUV,5,164265,98,2025,41,8.6,12.0,38,32,Good,Low,10,Yes,53748-180000
SUV,1,18837,101,1276,30,14.4,11.75,45,34,Worn,High,12,Yes,3222-5074
SUV,4,142280,88,2903,30,8.7,12.47,40,30,Worn,High,2,No,36188-137316
Truck,4,16726,98,2128,22,8.6,11.97,34,28,Moderate,Medium,6,No,16969-34463
Sedan,9,173307,100,2413,41,16.4,12.26,44,36,Good,Low,10,Yes,35491-117535
Truck,12,22729,102,1002,20,9.5,11.77,33,31,Worn,Low,11,No,4701-7313
SUV,5,226735,105,1939,37,11.5,12.71,41,34,Good,High,12,No,24086-67996
Truck,11,72080,107,1282,33,5.6,11.86,35,32,Good,Low,2,No,19708-66622
SUV,5,83139,90,2035,30,9.7,12.37,28,28,Moderate,Low,12,No,34413-137077
Truck,8,202776,109,2238,33,7.9,12.71,38,30,Good,Medium,12,No,4193-12015
Hatchback,10,15683,93,2850,41,17.6,12.32,34,35,Good,Medium,1,No,42719-130705
Hatchback,5,171735,87,1730,46,19.6,12.05,34,28,Moderate,Low,5,Yes,42173-71067
SUV,6,178534,101,2298,41,9.9,12.2,42,30,Good,Medium,1,No,71980-152760
Hatchback,4,218032,91,3259,38,15.9,11.8,39,33,Good,Low,12,No,41350-81808
Truck,5,89043,110,3359,25,4.4,12.39,39,36,Good,Medium,11,Yes,1356-4980
Truck,11,101375,106,2757,29,5.2,12.38,25,35,Good,Low,8,No,24359-85555
Truck,1,63400,102,2993,28,8.1,12.38,38,35,Good,Low,10,No,42279-131781
Sedan,11,193766,92,1128,35,18.0,11.77,25,36,Good,Low,12,No,46001-109499
Hatchback,8,23286,94,3281,29,20.8,12.71,44,28,Good,Low,6,No,86814-151908
SUV,7,74524,100,839,24,11.5,12.52,25,28,Good,Medium,6,No,40988-137296
Sedan,6,218820,83,1931,36,14.8,12.12,42,36,Worn,Low,11,No,38882-82350
Truck,8,46785,98,2648,31,5.6,12.35,41,28,Good,Low,11,No,32459-56553
Sedan,6,24399,101,968,38,15.0,12.64,31,34,Good,High,8,No,14534-52846
Sedan,2,18231,92,2250,40,11.6,11.96,25,28,Critical,Low,8,No,28505-166236
SUV,3,33695,94,2413,27,9.1,12.31,31,31,Worn,Medium,7,No,55689-97933
SUV,7,211500,104,1757,32,12.2,12.34,36,35,Worn,Medium,6,No,33437-87329
Hatchback,6,178920,95,2590,33,15.2,12.77,33,28,Critical,Low,10,No,27819-86825
SUV,4,98372,103,1813,38,11.5,12.16,38,33,Good,Low,5,No,41120-145446
Truck,7,181613,108,2862,25,4.0,11.74,45,31,Worn,Medium,5,No,7958-16330
Sedan,1,44893,92,3212,43,13.3,12.37,44,30,Good,Medium,8,No,81599-173737
Truck,8,9153,109,1268,25,9.3,12.54,37,35,Moderate,Medium,10,No,14323-50905
SUV,12,13026,93,2825,27,12.5,12.56,39,36,Moderate,Low,9,No,74366-123990
Truck,8,25954,98,2229,31,10.3,11.94,39,32,Moderate,High,7,No,8898-58689
Hatchback,9,238559,82,2658,47,15.0,12.01,30,32,Moderate,Low,5,No,79817-176353
SUV,7,65864,98,1563,35,10.5,12.02,32,29,Worn,Low,5,Yes,17445-180000
Sedan,5,180688,89,1865,27,14.0,12.04,33,36,Good,Low,5,No,64759-110385
Hatchback,2,16120,90,2459,39,16.4,12.2,34,35,Worn,Low,9,No,96500-150348
Hatchback,7,214517,89,1728,37,19.5,12.07,38,29,Critical,Low,7,No,36356-65682
SUV,4,103140,95,2492,33,9.5,12.31,26,31,Good,Low,1,No,48177-138187
Truck,7,34464,104,1524,26,5.9,12.09,27,28,Good,Medium,4,No,19396-53600
Truck,12,170574,97,1651,30,5.6,12.53,36,33,Good,Medium,2,No,40370-84018
Sedan,10,147127,90,2179,31,16.0,11.78,45,36,Critical,Low,1,No,34057-99545
SUV,6,91861,98,1121,25,15.3,12.23,30,32,Moderate,Low,5,No,34569-76877
Truck,4,231321,105,2214,31,6.0,12.46,30,33,Good,Low,7,Yes,39589-68701
Sedan,8,108676,95,711,44,17.0,12.54,40,31,Good,High,9,No,17555-51241
Hatchback,7,237053,91,2441,30,17.7,12.63,43,33,Good,Medium,6,No,25237-90221
Truck,3,245537,98,919,20,4.8,12.76,30,36,Good,Medium,8,Yes,8046-16158
Sedan,1,13469,88,1589,43,12.0,12.58,36,28,Critical,High,11,No,7092-15352
SUV,8,237786,87,2441,25,8.0,12.78,31,34,Good,Medium,6,Yes,26441-101081
Truck,10,162502,110,2150,35,4.6,12.26,43,33,Good,Medium,11,No,4465-11821
Hatchback,9,33971,86,2662,32,20.4,12.57,43,32,Worn,Medium,2,No,29192-75698
Truck,1,194469,101,1054,29,10.6,11.79,40,35,Good,High,12,No,3667-6973
Hatchback,12,209014,98,1119,43,19.0,12.49,28,32,Good,High,3,No,21184-49354
Truck,12,230963,102,2660,33,7.4,12.28,28,35,Worn,Medium,4,No,33581-54489
Truck,11,115094,113,2639,33,5.1,12.58,29,33,Moderate,Medium,2,No,13786-40394
Sedan,11,20807,87,1322,33,15.2,12.69,34,33,Worn,Low,11,No,18927-53491
Truck,1,95554,102,1544,20,7.8,12.56,29,36,Moderate,Medium,5,Yes,3067-9729
SUV,7,62569,102,3089,40,11.4,12.35,25,30,Good,Medium,11,No,28035-107915
Truck,10,70016,107,3369,32,4.7,12.14,32,33,Good,Medium,8,No,13400-31172
Sedan,4,112675,95,2605,38,14.9,12.54,28,28,Good,Medium,5,No,27671-94304
Sedan,5,50309,92,662,30,17.1,11.77,39,32,Good,Medium,6,No,39557-67971
SUV,5,134452,102,955,34,14.4,12.67,28,35,Good,Low,4,No,75339-131865
Sedan,9,44030,86,1161,33,18.5,12.47,34,28,Good,Medium,9,No,27433-88689
SUV,9,125182,103,1315,30,11.4,11.76,39,36,Good,Low,4,No,86174-150768
Sedan,2,105802,85,1461,30,13.4,12.75,40,34,Good,Low,7,No,68861-180000
Truck,4,33775,104,2138,35,6.8,12.47,43,35,Good,High,5,No,13932-45210
Sedan,2,137953,82,3095,45,13.2,11.7,37,36,Worn,High,10,No,12364-67140
SUV,8,55951,94,3023,31,8.8,11.91,28,30,Good,Medium,7,No,43978-133234
Truck,7,143450,98,3411,19,9.9,12.67,32,34,Moderate,High,5,No,3406-9946
Truck,8,220462,97,2421,28,8.6,12.0,27,33,Good,Low,3,Yes,24895-39437
SUV,12,104467,100,2145,28,12.1,12.06,35,29,Moderate,Low,12,No,21599-51621
Sedan,3,143275,101,2236,28,17.4,12.72,29,35,Good,Medium,5,No,51576-101448
SUV,4,164040,107,3310,34,11.6,12.77,27,32,Moderate,Medium,8,No,20456-57702
SUV,10,221711,97,1522,26,9.4,12.67,28,33,Moderate,Low,10,Yes,45652-116166
Truck,11,29131,105,3128,25,7.0,12.26,25,36,Good,Low,7,No,42671-115177
Sedan,6,125384,102,1721,37,19.0,12.12,29,35,Good,Low,12,No,26561-98713
Sedan,4,29714,92,3365,27,12.6,12.79,26,33,Good,High,1,No,27183-76045
SUV,7,248025,99,3104,40,10.8,11.76,37,32,Moderate,High,7,No,25925-40169
Truck,6,229839,98,2773,28,7.1,12.61,27,29,Good,Low,11,Yes,13155-45749
Truck,5,78420,111,1394,28,5.9,12.39,30,32,Good,Low,6,No,6851-118570
SUV,9,201168,104,1042,37,12.7,12.21,27,30,Moderate,High,1,No,55292-83276
SUV,4,73284,96,2751,26,9.2,12.51,43,33,Worn,Medium,9,No,53329-82539
Truck,5,122348,110,2495,19,6.6,12.32,36,36,Good,High,12,No,481-1145
SUV,9,162682,99,1960,31,14.2,12.13,44,29,Worn,Medium,2,No,22467-78939
Truck,7,177741,104,3252,23,5.8,12.27,33,30,Worn,Medium,1,Yes,37791-61185
Hatchback,12,87254,89,1213,44,17.0,12.02,34,30,Worn,Low,10,No,65620-130058
Truck,4,194512,104,1656,18,7.3,12.57,28,29,Good,Low,7,Yes,8119-21193
Sedan,6,157989,99,787,39,14.3,12.71,25,28,Good,Low,2,Yes,42405-180000
Truck,1,236094,108,954,31,8.6,12.2,34,30,Critical,Medium,4,No,2412-9268
SUV,6,92065,96,3025,43,9.3,12.72,41,35,Moderate,Low,9,No,43591-129319
SUV,11,145968,95,1187,25,12.5,12.25,39,32,Good,High,11,No,8381-22432
SUV,8,6071,101,1837,31,12.1,11.9,30,31,Good,Low,11,Yes,15155-59511
Sedan,5,237740,96,1131,34,13.6,11.78,41,34,Moderate,Medium,11,Yes,12728-43004
SUV,7,161576,96,2218,32,12.5,12.68,27,31,Worn,Low,3,No,49441-83847
Truck,5,143330,100,2801,20,5.6,11.81,32,32,Moderate,Low,4,Yes,11025-20779
Sedan,4,19580,93,1889,35,14.5,11.96,27,36,Good,Low,10,Yes,35169-69411
SUV,7,97333,105,2217,39,10.9,11.98,40,28,Good,Low,4,No,69397-135285
Hatchback,3,26428,93,1478,39,15.5,12.78,37,36,Moderate,Low,1,No,43251-135339
Hatchback,12,178586,88,3044,35,18.2,12.3,33,33,Good,High,8,No,4483-78299
Sedan,6,170172,93,1764,30,13.1,12.54,41,34,Moderate,Low,8,No,46719-109369
SUV,5,186741,97,2139,25,12.1,11.85,34,34,Good,High,5,No,19854-54878
Hatchback,5,178865,92,2728,39,17.9,12.64,25,32,Good,Medium,3,No,37480-132758
Truck,5,152904,107,1489,31,7.5,12.37,31,34,Worn,Low,6,Yes,3069-28284
Truck,2,221369,107,2776,15,9.4,12.55,38,28,Moderate,Low,2,No,9235-24661
SUV,11,215745,98,1825,39,13.2,11.88,42,36,Worn,Low,10,No,46718-180000
Hatchback,11,203639,91,3470,42,16.9,12.67,45,35,Moderate,High,8,No,23519-63557
Truck,1,244680,102,1206,28,5.4,12.69,33,32,Good,Low,9,No,25497-90575
Hatchback,9,13782,89,2927,40,16.6,11.84,37,30,Worn,Low,8,No,47163-162828
Truck,6,49849,105,1583,23,8.0,11.89,32,32,Good,Medium,9,No,26060-57296
Sedan,10,54720,88,2934,40,13.6,12.24,26,36,Good,High,9,No,35264-147970
Truck,10,51518,96,2714,34,6.8,12.5,28,30,Good,Low,4,No,23092-164674
SUV,1,216939,94,3206,31,7.6,12.1,36,35,Good,Medium,9,No,41730-159952
Sedan,12,94277,97,3253,32,16.7,12.74,32,33,Moderate,Low,4,No,45798-124314
Truck,2,187742,96,2215,22,6.1,12.7,25,29,Worn,Low,12,No,3202-43356
Truck,4,9950,106,2892,31,7.4,12.4,28,35,Moderate,Medium,1,No,13441-26727
Truck,8,73819,106,2359,30,3.6,11.97,34,36,Good,Low,4,No,11361-61603
Hatchback,11,166582,97,1311,34,14.6,12.45,29,34,Good,Medium,12,Yes,10405-45695
Hatchback,8,179724,95,2687,34,20.1,12.63,27,32,Good,Low,7,No,54362-121280
SUV,11,56473,102,2358,30,11.7,11.9,40,36,Moderate,High,4,Yes,11438-17986
Truck,11,73308,104,941,28,4.9,11.85,31,28,Good,Low,3,No,42591-111351
Hatchback,7,63592,94,1833,28,19.0,11.75,32,31,Good,High,3,No,12430-39652
Sedan,12,175841,97,626,44,14.8,12.69,43,33,Moderate,Medium,1,No,48719-74521
Sedan,4,30937,86,2302,39,16.3,11.93,28,33,Critical,High,1,No,16781-43963
SUV,2,9210,95,1146,30,8.9,11.99,32,32,Good,Low,7,No,56304-119382
Sedan,2,142145,86,3396,38,17.9,11.76,29,30,Good,Medium,11,No,41709-107681
SUV,2,237347,95,1207,35,12.3,12.48,45,33,Good,Low,11,No,41396-82988
Sedan,11,178866,96,2117,28,16.6,11.98,26,36,Good,Medium,7,Yes,18272-65378
SUV,8,107745,95,1429,23,9.2,12.06,43,36,Good,Medium,2,No,48061-162427
Hatchback,1,48843,85,1547,41,18.2,12.4,37,28,Moderate,Low,12,No,55925-105717
Sedan,1,56054,96,780,43,12.5,12.13,38,35,Good,Medium,3,No,38691-91331
SUV,1,106425,99,2506,34,9.8,11.87,27,36,Moderate,Medium,7,No,44100-100916
Sedan,1,57345,100,3146,33,14.2,11.79,42,33,Worn,High,6,Yes,7625-19235
Sedan,2,77554,91,1868,29,15.7,12.36,39,35,Worn,Low,1,Yes,45671-128613
Sedan,10,186206,93,2450,33,12.8,12.5,32,32,Good,Low,3,No,54005-158471
Sedan,5,133710,86,3123,37,11.7,11.82,43,31,Moderate,Low,11,Yes,23303-43565
SUV,12,185571,92,2288,25,12.5,11.92,44,36,Good,Low,6,No,71047-152941
Truck,1,204971,104,2642,27,9.8,12.4,36,28,Critical,Medium,6,Yes,5377-17554
Sedan,5,33723,88,1848,35,17.6,12.14,28,30,Good,Low,3,No,35925-130575
Truck,11,7072,109,3493,20,6.0,11.76,26,36,Worn,Low,8,Yes,2729-7168
SUV,1,37326,100,2737,34,9.8,12.33,28,28,Critical,Medium,6,No,26902-78516
Hatchback,11,200825,90,3114,30,22.3,12.36,30,32,Moderate,High,12,No,12068-18510
SUV,11,225800,105,2855,28,9.6,12.09,45,34,Good,Medium,10,No,21487-98550
Truck,9,150733,96,3421,33,7.9,11.83,26,33,Good,Low,11,No,23977-39497
Truck,4,173163,108,1516,25,4.9,12.73,36,35,Good,High,12,No,1201-1853
Truck,9,132724,107,3333,20,6.1,12.25,41,29,Moderate,High,5,No,570-1500
SUV,2,89614,101,3316,26,11.4,11.86,45,34,Critical,Medium,2,No,40549-61323
Hatchback,9,218457,99,601,42,15.9,11.73,28,36,Worn,Low,6,No,41928-94282
Hatchback,2,215480,88,2727,42,14.7,11.86,31,35,Moderate,High,7,Yes,22775-50795
Truck,9,147170,99,1400,26,7.2,12.04,39,28,Critical,Medium,5,No,19536-36634
SUV,1,205481,98,2305,32,11.6,12.02,25,35,Moderate,High,10,Yes,9860-16414
Hatchback,10,20320,98,2066,44,15.0,11.77,42,36,Moderate,Medium,7,No,38773-100069
Sedan,10,126208,88,1715,35,18.9,12.13,35,34,Critical,Low,1,Yes,16779-36303
SUV,2,66138,99,808,22,13.0,12.67,30,36,Moderate,Low,7,No,35073-74559
SUV,8,136604,92,940,25,9.9,11.89,32,34,Good,Low,12,No,6532-151735
Sedan,10,76129,91,3059,28,13.7,12.31,31,28,Good,Low,12,No,40765-72439
Truck,5,172605,97,2336,23,5.8,12.25,33,31,Worn,Medium,3,No,26733-80127
Sedan,1,225199,97,3450,33,13.8,12.67,25,33,Moderate,High,6,Yes,6386-18136
Sedan,11,156678,84,3115,31,15.8,12.62,42,29,Critical,Low,12,Yes,6634-17456
SUV,7,111248,88,977,31,12.8,11.95,43,31,Good,Medium,1,No,55179-149893
Truck,3,232796,110,2612,30,4.6,12.63,44,30,Good,Low,11,No,16683-42445
SUV,1,129862,94,2927,29,10.4,12.27,34,28,Critical,Low,7,Yes,36326-73070
Sedan,11,25144,85,1447,38,12.7,12.58,31,36,Moderate,Low,6,No,77834-158628
Sedan,9,55280,82,2144,33,13.5,12.77,42,32,Worn,Medium,5,No,11838-110219
Truck,8,53037,100,2864,29,9.8,11.75,39,35,Good,Medium,10,No,17280-50414
Truck,10,88166,110,2824,15,9.8,11.9,37,34,Good,Low,9,No,12640-19330
Hatchback,11,149187,96,1423,39,22.5,12.45,44,32,Moderate,Low,9,No,59707-103889
Hatchback,11,69002,93,2591,43,19.0,11.96,36,30,Moderate,Medium,12,Yes,28747-59281
SUV,5,73137,97,3018,35,12.5,12.1,36,30,Good,Low,5,Yes,43391-135425
Sedan,4,69783,88,1494,32,14.5,12.65,30,29,Moderate,Medium,5,No,22535-160981
Sedan,7,167396,99,1866,36,13.9,11.75,27,29,Good,Low,1,No,53721-135105
Sedan,6,79787,98,1709,29,16.8,12.7,32,34,Critical,Low,11,No,20046-31568
Truck,2,12765,100,2600,24,6.1,12.55,38,36,Good,Low,10,No,50161-145398
Truck,3,85555,98,2054,33,6.9,12.14,34,32,Good,High,8,No,15503-32189
Hatchback,5,159587,85,3461,48,20.3,12.07,30,29,Moderate,Low,12,Yes,21385-43081
Sedan,11,145306,95,3268,35,14.9,12.32,41,36,Good,Low,11,No,19150-32504
Sedan,5,47911,92,2887,34,13.0,12.53,35,28,Good,Low,5,No,79920-131982
Truck,7,229819,112,3240,29,5.7,11.75,33,33,Moderate,Low,2,No,29280-50574
Truck,10,184561,115,2855,18,7.4,12.27,37,36,Worn,High,10,No,655-5136
Hatchback,4,239687,90,2111,33,14.0,11.88,35,35,Moderate,Medium,11,No,20265-38307
Sedan,12,116336,94,759,32,11.9,11.98,41,35,Moderate,Medium,6,Yes,16599-44165
Hatchback,8,227664,89,811,33,14.8,12.78,39,35,Worn,Low,10,No,37033-71777
Truck,2,28678,102,2990,33,8.4,12.06,25,33,Moderate,Medium,3,No,15914-50404
Truck,9,55203,114,2670,25,9.0,12.32,41,35,Moderate,Low,7,Yes,15759-31887
SUV,2,169352,100,1693,33,7.5,12.75,31,31,Worn,Medium,7,No,51061-113347
Hatchback,5,189905,94,2969,43,14.5,12.68,35,28,Good,Low,5,No,70009-151841
Hatchback,12,36878,99,3049,37,16.5,12.27,45,34,Moderate,Medium,6,No,48873-116433
Sedan,10,63081,95,826,35,17.8,11.92,34,34,Good,Low,5,Yes,38638-127168
Truck,5,82594,107,3014,24,8.7,11.79,41,31,Good,Low,7,No,25466-62882
Truck,4,194825,99,2303,18,8.8,12.39,28,30,Moderate,Low,5,No,12970-33436
Hatchback,8,121823,87,2303,29,15.8,11.91,38,34,Good,High,11,No,4151-33015
SUV,8,53904,103,645,28,10.7,12.65,36,35,Good,Low,10,No,47838-180000
Sedan,7,91244,86,2156,37,11.3,11.74,43,35,Good,Medium,3,No,34297-127359
Truck,1,130714,108,2022,24,10.8,11.85,34,34,Moderate,Low,6,Yes,22067-37819
Sedan,12,209103,99,2838,40,18.6,12.77,31,28,Moderate,Low,3,No,40262-132748
SUV,3,37958,103,3014,31,8.3,12.03,25,32,Worn,Medium,11,No,38195-63375
Sedan,9,237979,92,1699,35,16.0,11.72,45,35,Critical,Low,9,Yes,18996-45268
SUV,11,215764,101,2030,28,13.2,12.11,36,33,Good,Medium,11,No,22269-42651
Truck,6,77597,111,2927,24,10.4,12.63,30,33,Moderate,High,6,Yes,914-1510
SUV,9,239615,95,3203,37,12.6,12.79,31,29,Good,High,7,No,53033-93835
Sedan,12,247912,89,1033,38,18.1,12.77,30,32,Good,Low,2,No,70961-180000
Hatchback,9,123958,92,2465,45,15.5,12.53,31,30,Worn,Low,5,Yes,20633-164912
Sedan,2,43166,89,1945,36,16.8,12.26,29,31,Moderate,Low,6,No,100312-155466
SUV,7,93425,97,1760,26,7.5,12.54,25,33,Good,High,9,No,22819-57297
SUV,4,49019,105,1146,36,8.6,11.77,36,30,Good,Medium,10,No,23060-180000
Hatchback,1,221968,100,1093,43,17.4,12.05,28,32,Critical,Low,9,No,39660-66612
Sedan,6,230423,96,1466,31,17.2,12.59,37,31,Good,Medium,10,No,42047-95543
Sedan,12,6836,94,900,34,14.1,12.0,45,29,Good,Low,11,No,44970-81408
Hatchback,3,159530,90,2258,39,14.8,12.3,44,31,Critical,Medium,7,No,31802-74542
Truck,9,58750,97,1295,23,9.3,11.77,32,32,Critical,Medium,8,No,11352-25960
SUV,12,220757,89,3371,38,12.7,12.59,28,28,Moderate,Medium,6,No,56743-132175
Hatchback,5,206912,98,1700,41,20.8,12.18,41,32,Good,Medium,5,No,26247-138010
Truck,2,120942,99,3481,32,7.7,12.53,31,35,Good,High,4,Yes,15659-26513
Truck,5,176891,108,3285,23,8.2,11.78,43,30,Critical,Medium,9,No,1843-4875
Sedan,11,113917,102,1160,32,16.4,12.77,42,29,Good,Low,6,No,33010-103750
Truck,9,226629,106,3343,20,7.1,11.82,29,32,Good,High,12,No,1123-5341
SUV,1,131133,95,2707,34,14.2,11.96,26,36,Good,Low,6,No,104778-169600
Truck,5,130580,108,1995,30,9.1,12.73,43,29,Good,Medium,1,No,29325-49651
SUV,5,237611,97,2947,26,11.7,12.56,25,33,Worn,High,6,No,33325-87716
Truck,6,56023,105,972,25,9.6,11.92,38,33,Worn,Low,12,No,15325-29619
Sedan,4,13569,94,1212,33,16.9,12.47,30,34,Good,Low,7,No,59786-143766
Sedan,11,102510,94,2066,32,14.3,11.81,30,34,Worn,Low,10,No,22060-103831
Truck,11,168442,109,2847,17,3.9,12.7,45,35,Moderate,High,11,No,1858-3074
Hatchback,5,10555,94,1669,38,21.3,11.93,31,29,Moderate,Low,3,No,66332-106080
Truck,8,145614,102,1210,34,4.2,11.85,30,29,Worn,Medium,8,Yes,11313-48109
Truck,5,98223,112,2743,36,7.3,12.31,36,32,Moderate,High,7,No,4920-9888
Sedan,8,241480,97,1547,37,19.2,12.33,45,28,Moderate,High,7,No,18436-42056
SUV,12,174949,92,1320,37,10.8,12.05,41,36,Moderate,Low,12,Yes,27979-73867
Sedan,11,67993,95,961,39,12.4,12.4,33,33,Good,Low,9,Yes,53083-110205
Sedan,10,194835,91,3141,34,13.1,12.5,43,34,Good,Low,2,No,54010-180000
Truck,3,87254,100,1192,20,9.6,12.32,37,30,Good,Low,6,Yes,9062-19258
SUV,10,249559,99,2071,28,10.8,12.71,45,36,Critical,Low,3,No,37426-80108
Sedan,1,183386,96,1460,34,13.0,12.36,37,34,Worn,High,4,No,8651-22227
Sedan,9,146784,94,1790,32,13.8,11.7,38,32,Worn,Low,2,Yes,39125-104469
Hatchback,4,167797,95,2836,37,18.7,12.56,29,33,Worn,Medium,11,No,37288-79224
Sedan,12,127993,94,2266,32,16.4,11.79,36,28,Critical,Medium,7,No,35384-83726
Sedan,11,6435,96,2751,33,10.7,12.22,28,28,Good,Low,6,No,40246-76832
SUV,3,91217,100,819,29,13.0,11.92,38,36,Critical,Low,3,No,37981-81199
Hatchback,1,208393,95,1456,31,20.2,11.9,36,30,Good,Low,1,No,54059-127611
Hatchback,11,154745,91,1698,40,21.3,12.5,31,30,Good,High,12,No,35858-64076
SUV,12,132494,93,1802,26,11.2,12.07,38,30,Moderate,Medium,2,Yes,45325-110901
SUV,10,32557,103,2091,31,14.7,12.56,29,33,Good,High,10,No,4013-65758
Hatchback,1,153278,96,858,31,15.1,12.62,39,29,Moderate,Low,2,Yes,51815-99147
Truck,9,97239,103,3130,24,7.4,11.89,43,36,Good,High,11,No,9079-14025
Hatchback,6,208120,95,1385,33,18.6,12.17,42,36,Good,High,1,No,13394-48774
Hatchback,8,199774,93,2164,42,16.3,11.9,36,36,Moderate,Medium,9,No,35667-108629
SUV,7,98781,95,823,36,9.8,12.63,45,33,Worn,Low,12,No,23372-80402
Truck,11,77226,111,1562,20,5.5,12.32,27,32,Critical,Low,10,Yes,1624-3362
Truck,12,129599,98,739,15,8.7,12.58,27,34,Worn,Low,2,No,9873-54096
Hatchback,9,192518,88,659,40,18.5,11.8,44,28,Good,Medium,6,No,28237-180000
Sedan,9,156083,91,2855,33,14.7,12.4,32,31,Moderate,Medium,2,Yes,27332-79422
SUV,9,151151,93,1726,38,9.2,12.4,44,30,Critical,Medium,10,No,40777-72137
Hatchback,9,64473,90,2578,41,18.9,12.75,26,36,Worn,Low,4,Yes,45912-120012
Sedan,2,163917,83,3326,40,12.1,12.29,41,34,Good,Medium,5,Yes,12318-119507
SUV,3,117316,92,1934,30,9.0,12.18,31,29,Moderate,High,8,No,18590-53166
Hatchback,5,109035,85,1840,27,15.6,12.52,40,34,Moderate,Low,2,No,75259-180000
Truck,11,66824,109,1739,25,5.4,11.7,33,35,Moderate,Medium,4,No,3342-52373
Truck,3,117000,98,3431,18,5.6,12.02,27,30,Critical,Low,7,Yes,3086-10268
SUV,12,168987,98,1930,23,9.8,12.28,26,30,Moderate,Medium,2,No,50128-81112
Hatchback,3,210158,89,3171,42,19.0,12.28,39,34,Good,Medium,7,No,69057-149791
Truck,10,246060,103,713,17,9.7,12.77,34,29,Good,Medium,7,No,8009-31689
SUV,2,93025,101,2434,22,12.5,12.5,31,30,Moderate,Medium,9,No,50487-119027
Truck,9,183455,98,1372,24,10.1,12.36,40,33,Good,Medium,4,No,18946-72202
Truck,5,105163,101,3125,36,7.3,12.17,45,28,Good,Medium,10,Yes,17745-42065
Sedan,1,198133,89,1115,29,13.1,12.07,37,28,Worn,Low,9,No,26202-94727
Sedan,8,9199,97,1199,31,16.3,11.71,27,30,Moderate,High,1,No,33147-62155
SUV,5,58532,96,1831,36,8.4,11.92,25,33,Good,Medium,2,No,69503-180000
Hatchback,7,210154,94,1203,34,13.6,12.03,29,34,Good,Low,3,Yes,32408-83028
Hatchback,11,86959,86,3300,33,21.2,11.88,27,29,Good,Medium,1,No,77499-166119
Hatchback,3,48060,87,2736,44,16.9,11.7,33,28,Moderate,Low,6,No,57507-180000
Hatchback,6,184103,96,851,41,13.8,12.51,25,31,Good,Medium,9,No,55410-89720
Hatchback,11,237912,95,1280,35,15.4,12.71,29,34,Moderate,Medium,12,No,7086-22108
Sedan,6,243864,92,758,34,14.0,12.25,45,29,Good,Low,5,No,70266-122058
Truck,4,71484,93,832,31,5.0,12.44,28,35,Good,Low,5,No,50599-114741
Truck,1,13037,101,2101,34,7.1,12.72,33,30,Good,Low,7,No,32904-83886
SUV,11,149093,94,3390,40,11.6,12.72,42,30,Worn,Low,11,No,37985-66583
Truck,2,112328,107,1226,21,3.8,11.89,37,28,Worn,Medium,2,Yes,5280-18442
SUV,6,155179,92,1390,34,12.4,11.77,43,32,Good,Medium,2,Yes,87484-146508
Hatchback,10,212704,90,3407,31,18.2,11.86,37,34,Good,Low,6,No,56568-180000
Sedan,8,59050,94,1611,43,18.1,12.56,27,30,Good,High,9,No,39202-138668
Truck,10,39497,99,2668,32,7.1,12.27,38,36,Good,Low,10,Yes,16596-55650
Sedan,3,112108,88,1052,33,16.9,12.76,28,31,Worn,High,11,No,17655-31715
Truck,9,81450,100,990,28,6.4,12.26,32,36,Good,Medium,2,No,12099-147381
Sedan,4,167632,85,738,41,14.9,11.98,45,28,Good,High,9,No,45874-104890
Sedan,9,211182,87,3143,29,12.4,12.32,44,33,Worn,Low,7,No,38797-83897
Sedan,10,150598,99,3462,37,11.5,12.48,30,35,Moderate,High,10,Yes,13329-34025
Sedan,11,237480,87,1757,38,11.5,12.61,28,35,Worn,Medium,9,Yes,45271-78361
SUV,1,240040,100,3483,33,11.6,12.64,30,36,Good,Low,11,No,40726-106262
Sedan,11,21016,98,2325,38,12.2,12.29,42,36,Moderate,Low,9,No,36742-66704
SUV,1,216153,95,2817,26,9.5,12.38,39,30,Good,Medium,1,No,85536-155590
Sedan,6,100120,84,2780,29,13.0,12.59,37,35,Worn,Low,6,No,24477-110852
Truck,8,13493,102,2206,29,5.4,12.41,29,29,Good,High,10,No,3947-42920
Sedan,10,6656,95,938,44,14.9,12.41,44,28,Good,Medium,7,No,44544-67606
Truck,1,243794,97,1262,27,6.6,11.98,25,35,Good,Medium,8,No,16660-53196
SUV,8,233921,93,1020,36,12.0,12.59,45,33,Good,High,6,No,39195-100697
SUV,6,46713,104,2387,25,13.7,11.83,31,34,Worn,High,7,No,27717-62561
SUV,7,173961,105,1735,33,10.8,12.0,30,29,Good,Low,5,No,47650-180000
Sedan,10,19356,84,1828,39,13.8,12.48,44,35,Critical,Low,2,No,62657-93999
Sedan,4,26005,90,2939,30,14.2,12.26,43,34,Good,Medium,11,Yes,34288-69126
Sedan,2,136651,83,2622,38,16.6,12.36,28,30,Good,Low,7,Yes,77610-172550
Sedan,5,178825,93,1634,35,12.8,12.04,31,34,Good,Low,8,No,59851-141847
Truck,7,8123,98,2708,28,6.2,12.64,45,29,Good,Medium,2,Yes,14540-44640
SUV,11,61326,98,3043,22,8.0,12.62,32,29,Good,Low,11,Yes,29078-83714
Hatchback,4,230911,83,913,45,20.5,11.74,34,31,Good,Low,10,No,64034-124756
Sedan,7,190220,90,2934,34,15.4,12.5,37,36,Good,High,3,No,28755-68035
Sedan,11,197095,88,1190,37,15.6,12.57,33,34,Moderate,Low,3,No,76205-137815
Truck,12,8023,109,2514,18,4.5,12.12,43,28,Good,High,2,No,6113-12629
Sedan,7,92361,83,1887,33,13.0,11.86,29,30,Good,Low,3,No,50375-139803
SUV,12,74806,92,1979,37,12.4,11.92,34,28,Worn,Low,11,No,40051-126227
Hatchback,8,180946,91,3234,33,19.5,12.1,35,32,Good,Low,2,No,65859-158951
Sedan,8,154946,93,2969,34,11.3,12.33,25,29,Critical,Low,6,No,12556-49152
SUV,5,189438,105,1716,39,8.8,11.77,35,33,Good,Low,10,Yes,37341-148425
Hatchback,9,233617,91,795,39,16.9,12.17,42,34,Good,Low,6,No,83990-145646
Truck,4,30267,97,2142,33,10.6,12.57,34,30,Good,Medium,6,No,21831-34897
SUV,8,157182,96,1045,37,9.4,12.64,31,30,Good,Low,9,No,83847-127109
SUV,11,212110,93,1831,35,13.7,12.05,30,35,Critical,Low,2,No,45084-110994
SUV,11,158407,102,3469,25,12.3,12.62,30,29,Moderate,Medium,9,Yes,17120-47512
SUV,3,206990,93,2354,25,9.1,12.19,29,29,Good,Medium,10,No,50426-117856
Hatchback,2,177371,83,2167,33,15.1,12.72,40,34,Good,Medium,7,Yes,36638-117944
Hatchback,5,167087,93,2329,33,19.1,12.0,33,31,Worn,High,11,No,12623-26391
Hatchback,10,32303,91,2624,38,20.7,12.72,28,33,Moderate,Low,8,No,20984-180000
Hatchback,4,205235,92,2024,32,15.5,12.39,26,28,Good,Medium,3,No,32698-76044
Sedan,3,227312,89,1379,31,11.9,12.23,36,35,Good,High,3,No,29798-86672
Truck,12,42477,108,1907,28,4.7,12.73,42,34,Good,High,7,Yes,2410-8855
Hatchback,2,32384,92,1152,30,19.8,12.63,44,29,Moderate,Low,9,No,25301-98044
Sedan,6,124665,90,1386,35,16.3,11.89,32,36,Good,Low,7,No,107117-165193
SUV,8,88281,100,2521,37,11.4,12.65,29,30,Good,Low,12,No,68588-109300
SUV,9,49730,105,3273,34,11.2,12.3,38,35,Good,Medium,10,No,29933-161047
Truck,6,44681,104,3348,32,7.2,12.69,39,28,Good,Low,10,No,33058-89618
Truck,10,219123,101,2104,22,3.3,11.79,29,34,Good,Medium,7,No,39156-59038
Sedan,9,167371,90,2715,27,16.3,12.45,25,35,Moderate,Medium,11,Yes,2421-44105
Truck,7,209465,105,814,21,3.9,12.14,30,32,Critical,Medium,6,No,2269-13149
Truck,8,239095,107,1489,30,4.2,11.74,28,36,Worn,Low,4,Yes,8254-21330
Hatchback,8,96801,87,1173,39,14.9,11.92,25,34,Worn,Low,4,No,48195-180000
SUV,3,165381,98,1625,25,9.1,12.7,25,30,Good,Low,5,Yes,23385-93221
SUV,8,64729,96,1989,32,12.7,11.95,37,28,Good,Low,3,Yes,67431-105525
Sedan,7,210205,88,884,35,13.6,12.04,26,30,Worn,High,3,No,26765-69409
Hatchback,9,245818,92,3355,29,13.6,12.66,25,29,Good,Low,8,No,44480-135274
SUV,6,53566,89,3060,29,14.9,12.4,45,30,Worn,Medium,10,No,34663-156375
SUV,7,232233,97,1650,39,12.6,12.71,32,35,Critical,Low,7,No,14531-110385
SUV,1,12014,99,2237,34,14.2,11.75,45,34,Good,High,10,No,35944-65796
Truck,7,121495,97,1134,23,8.7,12.34,36,32,Critical,Low,1,Yes,13622-26842
Sedan,3,41450,90,2747,32,15.3,12.16,31,31,Good,Low,5,No,41856-134202
Hatchback,11,112652,84,844,41,16.5,12.18,43,29,Good,Low,6,Yes,47958-159498
Truck,3,59733,110,1505,23,8.6,12.26,45,34,Good,Low,3,No,26390-70916
Truck,11,21940,99,2295,19,6.2,12.79,34,28,Good,Low,5,No,39641-65033
SUV,9,47759,100,2894,34,9.9,11.81,33,29,Worn,Low,8,No,11186-140149
Truck,7,153113,101,1444,15,7.6,12.33,35,33,Critical,Low,1,No,16650-33718
Truck,12,207539,98,2090,30,8.1,12.39,37,34,Good,High,2,No,33333-72653
Hatchback,2,170762,95,1475,31,17.1,12.44,37,32,Good,Low,3,Yes,42356-113414
Sedan,11,169116,89,1571,30,11.0,12.58,43,31,Moderate,Low,3,No,47151-109755
Sedan,8,35248,86,2334,39,14.3,12.27,40,33,Good,Medium,1,No,67783-166905
SUV,6,36164,90,2690,22,11.0,11.88,41,30,Moderate,Low,4,No,48494-119450
Sedan,7,136587,95,1899,41,11.9,12.71,34,30,Worn,High,6,No,37357-58849
Truck,8,210785,96,1623,25,4.7,12.77,42,29,Moderate,Medium,9,No,38289-77481
Truck,7,81194,106,3222,30,9.0,12.48,25,32,Moderate,Low,1,No,16914-43260
Sedan,2,40528,90,1610,39,15.4,12.45,26,29,Moderate,Low,6,No,70015-150661
SUV,10,96838,93,1085,29,8.0,12.1,44,31,Moderate,Low,12,No,38120-97964
Sedan,3,76334,91,2990,37,14.9,12.74,28,32,Moderate,Low,10,No,57723-180000
SUV,9,157842,100,2965,33,9.5,12.26,42,31,Good,Low,3,No,33209-179868
SUV,4,60428,105,817,25,9.6,12.64,25,30,Good,Low,12,Yes,31185-76263
SUV,2,84739,100,693,38,12.2,12.16,25,33,Worn,High,11,No,8565-28491
Sedan,2,87541,97,2557,44,12.2,12.46,38,35,Good,High,3,No,22333-38319
Truck,7,228856,105,2832,20,6.9,11.9,45,32,Good,Medium,5,No,14803-35537
Hatchback,12,13247,96,1314,41,22.1,12.39,36,29,Good,Low,3,No,76332-180000
Truck,6,184731,111,2992,35,9.0,11.86,26,32,Good,Medium,10,No,8383-28141
SUV,8,200060,96,735,24,12.5,12.62,28,31,Critical,High,2,No,7254-20176
Truck,1,34132,96,1669,32,8.6,12.28,40,36,Moderate,Low,3,No,38323-76029
SUV,10,157837,97,2593,31,7.9,12.02,28,35,Good,Medium,10,No,24861-82655
Hatchback,7,208643,89,1685,36,15.3,12.22,33,28,Good,Low,9,No,50540-156012
SUV,3,105304,92,964,28,10.2,12.47,29,30,Good,Medium,4,No,29344-171469
Sedan,1,81402,90,3237,39,16.3,12.39,35,31,Critical,Low,4,Yes,17403-45063
Sedan,12,12768,101,1380,39,13.8,11.93,45,34,Good,Low,2,No,46413-142175
Sedan,7,134814,88,2853,31,10.9,11.87,28,29,Good,Low,12,No,36046-111712
Truck,12,30930,103,3181,22,4.0,12.58,31,34,Worn,High,11,No,3772-9174
Sedan,7,230409,92,2108,27,15.5,11.79,45,36,Good,High,5,No,41225-74813
Hatchback,1,105681,95,3442,44,19.1,12.71,44,33,Good,High,5,No,16296-46776
Truck,11,100494,103,1646,23,8.7,12.32,33,33,Good,Medium,12,No,1310-28052
Hatchback,1,117046,90,1215,36,20.6,12.35,42,30,Good,Low,1,No,39797-150275
SUV,5,98528,100,2452,37,10.7,11.81,34,30,Critical,Low,4,No,50046-92584
SUV,3,90311,97,1534,36,12.5,11.82,26,32,Moderate,Low,3,No,46259-180000
Sedan,12,9951,100,3487,41,16.6,12.0,30,28,Worn,High,10,No,21459-62873
SUV,9,13419,90,978,40,11.5,12.63,34,31,Good,Medium,9,No,39469-145509
Sedan,2,60068,92,899,40,16.0,12.77,27,31,Good,Medium,10,No,45205-153041
Truck,3,37947,109,1259,35,10.2,12.7,26,30,Critical,Low,2,No,13369-44135
Hatchback,2,235239,95,2335,40,20.2,12.72,41,31,Critical,Medium,2,No,45823-70761
SUV,10,116355,96,717,31,12.0,12.73,39,34,Moderate,Medium,10,Yes,19846-37092
Hatchback,3,70733,97,805,34,20.6,12.47,31,28,Good,Medium,10,No,35927-100379
Hatchback,11,110240,90,1245,36,17.1,12.79,36,31,Good,Low,9,Yes,33261-175273
Hatchback,4,135611,95,1623,29,17.9,12.56,40,29,Good,Low,11,No,16276-60948
Sedan,12,44265,99,2318,40,12.9,11.93,29,31,Critical,High,9,No,15932-37354
SUV,1,45508,91,3013,31,8.1,12.24,31,35,Critical,Low,8,No,41307-105203
SUV,3,107179,91,3279,38,8.8,12.26,30,34,Good,Low,10,No,59291-147723
Sedan,9,33355,92,1241,32,15.7,12.09,27,32,Good,High,9,Yes,16948-71074
SUV,5,94400,101,2437,37,7.4,12.33,36,29,Critical,Low,8,No,36380-79044
Hatchback,9,107895,91,1494,32,13.6,12.28,31,32,Good,Medium,12,Yes,22021-83143
Truck,9,137724,99,2493,18,9.1,12.2,39,29,Good,Low,11,No,8229-21919
Truck,11,103541,109,2767,28,6.8,12.44,39,34,Good,Low,7,No,16552-42834
SUV,1,87988,91,870,41,9.5,11.99,27,31,Worn,Low,12,No,56321-114989
Sedan,2,205447,97,2997,37,18.4,11.73,31,29,Worn,Low,10,No,58870-95964
Hatchback,5,52573,90,2902,37,20.6,12.03,41,34,Good,Low,1,No,61903-121197
Sedan,5,33101,93,1377,39,16.5,12.15,32,34,Moderate,Medium,6,No,26040-162446
SUV,5,134354,101,2831,29,10.1,12.45,32,34,Good,Medium,7,No,28398-97246
Sedan,1,239275,89,1369,30,18.3,12.04,31,34,Moderate,Medium,5,No,29465-80933
Sedan,11,41533,87,2903,30,17.7,11.93,38,32,Critical,Low,7,No,17901-89061
Truck,1,186731,104,888,23,8.8,11.87,42,32,Good,Medium,10,No,22010-41222
Truck,1,221684,96,3044,23,6.5,12.31,28,33,Good,Medium,4,No,28261-61813
SUV,2,50706,97,3242,30,11.5,12.2,35,34,Critical,Medium,7,No,37640-81592
SUV,3,34339,94,2225,24,8.2,12.49,33,31,Good,Medium,2,No,86514-148878
Hatchback,4,93462,83,1288,32,17.8,12.0,41,28,Worn,High,2,No,17125-47407
Sedan,5,101021,97,633,39,12.6,12.49,45,32,Worn,Medium,2,Yes,19216-129276
Hatchback,6,37619,97,2073,32,19.3,12.06,28,30,Worn,Medium,9,Yes,27157-48049
Sedan,1,9477,86,2273,38,16.3,12.21,41,32,Critical,Low,11,Yes,9454-24286
Truck,12,98583,104,3162,31,7.5,12.13,37,34,Moderate,Low,7,No,29252-72474
SUV,8,116503,90,1006,29,12.3,12.72,35,30,Good,High,4,No,24239-83319
Sedan,10,42262,93,3035,43,18.6,12.04,43,29,Good,Low,4,Yes,72802-180000
Hatchback,4,60838,97,918,31,20.5,12.65,30,34,Moderate,Medium,7,No,25004-73662
Truck,5,147516,104,783,23,9.3,12.68,33,28,Good,Low,8,No,43148-122854
Sedan,4,5806,91,2367,32,11.2,12.08,33,35,Moderate,Medium,11,No,41284-66336
Hatchback,2,52104,93,2483,38,14.9,12.41,42,34,Good,Low,2,Yes,63341-145721
Truck,6,241144,106,2555,19,6.2,12.52,39,34,Critical,Low,5,No,1595-4035
Sedan,8,103445,89,3424,33,11.8,12.23,25,29,Moderate,High,12,Yes,5639-14169
Truck,2,86466,100,2475,25,8.0,12.51,44,31,Good,Low,10,Yes,18136-49252
Truck,1,183810,93,1658,23,8.1,12.43,43,34,Good,High,2,No,21128-79268
Hatchback,10,231124,87,2641,34,13.2,12.71,38,34,Worn,Medium,6,Yes,17390-78797
Truck,12,129571,101,2048,32,6.4,12.06,31,28,Moderate,Low,4,Yes,30083-71273
Sedan,1,94768,87,1320,41,17.7,11.79,32,29,Good,Low,10,No,86518-159098
Sedan,11,85743,100,1065,32,18.5,12.66,27,28,Good,Low,10,No,22479-93509
Hatchback,6,147033,87,3298,46,17.3,12.69,35,32,Moderate,Medium,8,No,40701-137933
Sedan,5,219777,97,2524,33,11.2,12.71,36,31,Worn,Medium,7,Yes,31174-87892
SUV,7,28176,89,872,29,10.6,12.02,33,29,Good,Low,4,No,67153-168265
Sedan,7,46955,92,681,40,14.2,11.97,27,29,Good,High,7,No,43797-104301
Sedan,4,107499,96,2903,37,13.6,12.06,38,31,Good,Low,5,No,46353-129623
Hatchback,8,222420,97,687,30,18.4,11.93,32,32,Good,Medium,2,No,51770-80380
SUV,8,24605,93,807,24,14.0,12.75,31,28,Good,Medium,8,No,84158-162876
Truck,7,66259,102,1108,26,5.7,12.6,41,32,Good,Low,6,Yes,24266-88796
Truck,2,150047,114,2465,21,7.6,12.1,32,36,Good,Low,8,No,5426-20068
Truck,7,199642,95,2789,27,7.2,12.66,43,36,Critical,Medium,1,Yes,6197-17557
Hatchback,6,43755,91,2795,43,17.3,12.32,35,28,Good,Low,7,No,56173-127743
Sedan,1,140412,95,2513,27,14.5,11.99,40,30,Critical,Medium,8,No,7689-14585
Sedan,3,91917,96,1973,43,14.1,12.78,27,35,Good,Low,6,No,82279-178667
Sedan,9,248399,97,1478,40,16.8,12.15,38,33,Moderate,Medium,12,Yes,15044-22830
Sedan,10,23810,88,2319,31,16.8,12.69,29,36,Good,High,9,No,22026-37558
Hatchback,6,36917,88,1874,29,19.4,12.28,44,32,Good,Medium,4,No,50555-111807
Truck,7,211776,104,1428,34,9.8,12.02,37,32,Good,Low,1,No,59065-92457
SUV,10,109424,96,2075,37,11.7,12.01,41,34,Good,Low,4,No,68055-180000
Hatchback,1,85570,90,2254,40,22.7,12.61,33,30,Good,Medium,7,No,65114-105668
Truck,3,74955,104,2641,34,7.6,12.2,37,35,Moderate,Low,9,No,36682-55430
Hatchback,3,188026,94,1155,42,14.9,12.45,37,32,Worn,Medium,9,No,23326-82630
Sedan,11,58943,96,2879,27,15.0,12.04,42,33,Good,Low,2,No,58661-180000
Hatchback,4,44804,90,2231,32,19.2,11.98,29,33,Good,Low,2,No,69663-177899
Sedan,2,13214,88,2333,43,15.4,12.61,39,28,Good,Low,5,No,58003-180000
Truck,7,246203,112,1796,28,6.3,11.72,28,33,Good,Medium,1,No,17410-40476
Sedan,11,121029,99,1788,38,13.2,12.43,25,30,Good,High,1,No,40003-85199
Sedan,7,228194,85,2917,36,14.8,11.79,42,33,Worn,Low,4,No,73132-119278
SUV,6,109614,102,1417,29,7.8,12.28,29,29,Good,High,5,No,23822-100167
Sedan,1,42320,97,2121,39,12.6,12.34,34,28,Good,Medium,12,Yes,32614-56868
SUV,12,115626,93,668,32,15.1,12.71,34,29,Worn,High,8,Yes,12393-120955
Truck,12,44647,106,1648,23,5.0,12.5,26,30,Moderate,High,1,No,5201-8549
SUV,10,81871,90,2057,34,8.4,12.75,29,31,Worn,Medium,9,No,49278-114242
SUV,7,226409,89,1547,36,13.1,12.25,29,28,Critical,Medium,8,Yes,14877-48933
Sedan,1,91101,88,3370,30,14.3,12.77,39,30,Moderate,Low,3,Yes,33218-95186
Hatchback,12,120731,94,1955,40,18.5,12.63,44,34,Good,Low,11,No,47047-92963
Sedan,10,149264,92,3182,31,15.9,12.31,32,34,Moderate,Medium,1,No,22910-82564
SUV,6,25656,90,1973,32,11.8,11.98,41,32,Worn,Low,5,No,85164-133690
Hatchback,7,26983,88,1027,31,18.0,12.65,33,32,Worn,High,1,No,17190-46172
Hatchback,4,92415,96,3417,44,18.3,11.81,42,36,Moderate,Medium,11,No,23741-42145
Sedan,10,212733,97,2409,39,16.4,12.08,38,28,Good,Medium,9,No,26945-99861
Truck,8,6698,114,2808,30,5.9,11.96,30,30,Worn,Medium,5,No,14580-29072
SUV,4,195817,97,1796,27,7.4,11.98,42,29,Worn,Low,11,No,22391-104019
Hatchback,7,245547,93,3032,30,23.1,12.07,44,33,Critical,Low,5,No,33984-57778
Hatchback,7,57368,91,1403,33,21.1,12.63,34,32,Worn,Low,12,No,27345-46715
Truck,10,91015,111,2287,28,4.1,11.8,26,31,Moderate,Medium,10,No,13672-29832
Hatchback,2,208306,86,960,37,22.3,12.12,29,36,Moderate,Low,5,No,63090-165196
Hatchback,11,122714,90,3062,42,19.8,12.09,37,36,Good,Low,2,No,50609-159593
Truck,9,103365,108,3391,16,9.1,12.37,29,35,Good,Low,8,No,1684-36930
Truck,2,24126,114,1365,28,9.6,11.76,25,33,Critical,Low,10,No,4084-14536
SUV,4,64344,95,2930,35,13.3,12.37,32,36,Good,Low,4,No,75809-152543
Hatchback,6,198815,88,3246,40,21.8,11.83,36,33,Good,Medium,10,No,62890-135946
Sedan,10,51663,90,2917,39,13.6,11.74,34,35,Good,Low,9,No,99499-179257
Sedan,7,164492,98,2447,37,16.3,12.27,29,35,Worn,Medium,2,No,25862-88526
Sedan,12,215520,90,951,31,17.0,11.77,34,35,Good,Low,2,No,52235-108631
SUV,11,96912,94,2708,28,13.5,11.8,32,36,Good,Low,11,No,33177-93229
Hatchback,9,204590,85,1539,39,15.4,12.54,42,36,Good,High,2,No,38227-98935
Truck,11,110245,103,2730,31,6.9,12.41,38,32,Moderate,Medium,3,Yes,11442-21964
Truck,12,8320,103,2351,22,5.6,12.45,41,33,Good,Low,6,No,22531-101612
Hatchback,9,89576,93,1903,35,14.5,12.41,27,33,Critical,Medium,7,No,18409-34399
Truck,2,103722,94,1955,28,7.6,12.21,44,29,Moderate,High,10,Yes,1686-22460
Truck,5,134496,99,2004,28,10.2,12.07,33,29,Critical,Medium,10,No,7432-13252
SUV,3,113799,97,3327,35,12.6,12.76,40,34,Critical,Medium,9,No,36353-83171
SUV,8,84358,90,3315,28,12.6,12.18,30,33,Worn,Medium,3,No,44420-81950
Sedan,12,205775,96,3294,44,15.1,12.16,35,29,Moderate,Medium,11,No,28936-44826
Hatchback,8,13188,84,1229,38,15.1,12.15,44,31,Good,High,4,Yes,29186-69452
Sedan,6,97248,85,972,28,14.7,12.42,37,36,Moderate,High,11,Yes,5623-17399
Truck,8,142456,112,1614,19,4.1,12.36,42,35,Moderate,Low,10,No,8790-13204
SUV,6,32261,100,2311,30,9.2,12.72,38,32,Critical,Medium,2,No,31050-64494
SUV,5,88060,93,1291,30,11.7,11.93,34,30,Moderate,Low,9,No,60309-128515
Sedan,4,112297,92,1468,33,15.2,11.78,43,36,Moderate,Low,1,No,36312-180000
Sedan,12,187470,92,2307,33,12.2,12.41,29,33,Worn,Low,11,No,38481-66653
Truck,7,76964,108,1050,34,7.2,11.94,40,32,Worn,Low,1,No,23047-49639
SUV,11,91122,94,1897,33,13.4,12.31,39,29,Critical,Medium,10,No,25382-41450
Sedan,3,190600,97,3140,30,16.8,11.82,34,36,Moderate,High,6,No,8990-33430
Truck,2,89434,104,2316,28,3.7,11.8,33,32,Moderate,Low,3,No,18272-43992
SUV,3,149998,105,3303,32,8.3,12.16,32,30,Good,Medium,5,No,35245-140783
Sedan,6,208440,84,1721,38,16.4,12.03,42,33,Moderate,High,1,No,37714-68442
Hatchback,11,84598,96,2753,33,21.2,12.42,29,32,Critical,Low,6,No,34331-52323
Sedan,11,160083,95,1406,36,12.7,12.45,28,32,Good,Low,4,No,50914-160748
Sedan,5,61418,94,1299,27,14.2,12.74,43,34,Good,Low,4,No,41575-154535
SUV,7,156797,103,2489,28,9.6,12.14,39,32,Good,Low,6,No,58861-128717
Sedan,1,141447,87,3149,35,13.8,12.77,35,29,Moderate,High,5,No,26492-43758
SUV,3,41780,105,968,35,13.1,12.69,45,29,Good,Low,8,No,65129-152101
SUV,8,28042,98,3122,32,10.2,12.56,25,35,Good,Low,4,No,62977-115059
SUV,12,158343,101,2681,29,10.9,12.65,28,36,Critical,Medium,2,Yes,24720-50384
Sedan,7,113267,83,2393,39,12.1,12.28,44,36,Good,Low,1,No,39651-139291
Hatchback,10,55756,88,2043,47,22.6,11.86,25,32,Good,Low,9,No,39321-132565
Hatchback,2,52418,97,2179,36,14.9,12.36,32,34,Moderate,Low,5,No,55846-109276
Sedan,8,216852,95,2681,43,12.2,12.07,33,34,Moderate,Low,10,Yes,41381-128895
Sedan,11,102884,84,2721,37,16.7,12.18,35,34,Good,Medium,1,No,86791-132717
SUV,2,43422,96,2541,37,12.7,11.78,41,34,Good,Medium,8,No,71054-156500
Sedan,4,203692,94,3308,35,17.1,12.01,32,29,Worn,Low,3,No,37692-65318
SUV,2,139802,101,2192,33,12.8,12.67,41,31,Worn,High,8,No,14103-54245
Truck,5,101186,110,3343,26,6.7,12.8,44,30,Worn,Medium,12,No,7824-14030
Sedan,11,35981,100,1485,27,13.0,12.26,27,28,Moderate,Low,6,No,62419-112863
SUV,4,160921,91,3025,28,13.6,11.71,39,29,Good,Low,10,Yes,80701-180000
SUV,7,130637,102,902,33,9.4,12.17,45,31,Good,High,4,Yes,35814-54398
SUV,4,100705,97,1879,42,11.3,11.72,30,29,Good,Low,6,No,44394-129566
Truck,6,73005,99,1276,23,7.3,12.26,43,33,Good,Low,8,No,8436-126912
Sedan,12,132227,84,2170,33,19.2,12.7,39,29,Moderate,Medium,11,No,26051-70939
Truck,4,86484,107,1305,23,8.5,12.45,45,33,Good,Medium,1,Yes,15147-25913
Hatchback,6,226442,100,2380,32,14.7,12.37,35,35,Moderate,Low,5,No,33858-118752
SUV,3,244995,101,1178,36,7.7,12.32,42,32,Worn,High,2,No,46840-132518
Truck,4,121606,100,1926,23,3.9,12.41,35,34,Good,Medium,3,No,37332-80672
SUV,11,112636,101,2030,34,12.7,12.14,30,33,Good,Low,8,No,79150-150420
Hatchback,7,84164,88,2676,38,22.3,12.69,31,36,Worn,Medium,4,No,36644-70928
Truck,10,244699,105,604,25,7.3,12.46,30,29,Moderate,Medium,8,No,21535-37339
Hatchback,5,225781,97,775,38,20.2,12.0,30,36,Worn,High,7,No,18655-46429
Sedan,5,16885,83,3055,33,18.2,12.46,35,33,Worn,High,9,No,19920-59774
Hatchback,7,181947,94,2565,34,17.5,11.83,31,32,Good,Low,8,Yes,47935-121697
SUV,12,156809,97,3370,34,12.7,11.79,43,33,Good,Low,5,Yes,42772-164169
Hatchback,4,6183,99,1452,33,17.4,12.04,45,30,Moderate,Medium,7,No,21774-41002
Hatchback,5,95308,93,1298,45,15.4,12.14,32,30,Moderate,Medium,12,No,4115-69727
Sedan,3,34687,93,3481,28,13.0,11.99,25,36,Good,Low,4,Yes,57540-94176
Sedan,10,81447,87,1008,37,17.2,12.05,31,32,Good,High,3,Yes,28316-44026
Hatchback,12,57021,91,636,34,19.0,12.12,38,28,Moderate,Medium,9,No,54989-106815
Hatchback,12,245101,86,1404,40,20.8,11.97,27,34,Moderate,High,2,No,53181-116521
SUV,5,33158,101,1270,38,11.2,12.41,33,35,Good,Low,3,Yes,64969-180000
Truck,7,194989,104,2529,34,10.5,12.73,44,30,Good,Low,7,No,35261-92977
Hatchback,12,158087,83,2937,45,19.7,11.71,38,28,Moderate,Low,4,Yes,36248-113444
Sedan,11,37763,97,1305,39,14.1,11.83,25,28,Worn,Medium,12,No,35556-78710
Sedan,10,160192,97,3271,29,16.9,12.26,39,30,Good,Low,5,No,40149-116075
Sedan,11,248034,89,704,32,12.9,12.49,35,33,Good,Low,2,No,81652-145578
Sedan,8,58432,85,2600,35,14.0,12.3,29,32,Good,Medium,4,No,30474-115844
Hatchback,2,199513,84,2096,45,14.7,12.42,41,33,Good,Low,7,No,47096-164442
Truck,1,184880,105,1493,21,3.9,12.49,35,30,Good,High,4,No,1430-10021
Sedan,3,115122,93,2969,34,16.4,12.41,34,30,Moderate,Low,1,No,57964-127170
Sedan,2,20461,95,1102,35,16.0,12.39,30,32,Critical,Low,2,No,21261-36287
SUV,4,215139,101,1849,41,9.3,12.47,32,34,Good,Medium,5,No,72740-157592
Hatchback,9,45794,87,1152,38,13.6,12.48,27,28,Good,High,6,No,56755-97453
Sedan,5,183479,99,3403,31,11.7,12.1,43,31,Critical,High,4,No,4134-12654
Truck,1,82285,93,3343,19,11.4,12.03,41,30,Good,Low,8,No,26507-76219
SUV,12,178949,102,1367,40,11.7,12.61,28,31,Moderate,Low,3,No,55872-170778
Hatchback,8,148584,88,1940,37,21.9,12.14,28,36,Good,Medium,6,No,46259-122559
Sedan,1,52712,93,2661,31,11.1,12.7,31,29,Moderate,Low,12,No,31322-63530
Sedan,4,107751,92,1539,39,13.4,11.75,33,33,Critical,Low,10,No,40149-102571
SUV,1,185760,106,2306,28,8.9,12.34,31,32,Moderate,Low,1,Yes,26948-82494
Hatchback,9,152682,96,1458,38,14.3,11.88,42,33,Good,Low,10,No,63311-180000
Hatchback,4,166675,95,2219,40,17.8,12.31,37,33,Moderate,Low,4,No,44840-116542
Sedan,10,79669,103,809,36,15.1,12.69,28,32,Worn,High,2,No,836-79187
Truck,6,156403,110,850,36,7.8,12.42,30,32,Good,Medium,6,No,14791-41095
Sedan,5,74222,95,1612,29,15.9,12.13,42,34,Worn,Medium,5,No,16718-40706
Truck,3,163037,98,2357,20,5.6,12.54,35,35,Moderate,Medium,10,Yes,4820-7684
Hatchback,3,57599,93,2591,42,18.8,11.94,36,30,Moderate,Low,5,No,52604-180000
SUV,8,180328,103,2046,31,9.9,11.88,28,34,Moderate,High,12,No,7139-13589
SUV,9,117577,99,2558,29,12.3,12.66,28,36,Critical,High,10,No,12045-31467
SUV,9,146569,103,990,30,9.9,12.33,39,32,Moderate,High,9,No,21335-80010
SUV,1,199144,101,3236,31,8.7,12.66,45,35,Worn,High,4,No,3267-64243
Truck,6,78488,99,1938,32,5.0,12.44,38,34,Good,Low,4,No,47121-96975
Sedan,12,162051,96,1620,25,16.8,12.34,31,28,Critical,Low,6,No,11358-43668
Hatchback,4,133961,91,694,44,17.7,12.56,45,36,Moderate,Medium,4,Yes,53321-95707
Hatchback,10,56749,94,2090,27,22.1,12.33,30,36,Good,Low,9,No,6942-180000
Sedan,7,194965,92,1413,32,13.8,12.68,31,34,Good,Low,4,No,51330-180000
Truck,4,152155,111,3180,29,8.0,12.15,38,31,Critical,Medium,10,No,1318-24651
Hatchback,7,8979,95,2244,40,18.8,12.25,39,29,Good,Low,3,No,52141-118241
Truck,12,167432,112,2709,16,6.1,11.76,29,35,Good,Medium,1,No,10036-22008
Sedan,8,36129,103,1626,39,13.6,12.0,37,30,Moderate,Medium,10,No,34228-114344
Hatchback,4,104110,98,3205,30,15.6,12.65,30,32,Worn,Low,3,No,41375-119197
Sedan,6,35136,102,2277,30,18.0,12.68,41,35,Critical,Low,5,No,8120-56767
SUV,9,95117,104,2362,31,9.9,12.5,37,31,Good,Medium,2,No,53121-114809
Hatchback,6,119346,90,2746,44,21.4,12.64,43,35,Critical,Medium,5,Yes,14763-83087
Truck,11,201857,103,3446,34,9.2,12.17,28,32,Critical,Low,1,Yes,5972-62991
Sedan,10,129217,91,3375,31,17.0,12.13,34,35,Worn,High,8,No,20350-40932
Truck,10,221149,110,1883,27,6.7,12.46,44,32,Moderate,Medium,7,No,504-26025
Truck,6,72482,100,2658,24,3.7,12.27,30,36,Worn,High,11,No,4628-9148
Hatchback,10,140369,88,3334,36,18.5,12.46,39,32,Good,Medium,8,No,59077-119245
Sedan,11,42253,92,3457,36,16.6,12.4,37,36,Good,Low,11,No,55948-102682
Truck,3,60301,95,1930,27,6.0,12.17,35,36,Critical,Medium,5,No,5909-22027
Sedan,6,22202,89,2683,29,15.9,11.89,32,35,Moderate,Medium,3,No,54128-118374
Sedan,2,151596,91,3232,34,15.7,12.62,39,28,Worn,Medium,11,No,26334-77676
Truck,7,193427,98,3198,22,3.6,12.2,45,30,Worn,Low,1,No,25655-75525
SUV,8,114875,96,2822,38,10.6,12.75,45,29,Worn,High,6,No,12157-45413
Sedan,8,42505,89,1150,36,13.0,11.77,27,28,Good,Low,8,No,71661-147555
SUV,9,220458,88,2988,29,8.7,12.27,41,32,Good,Low,12,No,6267-132408
Sedan,3,152860,88,1992,38,16.2,12.51,32,32,Moderate,High,4,No,34995-70377
SUV,1,190754,100,680,41,14.1,12.75,38,30,Moderate,Low,3,No,97524-149204
Sedan,7,57108,91,1064,30,17.5,11.77,37,31,Good,Low,11,Yes,21865-36573
Sedan,10,93492,97,3010,39,16.2,11.85,30,34,Good,Medium,10,No,42172-107790
Sedan,9,113325,94,3468,35,15.8,12.75,40,28,Critical,Medium,1,No,41496-64674
Sedan,8,237403,97,3421,31,17.3,12.13,37,35,Good,High,10,No,29572-87694
Sedan,6,92676,90,1280,37,15.6,11.87,27,34,Critical,Medium,6,No,12419-43951
SUV,6,80929,92,2514,28,9.0,12.5,30,32,Good,Low,12,No,35326-131070
Truck,1,45458,99,2607,24,8.4,12.41,25,31,Worn,Low,5,Yes,16832-35544
SUV,2,39942,95,1820,39,11.6,12.27,36,33,Good,High,8,No,49115-85459
Sedan,12,103362,97,2397,35,11.3,12.15,33,31,Worn,Low,10,No,41929-122113
SUV,6,145219,94,3311,24,10.9,11.8,28,29,Moderate,Low,1,No,102672-170022
Hatchback,2,248965,85,2779,33,20.4,12.73,28,32,Good,Medium,6,Yes,45981-76945
Sedan,7,121165,99,932,33,14.1,12.08,35,28,Worn,Low,12,Yes,14056-32250
SUV,8,119971,96,919,37,15.0,12.09,44,34,Good,Low,4,No,49345-148765
SUV,4,80383,99,3341,28,13.3,12.8,43,32,Good,Low,3,No,24578-180000
Sedan,2,207103,85,3122,44,16.4,12.71,28,30,Moderate,Medium,4,No,39638-79466
Truck,9,5128,107,1382,28,9.9,12.7,33,33,Good,Low,3,No,20089-33925
Sedan,3,22146,88,2703,30,14.1,12.33,45,35,Good,Low,1,Yes,63127-180000
Sedan,6,169289,99,1942,29,14.4,12.26,27,34,Worn,Low,6,No,55191-117533
Sedan,6,184289,100,2398,40,18.2,12.21,26,34,Moderate,Low,3,No,37677-64375
Truck,5,43927,105,1288,32,6.3,12.29,36,34,Good,High,4,No,7531-18463
Hatchback,10,204097,89,2989,43,18.4,12.07,30,29,Good,Medium,12,No,42254-75474
SUV,12,244457,105,1503,35,11.3,12.22,28,30,Worn,Low,4,No,52832-113882
Sedan,8,221502,98,2353,39,17.2,12.68,33,36,Good,High,4,No,17408-63532
Truck,9,118430,98,2133,23,7.8,12.16,45,29,Good,Low,3,Yes,44437-71215
Truck,9,173964,107,1625,35,7.7,12.01,32,33,Good,Low,12,No,5105-24784
Hatchback,12,149669,86,3187,42,18.7,11.95,33,36,Moderate,Low,8,No,47048-180000
Sedan,4,249231,89,2284,36,15.7,12.59,38,35,Worn,Medium,7,No,38020-73584
SUV,7,80615,92,663,24,8.4,12.56,42,28,Good,Low,9,No,56490-110578
Truck,9,237960,108,1568,22,7.5,12.21,28,28,Critical,Medium,11,No,1608-2602
Hatchback,3,145883,88,3366,45,21.9,12.35,42,34,Good,High,6,Yes,9872-60341
Truck,1,12600,110,646,28,4.2,11.84,33,34,Worn,High,11,No,748-1152
SUV,8,60426,103,1365,24,12.1,12.48,42,34,Good,High,1,No,38651-61819
Sedan,5,15061,101,2731,35,14.7,12.79,34,31,Moderate,Low,1,No,49858-77886
Sedan,2,36533,88,980,28,14.8,12.68,37,36,Good,High,3,No,33322-64968
Hatchback,5,243738,101,2327,34,19.7,11.91,44,35,Critical,Medium,8,Yes,1712-39997
SUV,11,153119,93,2331,28,7.7,11.86,31,35,Good,Low,9,No,65449-165121
SUV,12,174043,101,2321,28,11.3,12.27,31,30,Good,Low,4,Yes,63398-108256
Truck,11,32647,104,2870,33,9.7,12.64,32,35,Moderate,Medium,9,No,19593-37153
Sedan,4,104955,84,2535,42,13.3,11.89,32,32,Critical,Low,12,Yes,17487-41475
SUV,5,176108,102,2536,41,10.4,12.31,44,30,Critical,Low,2,No,46848-112726
SUV,5,99864,97,1620,30,10.2,12.53,36,34,Moderate,Low,9,No,36836-73188
Sedan,8,146296,92,1316,42,14.0,12.52,28,32,Good,Medium,8,No,71811-160741
Sedan,4,32145,93,1086,31,16.2,12.46,31,30,Moderate,High,8,No,25509-92049
SUV,12,126755,105,2078,28,9.4,12.68,37,29,Critical,Low,10,No,23346-89402
Hatchback,4,78906,90,2990,39,19.4,12.14,41,28,Moderate,Medium,1,No,49187-120069
Hatchback,9,198972,92,2090,38,17.7,12.34,43,36,Moderate,Low,6,No,56544-132170
Hatchback,12,207843,92,1733,39,22.5,12.56,37,32,Moderate,Medium,1,No,62527-115209
Sedan,6,53130,95,1098,29,15.6,12.56,30,29,Good,Medium,9,No,43402-106960
Truck,1,83940,102,1898,26,7.8,11.73,39,34,Good,Low,8,No,42215-151888
Hatchback,9,245141,87,3405,43,19.0,12.65,28,28,Moderate,Medium,3,Yes,27816-114487
Hatchback,6,84411,91,2972,35,13.9,12.07,31,33,Worn,Low,2,Yes,48178-85496
Hatchback,8,188012,89,658,46,19.3,12.42,34,28,Good,Low,10,No,79221-180000
Sedan,2,110170,85,2980,40,18.2,11.74,28,29,Worn,Medium,4,No,20468-103388
SUV,10,50691,95,3370,24,11.9,11.9,30,31,Good,Medium,8,No,52514-112618
Sedan,2,188154,97,2902,31,15.9,12.43,44,29,Good,Medium,4,No,50924-112038
Truck,1,179115,103,2072,32,5.2,12.59,44,28,Moderate,Low,8,No,18830-62430
Sedan,9,89258,92,1383,33,11.7,11.91,36,30,Moderate,Low,8,Yes,11079-107329
Sedan,7,46541,97,2092,39,17.1,12.01,26,33,Worn,Low,12,No,26414-69980
Truck,7,36059,108,619,34,6.6,11.83,30,32,Worn,High,9,No,2440-7178
Sedan,5,5331,93,2793,43,16.5,12.55,42,35,Good,Low,7,Yes,20308-174492
Truck,7,237060,99,1376,22,5.2,12.41,45,30,Moderate,Low,6,No,18908-97626
Hatchback,8,158728,101,2345,33,17.3,12.12,45,33,Worn,Medium,7,No,13149-59862
Truck,2,36481,112,1588,28,8.6,11.89,28,29,Good,Low,10,No,37946-58834
Truck,3,36047,109,3195,24,9.9,12.19,25,36,Good,Medium,9,No,6776-24238
SUV,1,155609,93,3050,29,9.1,12.56,38,33,Good,Low,5,No,80852-148138
Sedan,5,57845,96,2528,38,13.7,12.36,32,28,Good,Low,7,Yes,54874-91868
Hatchback,10,117622,93,2029,46,19.0,11.73,40,28,Good,Low,12,No,45589-94573
SUV,5,143858,92,1423,29,9.6,11.76,44,32,Critical,Medium,6,No,35973-69913
SUV,9,90144,107,1958,35,8.7,11.93,28,34,Good,Low,12,No,8332-119173
Truck,5,218245,106,1551,23,8.4,11.78,37,36,Critical,Medium,8,No,4828-10440
SUV,5,101130,88,746,40,11.2,12.42,45,36,Moderate,Medium,1,No,81303-162265
Sedan,9,190456,94,1988,36,16.8,12.37,31,29,Good,Low,7,Yes,40288-134404
SUV,12,136320,101,793,33,8.2,12.75,40,35,Worn,Low,8,No,49232-90992
Sedan,9,100063,83,2295,40,19.0,12.31,45,29,Good,Medium,7,No,49722-130208
Hatchback,8,87187,86,1100,28,22.4,11.89,27,30,Worn,Low,3,Yes,19441-168864
Truck,10,179015,107,1618,21,10.0,11.72,27,31,Good,Medium,8,No,3645-5505
SUV,4,54529,104,652,26,14.1,12.76,26,30,Critical,Low,9,No,35562-67128
Hatchback,2,164946,91,3349,41,19.5,11.91,32,32,Worn,Low,4,Yes,24525-88333
Truck,11,93652,99,2064,29,8.7,11.87,28,32,Good,Low,6,No,46194-94456
Hatchback,10,153891,89,692,37,20.3,12.16,30,33,Worn,Medium,9,Yes,44757-79391
SUV,6,66258,105,619,36,10.3,12.78,43,34,Critical,Medium,10,No,26959-74857
Truck,8,207285,104,1632,20,5.3,11.71,36,36,Worn,Low,8,No,8219-15819
Truck,7,45206,99,3062,29,5.8,12.08,34,33,Good,Low,7,Yes,25667-40261
SUV,11,134782,98,709,29,11.1,12.31,38,35,Good,Low,9,No,48415-157183
Truck,5,56578,100,2236,33,6.2,11.74,25,36,Moderate,Medium,4,No,33655-84423
Sedan,3,59745,96,1072,38,18.0,12.15,32,32,Good,High,1,No,36811-108315
Truck,10,8621,105,1560,26,9.8,12.75,27,36,Moderate,Medium,3,No,18163-40069
Sedan,6,149565,90,1518,34,16.0,11.93,38,32,Moderate,Low,6,No,23260-91697
Truck,2,199705,97,2085,27,5.4,11.93,27,29,Worn,Low,11,No,9938-34868
Sedan,3,221734,88,2185,27,18.6,12.13,31,31,Good,High,2,No,48954-107920
Truck,3,51493,105,1814,19,6.7,12.79,27,34,Moderate,Medium,4,No,8820-18428
Sedan,1,92406,97,1452,27,14.3,12.31,30,30,Worn,Low,3,No,31073-73737
Hatchback,11,188274,89,2880,29,21.4,11.79,43,33,Good,High,1,No,24596-95466
SUV,1,150953,97,2943,32,14.2,11.86,34,36,Moderate,Low,11,No,38658-79584
SUV,9,61010,95,2040,36,10.4,12.26,39,29,Moderate,High,11,No,17825-39515
Hatchback,10,98726,83,2784,33,20.9,11.75,32,31,Worn,Low,3,No,15790-114235
SUV,1,13242,100,1467,33,15.0,11.99,25,31,Good,Low,7,No,75235-153299
Hatchback,4,188905,93,1241,40,19.4,12.25,43,31,Good,Medium,9,No,63654-130344
Truck,5,142823,98,2672,34,10.0,12.64,25,32,Moderate,High,11,No,1340-6082
Hatchback,7,126646,88,629,34,20.0,12.48,38,32,Good,Low,8,No,99674-166144
Truck,4,122000,101,3127,20,4.8,12.62,43,36,Good,Low,4,No,22622-57636
Hatchback,2,212741,88,2448,44,15.4,11.72,30,28,Moderate,High,2,No,53864-94400
Hatchback,9,178134,93,1884,45,17.5,11.93,43,32,Good,Medium,8,Yes,42774-118092
Sedan,12,212055,99,2748,33,11.9,12.63,32,31,Good,Low,1,No,43030-172387
Hatchback,8,34900,92,1254,43,18.8,11.94,39,36,Worn,Low,4,No,97947-174647
Sedan,3,201963,89,2401,35,16.4,12.6,26,31,Moderate,Medium,4,No,30009-80265
Hatchback,5,235838,92,2532,30,21.3,12.08,25,30,Good,Low,6,No,6160-180000
SUV,1,53329,90,1488,26,9.1,12.32,25,34,Good,Low,5,No,100836-165846
Sedan,11,109135,85,2247,36,16.9,11.8,35,30,Good,Medium,6,No,34479-180000
Truck,11,200196,113,2502,28,3.6,11.91,25,35,Good,Low,12,No,9820-20132
Truck,10,63322,102,3347,28,7.4,12.77,30,31,Good,Low,4,No,28838-92244
Sedan,11,158821,95,2755,39,16.1,12.18,40,34,Good,Medium,9,No,38671-130893
SUV,1,12226,93,1328,41,12.7,12.25,32,33,Good,Low,5,No,61194-180000
Truck,5,40727,97,1733,28,9.6,12.68,34,31,Good,Low,3,No,54556-113952
Hatchback,2,91142,86,628,36,18.2,12.26,37,28,Good,Medium,7,No,51798-167508
Hatchback,1,37676,91,637,39,15.8,11.86,41,31,Moderate,Low,7,No,75699-135639
SUV,7,216732,96,1889,37,9.1,11.89,42,32,Moderate,Low,6,No,104477-171983
SUV,1,229087,93,3401,31,10.6,11.88,33,31,Moderate,High,6,No,34042-55534
SUV,12,130174,102,1521,30,11.4,11.89,29,31,Good,Low,4,No,36164-143168
SUV,2,202997,94,2869,29,9.6,12.53,38,30,Good,High,7,No,32958-93294
SUV,6,107880,93,1814,32,13.4,11.86,45,29,Moderate,High,1,No,35125-69531
Truck,10,241373,106,1161,30,6.9,11.7,32,31,Moderate,High,3,Yes,1641-3581
Sedan,4,53156,100,2461,35,13.8,11.83,40,32,Moderate,Low,12,No,21108-50188
SUV,1,66076,96,3251,24,14.1,12.09,27,29,Good,Low,12,No,53436-80952
Truck,1,129147,96,1082,29,9.2,12.56,33,28,Critical,Low,6,Yes,12650-43357
Sedan,12,146843,95,3307,34,12.8,11.92,38,28,Moderate,High,3,Yes,16339-28423
SUV,8,207067,105,2479,26,8.5,12.43,44,30,Worn,Low,11,No,35624-83494
Sedan,7,34783,84,2346,30,12.9,11.91,42,29,Good,Medium,10,No,37419-115851
Hatchback,4,224981,97,2219,33,15.8,12.22,32,35,Good,Low,6,No,52010-107256
Sedan,1,72289,87,1002,38,13.7,12.63,26,31,Worn,Low,6,Yes,31869-89047
SUV,8,212633,96,3240,35,13.6,12.39,42,35,Good,Medium,2,No,61463-180000
Truck,6,67903,96,2419,32,6.4,11.99,36,28,Moderate,Low,4,Yes,32178-77584
Sedan,12,153015,87,1037,31,16.1,12.38,31,28,Good,Low,2,No,44469-133305
Sedan,12,21899,101,2226,37,14.2,12.34,40,29,Worn,Medium,3,No,44069-106071
SUV,3,215888,102,3058,38,14.7,11.9,34,32,Good,Medium,7,No,82294-158852
Truck,10,153790,100,727,20,4.1,11.89,45,33,Good,Low,8,No,20469-120082
SUV,1,195619,103,805,33,14.4,12.14,25,33,Good,Medium,6,Yes,51162-88780
SUV,6,65659,95,1298,37,9.5,12.3,27,31,Good,Medium,9,No,50655-123701
SUV,6,160871,97,1151,32,9.9,12.09,27,32,Good,High,6,No,21395-71567
Hatchback,3,27288,95,911,44,17.8,12.42,35,28,Good,Low,7,No,61622-180000
Hatchback,9,248656,88,1522,32,13.4,12.41,43,29,Good,High,9,No,31214-99164
SUV,11,82495,94,3264,34,10.6,11.84,25,34,Good,Low,7,No,36222-140386
Hatchback,3,98099,91,864,34,19.6,12.3,25,35,Good,High,11,No,17455-40553
SUV,6,218832,91,1319,35,11.3,12.67,38,34,Good,Medium,11,Yes,33119-55347
Hatchback,8,97564,86,1161,38,15.1,12.42,45,33,Good,Low,1,No,33484-158232
Sedan,8,96972,98,3236,39,15.3,12.05,43,34,Moderate,High,10,No,27480-47126
SUV,7,155508,94,1580,35,9.3,12.2,30,33,Good,Low,4,No,50395-155803
Truck,2,169928,110,3430,26,7.0,12.24,27,30,Moderate,High,9,No,2250-8048
SUV,10,61677,89,2879,36,9.2,12.74,44,32,Moderate,Medium,5,No,78347-180000
Hatchback,9,238758,95,1678,29,16.9,12.07,35,30,Critical,Medium,2,No,27408-74854
Sedan,5,103328,94,2954,29,17.3,12.53,26,29,Moderate,Low,8,Yes,48738-82882
Hatchback,3,207198,87,1424,36,16.8,11.86,37,28,Good,Low,11,No,29382-88662
Sedan,6,206726,88,666,34,13.3,11.89,34,29,Critical,Low,10,No,16381-46223
Truck,3,131625,99,3051,17,8.3,11.89,38,34,Good,Medium,6,No,14000-26908
Sedan,12,176976,87,3327,39,14.6,11.96,37,31,Good,Low,1,No,65850-139882
Sedan,7,227627,91,2299,33,12.5,12.0,34,36,Good,Low,6,No,79102-160802
SUV,8,93308,93,984,37,11.7,11.97,37,30,Moderate,Medium,11,No,29116-97504
Hatchback,12,136582,96,3247,45,13.5,11.91,31,35,Moderate,Medium,11,Yes,23169-36077
Truck,6,204100,111,2054,30,5.7,12.09,28,36,Good,Low,7,No,14786-47790
Hatchback,11,20313,90,3477,37,15.0,12.51,34,28,Good,Medium,7,No,66862-153142
Truck,2,217169,105,1309,27,9.4,12.18,29,32,Moderate,Low,5,No,19145-44585
Truck,4,191605,104,1846,30,8.7,11.8,34,32,Good,Low,2,Yes,37766-111930
Hatchback,11,45893,93,2878,37,15.6,12.75,31,36,Moderate,High,9,No,17585-87571
SUV,9,128782,93,2442,24,11.7,12.59,42,32,Moderate,Low,3,No,61369-105455
SUV,11,48229,94,2987,31,10.9,12.3,41,32,Worn,High,3,No,36395-71895
Truck,10,124065,104,2504,22,3.5,12.62,39,36,Good,Medium,1,No,42571-98721
Truck,6,236019,100,2203,23,9.7,12.02,42,28,Moderate,Low,11,No,8375-19439
Truck,11,28919,96,2549,22,8.4,12.76,26,31,Worn,Medium,4,No,29431-68997
Truck,11,91102,104,2784,17,3.9,12.26,37,34,Moderate,Low,11,Yes,6669-12579
SUV,4,101243,101,2782,37,12.3,11.83,44,32,Good,Low,12,No,62039-98049
SUV,1,206818,99,3149,31,12.8,11.99,28,36,Good,Low,5,No,44762-143662
Hatchback,10,203017,90,2637,35,22.2,12.7,32,34,Good,Low,8,No,52434-180000
SUV,10,37860,97,1274,31,11.6,12.22,25,30,Good,Low,2,No,58415-180000
SUV,9,236026,99,1132,39,13.3,12.01,25,29,Moderate,Low,8,No,75852-180000
Hatchback,7,40173,86,3152,42,16.7,12.32,33,36,Moderate,Low,7,No,18201-180000
Truck,8,48503,101,2898,20,7.9,12.32,27,34,Good,High,8,No,3345-12183
Hatchback,12,242759,98,850,42,17.4,12.69,45,31,Good,Low,3,No,53064-128990
SUV,11,200840,102,1293,30,10.8,12.55,25,30,Good,Low,6,No,59934-180000
Truck,8,206075,94,2641,20,7.9,11.84,45,30,Worn,Low,5,No,11120-117348
Hatchback,10,146314,89,1670,39,17.9,12.04,28,30,Moderate,Medium,12,No,15140-44904
Hatchback,9,227085,92,3363,47,22.1,12.05,39,30,Moderate,High,9,No,15302-59298
Sedan,4,167347,91,2688,38,16.7,12.29,31,35,Good,Low,5,No,64153-180000
Truck,5,208573,100,960,18,6.9,12.74,25,29,Good,Medium,6,No,7190-29027
Truck,12,117474,94,1381,35,8.6,11.88,41,31,Moderate,Low,10,Yes,26450-70470
SUV,1,32554,96,2872,39,10.4,11.97,40,29,Good,Medium,6,No,56558-135964
Hatchback,5,8316,97,2039,44,15.3,12.22,27,30,Good,High,9,No,41281-75983
Sedan,1,25906,95,1850,36,17.3,12.67,42,34,Moderate,Medium,3,No,56309-92337
Sedan,12,54042,86,1088,36,15.0,12.1,40,32,Critical,Low,5,No,54219-105275
Sedan,12,217074,84,2263,37,14.2,12.34,39,32,Good,Medium,4,No,70342-180000
Hatchback,9,167522,99,2793,35,21.7,12.41,27,33,Moderate,Low,3,No,46619-91239
SUV,2,199685,97,978,30,8.3,11.92,32,28,Good,Low,9,No,50487-180000
Sedan,12,14958,87,2660,39,16.2,11.96,35,29,Good,Low,10,No,94585-160725
Truck,4,47757,106,2575,18,5.0,12.02,42,36,Moderate,Medium,1,No,2107-7485
Truck,2,216832,109,3083,34,6.7,12.44,34,36,Moderate,Low,7,No,10198-32858
SUV,3,74116,104,1530,31,13.4,12.63,35,34,Good,Low,7,No,96566-178774
Hatchback,4,75749,99,950,42,17.9,12.18,42,33,Good,Low,2,No,35311-180000
Hatchback,4,118827,98,3124,33,22.2,12.57,33,31,Moderate,Medium,3,No,30404-52210
SUV,4,181658,96,667,28,8.2,11.74,44,31,Moderate,Low,12,No,15483-36763
Sedan,1,245463,83,657,41,16.9,12.38,32,29,Moderate,Low,5,No,84512-128422
Truck,7,10698,94,2874,16,6.5,11.74,34,31,Good,Medium,10,No,36632-63800
Hatchback,9,184887,97,1639,38,20.7,12.69,38,28,Moderate,Low,3,Yes,46075-100375
SUV,9,125080,101,2493,32,10.1,12.76,36,35,Moderate,Medium,7,No,38579-102903
SUV,1,19127,91,1175,27,11.9,12.41,39,30,Good,Medium,5,Yes,53512-123606
SUV,10,5603,97,2625,29,9.6,11.94,27,28,Good,Medium,1,No,79805-124265
Sedan,9,88105,102,3424,33,17.6,12.28,25,32,Critical,Low,3,No,22079-41027
Hatchback,3,132896,82,1128,40,21.6,12.0,28,34,Moderate,Low,4,No,75394-145564
Hatchback,8,211620,98,3176,43,17.8,12.31,36,36,Good,Medium,4,Yes,27704-104498
Sedan,1,181277,101,3058,37,13.0,12.36,30,33,Worn,Low,3,No,26534-100950
Truck,12,29507,105,833,25,4.9,12.15,27,36,Moderate,Medium,2,No,26543-76013
Hatchback,2,40623,99,807,42,22.5,12.08,37,29,Moderate,Low,10,No,68083-102165
Hatchback,8,15973,93,1513,42,18.0,12.32,37,31,Moderate,Medium,2,No,65585-140777
Sedan,10,211642,96,1888,31,16.8,12.2,34,35,Good,Low,8,Yes,43973-94673
Hatchback,9,203721,90,1876,31,15.3,11.8,35,32,Worn,Low,7,Yes,49626-75090
SUV,7,212772,94,1335,36,7.2,12.01,31,30,Good,Low,9,No,44255-142253
Hatchback,7,143839,92,603,34,15.4,12.0,34,30,Good,Medium,9,Yes,36899-91723
Hatchback,7,227842,84,2293,33,19.8,12.45,35,30,Good,Low,1,Yes,57983-118081
Hatchback,9,135960,88,682,44,16.2,12.16,40,33,Good,Medium,6,Yes,49447-127377
Sedan,9,104646,96,2914,38,13.9,11.75,35,36,Critical,High,5,No,10514-19742
SUV,9,186404,102,1066,36,13.1,12.41,42,31,Good,Low,11,Yes,46484-90522
Truck,1,39881,97,1384,29,8.0,11.74,30,28,Moderate,Medium,5,No,8831-47952
Hatchback,2,71141,85,3059,37,16.0,12.7,34,29,Good,High,12,No,29857-49473
Sedan,2,132102,97,707,38,13.7,12.71,31,36,Good,Low,11,No,48940-130424
SUV,1,171782,92,2641,40,10.0,11.94,45,30,Moderate,Low,4,No,70313-139809
Truck,10,37951,102,1067,23,6.0,12.02,35,31,Good,Low,9,No,33263-73325
Truck,10,157470,99,1578,25,10.5,12.77,36,35,Good,Low,5,Yes,22259-43853
Truck,3,43222,96,2047,29,7.4,11.94,44,29,Good,Low,12,No,27064-57132
SUV,3,46173,103,2838,36,8.5,12.02,34,28,Moderate,High,6,No,37053-55819
Truck,7,28850,100,833,29,5.7,12.34,42,29,Good,Low,2,No,29555-104677
Sedan,10,7978,100,1965,34,16.3,12.76,36,29,Worn,High,8,Yes,21003-32247
Truck,6,189345,112,1689,25,9.3,12.75,31,32,Good,Medium,10,Yes,9217-35573
Hatchback,9,75162,94,2407,39,13.8,12.33,30,36,Worn,Low,9,No,66494-154736
SUV,4,114121,99,2616,38,10.9,12.47,35,32,Worn,Low,6,No,48231-178209
Sedan,7,78448,88,1840,33,15.9,12.41,31,35,Good,High,6,Yes,27791-84461
SUV,2,181839,97,683,34,8.6,12.72,38,28,Good,Medium,7,Yes,29492-93704
Sedan,7,158941,86,3054,39,15.5,12.54,41,35,Critical,Medium,10,No,31921-55327
Hatchback,1,138912,92,1854,43,18.1,12.27,30,34,Good,High,7,No,37790-134652
Truck,12,220378,96,2923,19,5.5,12.74,38,33,Critical,Low,12,No,806-1322
Sedan,12,245334,94,2253,35,12.7,12.06,37,36,Moderate,Low,12,No,25349-59343
Sedan,10,49491,93,2707,43,14.4,12.52,38,29,Worn,Medium,5,No,29969-99975
Truck,6,13762,109,1512,25,6.1,12.0,38,33,Good,Medium,2,No,24513-43745
Hatchback,4,193609,96,2801,31,15.9,12.26,27,29,Good,Medium,11,No,33744-70040
SUV,1,76147,98,1369,28,13.0,12.5,43,35,Moderate,Low,5,No,33666-112702
Sedan,3,170906,90,2726,36,14.3,12.09,40,33,Good,Low,9,No,82294-177430
Sedan,12,206907,96,1925,28,11.8,12.47,45,29,Good,High,8,No,30003-66281
Truck,6,106559,95,1392,26,4.1,12.53,30,28,Good,High,11,No,2943-9617
Sedan,2,38762,88,1070,37,15.6,12.77,45,34,Moderate,Low,11,No,10363-137319
Sedan,5,147105,87,1737,40,13.9,12.05,27,36,Good,High,6,No,35402-117426
SUV,6,156435,98,2502,40,12.3,12.6,26,29,Moderate,Low,11,No,29047-94447
Truck,9,205199,95,1040,23,5.1,11.8,41,36,Moderate,Low,5,No,27374-66894
Truck,2,29968,106,2426,24,8.5,12.61,30,29,Worn,High,11,No,1306-4236
Sedan,11,216674,100,3076,33,13.1,12.76,38,29,Good,High,5,No,17479-45277
Hatchback,8,238619,90,2468,29,19.4,11.75,45,30,Moderate,Low,10,No,16017-163653
Sedan,6,195990,86,908,33,14.3,11.94,39,30,Worn,Low,7,Yes,18303-114724
Truck,7,70670,110,1172,21,6.1,12.1,27,32,Moderate,Low,6,Yes,6977-14021
Hatchback,12,149651,83,1848,38,19.9,12.13,38,35,Good,Low,8,No,54047-180000
Hatchback,4,114554,87,3307,39,18.1,11.72,30,31,Good,Low,7,No,52396-125772
Truck,3,150991,104,2633,21,8.5,12.74,36,30,Worn,Medium,2,Yes,9071-14851
SUV,8,181337,105,3486,32,13.1,12.35,26,34,Critical,High,10,No,6942-15482
SUV,3,14084,93,1555,34,10.3,12.27,37,28,Worn,High,9,Yes,19047-61267
Hatchback,10,97256,97,1961,37,16.7,12.61,43,29,Moderate,High,12,No,17753-28957
Sedan,10,5559,95,1525,40,13.5,12.65,44,32,Moderate,Low,9,Yes,46053-85923
SUV,3,197527,96,3171,39,10.1,12.45,34,35,Good,Low,5,No,69530-180000
SUV,10,65516,101,2030,25,13.5,12.19,45,36,Moderate,Medium,9,No,55572-84800
Hatchback,9,140234,82,739,34,21.7,11.71,28,32,Good,Medium,8,No,25552-86414
SUV,12,103968,99,1631,34,10.5,12.54,39,32,Worn,Medium,8,Yes,35935-83143
Sedan,6,153615,101,1991,27,17.1,11.85,31,28,Good,Medium,1,Yes,41975-114251
Truck,3,53080,104,1901,32,7.9,12.65,28,35,Critical,Medium,6,No,3365-55993
Truck,3,30496,114,1267,29,3.3,11.8,43,35,Good,High,1,No,5056-17859
SUV,11,148597,98,2385,35,14.1,12.49,34,31,Worn,Medium,4,No,24308-116637
Truck,5,93952,101,3318,21,10.7,12.32,30,32,Good,Medium,8,Yes,7393-15739
Hatchback,3,224941,88,3352,33,21.8,11.92,36,31,Worn,Low,7,Yes,45420-75706
Sedan,4,30761,83,1133,28,13.8,12.01,34,30,Worn,Medium,11,No,27927-69827
Truck,4,171778,101,3491,25,3.6,12.59,31,33,Good,Low,10,No,65791-109249
Hatchback,1,138957,91,776,29,18.0,12.48,41,30,Moderate,Medium,9,No,24489-134510
Sedan,12,85684,89,3042,37,12.6,12.29,29,35,Moderate,High,5,No,4856-79346
Hatchback,4,77223,94,1480,32,19.9,11.88,30,28,Good,Low,8,No,62299-180000
SUV,3,86975,96,1834,35,12.8,12.17,37,31,Good,Low,11,No,41573-117289
Truck,5,47248,107,3354,33,4.9,12.51,31,33,Good,Low,8,No,27522-57514
Hatchback,11,218024,96,1318,46,18.1,12.07,39,34,Worn,Low,2,No,78226-180000
Truck,12,183319,95,3086,20,4.6,12.25,37,28,Good,Low,4,No,22996-62002
Sedan,7,247583,94,1955,43,13.7,12.69,30,30,Worn,High,10,No,4502-87950
Truck,9,140470,94,3225,31,4.5,11.84,36,35,Worn,Medium,10,No,22548-76434
Hatchback,11,152858,90,1612,34,19.0,12.54,27,36,Good,Medium,1,No,62814-148516
SUV,1,205300,105,2063,30,8.7,12.42,25,34,Moderate,Low,4,No,28836-86264
Hatchback,8,92998,90,3356,39,17.6,11.82,43,36,Good,Medium,9,No,84562-151782
SUV,11,41821,97,1744,28,12.9,11.89,34,31,Moderate,Low,4,No,46987-80219
Truck,9,33106,94,830,23,4.6,12.23,37,34,Good,Medium,7,No,20536-161872
SUV,11,225364,100,1316,27,13.7,12.19,25,36,Good,Low,7,No,14658-180000
SUV,11,139581,94,2211,26,14.6,12.14,27,31,Moderate,Medium,4,No,39418-128860
SUV,6,85323,101,3068,37,15.0,12.37,39,28,Good,Medium,11,No,63350-104916
Sedan,5,105238,100,1759,37,17.5,12.36,29,30,Good,High,1,No,22780-86052
Truck,4,14132,95,1958,24,5.8,12.37,30,35,Good,Medium,3,No,43329-75487
Truck,10,30556,109,1577,29,5.7,12.18,33,31,Moderate,Medium,11,No,2217-15488
Sedan,12,99591,93,2652,27,16.6,12.02,39,30,Moderate,Low,5,No,53676-119896
Truck,6,142682,107,3032,26,3.6,12.47,25,28,Good,Low,7,Yes,8003-18831
SUV,10,193996,90,2114,30,10.8,12.59,33,28,Worn,High,9,No,19642-59368
SUV,4,100934,102,1368,32,12.9,11.96,45,30,Worn,High,10,No,17626-32444
Hatchback,4,211220,91,1350,32,20.5,12.46,42,30,Good,Medium,12,No,32137-91151
Truck,5,234770,96,2328,30,7.4,12.34,34,36,Good,Low,2,No,40566-102294
Sedan,10,158910,101,1597,42,12.1,12.67,28,30,Good,Medium,5,No,23751-91924
SUV,8,81085,88,2588,31,14.2,12.73,36,30,Moderate,Low,3,No,38249-180000
Hatchback,2,50500,84,1228,35,18.2,12.37,27,28,Good,High,7,No,25694-62598
SUV,12,34965,93,2101,39,13.1,12.79,37,30,Good,Medium,1,No,100320-173114
SUV,4,144947,100,1352,42,14.1,12.13,30,29,Critical,Low,4,No,66697-109353
Hatchback,4,160661,97,1448,46,15.2,11.73,27,31,Moderate,Low,1,Yes,38934-67720
Truck,12,68598,112,3389,16,8.5,12.69,35,28,Good,Low,5,No,16141-32377
Hatchback,2,68601,85,2885,35,20.5,12.42,30,31,Good,High,1,No,31859-110580
Sedan,10,142050,88,2974,31,18.0,12.46,44,32,Good,Medium,10,No,49373-103269
Truck,9,20453,107,1021,20,6.0,11.89,38,33,Good,Low,4,No,4489-39890
SUV,9,90258,95,2389,28,10.1,12.06,25,28,Worn,Medium,4,No,26350-114925
SUV,11,118265,91,738,30,12.7,12.02,40,30,Worn,Low,4,Yes,46633-122771
SUV,3,11946,92,1079,31,9.1,12.74,33,36,Moderate,High,7,No,20559-69183
Hatchback,10,116645,89,2159,40,15.9,11.8,35,35,Moderate,High,12,No,4478-61946
Hatchback,3,194398,96,1555,31,17.3,11.81,43,36,Good,Medium,10,Yes,26930-46856
Sedan,12,65421,86,1664,37,17.4,12.1,30,33,Good,Low,6,No,107826-163510
Hatchback,4,188726,95,1242,36,21.0,12.08,28,32,Worn,High,12,No,11425-24043
Truck,1,135468,103,1935,32,2.8,12.05,27,28,Good,High,7,No,12508-29860
SUV,3,55729,98,795,33,8.9,12.47,45,33,Worn,Low,7,Yes,29945-98611
Truck,7,225444,97,2765,20,4.2,12.55,25,33,Good,Medium,8,No,6927-25789
Truck,1,43555,109,828,22,8.2,12.03,37,28,Good,Medium,5,Yes,15239-40255
SUV,9,177137,93,2300,39,12.7,11.71,27,33,Critical,High,3,No,24541-56769
Truck,6,64290,106,1618,20,7.4,12.44,28,28,Good,Low,10,No,3416-27319
Sedan,11,76464,97,2275,34,17.3,12.39,37,36,Moderate,Low,4,No,15051-125422
SUV,9,240194,95,2990,37,13.1,12.51,31,33,Moderate,High,3,No,15771-54443
Sedan,2,58113,90,1280,40,17.7,12.42,42,33,Good,Medium,12,No,30311-88497
SUV,3,143222,98,2990,27,11.3,11.84,32,36,Good,Low,9,No,101667-167139
Sedan,3,14997,95,1902,26,14.1,11.75,35,36,Good,Low,9,No,54481-91463
Truck,10,68492,105,3061,29,4.9,12.2,43,29,Critical,Medium,12,No,4755-7161
Truck,9,228960,107,3413,23,9.4,12.17,27,32,Good,Low,12,No,6873-19543
SUV,8,161055,92,895,34,8.4,11.73,39,28,Good,Low,5,No,83061-152241
Hatchback,7,28098,88,1316,32,16.1,12.68,36,36,Moderate,Low,9,No,19825-97298
Hatchback,1,27361,88,2923,33,13.5,11.83,36,35,Good,Low,9,No,50815-180000
Sedan,9,56077,98,1372,35,12.6,12.77,30,30,Good,Low,5,No,39919-60899
SUV,9,66893,103,3449,38,12.1,12.34,40,28,Good,Low,4,No,46131-180000
Sedan,6,148425,95,1614,36,14.9,12.24,41,35,Good,Medium,11,No,25503-92175
Hatchback,12,99879,100,2774,35,20.0,12.7,36,33,Worn,Low,12,No,14073-50595
Sedan,11,194038,90,1013,35,15.0,11.87,45,35,Worn,Low,10,No,12932-122994
SUV,4,155200,96,1444,37,12.8,12.48,36,35,Worn,Medium,2,No,79067-120587
SUV,12,174802,102,2343,40,8.5,12.39,25,28,Worn,Low,12,No,61896-100184
Hatchback,8,173827,87,1017,47,16.6,12.31,25,31,Good,Medium,9,No,51290-172306
Sedan,9,207581,98,2988,29,15.7,12.52,27,29,Good,High,7,No,41910-66870
Hatchback,12,210186,97,1134,42,17.6,11.78,26,30,Good,Low,10,No,95667-167805
SUV,1,185174,91,1954,34,12.1,11.91,35,29,Worn,Medium,4,No,57199-92255
Sedan,4,120130,97,3481,28,13.0,12.72,36,32,Moderate,Medium,11,No,12159-35657
Hatchback,4,143490,84,775,38,19.6,11.76,38,30,Moderate,Low,1,No,41145-160470
Truck,10,57927,114,2277,32,5.8,12.26,25,35,Moderate,Low,6,Yes,13269-38025
Hatchback,8,20719,86,988,38,19.9,12.46,42,35,Critical,High,4,No,18418-33320
Truck,4,195124,99,2908,34,6.3,12.31,28,31,Moderate,High,7,No,8371-33329
Sedan,4,30070,92,1821,40,12.7,12.13,32,30,Moderate,Medium,11,No,4213-119898
SUV,12,240284,103,2415,41,12.0,12.28,29,34,Moderate,Low,6,No,75337-136203
SUV,9,102514,88,2800,25,9.4,11.92,36,34,Worn,Low,12,No,37587-89907
Hatchback,10,221021,95,1486,35,13.5,11.99,44,31,Good,Medium,12,Yes,11383-20547
SUV,5,80680,98,2932,42,10.5,12.46,42,29,Moderate,Medium,9,No,46228-106080
Sedan,10,70043,93,3141,29,13.6,12.32,41,29,Good,Medium,12,No,18746-42424
Hatchback,1,221528,96,1897,43,14.8,12.47,32,29,Critical,High,8,No,18260-32284
Sedan,6,221583,94,2001,43,13.6,12.35,45,29,Good,Medium,9,No,46099-175007
SUV,10,171557,95,2778,33,7.6,12.19,34,30,Good,High,1,No,46247-125829
Hatchback,5,172628,93,2855,41,14.5,12.05,31,33,Good,Low,4,Yes,99251-161321
Hatchback,10,196645,85,1729,47,16.7,12.44,42,31,Worn,Low,12,No,29974-117396
Sedan,5,201770,87,1547,39,17.7,11.82,26,31,Good,Low,4,No,50067-180000
Hatchback,3,219800,101,1354,39,14.9,11.98,32,29,Good,High,10,Yes,36317-69769
Sedan,9,64222,101,2649,34,14.4,12.14,29,36,Critical,Low,7,No,32948-69768
Sedan,7,242221,91,1862,33,14.5,12.76,39,33,Moderate,High,9,No,15841-45539
Sedan,9,47352,92,2751,32,15.8,12.4,33,32,Good,Low,9,Yes,42357-82871
Sedan,4,166251,97,2618,45,15.4,12.8,29,35,Good,High,7,No,19921-58661
Truck,1,230478,106,2616,33,3.9,12.69,45,32,Worn,Medium,7,No,13322-48435
Sedan,5,124329,91,1819,39,15.7,12.31,31,29,Moderate,Medium,3,No,49593-90555
Sedan,3,7279,88,2652,39,16.9,12.68,37,33,Good,Low,7,No,76987-180000
SUV,6,126087,99,2898,32,10.1,12.64,41,31,Critical,Low,12,No,20690-36126
Hatchback,5,206225,88,1867,41,15.3,11.95,26,33,Worn,High,10,No,33965-75049
SUV,7,90991,97,889,29,10.7,11.75,25,36,Good,Low,5,Yes,56054-86892
SUV,5,192463,90,1311,35,8.3,12.54,43,29,Good,Low,3,Yes,59821-113987
Truck,10,5795,109,1764,31,9.0,11.71,38,30,Critical,Low,1,No,7794-18864
Sedan,6,115954,85,3098,29,12.5,12.51,30,28,Good,Low,12,Yes,41720-71978
Sedan,4,77277,85,2404,39,12.3,12.72,31,34,Critical,Medium,5,No,15109-78578
Sedan,9,98960,89,2524,36,15.1,12.78,27,36,Good,High,7,No,34507-119135
Sedan,12,148662,93,1536,39,17.1,12.42,37,30,Worn,Medium,4,No,23862-92526
Hatchback,3,236483,95,3266,40,21.0,12.27,36,34,Good,Low,6,No,39436-122932
Hatchback,8,229028,89,2563,41,17.3,12.32,35,34,Good,Medium,3,No,71823-118471
Sedan,7,141362,96,2058,28,16.9,12.49,45,35,Worn,Low,7,No,37742-94414
Hatchback,1,6498,91,3181,39,19.4,12.69,34,29,Good,High,3,No,50829-120469
SUV,8,191036,101,1877,36,10.2,12.17,42,28,Worn,Low,9,No,88778-180000
SUV,9,102320,96,2845,37,11.3,12.59,33,30,Good,Low,8,No,61785-180000
Hatchback,3,35411,92,1552,43,17.6,11.82,25,34,Worn,Low,10,No,76841-170033
Hatchback,4,21186,92,3316,38,19.7,12.76,26,31,Good,Medium,12,Yes,11168-43994
Sedan,8,166094,88,3338,42,17.8,12.53,40,34,Moderate,Low,11,No,34347-114301
Hatchback,6,61044,91,2991,34,23.3,12.79,42,28,Moderate,Low,4,Yes,45653-117077
Hatchback,12,246320,91,1243,37,16.3,12.28,26,32,Moderate,Low,5,No,63456-110216
SUV,2,21268,93,3422,30,15.0,11.77,42,28,Worn,Low,1,No,70230-141992
Sedan,6,176514,91,1814,29,13.9,12.8,32,29,Moderate,Medium,2,No,43434-112290
Sedan,3,179662,90,2747,37,14.7,11.73,32,32,Good,Low,5,No,73640-180000
Hatchback,1,245914,91,3088,36,19.1,12.33,42,32,Good,Low,1,No,58843-116447
Hatchback,11,78913,94,603,34,16.3,12.78,43,35,Worn,High,10,Yes,8272-13984
Truck,10,35647,111,1877,31,9.3,11.81,34,31,Good,High,9,No,4222-9814
Truck,9,76210,112,2232,20,3.7,12.63,32,29,Worn,Low,10,No,3744-8120
SUV,9,186572,93,1248,36,15.0,12.42,45,31,Worn,High,7,No,22377-80139
Truck,9,138783,98,2642,27,6.7,12.47,29,35,Critical,Low,12,No,2979-19680
Truck,5,225648,115,1859,31,10.6,11.89,31,31,Good,Medium,12,No,5962-10944
Hatchback,6,153839,83,3157,29,15.6,12.41,30,36,Good,Medium,3,No,39975-158668
Hatchback,9,210294,94,2754,39,22.5,12.43,30,30,Moderate,Medium,6,Yes,28174-93450
SUV,3,170957,102,2300,31,13.1,11.71,31,33,Critical,Low,1,Yes,28122-57748
Truck,11,232498,98,2508,20,4.2,12.57,29,32,Worn,Medium,8,No,20659-32891
Hatchback,7,110982,91,3459,30,22.5,12.07,25,29,Worn,Low,12,No,38003-80663
Sedan,12,85691,97,1384,33,17.2,11.7,42,35,Good,Medium,5,No,46159-88197
Sedan,3,145202,92,1666,38,13.6,11.94,37,29,Good,Low,10,No,95366-149522
Hatchback,11,102061,93,684,44,14.5,12.35,27,32,Good,Medium,2,No,76858-175658
SUV,11,131498,104,2036,37,14.6,11.74,44,31,Good,Medium,2,No,50294-167026
Truck,11,105007,104,1833,23,7.2,11.7,41,34,Good,High,5,No,13115-35991
SUV,4,138857,92,2893,29,7.2,11.82,39,33,Moderate,Low,8,No,36337-138479
Sedan,4,242627,88,3257,31,16.6,12.37,37,35,Good,Low,7,No,54842-152646
SUV,7,36234,94,3236,35,11.9,12.43,28,30,Moderate,Low,5,No,64357-111367
Truck,9,155818,105,2766,21,4.6,12.22,34,32,Good,Low,2,Yes,24826-63484
SUV,9,211784,104,804,32,12.1,12.11,41,36,Worn,Medium,6,No,35829-140899
Truck,1,26715,100,819,18,8.3,12.73,43,30,Moderate,Low,6,Yes,6553-23025
SUV,9,103975,103,1043,40,9.7,12.18,37,29,Good,High,3,No,35625-81201
Sedan,4,174413,92,3307,33,15.2,12.15,34,32,Good,Low,2,No,39605-120569
Sedan,3,184564,89,1731,37,17.2,12.29,27,36,Good,Low,8,No,75536-119992
Hatchback,11,165900,86,2864,43,15.4,12.1,30,35,Good,High,1,No,54280-98312
Hatchback,8,128611,94,771,32,18.3,12.76,29,36,Good,Medium,7,No,44073-121751
Truck,9,188699,108,1215,25,6.1,12.19,40,36,Good,Low,5,Yes,9224-14772
Hatchback,4,124935,99,1329,32,15.9,12.53,32,32,Worn,Medium,8,Yes,24743-40027
Truck,3,48789,106,1453,30,7.6,12.53,29,28,Good,High,7,No,8519-14251
SUV,3,124521,99,2599,35,11.8,12.14,30,33,Moderate,Low,7,No,31173-120395
Truck,11,140758,110,3065,31,5.4,12.68,26,32,Moderate,Low,1,No,17665-38193
Sedan,12,68010,97,3197,42,16.6,12.78,39,29,Good,Medium,1,No,29497-180000
Sedan,6,120840,92,2334,31,14.7,12.35,40,35,Moderate,High,5,No,19670-51074
Hatchback,11,204676,96,1676,28,13.8,11.97,35,31,Good,Low,8,No,45511-130501
Truck,3,114850,98,686,20,7.7,12.32,31,30,Good,Low,4,Yes,15719-42795
Truck,3,105123,110,2689,31,3.3,12.14,38,35,Critical,High,10,No,749-1681
Truck,3,186814,109,3259,28,2.7,12.59,25,29,Worn,Low,12,No,2594-8280
Sedan,7,94876,95,621,27,13.2,12.43,34,29,Good,Low,9,No,60454-108430
SUV,2,5113,95,1332,41,8.9,12.2,30,29,Good,High,1,No,25490-81192
Sedan,8,11362,85,3199,40,17.2,12.42,37,28,Good,Low,7,No,68162-142176
Sedan,3,56740,93,842,31,16.6,12.55,31,30,Moderate,High,6,No,19408-34384
Sedan,4,66706,95,1839,39,13.0,12.78,45,30,Good,Low,9,No,60343-107193
Truck,1,33966,107,1635,26,6.4,11.93,26,31,Critical,Medium,10,No,2982-8068
Hatchback,6,153017,88,3071,43,21.6,12.12,43,35,Worn,Low,7,No,77894-117474
SUV,5,228101,101,1568,36,15.4,11.8,32,35,Good,Medium,9,No,52623-110371
Hatchback,1,27361,90,2187,38,17.1,12.23,36,34,Worn,High,11,No,7327-36859
Hatchback,2,93860,97,3131,34,18.0,12.31,41,36,Good,Low,1,Yes,56826-85836
SUV,9,163419,87,774,31,11.2,12.31,37,34,Worn,Low,10,No,47585-139091
Hatchback,5,93410,85,2130,38,18.7,11.84,29,29,Good,Low,4,No,42494-135150
Hatchback,9,147546,89,1361,31,14.8,12.77,34,31,Good,Medium,5,No,32899-117426
Sedan,1,242212,98,2099,35,16.3,12.4,43,30,Moderate,Low,12,No,22197-40391
Hatchback,1,132202,83,2815,34,18.7,12.44,32,35,Critical,Medium,3,No,23242-67696
Sedan,4,49689,95,1988,38,18.3,12.7,39,30,Good,Medium,2,Yes,49192-81844
SUV,1,44391,96,1622,35,14.2,12.4,37,33,Good,Low,12,Yes,20871-43731
SUV,5,129693,97,3027,30,9.8,11.91,35,28,Good,Medium,11,No,19937-35069
Sedan,6,79061,95,1609,28,13.7,12.55,31,34,Moderate,High,12,Yes,1907-7487
Sedan,4,67015,88,2763,27,12.2,12.57,35,28,Moderate,Low,5,No,37019-83877
SUV,10,72555,96,1955,35,8.1,12.79,26,34,Good,High,8,No,14069-109740
Hatchback,11,219094,88,2421,40,14.6,12.41,33,32,Critical,Medium,1,Yes,22259-60175
Sedan,10,125963,86,2138,37,11.8,11.79,33,36,Good,High,8,No,38438-123388
Truck,2,57934,97,2774,29,7.9,12.15,33,33,Good,Low,1,Yes,43959-78973
SUV,12,193853,100,2375,42,12.4,12.68,31,35,Good,Low,1,No,81890-157732
Truck,1,35580,102,2329,30,5.3,12.77,43,32,Good,Medium,7,No,22487-34133
SUV,4,154720,105,2249,40,9.8,12.49,26,31,Good,High,7,No,34216-82616
Truck,9,152283,104,2101,37,6.3,12.07,42,31,Moderate,High,10,No,6082-15756
Truck,9,34360,101,3432,31,9.6,12.14,26,34,Moderate,Medium,5,No,26297-78107
Sedan,11,210847,93,1560,40,14.0,12.15,39,35,Moderate,Medium,2,No,25293-167311
Sedan,8,119124,96,2865,37,13.4,12.63,30,32,Good,High,12,No,10374-29316
Sedan,2,175321,94,2026,28,14.9,12.23,44,35,Worn,Low,6,No,22928-77228
Sedan,2,111261,95,1559,35,17.6,12.03,44,31,Worn,Low,2,No,53411-88757
Hatchback,4,147252,96,2732,35,21.1,12.41,25,29,Moderate,Medium,12,No,18878-34232
Hatchback,10,186167,92,3249,36,19.7,12.28,38,31,Moderate,Low,6,Yes,39109-68423
SUV,11,63054,102,1527,33,10.6,12.0,38,36,Moderate,Low,3,No,34365-71339
Truck,12,200604,107,1842,29,6.6,12.27,43,30,Good,Low,2,No,12950-54701
Truck,4,215346,108,1757,29,9.9,12.35,39,34,Worn,Low,1,Yes,9547-16399
Sedan,4,232584,93,3404,40,16.4,12.27,30,31,Worn,Medium,4,No,40355-81075
Truck,5,113164,97,2096,23,8.0,12.62,45,30,Good,High,7,No,8513-17415
Hatchback,6,61289,98,3477,45,13.9,12.7,39,29,Good,Low,11,No,46671-132229
Truck,10,190245,100,1287,31,5.6,11.98,34,34,Moderate,Low,10,No,13571-42935
Sedan,8,86030,97,3079,39,12.8,12.26,29,28,Worn,Medium,2,Yes,23863-163389
SUV,12,35434,87,2291,28,9.9,12.48,27,30,Moderate,High,12,Yes,6977-26089
SUV,3,233236,96,2793,38,14.1,12.2,28,33,Moderate,Low,9,No,53598-180000
SUV,10,59473,93,2067,28,11.8,12.67,26,28,Worn,High,6,No,18115-50809
SUV,2,23564,93,2900,36,12.8,11.87,36,28,Critical,Low,2,No,54038-180000
Hatchback,4,160503,97,3361,42,19.6,12.08,45,31,Good,Low,9,No,48844-119720
SUV,8,85583,101,988,34,9.5,12.78,28,29,Good,Low,2,Yes,54503-117789
SUV,6,234537,87,2239,37,11.9,12.49,43,33,Good,Low,6,No,62207-110109
Truck,12,173069,109,3414,21,8.5,12.05,28,34,Good,Low,6,Yes,6677-13919
Truck,11,27759,103,866,23,6.6,12.36,32,33,Good,Medium,2,No,6357-160965
Hatchback,3,101943,94,2101,44,16.6,12.25,39,34,Good,High,11,No,36611-70989
SUV,10,95254,100,917,37,13.2,12.76,30,33,Moderate,High,12,No,13199-24779
Hatchback,11,197235,95,2089,34,16.9,12.3,34,29,Worn,Medium,11,No,6789-17027
SUV,7,111994,100,1115,35,11.0,12.61,26,28,Good,Low,12,Yes,15153-49981
Hatchback,11,212289,84,781,40,19.2,12.52,43,28,Moderate,Medium,1,No,93778-160936
Truck,10,240926,105,2758,21,8.6,12.37,39,31,Worn,High,1,Yes,2438-3792
Truck,11,158962,109,1010,26,5.3,12.75,39,35,Moderate,High,6,Yes,1113-2413
SUV,8,201780,98,2123,27,12.9,12.22,37,28,Good,Low,2,Yes,66477-167033
Hatchback,6,199236,90,1664,31,22.8,11.78,44,36,Moderate,High,6,No,28202-70224
Truck,12,206157,110,1719,19,8.8,12.69,32,28,Moderate,Medium,12,No,261-1351
Hatchback,2,24203,92,1691,46,16.7,12.62,29,35,Moderate,Low,12,No,59986-98326
Sedan,6,100423,91,2082,34,13.3,12.67,26,29,Worn,Low,6,No,47006-80994
SUV,2,22484,97,3195,29,12.7,12.56,44,31,Good,Low,8,Yes,35993-110427
Sedan,2,100731,87,1611,31,16.1,12.54,45,33,Good,Medium,3,Yes,14142-101446
Hatchback,4,99992,85,1009,39,19.5,12.28,32,36,Good,Medium,3,No,42777-131863
Truck,6,125078,92,3298,27,7.2,12.36,45,33,Good,Medium,10,No,40618-73170
SUV,8,164389,93,1885,27,10.7,11.75,36,30,Good,Medium,11,Yes,34952-70866
Sedan,8,102898,86,2968,39,15.7,12.58,36,29,Moderate,Medium,1,No,61606-157868
Hatchback,4,147582,98,1641,33,16.6,12.26,25,31,Good,High,8,No,35856-58478
SUV,11,10367,100,1583,41,13.4,12.76,27,31,Good,Low,10,No,81828-128504
Sedan,11,148594,90,2595,34,13.4,11.91,41,28,Good,High,4,No,18492-37274
Sedan,11,163377,99,2834,37,16.3,12.35,42,32,Good,High,10,No,18838-50552
Sedan,4,88337,97,988,43,14.4,11.84,40,30,Good,Medium,6,No,27354-148294
SUV,4,178102,97,2824,26,7.2,11.86,26,35,Good,Medium,11,No,18945-59065
Hatchback,2,87113,92,877,45,18.0,12.57,43,35,Good,Low,11,No,25846-102688
SUV,10,238712,93,2157,31,11.5,11.8,44,35,Worn,Low,3,No,48361-159139
SUV,7,228396,100,1034,36,12.4,12.47,27,35,Worn,Medium,12,No,23295-37691
Sedan,10,41814,93,1145,33,13.4,12.69,38,36,Worn,Low,1,Yes,34080-122628
Sedan,9,230294,97,1110,32,16.5,12.41,34,29,Moderate,Medium,4,Yes,22105-83935
Hatchback,2,37428,98,1229,40,18.2,12.28,42,35,Moderate,Low,2,No,74393-180000
Truck,10,46175,102,1837,24,5.7,11.78,32,30,Critical,Low,7,Yes,14472-28952
Truck,11,169293,100,3325,29,5.4,11.93,43,32,Good,High,10,No,8191-25905
Hatchback,8,86781,93,1044,27,20.6,11.91,41,30,Moderate,Low,7,Yes,39293-74695
Sedan,11,133559,96,2253,37,14.5,11.78,44,35,Good,Low,7,No,75819-127925
SUV,12,71645,93,2301,37,11.8,11.93,38,35,Good,Medium,6,Yes,29605-158930
Hatchback,10,102031,98,2598,46,19.2,12.15,28,29,Good,High,9,No,20333-33627
Truck,4,42957,101,2352,24,9.8,12.74,41,34,Moderate,High,11,No,7912-15806
Hatchback,4,213413,85,2367,43,20.6,11.93,28,29,Moderate,Medium,4,No,42343-85509
Hatchback,10,128283,97,1369,42,18.0,11.81,32,28,Worn,Medium,3,No,37915-139215
Hatchback,2,181078,86,2833,35,15.1,11.7,30,30,Critical,High,7,No,8218-23154
Hatchback,8,101786,97,2808,43,20.5,11.7,29,35,Good,Low,5,No,59865-150887
SUV,9,231677,106,2468,35,11.2,12.04,28,32,Good,High,11,No,4458-11752
Sedan,1,104024,91,3493,30,12.2,11.99,35,36,Good,Low,5,No,67734-180000
Truck,10,77924,105,2956,20,6.2,11.72,37,28,Good,Low,3,Yes,7860-26412
Sedan,5,63760,92,3457,39,15.4,12.43,41,31,Good,Low,10,No,58308-126578
Sedan,5,229357,99,2000,42,13.7,12.15,32,29,Moderate,Medium,4,No,42688-93764
Sedan,6,102399,84,877,40,16.8,12.33,44,29,Worn,High,9,No,25000-61186
Truck,2,150166,105,3092,28,4.3,12.16,38,29,Good,Medium,6,No,12119-41715
Sedan,2,199977,84,1256,34,14.2,12.34,27,30,Moderate,Medium,5,No,24010-101205
SUV,7,242496,97,1763,29,11.6,12.4,28,36,Moderate,Low,8,No,33895-67135
Truck,3,173501,109,1028,26,9.4,11.72,33,33,Good,Medium,8,No,7900-30938
Sedan,4,178230,93,2393,39,13.9,12.55,41,36,Critical,High,10,Yes,8605-13537
Truck,4,113363,108,1109,26,5.3,12.09,44,32,Good,Low,1,No,26167-53113
Sedan,9,238032,97,2618,31,14.6,12.61,38,35,Good,Medium,11,No,15135-62095
Truck,11,48181,107,1730,33,8.7,12.07,45,32,Moderate,Low,8,No,15063-33081
SUV,2,152490,100,1580,34,13.0,12.49,45,35,Good,High,9,Yes,26161-45139
Hatchback,1,230354,83,2831,32,19.2,12.44,25,30,Good,Medium,8,No,51523-116683
Sedan,11,112195,88,2059,38,13.2,12.12,36,33,Moderate,Low,9,No,57230-126310
SUV,4,11101,92,1022,34,13.6,11.74,26,35,Good,Low,3,No,60707-138949
Sedan,12,149648,98,1147,38,12.4,12.66,32,28,Moderate,Medium,7,No,33003-112627
Truck,3,15295,99,3453,27,8.0,12.61,31,30,Worn,Medium,11,Yes,7162-11566
Sedan,6,42320,89,1615,43,14.2,12.25,26,32,Good,High,7,Yes,23845-67261
Hatchback,9,30394,94,1603,37,18.5,11.84,25,36,Good,High,6,No,37815-121411
Sedan,6,135333,96,2988,39,14.9,12.13,34,28,Moderate,Low,6,Yes,41730-92950
Hatchback,3,33731,92,1384,28,17.3,12.47,45,28,Good,Low,5,No,46450-152696
SUV,3,185853,96,2061,37,12.6,11.99,37,34,Good,Low,1,No,64052-144418
Sedan,6,71208,91,3471,25,16.8,11.81,26,28,Moderate,High,11,No,12172-21984
Hatchback,12,207954,92,1271,33,18.2,12.65,29,32,Moderate,Low,7,Yes,57434-103294
Sedan,12,60042,88,1114,38,13.7,12.13,38,36,Good,Low,9,No,56880-180000
SUV,2,175707,91,941,41,10.6,12.15,37,29,Good,Low,8,No,97209-155013
Hatchback,6,164714,95,1550,32,17.8,11.74,36,30,Good,Medium,6,No,45539-104907
SUV,6,90793,92,1798,29,13.6,12.74,43,32,Good,Low,5,No,37170-125142
SUV,2,187131,91,2803,38,9.8,11.85,38,29,Critical,High,4,No,20707-72297
Sedan,4,73717,90,2906,42,17.3,12.01,44,33,Moderate,Low,1,No,61812-113090
SUV,12,170571,95,1026,39,8.3,12.37,42,34,Good,Low,6,No,47736-170690
Sedan,5,46811,85,2794,38,18.2,12.54,33,35,Worn,High,9,No,14974-42914
SUV,1,208765,100,2077,43,13.8,11.93,32,30,Good,Low,3,No,47360-180000
SUV,12,142222,104,1685,40,9.9,12.34,45,31,Moderate,Medium,10,No,30840-95644
Hatchback,2,15757,89,1940,34,21.9,11.81,32,34,Good,Medium,9,No,36963-91041
Sedan,2,50392,98,719,29,16.7,12.02,34,30,Good,High,2,Yes,14855-53549
Truck,9,208612,101,3306,21,7.3,11.82,28,31,Moderate,Low,5,No,9662-15796
SUV,6,229661,101,855,29,9.8,12.58,26,30,Moderate,Low,3,No,18679-164491
Truck,9,189086,103,1781,26,7.5,12.4,28,30,Moderate,Low,2,No,28719-84939
Sedan,6,111651,99,3462,34,15.8,12.06,45,30,Good,Low,9,No,35196-143156
SUV,7,126842,95,2373,41,11.9,12.15,36,34,Good,Low,4,No,40449-180000
Hatchback,8,77272,96,2356,41,21.6,12.12,40,28,Moderate,Medium,1,No,63314-99536
Sedan,6,155619,94,739,42,14.5,12.62,42,29,Moderate,Medium,1,No,59131-165721
Hatchback,3,223620,89,1903,37,21.0,11.95,35,31,Moderate,Medium,9,No,25111-131566
SUV,1,164059,97,3045,40,10.0,12.48,44,28,Good,High,11,No,24740-86054
Sedan,8,161474,98,1519,35,14.4,12.4,40,31,Moderate,Low,8,No,31694-92254
Sedan,9,73695,92,1300,39,14.1,12.36,36,36,Worn,High,2,No,38204-90226
Sedan,3,223255,95,2590,36,15.6,12.01,25,34,Moderate,Low,6,No,54544-91734
Sedan,10,154141,84,1302,34,16.5,11.72,45,31,Moderate,Medium,6,No,42465-68259
Hatchback,6,125322,91,1655,39,17.5,11.86,45,28,Critical,Low,7,No,38392-69026
Truck,5,45632,108,3132,18,6.9,12.36,30,31,Good,Low,3,No,6922-25550
Sedan,7,158008,88,2363,34,17.9,12.44,27,34,Good,High,12,No,12055-38653
SUV,11,246011,97,687,25,10.7,12.2,42,30,Good,Low,7,No,79799-177923
Sedan,11,63614,91,1593,42,15.3,12.32,26,33,Good,Low,8,Yes,94110-152922
SUV,11,235606,92,2428,23,12.7,12.43,44,33,Good,Low,6,No,85258-152668
Truck,4,127935,108,1651,33,9.2,12.53,42,31,Worn,Low,2,No,12865-47925
Sedan,9,173425,101,3265,35,11.7,12.25,38,34,Good,Low,4,No,25562-81744
Hatchback,9,77331,88,2114,34,13.4,12.47,41,32,Good,Medium,6,No,66306-101020
Hatchback,2,22534,91,643,45,19.8,11.82,37,28,Worn,High,10,No,25149-43949
Truck,8,85404,98,1405,20,9.8,12.63,29,34,Critical,Medium,7,No,5973-12933
SUV,5,146907,98,2350,34,9.4,12.35,26,34,Good,Low,7,No,88593-154089
Truck,2,180135,112,793,22,5.2,12.15,37,35,Critical,Low,11,No,1218-2266
Truck,4,173797,103,1440,29,5.6,11.87,38,32,Moderate,Low,11,No,12792-43850
Sedan,1,58099,98,633,32,12.0,12.18,35,35,Worn,Medium,11,No,18554-46280
Sedan,12,37216,88,2995,32,16.1,12.5,26,29,Critical,Low,12,No,13087-37277
SUV,1,159462,106,760,30,14.5,11.93,45,32,Good,High,3,No,9297-17049
Sedan,5,150167,97,3452,45,11.3,12.46,34,31,Worn,Low,12,No,26547-75353
Sedan,12,149050,93,1938,38,16.3,11.89,42,36,Good,Medium,8,No,60959-180000
SUV,3,140611,95,1064,38,9.5,12.77,25,32,Worn,Low,1,No,47808-131358
Hatchback,9,36401,97,3388,39,19.3,12.16,42,33,Good,Low,8,Yes,56609-98707
SUV,6,87868,98,3284,29,11.0,11.79,25,35,Good,Low,5,Yes,29553-113361
Truck,9,172037,109,2709,18,9.6,12.34,41,30,Good,High,9,Yes,1714-4314
Sedan,11,58653,85,1055,42,11.5,12.15,37,33,Moderate,Low,6,No,53846-154512
Truck,12,152340,111,2131,25,3.3,12.62,39,32,Worn,Low,12,No,4788-20375
Truck,2,138954,102,2903,23,4.9,11.99,27,30,Good,Low,10,No,28238-88306
Sedan,1,53350,87,2642,31,15.3,12.06,36,35,Worn,Medium,10,No,42594-89824
Truck,11,53539,96,888,28,5.5,11.74,30,36,Good,Low,1,No,33613-90869
SUV,5,242344,95,2213,31,10.5,12.48,38,29,Good,Low,5,No,31007-180000
Sedan,6,204197,97,1260,31,18.2,12.11,41,29,Good,Low,5,No,37077-97991
SUV,4,182680,96,3200,36,10.3,12.36,28,28,Good,Medium,2,No,81339-162887
Sedan,5,101100,92,2207,31,16.6,12.29,36,29,Good,Low,8,Yes,29924-84538
Truck,9,238580,102,3079,25,6.1,12.33,32,29,Good,Medium,4,No,23920-48234
SUV,4,188101,96,2031,32,15.5,12.24,34,32,Good,High,5,Yes,10144-69095
Hatchback,10,127126,85,1689,44,16.8,11.87,45,32,Moderate,Low,6,No,92026-177562
Truck,3,101568,111,3071,20,3.8,11.95,27,29,Good,Medium,1,Yes,2061-6037
Hatchback,6,65057,91,1609,46,19.8,11.77,26,33,Good,Low,1,Yes,41378-149026
SUV,2,157389,102,3120,41,6.8,12.57,37,33,Moderate,Low,4,No,94503-166393
Truck,4,64103,105,959,25,7.9,11.77,25,32,Good,Medium,7,Yes,28414-74382
Sedan,6,81046,92,2824,32,16.0,11.77,42,32,Moderate,Low,9,No,43205-104123
Truck,11,125656,102,2567,35,7.4,12.67,41,28,Good,Medium,6,No,25999-93393
Hatchback,11,113557,85,3334,34,18.3,12.43,44,31,Worn,Low,8,Yes,31561-96755
Sedan,3,35757,87,2943,38,17.0,12.07,26,35,Good,Low,6,No,55149-124529
Truck,10,24766,103,2885,26,8.7,12.36,44,29,Good,Medium,12,No,11485-21327
Sedan,4,117830,99,2080,31,12.2,12.42,35,28,Moderate,Low,7,No,42555-82033
SUV,11,212023,99,2166,33,12.6,12.28,45,30,Critical,Low,1,No,27284-88008
SUV,3,84935,95,2112,40,8.3,12.75,28,32,Good,Low,7,No,63703-106817
Sedan,2,112019,94,2110,32,17.6,12.73,27,33,Critical,Low,11,No,12813-25947
Truck,5,187076,100,2577,23,6.9,12.41,29,36,Moderate,High,12,Yes,1702-4206
Sedan,6,140889,98,1552,42,15.0,12.44,29,33,Good,High,11,No,14276-36522
Truck,11,218187,101,1204,31,4.3,12.09,26,28,Critical,Low,2,Yes,10069-30735
Sedan,7,177710,97,3019,40,13.9,12.39,25,34,Good,Medium,2,No,22212-180000
SUV,12,11223,96,1896,36,8.9,12.4,40,33,Moderate,Medium,1,Yes,59491-97965
SUV,6,104546,87,1548,41,10.6,12.4,27,35,Good,High,1,Yes,52823-120447
Hatchback,11,60921,99,1175,40,16.0,12.2,28,30,Good,Low,8,No,73869-158923
SUV,2,77529,94,938,36,13.5,12.03,41,30,Critical,Medium,7,No,46303-115079
Hatchback,4,150718,97,3052,43,20.0,12.67,41,33,Moderate,Low,11,No,15135-51993
Sedan,6,106381,99,2946,44,14.4,12.79,37,32,Moderate,Low,5,No,31504-73072
Sedan,1,153309,94,2124,34,17.9,12.08,29,35,Moderate,Medium,9,Yes,16754-49686
Hatchback,1,180390,87,3368,40,18.0,11.84,38,32,Good,Low,3,No,60239-137887
Sedan,2,239106,88,3082,30,18.0,12.46,45,36,Good,Low,6,No,53201-130131
Sedan,10,112184,84,1843,35,13.1,12.25,30,30,Moderate,Low,10,No,39250-136082
Sedan,5,197737,94,2545,35,16.4,12.21,43,28,Critical,Medium,1,No,33272-52350
Sedan,11,239978,92,2590,39,13.1,12.33,40,29,Worn,High,3,No,36977-57611
Truck,3,40818,111,3485,18,5.9,12.31,25,30,Critical,High,11,No,2045-3667
Hatchback,9,58352,89,2205,31,20.6,12.27,42,35,Worn,High,11,No,14560-23518
Sedan,3,134137,89,2349,40,14.0,12.05,30,28,Moderate,Medium,5,No,28400-109022
SUV,1,248954,92,3246,32,10.6,12.31,34,30,Good,Low,4,No,34350-133808
SUV,9,217267,94,3432,32,7.2,12.46,44,28,Good,High,11,Yes,12890-39436
Sedan,7,184975,97,2844,39,17.6,12.56,45,34,Moderate,Low,12,No,34019-57795
Truck,3,16938,95,2988,22,10.5,11.93,39,29,Moderate,Low,8,No,26051-67081
Truck,11,57558,105,1372,23,6.9,12.74,30,31,Good,Low,3,No,38525-112587
Hatchback,3,50017,85,2715,39,19.5,11.87,43,28,Good,Low,3,No,74933-126369
Hatchback,5,123149,91,991,42,22.1,12.49,33,31,Moderate,Low,5,Yes,42865-83659
Hatchback,11,181490,91,2741,38,21.4,11.99,28,32,Good,High,11,No,23831-91745
Sedan,7,246741,87,1324,41,15.2,12.29,40,32,Good,Medium,6,No,89083-170951
SUV,5,233113,100,1301,36,13.1,12.79,40,33,Moderate,High,5,Yes,24641-45271
Sedan,3,38890,100,2084,38,15.1,12.05,31,30,Moderate,High,9,No,25814-50536
Sedan,4,34288,96,1881,28,16.5,12.06,43,36,Moderate,Low,5,No,46559-113845
SUV,10,128878,102,1083,23,10.5,11.87,38,33,Moderate,Low,8,No,37807-119457
Hatchback,3,151628,89,1949,41,17.0,11.81,34,30,Worn,Low,4,No,59025-180000
Truck,10,35268,104,2507,18,4.5,12.12,34,34,Good,Medium,7,No,10633-39501
Hatchback,5,79806,88,2750,35,21.4,12.54,37,34,Critical,Low,2,No,41878-112988
Sedan,5,89935,88,2738,40,18.5,12.46,30,28,Critical,High,1,No,32889-70871
SUV,6,49179,99,1523,30,9.5,12.63,43,33,Worn,Low,1,No,64132-159982
Hatchback,1,183400,90,2668,28,17.0,11.98,29,30,Good,Low,5,No,41761-153693
Hatchback,9,53121,96,2226,33,21.8,12.0,31,32,Worn,Low,9,No,32195-114323
Hatchback,1,155552,91,2100,32,20.8,12.16,41,30,Critical,High,2,No,10276-22140
Truck,1,130395,110,1903,19,9.8,12.41,28,34,Good,Low,7,No,8572-19216
SUV,2,198763,93,2555,36,10.7,11.91,41,36,Moderate,Medium,2,No,77404-147784
SUV,5,133099,88,2997,38,12.3,12.66,25,32,Good,Low,8,No,95122-159336
Sedan,12,189243,100,1885,36,15.9,12.17,27,33,Worn,Medium,11,No,21896-35446
Truck,11,199396,112,1649,33,7.2,12.5,32,32,Moderate,Medium,5,Yes,8323-13109
SUV,5,10049,88,2235,34,9.7,12.15,40,35,Good,Medium,10,Yes,44198-78602
Sedan,9,91893,96,1271,26,10.8,11.76,35,29,Good,Low,8,No,41285-63635
Hatchback,10,125365,95,909,34,16.4,11.94,29,31,Critical,Low,9,No,45158-74328
SUV,9,164164,93,784,27,7.5,12.58,37,34,Good,Medium,4,No,69646-115514
Hatchback,10,130083,90,1596,41,21.0,11.88,45,36,Worn,Low,4,Yes,39640-105276
SUV,6,45849,96,2650,31,11.1,12.2,36,35,Moderate,Low,6,No,9045-172054
SUV,2,248512,99,3318,31,12.8,12.5,42,28,Good,Low,8,No,70047-180000
Sedan,3,68372,90,1171,39,16.3,12.28,35,35,Critical,Low,11,No,21182-63800
Hatchback,7,21300,85,758,42,15.3,11.95,25,30,Good,Medium,3,No,58384-133546
Truck,3,52464,112,616,27,5.6,12.04,43,34,Good,Medium,12,No,5845-11185
SUV,5,223810,100,1273,26,7.5,12.69,34,32,Good,Low,3,No,83470-174634
SUV,6,206115,95,1109,26,9.9,11.98,31,29,Good,Medium,7,Yes,40467-91231
Truck,12,141596,111,1779,34,5.9,12.17,45,35,Worn,Low,1,Yes,12573-40855
Sedan,10,242792,91,718,35,13.2,12.72,38,29,Good,Low,4,No,75688-180000
Truck,4,211150,103,1630,30,6.5,12.27,40,29,Good,Low,5,No,39892-88724
Truck,1,174418,106,3237,32,7.3,12.37,30,35,Good,Low,10,No,18272-49004
Truck,4,87414,107,1768,17,7.8,12.23,28,33,Good,Low,11,No,8111-13239
Hatchback,8,133287,87,3459,42,20.1,12.41,33,36,Good,Low,3,No,36595-180000
Sedan,6,144377,97,2156,30,19.1,12.01,39,32,Good,Low,3,No,44575-133473
Sedan,2,95617,98,3463,31,13.3,12.5,28,36,Moderate,Medium,3,No,11955-85676
SUV,3,23969,104,729,27,13.1,11.91,45,32,Critical,High,11,Yes,1793-2957
Truck,9,81591,104,2520,28,9.6,12.64,44,34,Moderate,Low,8,No,18220-41860
Sedan,3,30187,95,1657,40,14.2,11.72,33,31,Moderate,Low,5,Yes,28216-103554
Hatchback,8,47255,88,2150,28,17.4,11.91,33,28,Good,Medium,3,No,8561-145321
SUV,1,157666,101,2602,29,10.7,11.91,33,35,Good,Low,1,No,74613-180000
Sedan,2,151406,90,608,31,15.3,11.71,34,34,Good,Low,2,Yes,52028-180000
Truck,10,170529,100,3031,26,8.1,12.55,45,31,Good,Low,1,No,26182-79282
Truck,12,49608,98,1787,33,4.2,12.22,43,31,Good,Low,4,No,46685-98307
SUV,2,177498,96,623,40,11.4,11.99,33,31,Good,Low,6,No,52808-109518
SUV,1,82634,92,1874,29,9.7,12.24,25,29,Moderate,Low,12,No,40585-68049
Truck,4,194081,103,3101,24,7.0,11.98,37,34,Worn,Low,2,No,40543-107055
Hatchback,7,86592,86,3035,33,20.1,12.64,39,33,Good,Low,7,No,65096-180000
Hatchback,7,226953,94,1678,41,20.1,12.49,25,32,Moderate,Low,1,No,42902-137126
SUV,10,193482,94,2335,38,12.2,12.26,42,33,Good,Medium,9,No,57265-134005
SUV,10,194342,95,1191,39,12.3,12.32,32,36,Moderate,High,9,No,42216-63662
SUV,6,47674,92,3257,31,9.6,12.47,28,30,Good,Low,4,No,54027-118575
Sedan,12,177673,95,2979,30,14.9,12.58,36,32,Worn,Low,3,Yes,3147-131191
Truck,7,68489,95,807,27,8.1,11.76,40,28,Good,Low,9,No,42412-82432
Sedan,2,169469,100,2228,30,15.3,11.72,30,32,Moderate,Medium,5,No,26211-85117
Truck,9,195469,95,2632,21,8.8,11.87,25,30,Moderate,Low,11,No,5321-13873
Sedan,1,141346,98,2236,42,17.8,11.77,33,29,Critical,Medium,11,No,7836-18470
SUV,4,151361,93,1804,23,12.7,12.78,30,32,Good,Medium,11,No,42005-119735
SUV,6,163636,95,905,31,7.7,12.53,41,28,Moderate,Low,3,No,51933-80109
Truck,9,186184,105,1919,27,3.9,12.69,39,33,Good,Medium,2,No,48541-116907
Hatchback,4,25942,98,2699,43,19.9,11.87,25,34,Critical,Medium,3,No,10091-82489
Hatchback,4,104699,86,1012,38,19.2,11.7,35,34,Good,High,6,No,40527-69433
Truck,3,155281,94,610,17,5.2,12.58,41,36,Moderate,High,6,Yes,4145-13927
Sedan,6,48777,91,3003,35,17.0,12.28,42,28,Critical,Medium,3,No,26680-46752
Hatchback,5,133161,94,1934,29,16.4,11.71,43,28,Worn,Low,12,Yes,20630-81701
Sedan,3,216599,92,2009,28,17.4,12.6,26,33,Moderate,Low,5,Yes,37744-77462
Sedan,5,112662,87,3397,36,15.8,11.76,45,29,Worn,Low,4,No,78016-168190
Truck,6,141180,114,1172,23,6.3,12.04,37,31,Moderate,Medium,1,No,11722-30334
Truck,4,139598,99,2257,21,7.3,12.1,32,33,Worn,Low,3,No,21145-34445
Truck,7,244033,97,2818,19,5.2,12.28,34,28,Critical,Low,6,Yes,3045-11877
SUV,10,87238,106,2371,37,13.7,12.48,28,36,Worn,Low,7,No,35455-84211
Hatchback,7,137172,87,1651,36,13.6,11.95,26,36,Worn,Medium,1,No,68754-124190
Truck,4,126851,109,2676,22,3.5,11.93,32,34,Worn,Medium,2,No,8789-30933
Sedan,6,121599,95,619,38,13.3,12.76,45,29,Good,High,4,No,13114-40650
Truck,2,148211,107,2164,17,5.9,11.88,31,36,Critical,Low,12,No,1075-3913
Hatchback,7,188869,88,2934,41,15.7,11.74,39,31,Good,Low,9,Yes,76766-168970
Hatchback,9,86438,96,2397,34,18.8,11.77,33,30,Critical,Low,8,No,33278-51936
Sedan,12,100378,87,1950,39,11.6,11.94,28,32,Good,Low,1,Yes,73976-161600
Truck,4,213721,111,892,35,10.3,11.73,31,31,Good,High,10,No,5247-10339
Hatchback,8,132782,95,3076,42,13.7,12.51,30,32,Moderate,Medium,4,No,51540-111674
SUV,10,110011,101,2146,36,12.9,12.48,28,35,Good,Medium,5,No,39788-157804
Truck,10,136012,98,3415,20,6.2,12.29,26,36,Moderate,Medium,4,No,11846-43558
Sedan,11,39767,96,2247,33,12.7,12.49,34,28,Good,Medium,8,Yes,28216-74608
Sedan,9,104492,95,2672,34,13.8,12.36,28,29,Moderate,Low,7,No,54921-118225
Sedan,3,168985,93,2695,38,12.9,12.7,39,28,Good,High,6,No,47742-131542
Truck,8,23688,108,2401,34,9.0,12.38,36,29,Worn,Low,7,No,20252-37174
Sedan,10,83359,98,879,35,16.0,12.62,32,28,Moderate,Low,6,No,41958-79694
Truck,2,107691,95,1127,34,9.3,12.68,27,28,Worn,Low,6,Yes,44804-74890
Truck,7,176339,100,2072,33,7.1,11.94,33,34,Good,Low,4,No,30539-80535
SUV,10,73115,92,3212,39,13.1,12.6,33,29,Good,Medium,3,Yes,43851-121227
Truck,4,131626,107,1223,30,8.4,12.62,44,29,Moderate,Low,5,No,12090-41316
Sedan,8,135936,91,2056,40,14.7,12.08,26,29,Good,Low,12,No,56023-101327
Hatchback,9,200306,95,1380,41,17.0,12.06,35,33,Moderate,High,12,No,8436-19938
Hatchback,5,45709,96,707,45,17.5,12.34,43,30,Moderate,Low,7,Yes,39833-138903
Hatchback,12,156950,86,1785,41,14.2,12.16,28,34,Critical,Medium,8,No,39444-79800
SUV,2,57437,89,2022,34,8.5,12.18,29,36,Moderate,Low,11,No,57486-88888
Truck,12,156131,107,2349,29,6.2,12.7,38,29,Good,Low,6,No,19144-32296
Sedan,8,41972,96,2107,32,16.1,12.63,39,30,Moderate,Low,9,No,51070-122306
Sedan,2,228508,91,2473,43,16.4,12.7,45,36,Moderate,High,12,No,7475-13889
SUV,3,205379,89,714,28,11.2,11.76,37,36,Good,Low,2,No,58823-180000
Truck,8,70881,93,3183,34,6.3,11.84,32,35,Moderate,Low,8,No,50145-84525
Truck,11,141503,100,2139,35,8.9,11.94,42,35,Moderate,High,1,No,9316-19176
Hatchback,4,73319,91,1165,35,16.4,11.82,40,36,Moderate,High,11,No,13002-20138
Truck,6,167719,95,1506,20,8.4,12.57,45,36,Worn,High,9,No,1379-5960
SUV,4,222119,91,2494,26,11.5,12.17,37,33,Moderate,Low,6,No,82721-160225
SUV,2,214259,98,2106,37,10.3,12.29,32,35,Good,Low,2,No,46781-135985
SUV,9,193569,104,814,38,14.5,12.51,44,29,Moderate,Low,2,No,86244-141998
Truck,11,226051,98,2162,28,5.7,12.28,43,33,Good,Low,3,Yes,20635-52375
SUV,5,112483,93,1385,40,10.8,12.35,33,30,Good,Low,3,No,68980-168904
Truck,2,119646,98,3348,20,5.9,11.78,42,30,Worn,Low,5,No,13176-40704
Truck,9,123741,110,3144,34,7.6,12.28,29,29,Good,Low,6,No,18198-36014
Hatchback,12,84659,97,1994,32,12.7,12.1,34,28,Worn,Low,6,No,20994-147523
Hatchback,6,156219,91,1617,37,19.0,12.51,27,30,Good,Low,3,No,34380-127118
Hatchback,1,150278,95,2065,46,18.5,11.96,44,31,Critical,Low,9,No,15686-100989
Hatchback,11,15727,88,1494,35,19.5,11.99,36,30,Good,Low,10,No,71907-152949
Hatchback,7,88315,92,3271,45,21.1,11.75,42,33,Good,Medium,1,No,80221-180000
Truck,11,216545,104,2027,29,7.0,11.93,29,32,Worn,Medium,1,No,39772-74516
Sedan,12,13599,91,757,42,16.4,12.74,36,34,Good,High,1,No,46492-79796
Sedan,9,183861,94,1506,32,14.1,12.63,41,34,Good,Low,11,No,52761-82165
SUV,11,200751,102,969,40,11.5,12.32,36,29,Good,High,9,No,44261-112921
Sedan,10,148002,96,1100,43,16.4,12.14,30,34,Good,Low,2,No,55338-180000
Truck,12,232789,98,1550,20,4.2,11.84,37,31,Good,Low,9,No,17390-65132
Truck,5,238394,98,1499,26,6.6,12.75,41,30,Critical,Low,9,No,10635-24021
Truck,5,23230,106,2240,28,7.1,11.77,34,31,Good,High,10,No,4984-15392
SUV,12,227204,91,2610,36,10.9,11.87,30,36,Good,Low,8,No,49528-121922
SUV,7,98896,87,2053,29,8.7,12.68,40,35,Good,High,9,No,58569-95687
SUV,2,35047,91,2219,35,12.3,11.98,30,29,Good,Low,5,No,37342-180000
SUV,11,69139,94,2274,26,11.8,12.21,37,32,Good,Medium,2,No,71419-131653
Hatchback,8,146634,87,1595,31,18.3,12.42,31,30,Good,High,12,Yes,4750-47395
Sedan,12,158377,96,2922,43,16.3,12.01,39,33,Critical,Low,11,No,8895-15817
Truck,11,97151,97,3277,26,3.3,12.07,29,36,Good,High,1,No,19464-30984
Hatchback,10,152439,88,2181,37,16.5,11.75,27,35,Moderate,Low,9,No,65073-107145
Hatchback,4,137752,98,1791,39,19.7,11.97,42,28,Worn,Low,6,Yes,44187-109823
SUV,1,39258,106,723,40,8.6,11.71,42,31,Good,High,8,No,1751-70790
SUV,1,50402,99,1393,27,10.4,12.2,27,30,Good,Medium,4,No,38288-129110
Hatchback,1,144903,95,1157,35,21.0,12.34,29,36,Good,Low,4,Yes,59133-90905
SUV,5,107375,104,1366,39,9.6,12.41,30,29,Good,Low,7,Yes,91413-153275
SUV,7,62457,101,976,36,12.2,12.39,44,29,Worn,Low,7,Yes,24200-83692
SUV,9,137477,106,1568,28,13.2,12.54,28,30,Moderate,Medium,6,No,26610-77054
Sedan,12,18271,98,2213,30,12.9,12.46,34,35,Good,Medium,9,Yes,29337-80075
SUV,3,82058,91,3225,32,12.3,12.2,40,36,Critical,Low,5,No,36419-75873
SUV,1,239470,97,1075,23,11.2,12.58,33,33,Good,Low,10,No,82360-180000
Truck,4,212821,99,1208,27,7.7,12.27,39,31,Good,Low,12,No,32211-56371
Truck,5,9877,98,2940,31,6.3,12.71,30,28,Good,Low,12,No,12976-49018
SUV,2,157816,96,2274,39,10.6,12.01,34,28,Good,Medium,6,No,62344-180000
Hatchback,9,146405,87,2510,42,21.7,12.36,27,34,Good,Medium,2,No,84710-174916
SUV,12,226974,96,2857,35,10.5,11.73,41,31,Good,Medium,1,No,83007-130471
Sedan,11,23317,95,2825,39,16.1,12.52,39,31,Moderate,Low,5,No,45204-114776
Hatchback,8,18123,98,1472,30,21.0,12.13,40,32,Critical,Low,11,No,7201-22197
Sedan,1,46158,103,1862,32,17.3,12.31,32,29,Good,Low,3,No,43654-134912
Sedan,7,124253,90,3246,40,15.7,12.53,27,35,Good,Medium,8,No,66333-125615
Truck,8,50754,101,2657,24,5.1,12.56,29,31,Good,Low,5,No,36842-121418
Hatchback,11,149395,83,999,35,22.7,11.86,39,31,Moderate,High,11,No,16220-43678
Sedan,8,246855,83,1966,38,15.0,12.03,33,33,Critical,Low,6,No,31851-101875
Sedan,1,111676,95,1102,36,11.4,12.64,40,28,Good,Medium,2,No,60160-180000
SUV,4,54091,98,1170,30,8.7,11.72,38,33,Moderate,Medium,3,No,5763-142242
Hatchback,11,191268,89,3401,42,18.6,12.34,43,35,Worn,Low,5,No,63191-158375
Truck,1,229894,110,3323,23,3.1,12.23,45,31,Critical,Medium,4,No,5960-15562
Sedan,10,92307,97,782,26,17.1,12.75,44,32,Moderate,Low,10,No,43728-78254
Sedan,4,160609,92,2662,39,11.6,12.26,35,33,Moderate,Low,10,No,35813-180000
SUV,3,150575,98,2818,23,12.6,11.78,36,33,Good,Medium,11,No,9690-110172
Hatchback,7,208808,93,1747,28,22.7,12.41,35,32,Critical,High,9,No,9225-50187
Hatchback,9,129292,96,2393,38,19.0,12.75,30,35,Worn,Low,1,No,65420-150062
Hatchback,7,174715,86,751,41,14.1,12.03,33,34,Worn,Medium,8,No,46622-72834
Hatchback,7,121735,96,2101,35,17.0,11.8,27,30,Good,Medium,10,No,57001-99009
Sedan,6,53780,87,2984,35,18.2,12.77,44,35,Good,Medium,5,Yes,58812-88720
SUV,6,85410,104,3319,34,10.2,12.08,27,28,Moderate,Low,2,No,55956-157104
Truck,10,192088,103,2967,19,6.1,11.92,34,35,Good,Low,2,Yes,12532-45312
Hatchback,6,36611,91,3210,38,16.0,12.25,38,28,Moderate,Medium,12,No,35381-65907
Sedan,9,188354,88,979,30,18.8,12.64,43,28,Worn,Low,1,No,78973-156443
Sedan,5,141635,94,809,29,18.5,12.19,33,36,Good,Medium,7,Yes,34267-112137
Truck,6,27335,108,2316,29,7.5,12.71,29,29,Moderate,High,7,No,491-6643
Hatchback,5,13162,99,3184,38,18.8,12.16,42,34,Good,High,10,No,25009-89730
Hatchback,3,219587,96,3100,38,16.0,12.75,42,33,Moderate,Medium,3,No,43307-116771
Truck,10,168145,112,2553,22,3.5,11.97,35,32,Good,Medium,3,No,8967-25749
Truck,11,126312,106,3249,31,10.5,12.73,44,31,Critical,Low,11,Yes,925-2001
Truck,10,175877,100,1407,25,4.3,12.71,34,36,Good,Medium,10,No,6860-63288
Sedan,8,186506,85,2575,37,15.9,12.16,31,29,Worn,Low,11,No,27524-88376
SUV,2,216139,95,2872,37,12.1,12.61,35,30,Good,Low,4,No,54183-180000
Hatchback,6,20655,95,3462,35,17.1,12.59,39,34,Worn,Low,11,No,17508-94455
Hatchback,3,9046,92,1783,39,18.0,12.16,43,28,Moderate,Medium,6,No,37744-89378
SUV,8,122919,102,1858,32,12.4,12.74,42,29,Good,Medium,2,Yes,41133-80839
SUV,3,14780,100,3283,28,12.7,11.97,42,33,Critical,Low,7,Yes,31818-59852
Hatchback,9,82459,97,1990,31,21.8,11.82,38,32,Moderate,High,5,No,10279-33385
Hatchback,1,120727,94,1106,45,20.1,11.81,25,28,Moderate,Low,12,No,54508-99532
Truck,9,187310,93,2365,32,7.3,12.17,25,35,Good,Medium,4,Yes,23542-48596
Hatchback,3,18530,98,2544,37,15.0,12.69,38,33,Good,Medium,3,No,7174-124228
SUV,11,159464,94,2662,29,11.0,12.15,26,28,Critical,Low,9,No,45213-83091
Sedan,4,195396,92,1848,39,17.0,12.35,27,35,Worn,High,3,No,37900-78100
Hatchback,1,204042,84,1524,41,17.8,11.84,36,34,Critical,Low,11,No,7056-60885
Sedan,1,216845,98,1172,42,16.5,12.14,34,33,Good,Low,10,No,34012-134384
SUV,2,51807,91,1156,36,12.9,12.39,41,28,Good,High,11,No,18755-108047
Sedan,5,76755,82,1273,32,16.4,11.74,41,36,Good,Medium,12,Yes,15691-53623
Truck,1,47339,102,3341,32,8.0,11.97,38,31,Good,Low,8,Yes,21526-38482
Truck,11,79851,101,1424,16,5.5,11.94,31,35,Good,Medium,11,No,2510-5520
Hatchback,2,12289,85,3491,32,15.1,11.92,45,35,Worn,Low,7,No,37804-136772
SUV,8,88081,99,637,33,12.2,12.13,44,36,Good,Low,1,No,108899-166877
Hatchback,11,218963,88,1081,43,17.3,12.79,45,32,Worn,High,5,No,22892-79512
Hatchback,5,63065,96,2713,35,21.9,12.23,28,33,Good,Medium,7,No,55759-94279
Hatchback,4,108317,94,1683,34,16.6,12.44,42,36,Good,Low,3,No,90670-139664
Truck,8,230236,110,1369,22,6.5,12.49,43,30,Good,Low,12,No,8357-14885
Hatchback,7,23519,88,2271,43,17.4,11.84,41,32,Good,High,8,No,36215-102830
Hatchback,10,115965,95,2626,33,19.8,11.8,28,36,Worn,High,9,No,12741-35821
SUV,4,66948,99,2781,41,11.7,12.42,34,33,Good,Medium,11,No,22717-126328
Sedan,4,33838,94,1117,27,12.0,12.62,28,30,Worn,High,10,No,28168-67970
Truck,4,233911,96,2079,26,10.5,12.01,42,32,Good,Low,3,Yes,26148-63844
Truck,5,188145,111,1924,20,2.9,12.14,35,35,Moderate,Low,10,No,1855-4471
SUV,7,161805,102,3479,28,6.7,12.08,27,36,Good,Low,9,No,46865-159641
Sedan,6,116945,88,2925,33,14.8,11.86,26,33,Worn,Medium,7,No,34648-129914
Truck,12,50568,98,652,31,6.8,12.01,44,32,Good,Low,12,Yes,11098-22226
Truck,3,133863,101,3368,26,6.9,11.71,30,29,Good,Low,2,No,22002-112512
Truck,5,60628,109,1748,20,7.5,11.77,38,29,Good,Medium,6,Yes,7987-15531
Truck,8,68752,106,2547,31,7.2,12.38,34,30,Good,Low,6,No,16355-45729
Sedan,4,112758,95,2199,31,11.7,11.76,26,34,Good,Low,11,No,13998-88065
Sedan,5,163670,87,1417,33,13.7,12.36,33,31,Worn,Low,4,No,26947-171614
Sedan,4,59180,97,1517,29,15.3,12.71,34,33,Moderate,Low,9,No,55142-97022
Sedan,1,145724,96,1797,33,10.7,11.78,34,34,Worn,Medium,9,No,22761-86305
Sedan,3,152898,98,894,33,13.8,12.21,44,30,Good,High,2,No,17417-34003
Truck,6,22698,102,1402,29,6.0,12.15,37,30,Worn,Medium,1,No,35048-55370
Sedan,4,101277,86,3234,38,14.2,12.58,43,33,Good,Low,6,No,47731-180000
Truck,4,103356,100,3319,26,9.2,12.48,30,35,Moderate,Low,11,No,6868-39047
SUV,5,79261,96,770,37,15.2,11.74,36,31,Critical,Low,12,No,25285-79745
Truck,3,45805,100,1265,19,4.1,12.28,29,32,Moderate,Medium,11,Yes,1505-3901
Sedan,7,73001,90,2870,33,15.4,12.31,39,33,Good,High,3,No,20727-83552
Truck,6,233562,102,2429,21,7.8,12.07,25,35,Moderate,Low,4,No,5723-15569
Hatchback,11,194614,95,1572,35,17.3,12.79,26,33,Good,Low,9,Yes,48305-76771
Hatchback,6,196524,92,2756,46,17.2,12.63,42,31,Good,Low,9,Yes,95951-159837
Truck,5,198370,107,2682,21,6.2,12.01,27,30,Good,Low,2,No,10863-19897
Truck,12,72935,105,907,22,8.6,11.95,25,33,Moderate,Low,3,No,20064-40570
Sedan,9,79768,102,833,38,14.6,11.79,36,34,Moderate,Low,1,No,72116-180000
Hatchback,2,152881,86,1887,27,17.3,11.95,36,29,Critical,Low,6,No,35502-60938
Hatchback,3,33592,83,2305,42,17.8,12.02,40,31,Good,Low,4,No,52668-180000
SUV,3,174535,98,2737,29,9.5,12.35,31,31,Moderate,Medium,11,No,5939-55830
SUV,4,229806,104,2943,36,10.5,11.78,27,34,Worn,High,10,Yes,31382-81520
SUV,10,230673,93,2421,32,12.4,11.74,31,32,Good,Low,3,No,87524-133320
SUV,5,10966,91,1686,28,10.8,12.64,41,34,Good,Low,10,No,54408-180000
Sedan,12,149779,85,2294,33,15.0,12.52,30,35,Moderate,Medium,12,No,20808-65918
Truck,4,49090,105,1206,30,4.2,12.64,39,31,Worn,Medium,3,No,22969-91323
SUV,3,51040,105,1525,41,12.8,12.71,42,35,Moderate,Medium,9,Yes,33394-159820
Sedan,7,168852,85,1676,39,17.6,12.12,41,34,Good,Low,4,No,60241-154819
Hatchback,12,225939,90,1886,32,19.7,12.64,32,34,Good,Medium,1,No,54647-125505
Truck,6,26522,100,2362,20,9.4,12.54,41,33,Good,Low,7,No,38796-65340
Truck,12,121168,103,3154,22,3.7,11.99,34,29,Worn,Medium,7,No,9965-57999
Sedan,10,233659,86,3435,29,14.9,11.75,29,31,Good,Medium,12,No,15219-49979
Hatchback,12,225289,99,1542,45,20.2,12.01,40,29,Good,Medium,6,No,23924-76600
SUV,1,5959,102,2076,31,11.5,12.72,28,36,Critical,Medium,8,No,34795-84501
SUV,10,93187,95,3477,37,12.5,11.76,38,29,Good,Low,6,No,52812-161472
Hatchback,4,20112,94,1547,39,16.3,12.17,25,36,Good,Low,7,No,52713-116235
Truck,2,236418,109,1493,17,3.6,12.21,31,35,Good,Medium,10,Yes,1100-11086
Hatchback,2,82544,93,2355,41,21.2,12.77,26,30,Good,Low,8,Yes,59131-159729
SUV,11,92385,89,3141,29,10.3,11.93,31,29,Moderate,Medium,1,No,25233-162853
Hatchback,1,33648,86,1299,42,17.4,12.14,28,28,Good,Medium,5,No,46400-129780
Truck,12,222653,107,1844,27,5.1,12.44,42,34,Moderate,Low,8,No,8383-25827
Truck,2,248977,101,2254,31,9.0,12.04,41,31,Worn,Medium,10,Yes,7563-23773
Truck,3,105825,103,1393,36,5.3,12.05,42,32,Worn,Low,6,No,52911-102813
Hatchback,8,12799,92,2387,37,16.0,11.93,40,30,Critical,Low,10,No,31098-69022
Sedan,5,240019,85,3026,44,13.3,11.97,31,35,Good,Medium,5,No,62197-123005
Sedan,8,85276,99,830,33,14.8,12.03,33,36,Good,Low,9,Yes,52277-85671
Sedan,2,25494,97,2889,39,16.8,12.43,36,32,Good,Medium,4,No,33045-71883
SUV,12,150400,97,1723,25,9.2,12.3,44,35,Worn,Low,2,No,76291-159075
Hatchback,11,121035,96,3212,36,22.2,12.13,31,33,Good,High,7,No,28779-43847
Sedan,4,68101,88,3374,40,12.2,12.76,36,36,Worn,Low,4,No,70648-118410
Truck,12,237025,98,1187,30,5.7,12.44,38,34,Worn,Medium,10,No,26810-81790
Sedan,9,215846,95,1154,34,13.7,12.46,27,35,Good,Low,9,No,64452-111922
Truck,12,135549,105,686,16,7.3,12.71,37,31,Critical,Low,11,No,1786-3516
Hatchback,8,6450,95,3461,28,23.0,12.17,29,28,Good,Low,6,Yes,38478-119650
Truck,2,51779,106,2145,23,7.4,12.38,41,32,Worn,Medium,11,No,6752-11702
SUV,11,141080,100,841,30,7.2,12.48,44,31,Moderate,Low,1,No,78934-152722
Sedan,12,80787,85,3377,41,17.7,11.99,37,31,Good,Low,2,Yes,73601-121759
Truck,9,151569,97,1147,20,9.0,12.77,35,32,Good,Low,4,No,16583-35811
Sedan,7,249970,83,2986,32,11.4,11.91,29,34,Good,Low,7,No,107213-168095
SUV,12,172097,100,1369,42,13.1,12.31,45,35,Worn,Low,10,No,82936-167956
Hatchback,9,225803,87,2154,37,21.0,12.54,43,33,Good,High,2,No,29370-101700
Truck,3,116813,104,1700,23,6.8,12.32,31,28,Good,Medium,3,No,43879-67613
Sedan,5,168930,100,3469,26,16.6,12.35,27,35,Good,Medium,12,No,30628-72040
SUV,2,206918,102,1023,27,13.8,12.62,34,36,Moderate,Medium,11,No,19667-39821
Hatchback,5,218538,91,2599,30,19.0,12.35,44,35,Moderate,Low,8,Yes,14176-170299
Sedan,8,244142,86,1084,34,13.9,12.13,43,32,Good,High,12,No,9661-14585
SUV,3,38731,98,1817,27,9.9,12.59,40,32,Moderate,Low,11,No,22553-114449
Sedan,11,48548,95,1808,39,15.5,11.75,28,31,Good,High,11,No,8537-15993
Truck,8,217786,112,1808,26,9.5,11.84,27,29,Moderate,High,3,No,2641-8545
SUV,1,56453,90,1265,39,10.3,12.21,45,28,Good,Low,10,No,61973-180000
Hatchback,2,218764,97,1537,37,15.2,12.16,38,30,Good,High,10,No,17860-34784
Sedan,7,170204,96,2616,41,17.7,12.04,38,33,Good,High,2,No,36821-67159
SUV,11,221999,89,1510,28,10.7,12.09,29,35,Good,Low,8,No,103326-169102
Hatchback,5,203205,89,1058,39,21.8,12.26,43,28,Good,Medium,10,No,43268-170364
Truck,1,50809,97,1224,27,5.5,12.5,39,31,Good,Medium,3,Yes,9126-112320
Hatchback,8,102456,98,2600,42,16.9,12.15,33,34,Good,Low,11,Yes,23802-48936
Truck,9,142916,97,709,30,7.7,12.57,32,29,Moderate,Low,1,No,39559-135091
Truck,7,78896,107,2256,27,3.5,12.11,31,36,Good,Medium,9,No,12692-36044
Truck,11,141529,100,3447,18,6.7,12.23,35,34,Good,Low,7,No,34086-55326
Truck,1,192599,109,3437,26,9.2,12.07,37,28,Critical,High,1,No,681-1935
Sedan,7,169786,98,1002,39,13.4,12.62,35,34,Moderate,High,1,No,26127-44685
Sedan,11,10986,88,2977,35,14.1,12.71,45,32,Worn,High,9,No,18602-40460
Sedan,11,84939,85,1253,39,16.3,11.81,36,36,Worn,Low,10,No,55738-180000
Sedan,6,242784,98,1973,30,15.6,11.9,29,31,Worn,High,8,No,17429-33065
Sedan,4,162052,85,3170,42,14.5,11.79,33,28,Good,High,7,No,66445-108457
Hatchback,11,139535,96,1191,45,21.0,12.27,28,31,Good,High,2,No,32569-82515
Truck,7,188681,110,2548,23,4.6,11.91,43,33,Worn,Low,4,No,10434-39161
SUV,12,85103,102,3172,26,11.3,12.39,38,36,Moderate,Low,7,No,24726-143353
Sedan,1,36889,87,3223,30,13.8,12.42,44,30,Worn,High,5,No,24238-68916
SUV,5,6113,103,1241,34,10.5,12.03,40,31,Good,Low,4,No,78995-147371
Sedan,4,150071,99,1978,32,16.6,12.19,40,28,Moderate,High,1,No,36329-61549
SUV,12,141593,102,1006,29,12.0,12.71,35,33,Good,Low,7,Yes,29812-95422
SUV,4,49742,97,3278,25,11.1,11.91,37,28,Worn,Low,7,No,46197-108721
Sedan,7,45651,96,1376,42,14.3,11.75,28,30,Critical,Low,7,No,19028-67210
Truck,1,131925,109,2941,30,5.5,11.84,25,36,Worn,Medium,2,No,9859-21931
Truck,3,231987,108,2778,27,6.2,12.0,35,36,Good,Low,2,No,19042-32016
Hatchback,11,84745,89,815,36,21.2,12.76,34,32,Worn,Medium,9,No,26131-138821
Truck,2,225492,114,2921,23,8.8,12.52,39,29,Worn,Medium,7,No,15635-26275
Hatchback,10,163601,84,2724,35,19.5,11.83,44,31,Good,Low,12,No,47762-101232
Truck,10,66993,100,756,26,6.8,11.81,39,33,Critical,Low,5,No,6205-21155
Truck,3,80109,110,1919,31,8.3,12.18,25,36,Good,High,1,No,15270-40992
Sedan,1,150985,87,605,35,14.5,12.39,34,31,Good,High,4,No,18288-70822
Truck,10,205353,99,2672,27,7.8,11.98,42,31,Good,Medium,10,No,21663-83637
Sedan,6,71206,93,2736,38,13.7,12.71,28,36,Good,High,6,Yes,34591-63817
Truck,5,222891,115,2483,17,7.7,12.79,27,33,Critical,Medium,8,Yes,1595-3979
SUV,7,8062,95,2403,26,11.9,11.82,41,31,Good,Low,5,No,73492-180000
Truck,6,94156,94,1530,28,7.2,12.71,34,29,Worn,Low,6,No,46991-101165
Sedan,9,58236,100,1853,40,19.0,11.88,28,30,Good,Low,10,No,66426-150162
Sedan,9,8155,102,878,42,16.5,12.48,31,33,Good,High,2,No,52738-86718
Hatchback,8,50456,87,1496,36,13.6,12.23,25,31,Moderate,Low,11,No,28253-162819
SUV,4,179930,93,2160,26,10.8,11.72,27,30,Good,Low,4,No,71467-177495
SUV,9,15009,101,2886,31,10.1,12.32,29,30,Moderate,Low,3,No,48055-84391
Truck,3,127740,97,1942,33,4.7,12.62,35,31,Good,Low,1,No,31077-69141
Truck,4,60883,98,2838,28,7.0,12.44,26,34,Worn,Low,2,No,45227-72879
Truck,4,78989,102,1460,21,6.7,12.5,42,34,Moderate,Medium,12,No,2499-6349
Truck,1,9837,97,895,30,6.2,12.07,30,35,Worn,Low,12,No,12073-52608
Sedan,9,124361,95,1694,25,11.6,12.73,32,32,Good,Low,11,No,9063-69952
Sedan,10,135561,87,3124,37,15.2,12.47,37,29,Moderate,Low,3,No,60211-130711
Hatchback,11,100688,98,1519,40,14.9,12.28,36,33,Critical,Medium,11,No,21563-38219
Truck,5,169983,107,1879,19,7.1,12.19,42,31,Critical,Medium,1,No,1134-3134
SUV,6,217144,92,1494,30,13.0,12.61,26,32,Moderate,Low,5,Yes,37234-67542
Sedan,7,39819,94,3130,29,14.2,12.01,38,28,Moderate,Low,4,No,55825-114699
Sedan,5,178845,91,1536,40,14.2,12.32,25,31,Good,Low,6,No,58977-126633
Hatchback,8,37961,98,2166,40,19.1,12.28,25,29,Good,Medium,1,No,56142-139008
Hatchback,10,29653,82,2491,38,16.3,11.71,42,29,Good,Low,8,No,53542-110350
SUV,1,42415,105,1318,37,11.7,12.69,37,31,Moderate,Medium,5,No,41663-84933
Truck,8,201583,110,1140,35,8.4,12.68,41,35,Good,High,9,No,3233-6509
SUV,8,226466,103,1255,33,9.1,12.31,34,33,Good,Low,2,Yes,62239-126545
SUV,1,42824,92,3087,37,8.9,12.57,34,33,Good,Low,2,No,65953-115985
Sedan,10,10494,95,3178,32,14.0,12.48,40,36,Worn,Low,5,Yes,14718-40332
Sedan,6,78594,94,3383,33,13.9,12.47,28,34,Moderate,Medium,7,Yes,22315-43171
Sedan,8,84185,96,603,35,17.2,12.44,40,31,Moderate,Low,8,No,31002-89310
Hatchback,3,30727,91,620,29,21.1,12.28,39,36,Worn,Low,9,Yes,62842-98122
Sedan,9,111720,91,2260,28,13.8,11.73,45,35,Good,Low,12,No,59553-92695
SUV,6,17496,95,2515,30,9.0,12.0,32,33,Moderate,High,9,No,21244-59780
SUV,8,10487,98,3014,32,13.7,12.51,37,29,Good,Low,7,No,86860-180000
Hatchback,4,171643,90,2455,40,18.6,12.59,28,28,Critical,Medium,1,No,42514-84478
Sedan,8,102380,89,2792,28,15.2,12.63,25,29,Moderate,Medium,4,No,41247-67741
Sedan,2,139721,89,1331,32,14.0,11.87,37,34,Critical,Low,2,No,38609-135057
Hatchback,8,226226,87,1789,40,19.4,12.76,41,28,Worn,High,4,Yes,17316-44806
Hatchback,7,94557,90,2876,42,17.8,12.14,43,28,Good,Low,3,No,75172-160150
Hatchback,2,14981,92,3301,39,19.6,12.62,44,32,Good,Low,3,No,70899-121577
SUV,2,183586,96,2726,38,7.2,11.79,33,29,Worn,Medium,11,No,24066-50616
Sedan,5,231072,97,2358,33,18.1,12.59,42,36,Moderate,High,10,No,3248-40756
Hatchback,8,151888,98,2327,45,20.9,11.99,39,34,Moderate,Low,3,No,55756-90198
Truck,11,66351,109,2574,28,5.0,12.46,27,32,Good,Medium,3,Yes,9396-22628
Truck,7,228293,110,683,26,3.7,12.6,35,34,Moderate,High,2,No,5651-13431
Sedan,5,193912,85,3339,36,11.9,12.31,29,34,Good,Medium,3,No,64988-180000
Sedan,3,156157,90,1050,43,13.8,12.49,29,36,Good,Low,1,No,53232-180000
Sedan,6,84481,90,1376,31,15.3,11.97,25,31,Good,High,6,No,10558-60486
Hatchback,8,226042,89,1629,29,20.5,12.58,43,32,Good,High,12,No,4605-50060
SUV,6,150579,96,2400,42,15.1,12.19,32,35,Good,High,4,Yes,38268-60330
Sedan,1,196486,94,2303,41,11.8,12.71,40,30,Worn,Low,1,No,69338-106442
Truck,2,54825,103,2105,31,8.2,12.65,31,29,Good,Low,7,No,45834-72324
SUV,11,231689,107,1974,31,13.2,12.19,35,28,Moderate,Medium,12,No,12572-23760
Sedan,4,27951,86,1775,29,14.7,12.06,40,32,Good,High,4,No,28911-70023
Hatchback,11,178905,90,1635,37,14.6,12.73,40,36,Good,Medium,4,Yes,32130-135509
Truck,6,112718,110,3063,18,9.6,12.52,29,33,Critical,Low,3,No,1870-3454
Sedan,6,57232,84,2343,35,16.6,12.12,44,31,Good,Low,8,No,60918-123522
Sedan,1,76325,84,2706,37,16.0,12.69,33,32,Moderate,High,5,No,15370-57048
Sedan,2,111588,100,1202,26,15.1,12.8,31,29,Worn,Low,11,No,16125-67013
Truck,2,101575,105,2049,24,10.6,11.99,34,36,Good,Low,9,No,56386-92498
Sedan,9,83598,86,797,38,14.8,12.16,44,35,Good,Medium,5,No,64260-180000
SUV,5,70878,92,3458,39,11.8,12.05,32,35,Good,High,5,Yes,23186-91216
Hatchback,5,50022,86,1375,38,15.3,11.77,42,31,Good,Low,2,No,74826-180000
SUV,10,206863,99,2341,30,12.7,12.72,37,36,Good,Medium,8,No,26153-112587
Hatchback,8,63114,92,2086,44,13.4,11.9,29,33,Moderate,High,3,Yes,12390-45852
Hatchback,5,7806,92,2411,33,16.1,12.6,43,36,Critical,Medium,1,No,7971-92876
Hatchback,11,80027,83,2546,36,22.7,12.3,40,34,Good,Low,3,No,45316-161194
Sedan,2,120430,88,2173,31,16.7,12.06,26,33,Good,Medium,10,No,37762-144334
Sedan,5,136000,101,1830,31,12.3,11.92,34,35,Good,Low,11,Yes,19082-35068
Truck,9,34818,98,849,23,5.8,11.83,26,28,Moderate,Low,2,Yes,10795-39351
Truck,10,223268,105,2841,18,7.1,12.11,28,35,Worn,Low,3,No,11691-33769
Sedan,1,249682,90,719,40,13.0,12.77,42,30,Moderate,Medium,12,No,42399-72383
SUV,9,77353,100,1145,41,10.0,12.02,34,32,Good,High,1,No,41667-127731
Truck,1,139376,110,2009,21,6.2,12.33,25,28,Good,Low,11,No,5041-8845
Truck,1,22257,114,752,17,5.0,11.9,30,35,Good,Low,10,No,2419-20862
SUV,5,94730,88,1738,33,14.3,12.05,27,34,Worn,Low,5,No,36229-140915
Sedan,11,32194,92,2088,34,11.5,11.71,38,30,Moderate,Medium,9,No,38851-83957
SUV,2,224525,89,1679,38,11.4,11.97,26,34,Good,Low,11,No,63140-180000
SUV,1,170871,102,1164,35,9.1,12.74,29,32,Good,Medium,10,No,45142-68362
Truck,9,130719,104,608,29,6.5,12.71,27,36,Good,Low,11,No,28746-76150
Sedan,10,129200,88,2195,42,16.9,12.58,37,32,Good,Medium,9,No,40868-129390
Sedan,4,195774,91,3007,28,14.4,12.2,45,31,Good,High,10,No,23578-40984
Truck,7,211905,97,2514,22,3.8,12.34,31,30,Moderate,Low,2,No,65431-104883
Hatchback,3,21414,94,1305,37,21.1,12.57,40,36,Worn,Low,11,No,34372-117642
Truck,12,88160,105,2930,19,8.1,12.23,27,36,Good,Medium,9,No,9589-34749
SUV,3,11973,88,2098,33,10.3,12.51,41,28,Worn,High,5,No,22430-70194
SUV,6,194137,94,1932,23,14.2,11.82,44,30,Moderate,Low,3,No,76326-133844
Sedan,4,56637,92,2429,31,17.9,12.21,25,30,Good,Low,5,No,46402-156573
Sedan,1,52742,92,3102,28,11.5,12.24,25,36,Critical,Low,3,No,28297-65613
Truck,4,5618,104,1714,27,5.6,11.74,37,34,Good,Medium,10,No,41319-77367
Truck,5,20110,101,3224,28,5.3,12.73,34,33,Critical,High,9,No,8237-12757
Sedan,1,237861,95,1129,35,14.2,12.4,32,28,Worn,Medium,2,No,34948-84054
Hatchback,6,209684,86,1122,34,16.8,12.29,25,29,Moderate,Low,11,Yes,47250-71218
Truck,4,105978,102,2677,20,9.1,11.95,30,33,Moderate,Medium,6,No,10417-20939
Sedan,7,119054,95,2201,33,15.8,12.14,25,28,Moderate,High,9,Yes,12840-23078
SUV,2,188489,93,1295,25,12.4,12.57,27,34,Good,Low,4,No,8815-180000
Truck,11,228359,102,1880,34,8.4,12.52,30,35,Good,Medium,7,No,17008-36790
Sedan,9,136457,97,1709,42,12.7,12.31,25,32,Worn,Low,3,No,44829-75337
Hatchback,6,107662,91,2249,34,15.9,12.48,27,32,Worn,Low,12,No,28471-85429
Hatchback,5,159201,98,1684,45,15.6,12.64,27,31,Worn,High,3,No,35411-68939
Hatchback,8,186565,83,1381,41,21.9,12.47,40,35,Good,Low,3,Yes,47684-176260
SUV,3,123058,98,3032,23,6.6,12.2,27,35,Good,Low,10,No,56203-128503
SUV,11,102654,102,2000,34,11.7,12.34,36,32,Good,Medium,9,No,67336-104998
Hatchback,8,81017,99,2528,32,16.6,12.79,44,36,Good,High,1,No,16948-37930
Hatchback,12,239124,96,1454,41,17.2,12.79,27,36,Moderate,High,4,Yes,8445-19223
Hatchback,6,234494,96,806,35,17.5,12.54,43,33,Critical,Low,8,Yes,5541-21717
Hatchback,12,207701,100,1809,38,15.5,12.17,39,36,Good,Low,12,Yes,18792-51060
Truck,6,114399,100,1094,30,6.2,12.51,27,32,Critical,Medium,4,No,9784-17530
Hatchback,1,105768,85,2363,46,15.8,11.97,43,29,Good,Low,2,No,103196-159024
Sedan,1,162197,94,684,33,13.7,12.11,34,32,Good,High,11,No,3916-57983
Hatchback,5,16321,92,2994,40,16.7,12.15,29,29,Moderate,High,4,No,38072-59034
SUV,7,43709,100,1200,35,8.5,12.77,43,29,Good,Low,6,No,45060-127606
SUV,1,157652,97,1854,29,7.9,12.03,28,35,Moderate,Low,7,No,37773-67403
SUV,7,181026,102,697,28,13.4,12.03,44,28,Good,Low,7,No,37481-136861
Hatchback,5,70555,94,937,33,14.6,12.66,40,34,Moderate,Low,4,No,45465-72711
Hatchback,1,9986,94,803,31,17.8,11.75,45,36,Good,Low,1,No,92149-148779
Truck,5,161547,109,675,34,3.9,12.45,32,32,Moderate,Medium,4,No,8536-33718
Sedan,5,228367,99,2765,31,15.4,12.54,40,34,Good,Low,9,No,33666-88362
Truck,5,149016,100,3243,32,9.3,11.74,34,36,Critical,Low,8,No,9440-15024
Truck,5,43850,97,3117,34,11.3,12.05,41,36,Critical,High,6,No,1586-8629
Hatchback,9,28127,83,3019,34,16.4,11.85,32,32,Good,Low,4,No,66395-174961
Hatchback,9,27967,87,2470,45,17.0,11.85,43,31,Moderate,Low,6,No,75109-180000
Truck,10,74484,106,869,29,5.3,11.71,44,33,Good,Low,3,No,30313-83123
Truck,4,147274,106,1364,28,4.0,12.23,44,28,Worn,High,10,No,2583-22076
Truck,1,43536,97,1629,31,8.2,12.56,33,31,Moderate,Low,12,No,10638-20546
Sedan,8,21631,94,1379,32,13.7,12.75,28,28,Good,Low,7,No,47773-126811
Sedan,6,249488,85,2768,33,11.8,11.76,37,34,Moderate,High,4,Yes,9586-31796
Hatchback,7,201829,95,1942,46,17.6,12.69,37,35,Worn,Low,1,No,41462-180000
Sedan,12,216630,83,2186,34,16.7,12.7,39,29,Moderate,Medium,9,No,27852-79676
SUV,3,106592,100,3115,30,14.9,12.33,45,35,Good,Medium,12,No,22961-44827
Sedan,10,112664,88,3388,31,11.3,12.33,28,29,Good,Medium,2,Yes,27232-85608
Hatchback,5,191704,90,1927,36,21.8,12.5,28,28,Good,High,4,No,26923-154022
SUV,6,210948,100,3427,25,11.4,12.53,40,34,Moderate,Medium,9,No,25870-100468
Truck,12,164345,107,1597,21,8.2,12.39,37,32,Good,High,12,No,166-6551
SUV,6,58962,99,2990,38,9.7,12.73,26,35,Moderate,Medium,5,No,45243-74543
SUV,5,195592,100,3020,34,12.2,12.48,31,32,Good,Medium,9,No,23222-127879
SUV,8,155891,106,717,26,10.0,12.67,26,31,Worn,High,3,No,21849-32799
Hatchback,8,197698,91,1683,37,15.8,12.44,42,36,Good,Low,11,No,28424-107868
SUV,10,200801,103,1641,29,12.5,12.04,40,34,Good,Low,7,No,88868-139832
Truck,6,153142,105,3180,28,9.4,12.16,45,35,Good,Medium,6,Yes,22627-93785
Sedan,8,127506,97,2753,41,17.0,11.87,30,31,Good,Medium,9,No,61665-110403
Sedan,11,178963,91,1711,34,16.9,12.19,32,35,Worn,Low,3,No,20767-129184
Sedan,4,110142,82,2294,34,13.1,11.91,38,36,Good,Low,6,No,52525-180000
Sedan,6,148672,86,2525,39,14.2,11.85,37,28,Good,Low,11,No,43972-128194
SUV,10,153733,99,1155,25,9.7,11.95,44,30,Good,Medium,2,No,83811-175131
Hatchback,4,187492,93,3413,29,17.4,12.3,37,32,Good,Medium,4,No,15703-133945
Truck,8,186094,115,2876,22,7.8,12.5,29,30,Good,Low,5,No,37120-62466
SUV,12,69385,94,741,29,7.4,11.88,32,36,Critical,Medium,7,No,12298-75769
SUV,7,104300,103,2232,32,11.8,12.73,35,28,Good,Medium,12,No,25012-77684
Hatchback,6,83507,87,1779,35,16.2,12.61,38,34,Good,Medium,4,Yes,45804-70792
SUV,9,217174,99,2278,36,9.3,12.26,45,29,Good,Low,1,No,49605-161311
Truck,10,192597,114,687,26,6.2,12.66,33,34,Good,Low,8,No,28008-69664
Sedan,11,215259,87,3204,36,12.5,11.99,43,34,Good,Low,7,No,50710-130308
Truck,1,51512,104,2007,28,7.2,12.41,30,31,Critical,Medium,11,No,3128-13819
SUV,1,128484,94,3480,31,8.1,11.81,30,33,Good,Medium,3,No,54147-163263
SUV,5,82895,90,3065,27,14.3,11.77,32,30,Critical,Low,6,No,38067-93751
Truck,12,121695,101,2740,25,6.8,12.75,40,34,Moderate,Low,2,No,38276-93598
Hatchback,5,64053,98,3120,36,20.4,12.21,31,30,Good,Low,4,No,60768-118104
Sedan,9,96211,89,2826,44,17.3,12.5,28,28,Good,Medium,4,No,52960-123940
Truck,8,209951,99,819,32,8.1,11.92,40,31,Good,Low,8,No,38181-89865
SUV,1,164350,104,1031,40,9.5,12.67,34,31,Good,Low,2,No,81625-168455
Hatchback,2,233945,97,647,37,18.6,12.61,26,34,Good,Low,12,No,41022-121192
Hatchback,6,222913,92,3026,41,19.1,12.41,31,30,Moderate,Medium,2,Yes,45149-93133
SUV,7,92954,89,1680,31,10.3,11.75,32,30,Moderate,High,7,No,20849-76283
Sedan,9,154294,98,2685,30,14.9,12.56,45,33,Worn,High,4,No,11820-55952
SUV,2,14973,92,1721,27,8.7,11.99,25,29,Good,Medium,10,No,37506-146536
Hatchback,7,60622,87,1937,43,14.3,12.76,34,28,Worn,Low,7,No,54401-113147
SUV,4,204770,103,2813,23,10.3,12.67,26,34,Good,High,9,No,37938-57670
Truck,9,12435,98,898,29,6.2,12.44,30,30,Good,High,7,No,3860-20671
Sedan,12,64906,86,1095,41,13.8,12.68,31,31,Worn,Medium,9,No,52769-108237
Sedan,5,50847,102,742,40,14.4,12.35,32,33,Good,Low,4,No,60087-180000
Hatchback,2,68996,96,1281,42,14.2,12.69,29,31,Good,High,8,No,26433-62907
Truck,7,239616,94,1829,23,5.5,12.33,38,28,Good,Low,4,No,41838-106370
Truck,2,44309,107,2569,29,6.6,12.32,36,36,Good,Medium,6,No,12521-28763
Sedan,9,165893,101,1342,38,13.7,11.7,26,34,Good,Medium,6,No,38436-108330
Hatchback,3,54646,93,1192,44,20.0,12.25,30,34,Worn,High,6,No,14962-57338
Sedan,3,121891,91,789,40,13.1,12.04,29,36,Worn,Low,7,No,67733-180000
Truck,7,135574,109,3087,23,4.4,12.08,35,36,Good,Low,2,No,27519-88667
SUV,6,30782,94,1353,33,12.8,12.05,35,33,Good,Medium,12,No,44697-114321
Sedan,9,150736,94,2319,30,14.7,11.81,26,32,Good,High,12,Yes,13197-46515
Hatchback,9,136680,99,740,34,19.1,12.43,45,34,Good,High,2,Yes,17335-50881
Truck,10,88923,106,1216,22,3.9,12.36,25,36,Good,Medium,6,No,1850-23254
Hatchback,2,154633,96,1628,42,16.4,12.62,38,28,Good,High,5,No,14622-58032
Sedan,1,46299,87,2476,37,14.6,11.71,35,35,Moderate,High,9,No,23318-80730
SUV,11,160871,96,2896,25,8.8,12.0,35,34,Good,Medium,1,No,27324-180000
Truck,7,175425,106,2995,30,10.2,12.44,43,30,Good,Medium,1,No,12914-90844
Hatchback,5,185109,86,2337,35,19.6,12.43,41,28,Worn,Medium,11,No,30659-83817
SUV,11,143097,99,3355,36,11.3,12.54,34,30,Good,Medium,3,No,106081-164189
Truck,6,121322,106,1491,28,10.7,12.0,38,30,Good,Medium,7,No,15681-23541
Sedan,12,64845,101,680,32,12.9,11.8,42,36,Good,Medium,12,No,19923-75061
Truck,10,209685,99,1426,27,7.6,11.75,25,33,Good,Low,12,Yes,6169-22991
Sedan,6,123841,90,2881,29,15.5,11.87,43,28,Good,Medium,10,Yes,32215-116581
Sedan,6,211218,92,2749,32,13.5,12.09,36,35,Critical,Low,3,No,20879-39563
Hatchback,4,176346,86,2687,45,16.5,12.54,37,28,Good,Medium,7,No,40172-157890
Sedan,7,120288,91,2089,33,14.1,11.76,31,36,Critical,Low,12,No,7680-21364
SUV,1,224429,96,1286,39,14.6,12.18,37,30,Good,High,2,Yes,24469-170287
Truck,1,206197,106,874,32,5.5,12.18,34,28,Good,Medium,5,No,14208-39768
Hatchback,2,17833,95,2583,41,16.8,11.76,27,32,Good,Medium,5,No,31723-139348
SUV,10,175372,100,1408,33,10.8,12.24,25,30,Moderate,Low,3,Yes,51074-114626
Truck,3,8925,100,2784,29,10.2,12.3,29,32,Moderate,Low,1,No,39189-109913
Sedan,4,29807,89,1146,40,15.1,11.86,33,34,Worn,Medium,8,No,31906-100132
SUV,1,46753,100,1845,27,8.7,12.31,32,31,Good,Medium,2,No,64552-99910
Hatchback,2,71258,90,1524,41,18.0,11.71,26,34,Good,High,9,No,30587-116075
Sedan,7,237587,92,2258,31,18.1,12.4,45,28,Good,Medium,2,No,11638-180000
SUV,3,106180,91,2676,34,9.8,12.25,44,35,Good,Medium,10,No,33027-180000
Sedan,7,133792,95,3399,40,15.5,11.99,25,33,Good,High,2,No,42613-69243
Sedan,11,128481,93,1955,39,12.4,11.77,39,30,Critical,Low,10,No,37490-124858
Sedan,4,22876,97,2902,28,14.6,11.88,34,36,Moderate,Low,5,No,27605-123012
Hatchback,8,246368,89,3163,41,16.6,11.77,33,33,Moderate,Low,1,No,69486-176480
SUV,5,159383,97,2375,36,12.0,12.14,26,33,Moderate,Low,3,No,90052-164274
Truck,4,75958,111,3191,28,5.1,11.73,27,30,Worn,Low,8,No,10374-22272
SUV,5,32148,100,2720,32,11.9,12.46,43,34,Worn,Low,2,No,47967-141473
Truck,10,207042,104,2758,28,7.0,12.01,32,33,Good,Low,10,No,34566-68138
Hatchback,10,165123,93,2821,33,15.4,11.86,36,30,Good,Medium,6,No,50268-127980
Hatchback,2,177688,85,1297,36,21.7,12.01,32,36,Good,Low,7,No,41684-137302
SUV,12,225782,95,2653,25,8.6,11.99,41,31,Critical,High,11,No,632-8962
Sedan,8,126977,87,2585,32,18.2,11.91,30,33,Critical,High,1,No,5194-28395
Sedan,6,91360,89,2659,32,12.2,11.71,33,31,Good,Low,3,No,59304-180000
Sedan,5,31281,88,1701,40,15.8,12.25,25,29,Worn,Medium,2,No,64102-180000
SUV,6,101784,103,1777,41,10.1,12.2,37,36,Worn,Medium,5,No,28076-102140
Truck,5,45068,114,1915,20,8.5,11.91,40,30,Worn,Medium,10,No,5095-15413
Sedan,4,76683,89,1003,26,18.5,12.65,32,34,Critical,Low,1,Yes,28952-51108
SUV,2,246106,101,3108,32,11.3,12.68,27,35,Worn,Low,5,Yes,27484-147306
Sedan,9,115237,85,2616,33,11.6,12.18,30,34,Good,Low,6,No,37399-129975
Hatchback,10,173132,89,3242,37,16.7,12.47,35,30,Good,Low,6,No,7211-180000
Sedan,3,166488,85,1923,42,17.2,12.3,35,32,Worn,Medium,12,No,36557-67335
Sedan,9,95192,96,2670,39,13.1,11.81,28,36,Good,Medium,3,Yes,32379-103157
SUV,8,186922,97,2438,39,14.1,12.7,40,31,Good,Medium,2,No,64428-167930
Truck,9,230493,104,1832,23,5.6,11.93,40,29,Good,Medium,10,No,26028-64774
SUV,2,223017,95,3129,35,12.9,12.01,31,31,Good,Low,12,No,37808-129106
Hatchback,10,73341,84,2534,36,17.4,12.53,35,35,Worn,High,10,Yes,37476-68386
Hatchback,9,18417,93,2768,43,19.5,11.95,25,35,Critical,Low,5,No,58685-97205
Truck,10,220304,105,2609,20,5.0,12.52,45,35,Moderate,Low,6,Yes,10294-29784
Sedan,5,195118,97,2116,40,13.4,12.17,40,35,Moderate,Medium,8,No,34426-96760
Sedan,4,123978,94,690,32,13.8,11.97,25,31,Moderate,Low,4,No,42751-68317
Hatchback,8,85143,96,2947,40,19.9,11.81,32,33,Worn,Low,5,No,38612-77576
Sedan,10,51994,99,2927,32,14.9,12.62,43,30,Worn,Medium,8,No,32930-50306
SUV,9,194701,101,3491,26,12.3,12.69,42,29,Good,Low,4,No,66692-180000
SUV,2,198621,94,3165,38,12.2,12.71,39,34,Moderate,Low,10,No,76104-180000
Sedan,8,50996,102,2803,40,14.6,12.06,31,33,Good,Medium,3,No,41138-159906
Truck,1,46629,106,2208,26,6.7,12.13,29,36,Good,Medium,12,No,2747-4701
SUV,1,121898,104,649,25,13.0,12.78,25,28,Worn,Medium,5,No,38527-82905
SUV,12,236300,87,2415,28,12.1,12.4,25,35,Good,Low,10,No,77110-169922
Sedan,2,72744,88,2046,40,10.8,12.34,37,31,Good,Low,6,No,60331-180000
SUV,12,84130,99,3065,37,13.7,11.91,43,30,Good,Low,9,No,28608-174982
Truck,12,146889,99,2817,32,4.2,12.41,44,32,Worn,Medium,7,Yes,14277-21815
SUV,3,225752,91,1505,31,13.3,12.12,38,36,Moderate,High,6,No,24755-38073
SUV,8,62855,88,1761,31,10.6,11.97,29,33,Moderate,High,6,No,16707-34991
Truck,12,239397,105,604,22,6.4,12.76,33,33,Good,Low,4,No,19900-114786
Hatchback,7,242209,86,705,35,18.8,12.65,44,34,Good,Medium,2,No,61067-117031
Hatchback,5,216614,86,3284,31,20.4,11.98,33,34,Good,Medium,10,Yes,27485-72611
Hatchback,9,236911,88,2767,33,16.3,12.44,40,31,Good,Low,12,No,34238-74452
SUV,12,225336,92,1285,30,11.8,11.82,36,31,Worn,Low,5,No,50607-134951
Hatchback,10,30780,92,1602,42,20.3,12.75,26,30,Critical,Medium,5,No,15027-98108
SUV,3,193281,104,2200,26,8.6,12.75,27,35,Good,Low,2,No,73054-112790
SUV,6,108695,97,2509,27,9.3,12.66,43,29,Moderate,High,3,No,3354-89023
Hatchback,8,242894,97,3336,35,16.3,12.79,29,36,Good,Medium,3,No,43771-102043
Hatchback,12,190937,92,1438,36,17.1,12.52,45,31,Good,Medium,5,Yes,50061-78915
Truck,1,19688,113,1534,30,6.1,12.5,37,30,Good,Low,8,No,17382-43884
Truck,4,55733,103,1632,21,8.0,12.4,26,29,Good,High,2,No,11145-17771
Hatchback,7,81896,89,3400,36,15.7,12.58,42,34,Worn,Low,3,No,83187-148329
Sedan,10,238323,90,2979,31,15.2,12.78,38,36,Moderate,Medium,4,No,39015-83035
Sedan,10,176512,96,3022,34,12.1,12.56,43,31,Worn,Low,3,No,32872-106736
Sedan,10,215627,98,1110,31,14.4,12.72,29,31,Good,Medium,8,No,28812-108282
Truck,6,213384,97,2162,35,9.3,12.06,38,29,Moderate,Low,4,No,29424-83128
Sedan,11,156375,93,1889,38,13.3,11.93,32,36,Worn,High,2,No,33975-111297
SUV,9,63275,91,2764,27,9.8,11.83,43,34,Good,Low,3,Yes,60862-159962
Truck,11,237525,99,2628,31,6.7,12.71,41,35,Good,High,11,No,2947-11259
Truck,4,22858,108,2050,33,4.9,12.26,34,32,Good,Low,11,No,12337-21371
Sedan,11,183495,100,1269,40,12.9,12.79,26,35,Good,High,10,No,25813-76603
Hatchback,6,60386,85,908,33,17.3,12.23,31,31,Moderate,High,6,No,18568-40926
Hatchback,7,166282,99,2383,35,20.3,11.8,40,28,Worn,Low,4,No,27343-81529
Sedan,2,173163,91,3185,31,16.3,12.51,39,33,Good,Low,4,No,54524-180000
Sedan,7,23206,91,1400,35,14.4,12.6,32,36,Worn,Medium,8,No,57512-107158
Truck,2,141682,105,2248,34,7.4,12.02,33,29,Moderate,Low,8,Yes,35654-76116
Hatchback,6,13199,90,3399,37,17.1,12.71,39,35,Worn,Low,9,No,66424-113006
SUV,6,211777,99,3007,29,8.9,12.14,44,29,Good,Low,6,Yes,65000-103898
Sedan,2,54847,98,2876,33,14.7,12.79,33,30,Critical,Low,11,No,11954-19708
Sedan,12,190891,89,3174,37,11.6,12.1,32,36,Moderate,Medium,2,Yes,35239-92739
Hatchback,1,14620,87,2798,38,15.2,11.86,39,34,Good,High,12,No,26138-57722
Truck,4,104097,107,2833,28,4.2,12.26,43,36,Good,Medium,6,No,6633-13457
SUV,3,237391,94,1554,36,11.3,12.06,32,29,Good,High,3,No,28192-109162
Hatchback,8,187264,87,2531,34,16.7,11.97,40,34,Good,High,2,Yes,14535-42067
SUV,2,142681,94,3093,32,10.9,12.2,43,31,Moderate,Medium,5,No,41486-64782
Truck,5,110032,104,1780,27,4.4,12.03,35,28,Good,Low,7,No,37311-146449
Truck,3,55861,101,1197,35,8.3,12.09,40,36,Good,Low,6,No,3441-180000
Hatchback,2,215063,92,1054,42,20.8,11.74,31,31,Worn,Low,12,No,54685-114195
SUV,1,37993,99,729,34,12.2,12.77,34,34,Good,High,8,Yes,20884-94853
Sedan,2,227325,96,1203,42,13.9,11.99,29,36,Moderate,Low,7,No,22543-87265
Truck,2,139168,100,1093,30,5.9,12.2,30,29,Moderate,High,4,No,18354-34124
Truck,1,234540,94,3328,26,4.5,12.67,38,34,Moderate,High,2,No,9179-85159
Truck,5,28921,109,1712,20,4.7,12.3,43,29,Good,High,8,No,621-2395
SUV,9,139541,98,2441,33,9.4,12.55,42,28,Good,Low,12,No,54914-120516
Truck,10,92513,104,2030,21,6.1,11.84,28,34,Worn,Low,9,No,19045-35005
Sedan,5,77064,85,1593,29,14.9,12.53,30,35,Good,Medium,9,No,35524-76270
Sedan,4,242349,99,2282,38,11.6,12.73,41,31,Good,Medium,1,No,89876-166534
Hatchback,9,228487,85,2866,36,17.6,11.99,37,32,Good,Low,1,No,70931-160801
Hatchback,3,21065,87,2584,37,19.7,12.72,38,33,Worn,Low,8,No,62045-121477
Truck,8,108535,108,3222,19,6.2,12.56,32,36,Moderate,Low,11,No,2024-3814
Sedan,2,57641,85,689,36,14.8,12.05,30,29,Moderate,Medium,8,Yes,48708-91310
SUV,4,155187,99,2206,31,9.5,12.47,43,30,Worn,Low,7,No,33928-66524
Truck,8,169260,110,2108,28,9.5,12.79,45,29,Good,High,6,No,3130-5240
Truck,6,169293,105,2362,23,9.1,11.85,26,33,Critical,Low,1,No,18279-41783
Truck,4,201342,99,1271,28,9.9,12.03,39,35,Worn,Low,8,Yes,15630-121896
Hatchback,2,117339,87,848,40,15.1,12.43,30,28,Good,Low,7,No,52720-172876
Sedan,11,15168,90,1851,32,13.8,12.22,42,30,Good,Low,10,No,47210-120344
Sedan,1,97649,92,609,35,14.1,12.72,28,29,Good,Medium,4,No,54468-101136
Hatchback,5,13176,93,2748,28,15.0,11.89,44,29,Moderate,Low,7,No,66022-110750
Sedan,8,185308,94,1757,32,17.9,12.05,45,36,Moderate,Medium,6,No,47875-89531
SUV,5,107570,104,1661,29,8.9,11.99,38,29,Good,Medium,7,No,52466-84424
SUV,6,110559,94,827,28,8.9,11.79,42,32,Good,High,3,No,24345-90581
Sedan,1,199331,96,2481,37,12.6,12.12,33,32,Critical,Low,10,No,13915-45251
Truck,2,100298,109,3066,27,7.7,12.01,39,36,Moderate,Low,6,No,19224-29562
Hatchback,2,154138,90,2512,33,16.6,11.81,32,30,Worn,Medium,8,No,41977-105033
Sedan,7,189596,90,806,31,14.3,12.27,25,36,Good,Low,9,No,91656-149210
Sedan,7,7939,103,2450,35,15.1,12.52,38,30,Moderate,Low,7,No,15377-137961
Sedan,5,170772,88,695,29,13.2,12.28,45,32,Worn,Low,7,No,22592-92197
Sedan,11,220299,101,1476,29,14.8,12.71,26,33,Moderate,Medium,4,Yes,16363-33753
Truck,8,9410,110,1342,28,5.5,12.41,28,36,Good,Low,9,No,26098-73642
Sedan,6,57477,91,979,35,14.3,11.73,28,34,Good,Medium,1,No,65462-164312
SUV,2,34674,96,1646,40,10.1,11.85,35,28,Moderate,Low,6,No,53730-180000
Sedan,11,139178,94,3030,28,12.5,12.42,31,29,Good,Medium,10,No,47975-108157
Truck,11,246392,101,850,28,8.1,11.91,26,28,Good,Medium,1,No,46271-96507
Hatchback,12,49965,89,3029,32,19.9,12.03,45,34,Moderate,Low,11,Yes,19951-33125
SUV,5,67876,103,1476,24,8.2,12.72,25,30,Good,Medium,8,No,47887-85963
Truck,8,78770,101,2435,32,9.2,11.72,27,29,Good,Low,4,No,43657-68115
SUV,8,142699,91,2721,37,12.6,11.73,39,29,Good,Medium,12,Yes,20311-155701
SUV,2,216551,91,3423,33,12.3,11.88,33,29,Moderate,Low,11,No,53924-83340
SUV,4,118600,104,2452,27,9.2,12.15,30,33,Worn,High,6,No,22961-44351
SUV,4,167624,97,1057,37,12.7,12.5,42,36,Worn,High,6,No,36690-57600
Truck,10,178005,102,1880,24,8.2,11.82,31,34,Good,Medium,3,No,24370-100734
Sedan,6,77960,88,2704,37,15.5,12.23,26,32,Moderate,Medium,9,No,23821-94565
Truck,6,5174,110,2228,19,6.8,11.86,28,30,Good,Medium,1,No,8367-16439
Truck,3,230599,99,2368,26,6.3,12.39,28,30,Moderate,High,12,No,6645-11795
SUV,4,75570,93,3308,30,12.5,12.75,28,31,Good,Low,7,No,55260-180000
SUV,8,56108,98,3491,34,8.7,12.32,31,29,Good,Medium,1,No,37357-180000
Truck,1,78109,106,1760,30,4.6,12.05,35,33,Worn,Medium,11,No,2177-5485
Sedan,8,129560,97,1047,38,13.3,11.99,26,30,Good,Medium,7,Yes,39209-124893
Truck,1,192820,99,3289,25,4.5,12.43,44,30,Good,Low,9,No,50680-96894
Truck,3,178306,103,1199,25,5.5,11.91,25,28,Good,High,12,Yes,5550-14654
SUV,7,61723,95,1843,33,11.9,11.96,44,31,Worn,Low,2,No,79318-171742
Truck,12,58125,108,3031,30,5.7,11.89,35,36,Moderate,High,12,No,948-2370
Hatchback,8,31018,101,1434,34,22.6,12.59,36,32,Good,Low,4,Yes,38455-125001
Truck,5,5039,104,3151,29,11.1,12.18,40,29,Critical,High,12,Yes,1112-5532
SUV,11,170119,98,2000,23,7.7,12.05,41,35,Moderate,Low,5,No,37468-88820
Sedan,8,134660,83,3429,37,13.8,12.79,33,33,Critical,Medium,3,No,20851-79205
Sedan,11,164862,96,3300,31,16.9,11.93,32,32,Worn,Medium,9,No,19476-41678
SUV,9,247559,105,3156,22,10.4,11.87,42,34,Good,Low,6,No,55302-167148
SUV,12,107884,95,1121,31,12.1,12.07,38,33,Worn,High,7,No,23896-52440
Sedan,10,248292,93,1942,32,16.6,11.74,31,30,Good,Medium,5,No,44411-70787
Sedan,5,79112,95,2968,44,11.7,12.68,35,33,Good,Medium,10,No,42425-78379
SUV,11,66863,99,1430,33,12.2,12.16,40,33,Moderate,High,5,No,15240-51180
Hatchback,3,172923,93,1200,46,20.1,12.25,36,31,Moderate,High,2,No,36314-105802
SUV,7,26200,104,849,39,12.3,12.59,33,36,Moderate,Medium,1,No,76530-126212
Truck,9,164957,94,3317,30,5.0,12.51,44,36,Worn,Medium,2,No,34882-101138
Sedan,5,48113,91,2745,41,13.8,12.55,34,34,Good,Low,11,No,49760-110358
SUV,7,22647,94,3366,40,7.1,12.63,27,32,Moderate,Low,1,No,44121-180000
Truck,12,196722,108,2130,32,7.9,12.19,32,28,Good,Medium,9,Yes,16207-29725
Truck,12,38399,98,3280,25,5.2,12.57,42,34,Good,Low,9,No,27088-119837
Truck,4,208590,113,1050,25,9.9,11.8,43,33,Good,Low,1,No,24803-52403
Hatchback,7,130561,92,2925,40,19.1,12.59,32,34,Moderate,Low,7,Yes,11553-110028
Sedan,11,210515,101,1082,36,16.6,12.06,37,34,Moderate,Low,2,Yes,31873-110139
Truck,5,34148,112,1812,18,6.2,11.89,37,29,Good,Low,1,No,13844-24104
Truck,6,201790,98,827,26,4.3,12.75,37,36,Worn,Medium,11,No,12074-18814
Truck,11,31025,109,1276,15,5.3,11.82,38,31,Good,Medium,3,No,636-13652
Truck,10,153153,105,3062,26,7.6,12.68,27,34,Moderate,Low,6,Yes,32414-50356
Truck,4,94700,109,876,22,4.8,11.94,45,35,Moderate,Medium,12,No,3827-10795
SUV,9,11703,89,913,33,10.1,11.81,38,35,Good,Low,6,Yes,108138-163464
SUV,11,205498,101,1716,25,11.1,12.56,32,32,Moderate,Low,1,No,22077-162756
Sedan,5,114710,98,1634,38,12.1,11.78,32,34,Good,Medium,9,No,45095-130591
SUV,12,23553,104,696,35,12.5,12.75,31,34,Good,High,9,Yes,19459-34657
Hatchback,7,169491,89,1691,44,16.0,12.26,37,35,Moderate,Low,4,No,56273-107479
Hatchback,12,181951,101,3236,37,16.8,11.72,45,28,Moderate,Medium,2,No,44475-90239
Sedan,12,134432,97,1082,31,12.6,12.39,44,29,Critical,High,12,No,896-3458
Truck,6,222468,103,2918,31,4.9,11.9,43,33,Good,Medium,11,No,11015-40497
Truck,12,209973,97,2159,28,9.1,11.95,43,31,Worn,Medium,8,No,33491-53283
Hatchback,3,10602,94,2847,42,14.9,12.75,26,35,Moderate,High,9,No,6621-135793
Truck,11,249507,106,2495,30,6.8,12.76,27,34,Good,Low,9,No,13641-86846
Truck,11,9520,96,2716,20,6.0,12.11,35,29,Worn,Low,10,No,18385-36657
SUV,8,103394,95,2235,38,12.2,12.61,28,35,Good,Medium,7,No,61942-105424
Hatchback,10,111693,95,711,43,21.7,11.73,41,34,Critical,Low,2,Yes,19828-73970
Sedan,3,55646,95,1604,40,15.9,12.71,31,29,Good,Low,9,No,69943-109793
SUV,8,154259,98,3167,40,10.9,11.75,25,29,Critical,Low,9,No,28836-119712
Truck,12,9988,97,1983,21,7.5,12.14,39,29,Worn,Medium,11,No,8479-15055
SUV,3,25763,90,2965,28,7.7,12.13,35,30,Good,Medium,5,Yes,27728-98958
Sedan,5,81722,99,3153,28,12.2,11.78,25,29,Good,Low,11,Yes,30813-79307
SUV,7,216110,87,1248,37,10.3,11.8,31,30,Worn,Low,11,No,61546-114274
SUV,7,142098,97,1814,29,12.2,12.22,25,30,Critical,Low,2,No,33533-127995
Hatchback,4,49505,90,2699,43,14.9,12.0,31,36,Good,Low,9,No,66653-105667
Hatchback,6,203548,91,1820,33,21.3,11.99,36,36,Good,Low,3,No,55517-118379
Hatchback,9,123998,84,1111,39,17.9,12.74,45,36,Good,Low,11,No,30952-129934
Truck,5,70251,108,2539,34,4.6,12.78,38,28,Good,Medium,3,No,6847-23407
Hatchback,7,86328,88,2481,35,21.2,12.12,29,35,Critical,Medium,9,No,16472-43104
Sedan,1,10945,99,603,40,14.8,12.4,33,32,Critical,Low,9,No,47184-72776
SUV,1,213120,103,3054,30,13.2,12.06,33,30,Good,Low,4,No,74054-167606
Hatchback,1,123538,88,1524,41,13.8,11.72,39,35,Good,Medium,5,No,97077-152359
SUV,11,123627,98,3484,30,13.5,12.69,41,35,Worn,High,7,Yes,18741-39845
SUV,2,71472,106,1369,38,9.3,12.21,25,35,Worn,Medium,2,Yes,13425-43165
Truck,6,46807,109,2066,29,6.7,12.26,37,30,Critical,Low,2,No,10464-20232
Hatchback,4,161688,98,1012,37,20.1,11.98,32,30,Good,Low,3,No,48428-137184
Truck,3,99402,104,1494,18,4.0,12.34,42,34,Good,Medium,3,Yes,4858-24666
Sedan,6,75558,91,1289,39,15.0,12.31,32,33,Critical,Medium,1,Yes,13491-105276
SUV,11,222424,87,707,41,12.4,12.57,26,28,Worn,High,1,Yes,25254-110831
Hatchback,4,49440,91,2083,40,19.8,11.78,29,34,Good,Medium,2,No,62100-163471
Sedan,12,208375,88,1925,45,12.9,12.33,44,33,Good,Medium,6,Yes,35347-103253
Hatchback,1,213210,94,961,46,20.2,11.96,37,35,Good,High,10,No,39872-81476
Sedan,9,144650,92,2539,42,13.4,11.92,38,28,Good,Low,2,No,85447-180000
Truck,7,109717,106,835,19,4.4,12.06,36,36,Moderate,Low,1,No,3762-45488
Sedan,6,7312,88,1744,32,15.2,12.71,30,30,Good,Low,7,Yes,59708-111556
SUV,11,162817,100,2596,38,8.1,12.43,27,31,Worn,Medium,9,No,58046-98424
SUV,3,79418,94,901,28,13.1,12.67,38,35,Good,High,11,No,30955-87315
Sedan,5,100615,90,2938,41,13.5,12.26,32,35,Critical,Low,7,Yes,24229-84561
Truck,4,90982,97,1357,26,9.7,12.06,44,36,Worn,Low,6,Yes,27655-56275
Truck,9,216952,101,1663,19,7.3,12.28,38,28,Good,Medium,9,No,15064-43592
SUV,12,39691,95,890,36,12.2,11.98,45,33,Good,High,5,No,55574-87982
SUV,1,117411,98,873,34,13.7,11.99,37,31,Worn,Low,11,No,7962-103454
Hatchback,2,103240,89,1072,44,19.1,11.9,44,30,Moderate,Medium,3,Yes,50961-91975
SUV,9,76758,105,1121,42,8.6,12.2,37,30,Worn,Medium,6,No,43510-110178
Sedan,2,171882,87,3260,26,15.4,12.13,40,34,Good,Medium,2,Yes,26590-103678
Hatchback,4,159956,96,1508,38,14.9,12.37,37,36,Critical,Low,12,No,2955-30589
SUV,10,90214,93,2661,34,12.6,12.07,43,32,Good,Low,3,Yes,53506-180000
Truck,1,10153,109,2485,33,10.3,12.65,29,36,Good,Low,12,No,11793-45243
Sedan,7,102242,87,3340,37,14.1,11.7,32,28,Good,Medium,3,No,22740-169474
SUV,12,83160,90,1609,31,14.8,11.94,37,35,Critical,High,7,Yes,4607-41000
Truck,8,48271,105,1087,24,5.6,12.72,28,30,Good,Low,1,Yes,39305-122825
Sedan,7,218277,91,1061,31,18.2,12.73,44,31,Good,Low,8,No,52105-180000
SUV,4,139147,102,1241,33,8.7,12.2,29,34,Good,Low,12,No,15713-95953
Sedan,1,245662,98,1138,35,18.4,12.15,35,35,Good,Low,10,No,46613-77825
Truck,4,194262,101,2465,27,9.0,12.75,32,31,Moderate,Medium,4,No,19278-64350
SUV,1,95699,103,3361,35,11.1,12.25,42,29,Good,High,10,No,17333-56405
Hatchback,8,145849,90,1838,39,18.1,12.57,42,33,Worn,Low,5,No,49826-180000
Sedan,1,101161,86,1046,36,14.9,12.02,42,32,Good,Medium,9,No,39750-120474
Truck,1,134938,107,2830,26,5.8,11.76,25,30,Good,Low,8,No,20299-34969
Truck,2,13955,110,778,29,5.9,12.27,41,29,Good,Medium,1,No,28361-48465
Sedan,4,171975,92,2275,39,16.1,12.58,40,29,Good,Low,3,No,8459-180000
SUV,6,32118,101,1243,26,11.1,12.11,32,35,Worn,Low,3,Yes,29808-79486
Sedan,9,223415,86,1058,41,15.8,12.33,25,29,Critical,Medium,9,No,22978-81384
Truck,1,134583,95,1897,23,6.5,12.2,38,36,Good,Low,1,Yes,34154-101098
Sedan,2,20064,95,3482,25,16.0,12.46,40,36,Critical,Medium,10,Yes,21308-32692
Hatchback,2,11693,91,1647,39,18.6,12.42,32,30,Moderate,Low,7,No,15556-180000
Truck,3,70638,112,743,16,7.1,11.99,28,29,Worn,High,5,No,1161-2481
Sedan,4,68642,87,1616,35,13.8,11.8,34,34,Worn,Low,8,No,35738-84152
Sedan,8,227939,84,1223,44,13.3,12.79,28,35,Moderate,Low,6,Yes,24805-93241
SUV,8,232228,99,650,25,9.4,12.3,38,31,Moderate,Medium,3,No,31063-76847
Hatchback,6,39196,89,2632,43,18.1,11.81,27,36,Good,Low,8,No,56279-143417
Truck,6,91071,110,1183,24,4.1,11.83,31,31,Good,High,11,No,707-2071
SUV,7,92535,91,1349,33,9.1,11.71,42,35,Good,Low,4,No,49111-156029
Hatchback,4,159176,92,3464,36,21.0,12.22,45,35,Moderate,High,1,No,13135-110336
Hatchback,6,141763,90,3386,40,15.1,12.6,43,36,Good,High,12,Yes,6839-25077
Sedan,12,111120,101,3371,40,17.0,12.33,37,33,Moderate,Low,9,No,28074-72806
SUV,5,194585,91,2355,26,10.4,11.8,44,34,Good,Low,5,No,47000-116102
Truck,2,56223,95,1172,30,8.9,12.55,40,36,Moderate,Medium,10,No,18808-46840
Sedan,10,63152,90,1140,38,13.6,12.03,39,34,Good,Medium,4,Yes,13422-155271
SUV,6,191754,94,1545,35,12.5,12.53,30,32,Worn,High,1,No,30962-108564
SUV,7,6543,93,3183,43,12.8,12.06,45,32,Moderate,Low,9,No,62781-128619
SUV,6,189832,91,1807,29,9.9,12.32,37,34,Good,High,8,Yes,19772-53466
SUV,5,126497,101,2859,33,12.7,12.26,26,36,Moderate,Medium,9,No,58221-101113
Hatchback,4,228581,93,1506,38,18.5,12.52,33,28,Good,Low,10,Yes,37318-140212
Hatchback,3,244448,87,1763,38,13.8,12.62,34,36,Moderate,Medium,7,Yes,41166-106822
Sedan,12,115320,95,948,27,15.2,12.3,36,36,Good,High,11,Yes,3170-5508
Hatchback,5,230918,87,1728,43,18.3,12.72,29,31,Good,Low,9,Yes,60835-180000
Truck,3,129067,105,1275,29,8.2,11.71,40,35,Good,Medium,3,Yes,8932-54765
Truck,5,46784,101,2514,19,7.5,12.33,43,30,Moderate,Low,9,No,10252-22858
Truck,3,70687,96,1168,30,3.6,12.61,32,34,Moderate,Low,11,Yes,12155-29233
Hatchback,8,74167,85,2719,34,15.0,12.56,26,32,Critical,High,8,No,7584-15764
Hatchback,12,44387,96,722,39,18.7,12.49,34,33,Moderate,Low,6,No,40784-90276
SUV,4,185937,93,1519,34,8.8,11.78,42,34,Moderate,High,2,Yes,29969-74161
Hatchback,9,75144,99,2520,42,16.4,11.78,39,36,Moderate,Medium,8,No,56921-105055
Truck,2,7325,106,2071,30,5.9,12.26,43,32,Moderate,High,12,Yes,435-1299
Truck,9,139504,112,1316,26,8.3,12.04,32,36,Good,High,7,Yes,4950-14460
Hatchback,6,246525,89,3461,34,16.9,12.04,39,33,Moderate,High,9,Yes,12371-28377
Hatchback,4,92783,94,1029,35,14.6,12.18,44,34,Moderate,Low,7,Yes,42602-72520
SUV,3,144423,104,1525,34,14.2,12.53,28,35,Good,High,12,No,14651-31321
Hatchback,11,77906,95,2571,47,14.9,12.0,45,29,Good,Low,3,Yes,38314-75022
Sedan,7,24699,97,2129,43,15.8,12.55,31,31,Worn,Low,6,No,56553-104631
Hatchback,3,185911,92,1553,32,16.5,12.54,26,35,Critical,Medium,11,No,3368-24804
SUV,4,181113,102,2128,35,12.6,11.9,30,33,Good,Medium,5,No,38672-88472
SUV,7,127118,97,1910,38,9.6,11.78,33,33,Moderate,Low,11,No,47353-83693
Sedan,9,231159,101,2362,42,17.3,11.87,33,36,Good,High,6,No,1741-129130
Truck,8,245094,98,1898,32,4.0,12.45,31,36,Worn,Low,2,No,44998-91618
Truck,5,56656,113,1803,19,8.3,12.11,26,28,Good,High,9,No,898-2892
SUV,3,196486,104,2004,29,10.9,12.76,37,32,Worn,High,3,No,21339-57885
Truck,6,27323,111,2063,31,9.1,12.17,44,28,Moderate,Low,3,No,9761-19347
Hatchback,1,37285,85,1365,39,20.7,12.1,45,35,Worn,Low,8,Yes,12311-102088
Hatchback,3,72236,87,3345,45,15.0,11.75,40,36,Good,Low,3,No,63152-131042
Sedan,3,63345,87,2439,30,14.3,12.11,33,32,Critical,Low,4,No,34310-53270
SUV,10,125689,94,2578,36,11.2,12.4,29,33,Good,High,11,No,30550-73268
Sedan,2,240139,94,2004,32,17.3,11.73,28,32,Good,Low,10,No,66807-145561
Sedan,3,31791,87,1299,32,19.2,12.78,45,34,Good,High,9,No,23416-62654
Sedan,1,228802,91,1379,38,14.8,12.03,39,33,Critical,Medium,5,Yes,33625-70937
Hatchback,7,34036,96,1297,31,20.3,12.69,31,30,Good,Low,3,No,10512-123970
Hatchback,4,40489,93,3215,31,20.9,11.73,38,30,Good,Low,8,No,38346-145078
Hatchback,11,185368,97,2378,43,23.1,12.25,31,34,Good,Low,7,No,21065-180000
Hatchback,5,163980,82,3155,31,20.8,12.74,31,35,Worn,Medium,4,No,39039-89081
Hatchback,1,114088,98,880,43,14.3,12.26,27,32,Worn,Low,5,No,53593-80743
Sedan,4,19696,103,2415,38,15.5,12.49,42,34,Good,High,12,No,6778-20070
SUV,11,128903,96,2724,29,10.7,11.81,32,30,Moderate,Medium,10,No,42976-123436
SUV,10,114799,94,2152,35,13.2,12.09,38,30,Good,Medium,2,Yes,62664-180000
Truck,7,119047,103,2557,19,6.7,11.76,36,34,Critical,Medium,10,Yes,854-2552
Truck,5,152519,108,2535,24,6.3,12.56,45,33,Good,Medium,7,No,9610-21594
Truck,4,176641,100,2889,23,6.2,12.78,36,29,Worn,Medium,1,No,19514-80483
Sedan,1,124313,99,2292,36,17.1,11.96,45,30,Good,Low,5,No,61241-119289
Hatchback,12,228772,84,3449,33,17.3,12.71,26,34,Good,Low,8,No,71126-180000
SUV,9,90729,104,1227,34,13.4,12.37,35,32,Good,High,4,No,13857-79136
Hatchback,8,71465,93,848,40,16.4,12.65,27,28,Good,Medium,1,No,91959-139767
Sedan,6,156945,90,716,30,12.6,12.61,34,35,Worn,Low,3,No,11857-102312
Sedan,3,71647,98,1683,27,15.4,11.76,33,29,Critical,Low,9,No,19017-46823
Hatchback,10,68799,90,2719,29,16.2,12.52,27,33,Good,Low,8,Yes,32843-122647
SUV,8,221563,90,1436,36,9.2,12.24,37,28,Moderate,Low,4,Yes,106829-163767
Sedan,12,229438,87,1560,32,15.1,12.12,40,32,Good,Low,9,No,83350-148766
SUV,3,135810,91,2914,35,12.4,11.79,39,30,Moderate,Medium,9,No,33275-82523
Hatchback,6,126275,92,2748,45,14.1,12.05,42,32,Good,Medium,4,No,75489-180000
Sedan,9,49596,89,1358,31,13.0,12.71,36,29,Worn,Medium,8,No,42364-94462
Sedan,11,193681,97,2023,34,15.0,12.17,28,34,Critical,Low,3,No,22428-69306
Hatchback,3,199267,87,1396,37,21.0,12.52,27,34,Critical,Low,4,No,6470-180000
Hatchback,5,64464,94,3023,41,17.8,11.91,39,29,Good,Medium,7,Yes,47927-138224
Sedan,7,82151,94,2301,28,14.1,12.2,41,33,Moderate,High,1,Yes,21996-66094
Hatchback,4,101572,91,2477,38,19.0,12.41,26,30,Worn,Low,7,No,96022-164156
Truck,12,120509,115,1665,25,7.0,11.74,30,34,Critical,Low,4,No,5677-11337
Hatchback,9,196782,91,801,37,18.4,11.81,39,30,Good,Low,1,Yes,56176-115844
Truck,1,132496,99,705,31,5.0,12.53,27,32,Moderate,High,2,Yes,15304-34370
SUV,6,105588,89,1184,37,10.4,12.41,38,35,Worn,Low,8,No,43494-142414
SUV,3,105709,95,2310,28,13.7,12.27,31,31,Moderate,Medium,12,No,10904-82394
SUV,7,219356,101,1375,41,10.0,12.75,45,36,Worn,High,9,No,14904-52390
Hatchback,4,30906,90,2418,37,14.8,12.42,37,30,Good,High,5,No,58713-113431
SUV,5,82233,102,3465,25,8.7,11.74,32,34,Good,Low,5,Yes,59756-89654
Truck,11,53852,103,781,15,3.5,11.98,44,30,Good,Low,1,No,17852-43284
Hatchback,9,53253,96,1573,35,22.7,12.44,38,34,Moderate,Low,4,No,42620-90888
Truck,1,147713,104,2945,27,6.9,12.79,35,29,Good,High,6,No,13419-46061
Truck,9,117590,109,1143,23,10.1,12.52,35,35,Moderate,Low,4,No,18895-29483
Truck,1,128737,99,2822,21,5.6,12.22,29,34,Good,Low,12,No,4379-19599
Truck,2,237670,103,701,28,7.1,12.68,35,28,Worn,Low,3,No,33990-81698
SUV,12,92172,91,1347,36,7.0,12.44,29,30,Critical,High,8,No,7479-75341
Hatchback,4,44478,85,2857,35,14.7,11.92,29,31,Good,Medium,1,No,49910-156946
Hatchback,1,183035,82,2013,44,20.3,12.32,35,30,Good,Medium,10,Yes,30507-81567
Sedan,4,139754,92,908,34,17.6,12.4,32,31,Good,High,7,No,12999-49324
SUV,7,64591,97,655,31,12.3,12.1,39,35,Moderate,Low,11,No,21701-67207
SUV,5,115802,97,1095,31,11.6,12.58,31,28,Worn,High,5,No,26447-93675
SUV,5,41827,92,2533,35,13.9,11.93,40,33,Critical,Low,8,No,30373-82475
Truck,12,24161,103,1371,23,7.7,12.22,28,28,Moderate,Medium,3,No,22157-44911
Sedan,10,16214,89,2594,28,16.9,12.42,39,35,Moderate,Low,1,No,55174-138884
Hatchback,11,39678,97,1110,47,19.5,12.08,40,35,Good,Low,2,No,65742-180000
Truck,11,241573,99,2553,26,6.6,11.98,41,32,Moderate,Low,2,No,27505-89444
Truck,2,147319,112,2259,35,10.0,12.16,27,32,Good,Medium,6,No,11508-51506
SUV,2,38664,91,1628,23,9.9,11.97,26,36,Moderate,Low,1,Yes,67985-114287
SUV,4,53856,100,3480,27,9.3,12.53,32,28,Good,Medium,3,No,39961-69953
Truck,11,218569,97,1991,25,10.0,12.16,45,29,Worn,Low,1,No,51295-109843
Truck,8,71779,100,2206,26,11.0,12.21,31,35,Good,Medium,4,No,23053-70883
Truck,4,48755,103,1318,28,6.0,11.99,30,33,Good,Low,9,No,34551-132225
Sedan,2,178774,98,2884,36,12.3,12.32,37,31,Worn,Medium,2,No,56735-91631
SUV,8,148523,92,3207,32,12.2,12.36,35,36,Moderate,Low,9,No,54907-139073
Truck,3,130711,106,733,25,5.8,11.79,42,29,Worn,Medium,10,No,16267-43709
Sedan,7,89238,94,1908,35,15.7,12.16,45,31,Good,Low,1,No,34209-178987
Truck,9,181619,100,2036,24,6.7,12.69,26,32,Good,Low,11,No,28866-66186
Hatchback,12,104686,86,1776,33,16.9,12.06,26,28,Worn,Medium,7,Yes,15579-39243
Hatchback,3,178946,96,1216,36,15.9,11.72,25,32,Good,Low,8,No,47785-178173
Hatchback,4,143068,88,2090,36,15.5,12.79,26,32,Good,High,11,No,12906-52946
Truck,11,144004,96,2706,16,8.5,12.51,33,28,Critical,Low,6,No,6241-12185
Sedan,6,205124,97,1704,30,13.9,12.73,32,29,Worn,Low,4,No,30356-167766
Sedan,11,236442,87,2067,33,13.7,12.17,39,36,Moderate,High,6,No,30793-53347
SUV,7,90377,97,2619,33,10.0,12.59,34,28,Worn,High,4,No,25610-43272
Sedan,7,223670,86,887,27,11.8,12.31,37,33,Good,Low,3,No,60277-180000
Hatchback,6,235506,96,2654,32,15.0,12.59,27,36,Moderate,Low,10,Yes,27148-52300
SUV,9,205634,96,1471,31,10.3,12.22,35,35,Good,Medium,11,No,21155-78637
Sedan,1,89004,87,2460,33,16.1,12.0,45,32,Good,Medium,12,Yes,23549-59339
SUV,3,160029,96,857,29,11.3,11.86,42,29,Good,Low,9,No,65831-111539
Hatchback,8,159412,88,3007,42,21.7,12.04,34,31,Critical,High,11,No,4934-19730
SUV,2,81796,97,3257,36,13.4,12.47,34,33,Good,Low,4,No,71938-165220
SUV,11,151803,98,1116,42,14.8,12.15,44,35,Worn,Low,8,No,59460-180000
Hatchback,6,125688,87,1187,42,19.3,12.6,39,33,Moderate,High,12,No,15524-33942
SUV,2,190292,95,2227,31,14.5,12.62,33,36,Moderate,Medium,10,No,61707-104079
SUV,12,209336,96,2162,29,12.3,11.92,45,33,Good,Low,2,Yes,48237-137439
Hatchback,5,249522,93,2133,38,17.2,12.25,40,33,Good,Medium,1,No,50225-113613
SUV,1,140988,97,3026,29,10.5,12.34,27,33,Moderate,Medium,4,No,26250-94754
SUV,9,186092,97,2432,27,11.8,12.16,25,35,Critical,Low,9,No,36995-65789
SUV,4,66007,95,712,31,13.0,12.25,33,36,Moderate,Low,3,No,30537-99107
SUV,8,222623,100,1784,31,11.7,12.48,40,34,Good,High,3,Yes,24295-85511
SUV,7,200583,101,3241,37,12.3,12.17,31,36,Moderate,Low,4,Yes,64527-100061
Hatchback,11,20375,87,2634,36,17.3,11.85,33,36,Good,Medium,11,No,35635-124447
Sedan,6,5204,102,2458,26,11.9,12.18,45,30,Good,Medium,12,No,33222-81578
Truck,5,66816,96,1488,33,3.6,12.38,42,34,Worn,Low,10,No,16314-64780
Hatchback,11,136986,91,1003,29,22.1,11.96,41,34,Moderate,Low,1,Yes,42608-64476
Truck,8,249825,106,856,24,5.5,12.57,43,31,Moderate,High,11,No,603-1461
Sedan,6,147557,94,1105,36,17.4,12.42,25,31,Good,Medium,12,No,57817-96081
SUV,9,123062,102,1399,32,12.4,12.75,27,30,Worn,Low,7,No,31414-99092
Truck,3,176349,101,1701,16,6.0,12.22,31,36,Good,Medium,8,No,12181-39741
Hatchback,2,209887,92,2439,38,21.8,11.83,32,32,Worn,Low,4,No,7627-180000
Hatchback,12,99961,93,3287,44,14.7,12.0,29,30,Good,Medium,12,No,54259-83193
SUV,5,203370,106,1565,31,13.4,11.81,43,29,Good,Low,11,No,18837-50051
Sedan,11,150235,92,1116,36,16.5,12.53,27,34,Good,Low,4,No,73123-119409
Hatchback,2,129185,87,3194,35,20.0,11.84,28,34,Moderate,High,3,No,30360-74368
Hatchback,10,202182,88,766,41,13.4,11.99,35,29,Moderate,Low,7,No,64671-105897
Truck,2,60306,110,3452,18,7.9,12.72,36,32,Good,Medium,10,No,5689-17643
SUV,7,202282,96,2959,31,10.6,12.79,40,28,Good,Low,2,No,87832-142570
Truck,12,66453,96,2831,25,4.9,12.7,25,34,Moderate,High,11,No,4093-13197
Sedan,7,247883,94,1396,33,16.6,11.92,36,35,Moderate,Low,9,No,64215-114147
SUV,2,196486,102,3055,43,13.6,12.3,26,31,Good,Low,6,No,51776-144088
SUV,3,227971,89,3205,22,9.7,11.85,34,34,Moderate,Medium,10,No,17427-144566
SUV,1,163169,102,628,27,10.0,12.28,35,34,Good,Low,1,No,101172-154458
SUV,4,74424,101,2383,37,8.8,12.46,26,29,Worn,Low,5,No,67627-117783
Sedan,10,34358,91,2994,39,12.0,12.04,30,33,Good,Low,8,No,42914-121122
Sedan,4,233330,87,2470,27,12.8,12.31,34,31,Worn,Medium,12,No,20248-58342
Hatchback,8,8699,86,2755,33,15.9,12.31,44,29,Good,Low,6,No,64916-154826
Sedan,12,142908,101,809,37,17.1,11.9,28,35,Worn,Low,2,Yes,35566-118676
SUV,6,8616,101,883,31,15.2,12.47,38,30,Good,Low,7,No,109697-168067
Truck,4,128305,107,771,19,8.8,11.78,39,31,Good,Medium,5,No,4962-18412
Hatchback,3,56565,95,1110,33,18.0,12.39,34,31,Good,High,11,Yes,5342-14192
Truck,1,92358,113,1225,23,3.1,12.34,34,32,Worn,Medium,2,No,14894-34198
Sedan,3,75524,101,2669,28,13.8,12.41,36,28,Good,Low,8,No,51489-114109
SUV,11,53958,93,3342,23,8.3,12.08,26,35,Worn,Medium,3,No,38697-86953
Truck,3,65436,110,1734,27,4.3,12.11,29,28,Good,Low,11,No,13197-45845
Hatchback,12,16040,100,3290,46,15.2,11.83,29,36,Critical,High,1,No,9697-24249
Truck,1,63171,109,1055,28,6.6,11.85,29,32,Critical,Low,4,Yes,4427-10529
Truck,12,26455,98,1467,25,8.6,12.37,45,28,Worn,High,6,No,9461-33717
Truck,2,176118,98,2355,24,5.2,11.86,37,36,Good,Low,1,No,57635-94223
Hatchback,5,242069,95,3316,40,20.7,11.94,30,33,Good,Low,8,No,39941-157679
Hatchback,2,179407,91,2977,34,17.7,11.77,40,29,Good,Low,9,No,86477-144983
Truck,3,142384,99,1744,34,6.6,12.09,33,31,Good,Medium,2,No,36999-71443
Hatchback,8,238175,83,2794,48,18.6,12.37,32,34,Good,High,1,No,55236-99022
SUV,10,120882,98,2091,34,7.4,12.48,28,34,Critical,Medium,12,No,10295-27239
SUV,2,30841,105,2326,29,13.1,12.41,29,35,Critical,Low,11,No,1781-45222
Truck,1,166480,105,3304,25,9.1,12.07,40,31,Good,Medium,6,No,16142-94081
SUV,2,123299,102,2310,41,13.4,12.38,25,36,Moderate,Low,1,No,69854-180000
Truck,1,139603,103,2312,25,7.0,12.0,32,35,Good,Medium,10,No,33514-71294
Truck,7,95425,111,2973,28,8.9,12.25,41,34,Moderate,Low,11,No,5989-16329
Hatchback,11,82357,97,837,39,16.8,12.66,38,35,Critical,Low,11,No,10754-41330
Truck,8,145026,104,1730,19,3.1,11.96,29,30,Critical,Low,8,No,3403-10045
SUV,5,180731,94,774,25,10.8,12.21,36,29,Worn,Low,8,No,25925-180000
Truck,8,124293,98,2190,24,7.7,11.78,43,32,Critical,Low,2,No,34875-53047
SUV,9,91112,92,1006,34,11.5,11.78,34,36,Good,Medium,8,No,66829-135565
Truck,2,84744,95,1423,33,2.6,11.92,44,32,Good,Medium,1,Yes,13327-102410
Sedan,5,218068,99,2398,29,15.9,12.45,31,29,Critical,Low,12,No,6813-42407
Truck,7,33145,96,3327,31,9.4,12.14,30,28,Good,Medium,11,No,12513-38941
Truck,5,224078,104,3161,29,8.9,12.79,42,32,Good,Low,11,No,25808-98030
Sedan,6,13825,99,1446,31,18.4,12.55,34,29,Good,Low,11,Yes,27588-62678
SUV,8,12680,103,2259,29,10.5,12.29,41,31,Moderate,Low,2,Yes,40416-114666
Truck,2,192546,98,1810,31,7.0,12.11,42,33,Moderate,Low,10,No,18921-59695
Sedan,2,113093,88,1280,30,14.1,12.6,33,30,Worn,Low,3,Yes,24969-79075
Truck,10,119732,93,3438,33,8.3,12.07,30,34,Good,Low,12,No,23245-56267
Sedan,12,70035,100,2967,32,13.4,12.59,43,31,Good,Medium,5,No,32350-107860
Hatchback,12,107490,89,1054,42,20.7,12.54,44,33,Moderate,Low,10,No,52452-143160
Truck,6,76776,105,1125,30,10.7,12.01,40,33,Good,Low,8,Yes,13378-71317
SUV,6,219599,102,3037,28,8.9,11.85,37,35,Good,Low,4,No,53015-172825
Hatchback,10,33776,93,663,39,16.9,11.75,38,30,Good,Low,2,No,42168-180000
Truck,11,115177,98,1074,29,5.1,12.16,29,34,Good,High,8,No,7303-16161
Truck,4,164276,109,2699,24,8.4,11.97,45,29,Moderate,High,10,No,5256-14724
Hatchback,8,166315,89,2791,31,19.0,11.85,39,36,Moderate,Low,12,No,23166-48784
Truck,3,201547,104,3043,25,7.6,11.88,42,29,Moderate,Low,5,No,12824-43160
Sedan,1,47040,91,3247,27,12.3,11.83,44,30,Critical,Low,10,No,14074-111766
Hatchback,7,224738,92,3389,44,15.8,12.41,38,33,Good,High,4,No,10988-153213
Sedan,1,124882,92,2338,33,17.1,12.75,28,32,Good,Low,10,Yes,42886-125708
Truck,1,161209,110,1646,24,6.7,11.8,26,28,Worn,Medium,3,Yes,2335-3793
Truck,8,108601,113,2872,35,7.2,12.45,29,32,Moderate,Medium,6,No,14599-39987
SUV,1,169089,99,3001,31,10.4,12.72,43,28,Good,Low,1,No,58936-174522
Truck,5,106072,95,3430,26,6.4,11.98,30,28,Good,Medium,6,No,18418-31994
Hatchback,5,142723,93,1911,38,20.6,12.73,41,35,Good,Low,5,No,69706-153232
Sedan,6,222140,100,3389,32,13.1,11.93,25,36,Critical,Low,7,No,27692-66630
Truck,11,137828,106,2554,18,6.2,12.12,43,28,Good,Low,10,No,4127-29342
SUV,11,120073,102,1020,28,10.4,12.77,41,28,Critical,Low,7,No,32643-62169
Truck,5,127790,111,2479,25,8.4,12.4,28,30,Moderate,High,8,Yes,1195-2247
Hatchback,9,238146,97,3087,31,20.9,11.97,30,30,Moderate,Low,7,No,26673-76719
Sedan,6,176614,99,859,33,16.7,11.87,34,34,Good,Medium,4,No,40304-136486
Truck,9,68804,107,718,26,6.8,12.78,37,35,Moderate,High,1,No,4851-12935
Truck,11,46673,107,3110,29,3.3,12.63,32,34,Moderate,Low,2,No,28142-64464
Hatchback,3,11327,90,2759,42,14.9,12.02,30,28,Good,High,7,No,41630-122874
Truck,9,89137,114,1554,19,9.4,12.36,40,34,Good,Low,12,No,5856-9582
Hatchback,1,110779,97,1264,40,13.7,12.27,25,28,Critical,Medium,7,No,15040-50946
Truck,1,235805,107,2357,19,7.3,11.98,40,28,Good,Medium,8,No,7278-14002
Sedan,3,17560,86,3387,36,16.2,12.48,34,31,Moderate,High,10,No,10356-114137
Hatchback,9,37409,86,2493,32,17.9,12.24,37,35,Critical,High,7,No,14323-29819
Hatchback,1,202533,91,660,43,21.7,12.73,32,28,Moderate,Medium,4,Yes,53919-117477
Truck,11,177885,106,2303,23,8.3,12.5,33,30,Moderate,Low,5,No,19009-34619
SUV,1,25596,97,1210,38,9.3,11.83,42,31,Good,Low,10,No,49629-180000
Truck,4,199295,100,2141,36,6.6,12.31,38,32,Good,High,2,No,23750-41536
SUV,9,81977,97,1026,33,13.7,12.2,40,35,Moderate,Low,9,Yes,42044-115840
Truck,12,55518,93,1183,27,10.3,12.35,25,28,Worn,Low,11,No,9285-77067
SUV,5,110451,103,834,38,9.7,12.27,34,28,Moderate,Medium,2,No,44447-175249
Sedan,1,22807,88,2425,34,13.8,11.72,38,32,Good,Low,12,No,42096-112764
Hatchback,10,79434,97,2640,39,14.9,12.23,34,31,Moderate,Low,12,No,24220-53896
Hatchback,11,217650,93,2936,30,21.0,12.75,27,29,Good,Medium,9,No,42763-66783
SUV,3,136253,100,2445,29,9.9,12.19,27,29,Good,Medium,2,No,74575-127999
SUV,3,208034,99,2720,27,11.3,11.9,40,33,Moderate,Low,11,No,19501-38971
Truck,5,36704,102,2787,28,8.8,12.74,34,36,Critical,Medium,4,No,11064-20028
Truck,2,70422,109,1096,34,9.0,11.92,34,28,Good,Low,10,Yes,11896-32302
Sedan,2,13195,94,3302,28,13.1,12.39,36,29,Good,High,11,No,16993-34703
Hatchback,1,23168,95,1190,28,17.2,12.07,28,35,Moderate,Low,2,No,39328-85852
Truck,1,74901,108,1336,26,5.6,11.89,40,35,Good,Low,11,No,7395-18023
SUV,6,158004,95,2176,28,13.7,12.39,42,32,Critical,Low,2,No,17803-147952
Sedan,8,21498,85,2989,31,15.0,12.29,29,36,Good,Medium,5,No,60065-113265
Sedan,5,228264,87,1196,32,13.8,12.29,40,31,Moderate,Low,6,No,9046-180000
Truck,8,188958,109,984,21,8.4,12.67,43,33,Moderate,High,2,No,2000-3464
Truck,2,216574,107,3352,22,7.7,12.02,30,33,Good,Medium,5,No,7604-18734
SUV,9,190467,99,1270,37,9.0,12.5,38,35,Good,Low,1,No,88487-180000
Hatchback,5,235205,90,1499,30,20.6,12.78,40,33,Critical,Medium,5,Yes,6604-26304
SUV,3,22438,98,3413,34,11.0,12.68,39,35,Good,Low,5,No,38253-180000
Truck,6,237190,99,2476,25,9.2,12.01,30,30,Critical,Low,2,No,15345-40501
Sedan,4,229955,92,1937,29,12.6,11.82,40,30,Good,Low,11,No,55185-103929
Hatchback,5,102405,85,1256,37,20.2,11.78,45,32,Good,Medium,9,No,68544-114398
SUV,6,10429,99,3496,31,10.6,11.98,25,35,Moderate,Low,8,No,32642-127574
Truck,8,223260,100,818,19,4.8,12.71,42,33,Critical,Medium,6,No,5792-13474
Hatchback,9,14288,92,769,34,20.1,11.74,42,30,Moderate,Low,12,Yes,30854-83954
Hatchback,1,180279,88,2211,35,20.1,11.87,42,29,Worn,Medium,10,Yes,24254-48424
SUV,4,34559,95,1717,29,13.3,12.42,45,35,Moderate,Medium,5,No,23266-79478
SUV,9,181642,93,1747,37,10.0,12.8,34,28,Moderate,Low,12,No,51740-82080
Hatchback,4,67452,95,1599,37,16.0,12.6,37,29,Moderate,Medium,7,No,40457-86429
Sedan,11,201796,90,1386,35,12.8,11.87,41,28,Good,Low,6,No,28824-180000
Truck,4,108971,96,1504,29,9.0,12.21,25,33,Critical,Low,3,No,6261-17833
SUV,2,145632,102,3128,31,8.0,12.75,33,33,Good,Low,12,Yes,17433-107262
SUV,7,91868,98,1574,29,11.5,12.41,42,34,Moderate,Low,8,No,51465-79251
Hatchback,6,221388,97,877,32,18.3,12.28,33,30,Critical,Low,9,No,21080-71074
Hatchback,6,196211,87,1652,33,16.8,11.75,44,36,Good,Low,5,No,70269-145497
Sedan,6,244137,94,3127,30,14.5,12.64,28,32,Critical,Medium,2,No,11790-41112
Truck,5,189885,93,1935,18,6.6,12.23,44,36,Critical,Medium,8,No,5146-16072
Sedan,9,7383,82,1696,31,12.6,12.33,38,32,Good,Low,2,No,60757-122099
Hatchback,11,182840,95,3298,36,18.6,12.37,39,32,Moderate,Low,2,Yes,38016-144852
Truck,12,245108,105,3392,34,6.1,12.22,45,35,Moderate,Medium,4,No,17981-63653
SUV,9,182509,97,3030,25,9.3,12.0,29,31,Worn,Low,4,No,34779-97895
Sedan,7,132852,93,3127,32,16.0,12.32,42,31,Good,Low,11,Yes,41424-77580
Sedan,6,32971,94,1793,27,15.5,12.5,32,29,Worn,High,6,No,29451-87431
SUV,10,143981,93,3165,26,9.9,11.73,31,32,Moderate,High,12,No,11845-46891
SUV,5,32726,99,840,39,8.4,12.67,42,32,Moderate,Low,2,No,74100-123910
SUV,7,213713,106,1434,34,9.7,12.7,40,36,Moderate,Medium,5,No,13887-52831
Hatchback,10,73591,84,2417,32,14.9,12.2,40,28,Good,Low,10,No,56114-180000
SUV,3,34406,94,2625,30,10.1,11.8,37,34,Moderate,Medium,2,No,88044-150364
Hatchback,9,61414,93,1861,44,17.2,12.78,32,36,Good,Medium,4,No,60395-111197
Truck,7,192910,98,2243,28,6.1,11.83,25,32,Good,Low,5,No,35911-97599
Truck,11,170686,100,2598,21,10.2,11.89,36,35,Worn,Low,1,No,32661-78171
Truck,1,239173,107,1374,34,8.5,12.72,26,32,Worn,Low,12,No,3960-12116
SUV,2,104777,95,2902,22,12.4,12.59,25,36,Worn,Low,7,Yes,57218-85860
SUV,1,184119,92,2773,39,11.3,12.6,44,36,Good,Low,5,Yes,65409-140555
Hatchback,11,121805,93,2098,34,19.1,12.22,36,36,Worn,Low,4,No,32679-82093
Hatchback,7,65255,84,618,32,19.4,12.77,28,36,Worn,High,5,No,11938-47002
Hatchback,6,27857,95,1046,44,17.4,12.5,39,34,Good,Medium,3,No,54763-95899
Sedan,7,27672,83,1268,27,15.9,12.08,36,34,Moderate,Medium,9,No,37334-97214
Truck,4,225147,95,2963,28,6.9,12.54,40,35,Worn,Low,3,No,21338-45890
Truck,3,87898,111,1979,19,7.5,12.07,27,28,Good,Low,6,No,12353-36211
Hatchback,11,72667,94,3340,44,16.5,12.19,40,32,Good,Medium,11,No,28802-111972
SUV,4,249554,99,2164,39,10.7,12.55,44,33,Good,Medium,11,No,44031-78281
Sedan,3,143469,94,2885,39,16.4,12.57,34,28,Good,Low,8,No,59600-138578
SUV,2,163953,97,2027,37,14.2,12.26,40,31,Good,High,10,No,30899-125105
Truck,11,165846,105,3115,29,6.8,11.91,39,35,Good,Low,1,No,29226-99312
SUV,10,12105,97,2101,27,8.6,12.16,40,30,Moderate,High,12,Yes,3745-11385
SUV,12,156342,90,1621,31,9.5,11.85,38,32,Good,Low,7,No,68174-149264
Truck,9,197826,113,3304,25,9.0,12.11,32,30,Good,Low,12,No,18968-38450
Truck,5,13907,95,2337,26,7.6,11.75,32,32,Good,Medium,6,No,16690-65589
Truck,7,177154,101,1949,19,4.9,11.73,29,31,Moderate,Low,1,No,29577-89701
Truck,1,149203,96,863,22,4.4,12.59,34,33,Critical,High,11,No,1234-2924
Truck,11,59921,105,2471,21,3.8,12.54,35,32,Moderate,Low,2,No,23490-47154
Truck,3,10971,100,1274,33,10.0,12.36,37,30,Good,High,10,No,8326-18368
SUV,12,173923,99,1765,42,10.3,12.0,35,34,Good,High,4,No,43384-97128
Hatchback,5,95914,93,2783,31,15.2,12.3,26,36,Moderate,Medium,10,No,28272-112402
Sedan,6,82718,95,2823,42,13.3,12.35,26,30,Moderate,Low,1,No,68914-180000
Sedan,4,215790,91,1728,35,16.5,12.55,37,35,Good,Low,5,Yes,45828-116892
Sedan,2,14684,93,1488,43,14.7,11.74,38,28,Moderate,Medium,9,Yes,62064-101568
SUV,8,70935,91,1779,40,9.1,12.45,28,29,Good,Medium,9,No,94784-160806
Sedan,1,215376,90,3234,33,14.0,11.96,31,33,Worn,High,8,No,26315-84209
Hatchback,12,154692,91,3292,39,17.9,12.33,45,35,Critical,Medium,3,No,20687-33897
Hatchback,8,224971,83,2321,38,22.1,12.08,30,30,Moderate,Low,9,Yes,25594-85796
Hatchback,9,158943,85,2317,40,15.0,12.2,40,33,Moderate,Medium,12,No,28731-77653
Hatchback,9,22466,86,1101,28,17.2,12.08,38,32,Good,High,7,No,43787-66365
Sedan,3,27586,95,3069,30,19.2,12.14,33,31,Good,High,11,No,8924-33312
Sedan,8,107137,88,1656,27,14.0,12.13,40,30,Worn,Medium,12,No,21558-43410
SUV,5,57357,93,992,41,12.9,12.51,39,28,Moderate,Low,10,Yes,69242-180000
Truck,3,13144,109,2988,16,7.3,12.58,39,36,Moderate,Medium,10,No,3245-12529
Sedan,9,38249,95,953,34,16.9,12.65,43,28,Moderate,Low,2,No,25933-96919
Hatchback,3,44765,95,3112,33,18.1,11.87,37,33,Moderate,Low,12,No,6248-124165
Sedan,3,53157,90,2641,41,14.9,12.05,27,31,Moderate,Medium,1,Yes,51903-79803
Hatchback,10,203951,89,1680,33,16.6,12.0,28,30,Good,Medium,1,Yes,37069-137087
Truck,3,183365,101,988,22,9.4,11.9,39,31,Worn,High,8,No,9958-21462
SUV,11,139795,105,1363,29,11.2,12.32,34,33,Good,Medium,4,Yes,45353-104903
SUV,6,183091,99,2137,35,8.9,12.2,33,33,Moderate,Low,4,Yes,43855-133107
Sedan,6,122986,100,2243,39,13.4,11.84,37,28,Good,Low,1,No,70147-180000
Truck,10,81015,97,1901,22,6.4,11.93,39,30,Moderate,Medium,1,No,27010-62410
SUV,10,218696,93,2409,34,6.7,12.25,28,32,Good,Medium,3,No,66359-180000
Sedan,11,186082,85,602,35,14.8,12.37,39,34,Moderate,Medium,9,No,52184-86746
Hatchback,3,59189,97,3377,32,15.4,12.53,32,33,Critical,Medium,1,No,23366-56154
SUV,8,37104,103,2922,37,10.3,12.63,41,30,Worn,Low,8,Yes,50350-114182
Truck,11,21902,102,1061,27,3.7,12.41,25,36,Good,Low,12,No,14942-45984
Sedan,2,82739,91,2160,27,13.4,12.48,43,28,Worn,High,8,No,11468-92638
Hatchback,3,139830,95,1405,46,18.5,12.32,44,28,Moderate,Low,12,No,30831-68529
Truck,2,31192,109,2673,33,4.5,12.7,42,33,Moderate,Medium,7,No,13241-28521
Sedan,11,205960,97,2255,44,10.7,11.77,30,33,Moderate,Medium,8,No,32611-68013
Sedan,11,169567,88,2333,33,14.1,12.48,39,36,Critical,Medium,10,No,31225-77021
Hatchback,7,65247,91,1423,29,15.3,12.79,36,29,Good,Low,10,Yes,49666-108472
SUV,6,215767,100,2056,36,13.5,12.79,43,31,Worn,Medium,7,No,62200-107172
SUV,10,33316,94,2732,33,11.0,12.68,42,35,Good,Low,2,Yes,55251-136729
SUV,5,169733,92,2753,39,11.6,12.45,25,34,Moderate,Low,5,No,56869-158751
SUV,3,247332,94,803,40,11.7,12.17,29,33,Good,Low,6,No,49208-164765
Hatchback,12,71909,92,3228,38,14.8,11.86,42,36,Good,High,10,No,34038-123982
Sedan,7,13820,83,1605,42,12.1,11.87,31,29,Good,Low,10,No,15794-180000
Truck,3,45300,114,866,15,7.2,11.82,25,33,Worn,Medium,12,Yes,785-2629
Hatchback,1,48248,94,1389,37,15.4,12.71,45,34,Moderate,Medium,10,Yes,24620-89556
SUV,5,199753,100,2010,28,8.7,11.79,29,35,Good,High,8,No,23174-78934
SUV,6,132642,102,2971,31,8.9,12.59,31,34,Good,High,7,Yes,19404-59212
Truck,3,221248,97,3049,27,3.4,12.0,30,32,Moderate,Medium,3,Yes,15514-38986
Hatchback,2,195412,87,2820,40,19.6,12.33,43,36,Good,Medium,5,No,93924-162494
Hatchback,2,154276,98,959,42,13.4,12.46,34,29,Good,Low,6,No,58290-133522
Truck,6,40826,98,1340,26,8.4,11.88,37,32,Good,Low,10,No,36113-138361
Truck,4,232797,97,1921,24,8.3,12.41,44,30,Good,Low,3,Yes,21664-34368
Truck,12,103662,108,1366,32,8.6,12.06,31,30,Good,Low,7,No,16990-63148
SUV,3,92671,95,2421,32,11.4,12.4,38,30,Good,Low,6,No,49833-145809
Truck,2,143404,99,664,20,5.5,11.87,25,34,Worn,Low,3,Yes,9703-31093
Hatchback,12,86092,92,1306,30,21.5,12.61,33,31,Good,Low,7,No,48030-162202
SUV,4,210949,102,1849,33,11.7,11.78,36,31,Good,Low,5,No,40655-158147
Truck,11,14797,101,2302,23,3.7,12.29,33,31,Good,High,3,No,6050-20412
Sedan,12,39583,96,1586,31,15.9,11.9,41,33,Worn,Medium,10,Yes,15709-39079
Hatchback,4,232473,83,2567,42,14.0,11.73,40,35,Good,Medium,3,No,86428-167076
Sedan,10,109816,92,2445,32,14.3,12.15,41,29,Good,Medium,9,No,37004-125006
Hatchback,12,233257,96,1064,42,21.1,12.7,41,28,Good,Low,10,No,12030-180000
Hatchback,8,131808,97,3169,44,16.8,12.36,39,31,Good,Low,7,Yes,36864-113892
Hatchback,5,23491,96,669,29,17.8,12.27,38,30,Critical,Low,5,No,29646-48404
Sedan,8,249196,88,2104,28,15.9,11.98,28,34,Good,High,7,Yes,29642-85292
Sedan,1,136984,84,820,27,16.8,12.34,43,34,Worn,Low,2,No,50408-171124
Sedan,1,90793,99,2751,43,16.1,12.18,35,32,Good,High,8,No,27557-64983
SUV,12,196700,98,1905,35,11.1,11.78,39,30,Worn,Low,7,No,48880-117304
SUV,2,64676,95,3137,31,12.6,12.13,38,36,Worn,High,11,Yes,1928-4514
Sedan,6,208019,101,3006,32,14.6,11.9,31,30,Worn,Medium,2,No,43807-89967
Sedan,11,121081,92,3439,37,17.0,12.71,41,33,Worn,Medium,9,No,38464-98120
Sedan,5,99146,102,782,31,14.7,11.9,29,32,Moderate,High,2,No,12686-115500
SUV,5,224611,94,614,23,9.8,12.25,32,31,Worn,Low,6,No,68799-168431
Sedan,3,138453,91,3253,29,17.4,12.06,37,35,Good,High,2,Yes,23124-72266
Truck,4,14206,96,1855,25,4.9,12.26,27,29,Good,Medium,6,No,17087-38095
SUV,8,206078,99,2472,33,12.5,11.76,35,30,Good,Medium,11,Yes,10492-53070
Sedan,7,98536,96,2452,30,15.1,11.97,32,31,Moderate,High,8,No,6843-21739
Sedan,3,31505,89,3009,41,16.5,12.1,43,31,Good,Low,12,No,70528-107190
Truck,10,197794,113,2366,31,4.9,12.27,30,36,Good,Medium,3,No,17757-39903
Sedan,7,37635,89,2001,31,11.3,12.52,32,31,Good,Medium,6,Yes,47062-118974
Truck,6,12336,113,905,32,4.0,11.98,26,32,Worn,Medium,2,No,16127-36017
Truck,1,239947,96,3041,29,7.4,12.64,40,29,Good,Low,2,No,50596-119166
Truck,7,193260,104,3478,27,8.9,12.58,32,34,Good,Medium,6,Yes,33322-55110
Hatchback,9,199397,89,2037,33,17.4,12.64,34,34,Good,Low,4,No,38927-139029
Sedan,12,99490,97,1861,40,17.2,12.37,43,30,Worn,Low,2,No,39565-140259
SUV,3,186291,92,2313,34,12.1,12.02,30,28,Moderate,Low,9,No,66200-136548
Sedan,8,109932,95,1857,36,17.6,11.97,43,33,Moderate,Low,3,No,29995-97831
Sedan,11,167774,93,2228,44,14.4,11.81,35,34,Good,High,7,No,33613-95301
Sedan,9,19634,95,3247,31,11.4,12.18,45,29,Moderate,Low,9,No,56031-110741
Hatchback,7,88043,93,1130,28,14.9,11.89,31,29,Critical,Low,6,No,16263-60119
Hatchback,3,134896,91,1585,42,18.2,12.17,25,28,Moderate,Low,12,No,33522-104648
SUV,11,244243,93,2427,35,12.7,12.51,30,35,Good,Low,6,Yes,70455-135603
Truck,2,33554,98,1156,17,8.8,12.73,39,32,Good,Low,11,No,17094-26502
SUV,8,183529,104,1377,31,9.0,12.22,38,33,Good,Low,11,No,39871-116227
Truck,11,206988,112,618,22,5.1,11.75,42,30,Worn,Medium,9,No,15495-25387
Hatchback,10,100592,84,2416,39,18.4,11.72,43,31,Good,Medium,12,No,40212-135278
Sedan,3,140831,98,1176,39,16.4,12.31,45,31,Good,Medium,3,Yes,39889-82943
Hatchback,7,93528,94,1726,37,18.4,12.7,34,34,Worn,Low,12,No,24536-97272
SUV,5,150118,99,2906,41,7.2,12.64,40,30,Good,Low,3,No,48246-180000
Sedan,12,168764,83,2297,31,13.6,11.79,27,31,Good,Medium,4,No,36980-118904
SUV,3,192040,96,2517,30,13.6,11.95,26,30,Moderate,Medium,11,No,13555-37495
SUV,9,249771,101,833,38,12.6,12.17,33,30,Good,Medium,9,Yes,46610-89976
Truck,8,40936,111,1400,27,4.5,12.59,37,36,Moderate,Low,9,No,17242-41446
Sedan,2,68199,93,2817,29,13.7,12.44,28,29,Good,Low,11,No,28568-99096
SUV,11,50661,100,1266,27,10.9,12.51,38,32,Good,Low,12,No,32470-119982
Hatchback,5,159984,93,666,32,21.2,12.05,35,33,Worn,Medium,2,Yes,26345-88317
Truck,12,161007,107,611,28,7.4,12.41,27,32,Good,Medium,6,No,18122-27870
Truck,9,125293,110,3130,18,3.4,11.76,41,33,Worn,Low,9,No,7121-16385
Sedan,2,151586,88,2675,33,15.1,12.56,28,32,Good,Medium,6,No,45433-131461
Truck,9,105709,103,2497,28,7.7,12.48,39,31,Critical,Low,9,No,8776-34984
Sedan,5,188432,91,895,38,15.9,12.28,32,32,Worn,High,8,No,18638-47482
Hatchback,4,149102,86,2892,28,21.2,12.53,37,30,Moderate,Medium,5,No,36685-83795
Sedan,1,40111,88,1052,42,13.9,11.97,29,28,Worn,Low,7,No,89077-143221
Sedan,6,19924,95,2409,35,18.1,11.71,25,31,Moderate,High,2,No,20150-71328
SUV,7,132890,97,3487,30,12.2,12.56,37,36,Critical,High,7,No,17951-41117
Truck,2,241811,96,2659,28,5.3,11.81,39,28,Worn,High,4,No,7614-13894
Hatchback,6,44295,93,2856,32,18.2,12.49,34,35,Good,Low,9,Yes,26361-103297
Truck,1,86975,105,3352,37,10.2,11.85,39,33,Good,Low,6,Yes,54815-122433
Hatchback,8,246776,99,3396,36,20.6,12.03,28,31,Critical,High,8,No,16782-31388
Sedan,2,54359,97,2879,26,12.8,12.23,42,29,Moderate,High,6,No,8307-26945
Sedan,6,214295,89,787,31,11.3,11.83,30,29,Worn,Low,10,No,69964-105162
Truck,4,23263,108,2656,18,6.5,11.97,40,33,Moderate,Low,6,No,3307-11469
SUV,10,143702,94,1489,28,12.5,12.63,39,28,Good,Low,7,No,68806-168942
Truck,2,48126,113,850,30,8.1,12.01,39,32,Critical,Medium,2,No,3974-11146
Truck,1,153599,97,3179,29,5.3,11.76,37,32,Good,Low,12,No,42939-69871
Sedan,7,75709,86,2739,43,15.1,11.74,34,31,Good,Low,5,No,27560-180000
Sedan,7,193415,94,2256,37,14.9,11.87,35,36,Worn,Low,12,No,24643-84237
SUV,7,168030,103,2860,37,8.5,12.76,26,31,Good,Low,6,No,32364-127984
SUV,2,29647,100,1932,26,9.4,11.7,41,33,Worn,Low,6,Yes,45013-87423
Truck,4,66423,93,3218,28,2.9,12.75,45,32,Good,Low,5,No,39025-63967
SUV,7,94148,98,1890,40,9.0,12.35,39,35,Good,Medium,4,Yes,51967-107767
SUV,2,86269,93,2861,25,12.0,12.5,25,31,Good,Medium,8,Yes,36938-124142
Hatchback,10,189871,88,990,35,16.6,12.2,45,31,Good,Low,1,No,60436-180000
Sedan,9,136077,97,3427,33,15.0,11.7,38,33,Critical,Low,7,Yes,8074-27994
Sedan,9,144177,94,685,35,18.1,11.99,38,31,Worn,Medium,1,No,11480-100944
Truck,10,16790,107,3476,33,4.2,12.47,29,32,Good,Medium,9,No,10636-18714
Truck,2,40915,110,2126,32,8.2,12.19,25,32,Good,Low,2,No,15037-38925
SUV,4,187527,91,1171,28,9.6,12.59,28,30,Worn,High,11,No,8632-32312
Sedan,6,79196,94,604,31,16.7,12.65,33,31,Critical,High,1,Yes,5834-19812
Sedan,10,85137,101,1805,30,13.5,12.54,42,33,Moderate,High,11,No,4029-11153
Hatchback,5,97977,93,868,33,15.4,12.04,41,31,Moderate,Medium,9,No,52184-81310
Truck,7,115449,100,1775,21,8.1,12.32,39,29,Good,Low,2,No,25810-97648
Sedan,10,112756,92,1090,32,17.5,12.36,28,32,Good,Medium,3,No,51066-97282
Hatchback,4,53161,96,2668,41,16.2,12.02,33,32,Worn,Medium,1,No,64207-102467
Hatchback,5,172385,88,1753,44,21.1,12.05,41,33,Worn,Low,7,Yes,35702-77018
Hatchback,6,129772,82,3358,47,22.3,11.78,30,29,Critical,Medium,5,Yes,17436-57534
Hatchback,3,209366,90,871,37,20.0,12.28,37,32,Good,Low,5,Yes,47353-116973
SUV,11,231453,92,776,29,11.4,12.69,29,35,Critical,Low,4,No,12037-180000
SUV,10,137216,101,1630,27,11.0,12.02,27,30,Moderate,Low,9,Yes,54311-115491
Hatchback,9,139886,89,2033,31,16.6,12.7,36,33,Good,Low,8,No,62904-136492
Truck,6,222339,111,3000,33,5.3,12.34,44,30,Good,Medium,7,No,15411-38327
Sedan,11,127643,97,1590,36,14.8,12.03,37,34,Good,High,12,No,11118-21284
Sedan,2,45766,99,2666,40,17.4,12.48,33,33,Moderate,Low,6,Yes,33839-111415
Sedan,8,174887,91,1690,28,14.8,12.02,28,33,Critical,Medium,12,No,7899-15277
SUV,4,61119,94,673,32,12.6,12.17,26,28,Critical,Low,1,No,29928-109196
SUV,10,161287,103,2718,38,11.5,11.9,43,29,Critical,High,6,Yes,12756-32628
Truck,12,37942,107,3225,18,7.3,12.19,25,30,Good,High,7,No,1042-3734
SUV,2,55418,93,1564,25,8.8,11.92,43,29,Moderate,High,8,No,42481-75619
Sedan,5,136617,96,788,33,19.3,11.79,44,32,Worn,Low,8,No,13951-180000
Sedan,8,233786,93,2171,38,13.2,11.73,29,31,Moderate,High,1,No,36455-129567
SUV,2,24459,91,2392,42,10.1,12.31,42,35,Good,Low,11,No,81773-180000
Truck,1,133030,103,738,30,2.7,12.78,39,34,Moderate,Low,2,No,58137-108839
Sedan,9,31235,93,2560,30,13.3,12.07,30,35,Worn,High,3,No,29759-79947
Hatchback,7,67820,88,675,37,20.8,12.47,42,31,Critical,Medium,11,No,14675-33615
Hatchback,12,13493,89,2268,41,19.4,11.96,28,34,Worn,Medium,5,No,8994-180000
Truck,9,225476,103,2685,27,6.0,12.0,32,33,Good,Low,9,Yes,27605-44815
SUV,9,189309,94,3162,35,11.1,11.97,32,32,Worn,High,12,No,12123-23055
Hatchback,4,96476,85,2997,37,21.6,11.86,44,30,Critical,High,4,No,11873-37705
Truck,5,75910,104,2820,31,9.9,12.27,44,30,Moderate,Low,9,Yes,33835-63489
Hatchback,8,26351,89,681,43,21.8,12.29,29,31,Good,Medium,5,Yes,34774-113406
Sedan,5,51996,88,1229,35,17.6,11.97,35,30,Critical,Low,3,No,33083-79961
SUV,10,21249,92,3041,29,14.1,11.83,43,29,Good,High,5,No,42705-111973
Sedan,10,226253,97,3108,44,14.0,12.41,38,34,Worn,Medium,5,No,35425-66493
Truck,8,59293,101,3311,22,10.2,12.24,38,28,Good,High,5,No,8116-12806
Truck,7,94336,95,2606,35,3.1,11.98,31,29,Worn,High,2,Yes,6558-22638
Truck,2,152148,101,3309,26,3.0,12.25,44,36,Good,Low,12,No,22128-36538
Hatchback,6,201152,88,3273,42,15.6,12.41,33,31,Moderate,Medium,6,No,25861-97309
Hatchback,5,36699,96,3448,42,14.0,12.27,34,30,Good,Medium,4,Yes,37608-86036
Sedan,4,249315,96,3497,37,14.7,12.35,31,33,Worn,Medium,1,No,20488-179500
Truck,1,31985,100,2113,28,10.7,11.79,34,31,Good,Medium,3,No,24008-54820
Hatchback,2,102832,88,2027,34,16.8,11.83,27,33,Good,Low,11,No,62085-102789
Truck,11,238418,102,3485,31,5.1,12.33,31,28,Good,Low,2,No,40965-108091
Hatchback,11,45789,99,794,33,19.9,11.95,28,36,Worn,Low,10,No,11673-113992
SUV,4,223793,93,2583,36,9.9,12.49,30,33,Moderate,Medium,6,No,73757-137631
SUV,3,66479,96,2666,29,8.2,11.94,36,29,Moderate,Low,3,No,29538-99618
SUV,3,68859,95,2816,37,13.2,12.75,39,35,Critical,Medium,4,No,13178-69834
Sedan,3,212036,92,2488,41,16.9,12.07,40,31,Good,Low,10,No,27196-180000
Truck,2,41128,97,3216,33,2.7,12.14,33,36,Good,High,4,Yes,15763-28105
SUV,1,103337,98,3222,35,9.1,11.98,41,36,Good,Medium,5,No,32059-123601
Hatchback,5,116890,99,684,43,15.7,12.65,30,33,Good,Low,3,Yes,19754-149665
Truck,1,128065,112,3155,20,6.9,12.61,25,31,Moderate,Low,4,No,2016-4268
Hatchback,5,198745,91,3341,37,19.2,12.61,43,36,Moderate,Low,11,No,26514-97640
Truck,12,46255,110,2953,28,3.8,12.14,29,29,Moderate,High,6,No,7486-13428
SUV,5,32959,97,1683,40,10.7,12.31,40,31,Good,Medium,2,Yes,55571-165875
Sedan,5,20797,95,2847,35,16.1,12.13,41,29,Moderate,Medium,2,No,38077-94625
Truck,4,79634,111,1655,22,5.7,12.41,27,36,Moderate,Medium,1,Yes,8104-22802
SUV,11,168475,96,3037,39,10.8,12.64,36,36,Good,Low,7,No,30277-152946
Sedan,9,179019,100,855,30,13.6,12.8,30,29,Worn,Low,11,No,9795-56640
Hatchback,1,248229,86,2003,39,16.4,12.15,27,30,Good,Low,11,No,14451-123324
Truck,12,80609,109,2777,28,9.7,12.41,25,35,Critical,High,12,No,634-1130
Sedan,7,203450,89,1449,35,15.8,12.74,27,31,Critical,Medium,10,Yes,7932-31022
Sedan,12,14615,88,881,37,12.9,12.75,35,35,Good,Low,1,No,54460-152238
Sedan,9,111720,88,1864,27,13.2,12.67,35,33,Worn,Low,5,No,33440-143670
Hatchback,1,179926,83,3103,42,18.0,12.1,28,36,Worn,High,10,No,22176-56596
Hatchback,5,125685,87,1654,41,17.9,12.58,31,34,Good,Low,3,No,57526-180000
Truck,5,236892,102,1780,19,6.6,12.58,37,34,Good,Medium,10,No,15082-26174
Sedan,3,231512,102,1030,28,16.8,12.5,36,28,Good,High,3,No,16943-42287
SUV,5,190315,101,3263,32,9.8,11.71,38,29,Moderate,Low,8,No,38325-131369
Sedan,9,219143,96,2648,39,15.1,11.83,29,28,Critical,Medium,9,No,24482-49804
Sedan,8,171235,92,2402,40,14.4,11.83,28,31,Moderate,Medium,2,No,76999-132191
Sedan,12,120886,103,3349,26,15.0,12.15,26,35,Good,Low,10,Yes,62955-111043
Hatchback,7,94876,88,905,42,15.0,12.05,35,32,Good,High,12,No,10335-119840
Sedan,6,224408,94,3206,36,15.1,11.81,26,29,Good,Medium,2,No,64731-180000
Truck,6,20563,106,1300,34,9.7,11.99,38,30,Good,Low,7,No,12013-41201
Truck,1,131212,111,3353,20,9.1,11.87,43,29,Moderate,Low,6,Yes,190-7068
Hatchback,4,111000,99,3037,36,16.6,12.42,45,33,Good,Low,3,Yes,33468-69798
Truck,10,125700,96,2150,24,9.9,12.52,45,31,Good,High,12,No,6244-14394
Sedan,1,124780,95,2178,35,15.9,12.04,26,36,Critical,Low,7,No,22035-81705
SUV,10,186323,89,2901,36,9.1,12.14,27,33,Good,Low,9,No,71125-170979
Sedan,9,29069,87,2906,33,16.4,11.98,37,29,Moderate,Low,9,No,33867-113707
SUV,3,36977,104,3090,32,7.6,11.94,37,28,Worn,High,9,No,25982-75190
Hatchback,10,207549,94,1889,37,21.5,11.95,44,33,Moderate,Medium,10,Yes,56178-103006
SUV,12,198029,101,1053,33,10.3,12.09,42,33,Moderate,Medium,6,No,19851-100935
Hatchback,5,56230,92,2695,44,17.1,12.53,34,30,Good,Low,7,No,56794-180000
SUV,11,87109,95,1182,36,11.1,12.0,33,31,Worn,High,11,No,7346-13024
Sedan,9,5021,99,1748,26,16.2,12.09,41,34,Good,Medium,1,No,51847-109375
Sedan,4,187297,87,2066,41,11.5,12.6,41,29,Good,Low,11,No,21786-129318
Truck,10,158689,92,899,26,3.6,12.78,25,36,Worn,High,10,No,9578-27436
Truck,6,136061,105,3228,31,7.5,12.53,27,35,Good,Medium,3,No,38214-57554
SUV,12,50262,99,3209,35,10.7,12.34,31,34,Good,Low,8,No,84117-180000
Hatchback,6,63728,95,1943,38,20.3,11.79,41,33,Good,Medium,1,No,17453-180000
SUV,12,9687,100,1957,36,11.7,11.72,35,35,Good,Low,9,No,68888-159496
SUV,8,80208,99,1469,22,11.1,12.65,36,34,Good,Low,8,No,58439-134419
Sedan,7,81116,93,2647,34,16.5,12.4,28,36,Moderate,Low,7,No,68605-110441
Sedan,4,110314,96,2027,36,12.5,11.82,29,28,Good,Low,8,No,24200-171984
Truck,10,231624,110,1453,27,8.7,11.91,44,34,Good,Low,7,No,15075-60013
Hatchback,12,233602,93,1944,40,19.5,12.32,43,34,Good,Low,1,No,62545-146965
Truck,9,226427,104,1391,22,9.0,12.48,31,28,Good,Low,2,Yes,35649-159581
SUV,1,45965,95,1358,28,8.6,12.55,41,32,Good,Low,2,No,94646-153648
Sedan,5,74956,97,1323,43,13.2,11.79,25,29,Worn,High,10,No,13280-46716
Sedan,5,238345,91,2430,30,14.6,12.74,31,29,Moderate,Medium,10,No,50624-119516
Hatchback,1,95000,89,1482,36,17.8,12.15,43,30,Worn,Low,2,No,57786-114456
Hatchback,8,112075,96,2848,40,18.0,12.58,31,28,Worn,Medium,9,No,37214-136370
Hatchback,2,186951,90,1153,38,16.6,12.18,26,32,Worn,Medium,2,No,63303-165557
SUV,1,101050,98,1456,41,12.5,12.77,44,35,Good,Low,9,No,54467-149689
Hatchback,1,150574,94,3076,44,16.9,12.22,26,33,Moderate,High,11,No,4670-16842
Truck,1,49935,111,772,29,5.8,12.71,42,30,Worn,High,7,Yes,940-2692
SUV,8,57974,92,1004,33,12.1,12.16,43,36,Good,Medium,11,No,26370-78818
Hatchback,9,66409,89,955,34,14.7,12.16,36,29,Good,Medium,12,Yes,8724-57398
Sedan,3,167201,86,1119,35,17.3,12.21,29,30,Good,High,11,No,18034-36230
SUV,5,211018,96,2878,34,15.0,12.09,31,36,Critical,Medium,10,Yes,9445-19175
SUV,11,102092,90,3386,26,11.4,12.55,40,30,Moderate,Low,4,No,75038-167004
SUV,5,112415,95,3091,35,9.8,12.44,28,28,Good,High,8,No,18316-37340
Truck,11,209574,108,2596,34,8.2,12.14,33,35,Moderate,Low,3,No,5043-19245
Sedan,6,89704,95,2494,35,13.5,12.0,36,30,Good,Low,5,No,49182-102010
Truck,8,198784,111,1936,27,11.1,12.57,32,29,Good,Medium,12,Yes,5115-18453
Sedan,12,117653,100,2969,27,15.9,11.88,34,34,Good,Medium,6,Yes,28991-56091
Sedan,11,52454,89,1875,39,17.0,12.58,40,28,Good,Medium,2,No,44756-180000
Truck,1,200491,101,2427,26,6.7,12.52,42,31,Critical,Medium,4,No,10843-29351
Hatchback,10,237111,87,611,36,19.0,12.77,44,33,Good,Medium,4,No,76840-123546
Sedan,4,248345,89,2882,37,11.7,12.69,43,35,Good,High,5,No,40047-68153
Truck,11,69290,96,3216,19,3.9,12.01,42,29,Good,Low,9,Yes,12725-24477
Truck,7,125595,104,3000,32,6.2,12.58,26,28,Good,Medium,9,Yes,26851-69029
Truck,12,170031,98,2138,18,6.8,12.75,38,34,Good,Low,11,No,10391-38109
Hatchback,1,180002,88,1455,40,14.9,12.69,40,28,Good,Medium,1,No,55375-146471
Sedan,1,175157,93,1817,30,15.0,12.0,33,34,Good,Medium,8,Yes,28411-106685
Truck,8,176402,106,3034,31,7.7,12.16,35,28,Good,Low,1,No,8034-59040
Hatchback,6,175665,90,3399,46,14.6,11.99,29,34,Moderate,Low,5,No,85185-151517
Truck,9,65500,101,1529,30,7.3,12.67,38,28,Critical,Low,5,Yes,13111-39419
Sedan,7,157747,96,1916,43,17.1,12.15,32,28,Good,Medium,11,No,16124-122256
Hatchback,6,240563,95,2731,33,16.9,12.04,42,29,Worn,Medium,6,No,25211-38103
SUV,5,171167,96,2486,32,12.6,12.07,27,33,Good,Low,10,Yes,51470-118788
Truck,12,225230,98,910,29,8.9,12.68,35,36,Critical,Low,6,Yes,7736-26204
Truck,2,14003,99,2523,27,5.1,12.68,44,36,Good,High,6,Yes,7269-33431
SUV,9,202829,107,2222,30,10.4,12.24,26,30,Good,Low,10,No,39355-78161
SUV,9,69570,95,2218,35,11.1,12.79,34,32,Moderate,Low,4,No,25882-82830
SUV,7,222974,92,1801,37,8.7,11.94,27,33,Moderate,Low,9,Yes,82308-180000
Sedan,1,39184,92,2396,36,16.6,12.29,37,33,Good,Low,9,Yes,35305-172316
Truck,10,127173,99,1756,28,3.9,12.54,26,35,Critical,Medium,6,No,14118-26048
SUV,7,80705,104,2892,32,10.7,11.94,31,34,Good,Low,6,Yes,41666-90496
SUV,5,147047,97,1888,35,9.8,12.05,45,31,Moderate,High,12,No,9073-19317
Truck,9,175012,107,1335,19,6.8,12.01,33,34,Worn,Medium,1,No,1889-5639
Hatchback,11,17216,100,1567,33,20.8,11.95,32,36,Good,High,6,No,12984-37038
SUV,4,171180,92,3317,28,11.8,12.4,30,34,Good,High,3,No,52453-120689
Hatchback,3,167010,95,2933,45,16.2,11.79,25,34,Critical,High,7,No,5721-27761
Sedan,12,106813,87,1136,37,12.3,12.24,43,30,Critical,High,11,Yes,2927-13415
Hatchback,2,106381,86,1744,29,21.5,11.7,34,34,Critical,Medium,12,No,10405-49146
Truck,7,178330,93,2897,23,7.5,12.75,37,31,Moderate,Medium,7,Yes,7713-79770
SUV,1,14421,95,648,35,8.4,12.58,34,34,Good,Medium,2,No,54011-180000
SUV,4,147307,101,3106,36,9.2,12.34,32,35,Good,High,9,No,38886-69618
Sedan,9,109153,87,2704,30,15.6,12.11,34,29,Good,Low,7,No,77054-135642
Sedan,10,90509,97,2642,35,14.0,12.11,27,33,Moderate,High,12,No,5360-12540
Truck,12,221895,92,2819,33,8.6,12.44,44,30,Good,Medium,4,No,47457-80813
Sedan,10,249526,92,1774,34,13.7,11.9,34,32,Moderate,Low,2,No,46316-156608
SUV,5,98771,93,791,41,8.8,12.33,28,33,Good,Medium,10,Yes,64838-100864
SUV,3,50966,97,2378,34,12.6,12.13,44,36,Good,High,7,No,24932-72138
SUV,4,12727,98,1654,39,12.0,12.76,39,33,Moderate,Low,12,No,26973-73995
Sedan,4,192780,90,1103,40,12.8,12.11,27,35,Good,Low,10,No,55255-167113
SUV,8,11066,92,2366,37,10.5,11.81,31,32,Moderate,Low,4,Yes,49635-133989
SUV,12,24307,88,2398,29,13.4,11.74,40,32,Moderate,Low,12,No,43940-89316
SUV,4,127731,102,1319,31,13.0,11.87,28,35,Moderate,High,5,No,24577-67417
Sedan,3,189793,92,2718,32,13.9,12.37,44,36,Moderate,High,10,No,28150-87024
SUV,10,52094,92,1365,33,10.5,12.52,43,34,Good,Low,6,No,70062-180000
Sedan,5,236301,91,639,41,17.0,12.66,32,32,Moderate,Medium,4,No,35547-67541
Truck,6,218494,100,779,23,10.0,11.84,33,33,Good,Low,2,No,28260-118372
Hatchback,1,248433,91,1665,29,17.5,12.49,44,33,Moderate,Medium,8,No,46674-85268
Truck,9,82870,112,919,33,9.1,11.95,40,28,Good,Medium,10,No,14918-28680
SUV,10,196336,88,3159,34,13.2,11.79,39,36,Good,Medium,3,No,62889-180000
Truck,12,19625,96,2865,20,5.3,12.28,42,32,Good,High,5,No,8240-13620
Truck,3,43314,102,982,25,4.1,11.96,43,33,Worn,Medium,7,No,18919-50395
Truck,4,94777,109,1354,26,3.8,11.78,31,35,Good,Low,12,Yes,9156-13810
Sedan,4,138447,89,620,35,12.8,12.69,32,33,Worn,Medium,8,No,49693-112417
Hatchback,7,148083,96,2560,30,19.2,11.73,31,33,Good,Low,1,No,46448-120532
Sedan,11,186147,94,3311,27,17.2,11.94,25,29,Worn,Low,8,No,45354-73660
SUV,5,108896,102,1556,40,9.3,12.45,32,35,Moderate,Low,12,No,38240-76234
SUV,4,73190,98,715,26,13.1,12.4,44,31,Good,High,9,Yes,31376-78576
SUV,7,227599,88,2519,32,11.1,12.0,44,33,Worn,High,9,Yes,5615-95124
Hatchback,10,52980,84,1257,34,16.9,12.5,34,34,Moderate,Low,5,Yes,36937-94371
Truck,7,105404,109,2555,25,6.0,11.81,35,28,Good,Medium,12,No,3597-10201
Hatchback,5,135193,87,2009,35,20.4,12.09,39,29,Good,Low,6,No,58472-180000
Hatchback,12,81959,90,3252,39,15.6,12.37,28,33,Moderate,Low,8,No,96917-161165
Hatchback,7,227909,88,1125,46,19.6,12.21,25,28,Good,Low,8,No,59286-104686
Truck,2,97810,97,860,28,6.1,12.2,37,29,Worn,Medium,6,No,29316-51934
Truck,4,70983,100,3057,23,5.6,12.71,29,35,Good,Medium,10,No,27678-92222
Sedan,2,85815,92,1127,38,13.6,11.8,34,28,Good,Medium,8,No,90975-180000
Sedan,1,169513,102,2304,29,11.8,12.26,45,33,Worn,Medium,9,Yes,31903-53535
Truck,6,240642,111,991,24,7.4,12.3,37,29,Good,High,4,No,2872-5286
Truck,5,85002,102,3312,21,4.8,12.51,42,34,Moderate,High,5,No,1796-6776
Truck,4,198970,96,1719,28,5.5,11.71,30,35,Good,High,8,Yes,16885-41595
SUV,6,50354,103,1271,40,11.1,12.51,40,31,Worn,Medium,5,No,31054-116402
SUV,9,219567,94,2640,34,10.9,12.44,42,33,Good,Low,5,No,46000-155600
Truck,9,112160,96,2827,27,7.4,11.82,26,32,Good,Low,1,No,28396-81892
Sedan,7,29982,91,845,42,17.2,11.95,43,33,Moderate,High,2,No,34884-84636
Sedan,9,32910,94,1635,31,17.8,12.64,40,28,Moderate,Low,9,No,49227-97239
Sedan,6,229713,86,3227,39,18.9,12.74,34,35,Moderate,Medium,10,No,41083-62267
Hatchback,3,57303,93,2704,37,18.7,12.2,34,33,Good,High,3,No,25237-137463
SUV,1,166023,97,1129,35,10.4,12.08,31,28,Moderate,Low,1,No,51094-180000
Sedan,3,178997,88,1238,29,16.7,12.46,45,35,Good,High,4,No,20041-85753
Truck,5,28807,101,1515,23,7.5,11.81,43,31,Worn,High,6,Yes,2960-6278
Sedan,3,239128,86,1572,38,15.9,12.66,32,35,Good,Medium,2,No,38065-144167
SUV,12,126805,102,3013,35,14.3,12.26,30,29,Critical,Low,7,No,21772-41884
SUV,7,134505,97,3258,31,7.6,11.72,43,33,Moderate,Low,1,Yes,53110-85200
SUV,4,23479,99,2266,35,14.8,12.35,36,29,Good,Medium,10,No,23628-101391
Sedan,2,57357,99,924,36,14.1,11.94,37,36,Good,High,11,No,10996-33970
SUV,3,63720,87,948,38,7.7,12.35,30,29,Critical,Medium,8,No,43984-69964
SUV,3,93092,91,2160,31,10.6,11.83,44,30,Good,Low,12,No,61178-112820
Hatchback,10,78640,100,994,40,16.0,11.74,40,30,Good,Medium,9,No,25275-118965
Sedan,12,58810,95,2745,36,13.0,12.75,45,29,Moderate,Low,10,No,55414-113382
Sedan,8,48209,90,1111,44,17.4,12.66,35,31,Critical,Low,6,No,53953-91701
Sedan,8,33352,93,2653,31,16.3,12.53,40,29,Moderate,Low,12,No,16651-36891
Sedan,1,101588,97,2821,26,12.6,12.78,26,28,Good,Medium,5,No,48221-119609
Truck,2,16252,111,624,22,10.2,12.17,30,34,Good,Low,5,No,6199-91738
Hatchback,4,206030,87,733,30,20.0,12.52,35,35,Moderate,Low,1,No,62058-180000
Sedan,1,55658,93,1348,34,14.0,12.34,42,31,Good,High,10,Yes,24985-49331
Truck,9,81036,97,1784,22,2.6,12.25,28,36,Moderate,Low,10,No,20001-32247
SUV,3,101468,94,1529,27,9.5,12.4,26,31,Moderate,Medium,3,No,42184-84396
SUV,11,50004,104,3319,38,11.1,12.74,33,33,Worn,Medium,12,No,44178-70006
Sedan,6,53224,87,3268,38,12.0,12.35,32,30,Moderate,Low,4,Yes,52498-90270
SUV,2,115041,100,1285,38,11.9,12.4,37,28,Good,Low,11,No,45248-103324
Truck,11,44467,98,2167,23,4.6,11.71,28,34,Good,Low,10,Yes,17901-35401
Sedan,8,109556,87,2797,35,19.3,12.47,31,32,Moderate,Low,1,Yes,38776-98742
Truck,5,142597,109,2373,19,5.4,11.92,41,29,Moderate,Medium,1,No,2626-4182
Sedan,12,48728,94,1221,41,13.5,12.36,32,35,Good,Low,11,No,18594-157445
Truck,9,8987,96,1203,33,10.0,11.8,26,29,Good,Low,10,No,29269-163260
Hatchback,3,81367,96,2908,28,22.7,12.23,43,32,Critical,Low,2,No,28115-65635
Sedan,9,142740,84,2626,34,15.5,11.92,37,33,Good,Medium,4,No,35672-97350
Truck,5,86246,100,2708,31,4.2,11.71,42,30,Good,Medium,6,No,16226-42420
Hatchback,8,84158,94,2738,38,18.5,12.47,27,29,Worn,High,3,No,29040-53306
Truck,6,241252,102,2863,32,8.5,12.14,36,28,Worn,Medium,6,No,13714-43970
Hatchback,8,189701,100,1924,43,18.8,12.07,45,29,Moderate,Medium,3,No,41928-102634
Sedan,7,39709,86,983,39,13.6,12.49,37,28,Critical,Low,7,Yes,42280-75248
Sedan,2,101722,98,2699,31,11.6,11.98,32,34,Moderate,Low,6,No,57137-116359
SUV,8,129994,102,804,38,9.8,12.75,38,35,Good,High,8,No,43452-80726
SUV,5,151246,100,1559,29,11.8,12.2,42,35,Good,Low,3,Yes,30829-75375
SUV,5,153890,100,1687,36,11.4,11.89,41,29,Good,Medium,6,Yes,35626-103776
Hatchback,7,202151,97,3095,37,15.4,12.63,34,34,Good,Low,8,Yes,53841-114655
Sedan,12,17858,92,1427,39,18.5,11.96,45,29,Critical,Medium,3,No,17536-67284
Truck,5,50426,103,776,22,8.6,12.32,29,33,Worn,Medium,1,No,28832-63020
Sedan,4,159559,95,1975,29,14.4,11.98,34,33,Moderate,Low,11,No,35117-58253
Hatchback,9,201777,88,3379,39,15.6,12.0,31,35,Moderate,Low,5,No,68166-107226
Truck,6,215733,111,1247,29,6.1,12.55,32,32,Good,Medium,1,No,27969-56507
SUV,1,178877,100,2843,27,11.4,12.15,39,35,Good,Medium,5,No,52121-108629
Hatchback,12,50997,92,3022,41,21.0,12.66,27,34,Critical,Medium,11,No,5286-63283
Sedan,9,39711,94,2392,41,16.6,12.58,32,30,Good,High,5,Yes,39750-63160
Hatchback,10,235263,82,2799,42,15.2,12.67,38,32,Moderate,Low,9,No,58039-166361
Sedan,6,89836,90,3016,28,18.5,12.45,29,33,Critical,Medium,8,No,22655-65929
Sedan,12,60921,100,2560,37,19.2,12.26,43,32,Moderate,Low,10,Yes,43495-109905
Truck,6,14546,106,638,31,6.8,12.78,30,35,Good,Low,11,No,8288-30418
Hatchback,5,59336,93,2281,43,20.0,12.76,29,36,Critical,High,12,No,6606-16358
Sedan,10,174754,83,609,33,16.6,12.05,40,33,Moderate,Low,5,No,41605-73859
Truck,6,198458,109,2733,27,7.7,11.9,33,35,Good,High,7,No,2694-7440
Hatchback,1,31320,88,2295,45,18.4,12.01,37,32,Good,High,6,No,55738-94272
Truck,11,177956,103,2819,18,7.8,12.06,32,30,Moderate,Low,1,Yes,16399-25175
SUV,5,222095,92,2207,25,9.7,12.29,35,36,Good,Low,4,Yes,56756-155706
Truck,4,37631,110,1822,22,5.7,12.12,25,35,Worn,Medium,6,No,16452-27574
Truck,2,100744,93,2513,24,4.9,11.75,30,33,Good,Medium,6,No,44674-86882
Hatchback,11,145387,90,1337,33,15.7,11.84,36,35,Good,Low,1,No,72275-108503
Truck,9,13789,114,2562,28,8.9,12.3,30,28,Good,High,9,Yes,1290-4784
Hatchback,10,227342,94,2287,43,22.0,11.82,37,34,Good,Low,11,No,33992-125368
Sedan,12,235557,86,1184,40,12.8,12.68,44,35,Moderate,Low,10,No,46703-153667
Sedan,10,103208,98,2973,31,14.1,12.13,28,35,Good,Low,2,No,60303-143285
Hatchback,9,218956,97,932,34,18.6,12.31,33,36,Critical,Medium,3,No,7877-26171
Truck,12,50610,105,3366,30,8.7,11.86,26,35,Worn,Medium,5,No,8319-87995
SUV,12,148129,103,3082,28,12.2,12.72,38,36,Moderate,Medium,6,No,29577-77279
SUV,4,247547,105,2989,34,10.9,12.46,36,31,Good,Low,12,No,43090-98900
Hatchback,10,82440,84,3298,32,16.1,11.81,45,36,Moderate,Low,3,No,36212-101440
Sedan,8,173261,98,752,37,16.3,12.7,29,33,Good,High,12,No,6927-22627
Truck,3,181406,108,2754,35,7.2,11.97,39,31,Good,High,7,No,5372-8772
Truck,3,62926,101,1561,21,8.1,11.91,30,35,Good,High,4,No,3531-15603
Sedan,2,62161,85,1873,25,15.2,12.8,33,31,Moderate,Medium,4,No,39551-135859
Hatchback,10,115697,91,2286,45,19.9,12.26,30,31,Moderate,Medium,11,No,44396-73308
Truck,11,65585,109,3309,31,8.5,12.36,37,36,Worn,Low,10,No,10953-37137
Sedan,2,135489,93,2672,29,16.1,12.27,26,28,Moderate,Low,3,No,6764-139864
Sedan,9,226924,98,1237,26,17.3,11.78,43,35,Moderate,Medium,5,No,7394-114795
SUV,7,237930,104,3041,36,13.4,12.07,35,34,Good,High,7,No,59246-88928
Hatchback,4,150104,89,2676,40,15.7,12.45,25,33,Moderate,Medium,3,No,26424-81890
Sedan,11,93419,91,3322,34,18.1,12.27,37,30,Moderate,Medium,1,Yes,41908-91872
SUV,12,208279,97,2016,42,12.1,11.93,27,28,Good,Low,3,No,56819-148693
SUV,10,210219,96,2736,26,10.7,12.58,45,29,Critical,Low,6,No,21789-57617
Hatchback,3,22843,93,2877,39,18.0,11.77,29,32,Good,Low,11,No,42110-121396
Sedan,6,220843,101,2214,27,17.2,11.89,33,35,Good,Low,7,No,37869-128295
Hatchback,11,82589,83,3467,34,15.6,12.48,40,29,Worn,High,1,No,25682-84774
Hatchback,1,60312,91,1172,36,21.1,11.9,36,31,Good,Low,5,No,101266-167586
SUV,9,245544,90,1451,37,11.3,12.05,42,30,Good,Medium,3,Yes,34842-172636
Truck,10,170970,109,2407,27,8.1,12.32,41,36,Worn,Medium,8,No,6867-14325
Sedan,11,202563,85,1403,33,17.9,12.02,33,36,Moderate,Low,8,Yes,34404-102754
Sedan,8,210407,92,2854,29,16.7,12.19,32,35,Moderate,Low,6,No,51845-82057
SUV,5,241470,98,3418,26,12.7,12.72,30,34,Worn,Low,11,No,32614-51006
SUV,11,68406,97,1708,30,9.8,12.44,45,36,Critical,Medium,9,No,16109-41463
SUV,7,208576,93,2953,34,13.8,12.29,42,35,Moderate,Low,7,No,56160-161916
Hatchback,10,212400,101,3058,47,18.6,11.82,30,32,Good,Low,5,No,50672-180000
Hatchback,5,51672,94,2847,38,19.0,12.29,27,29,Good,Medium,4,No,41645-123265
Sedan,8,190877,87,1243,31,12.3,12.26,43,28,Good,Low,1,No,36976-180000
Hatchback,12,180682,94,1181,41,16.1,11.73,37,29,Moderate,Low,7,Yes,45021-118921
SUV,8,137666,99,1507,32,11.9,11.88,33,35,Moderate,Medium,4,No,24450-122548
Sedan,12,101300,96,3278,37,14.6,12.32,36,31,Good,Low,9,No,35986-132974
SUV,3,226192,95,1440,31,11.6,12.78,39,32,Good,Medium,10,No,56887-120551
SUV,10,75966,104,2764,32,8.3,12.51,43,28,Good,High,8,No,16547-54587
SUV,9,219773,96,1361,30,9.9,12.39,28,36,Good,High,11,No,14081-41451
Truck,11,227674,110,2123,30,6.0,11.96,32,32,Good,Low,8,No,18226-60360
Truck,10,96581,97,3072,21,2.7,12.62,27,35,Moderate,Low,10,Yes,5885-14901
SUV,5,219747,95,3217,35,14.2,12.61,37,28,Good,Medium,7,No,32409-74219
Sedan,12,193258,85,2146,29,15.0,11.71,27,29,Worn,Medium,2,No,5136-138046
Hatchback,12,169492,88,3397,43,13.4,12.47,40,34,Worn,Medium,2,No,75569-172853
Hatchback,2,133306,95,1294,39,17.7,11.75,36,31,Critical,Low,12,No,7545-22687
Truck,9,85371,98,2601,26,6.9,11.76,26,31,Moderate,Medium,4,No,30789-57649
Hatchback,5,227711,93,1051,33,22.1,12.63,36,28,Worn,High,4,No,12233-51045
Hatchback,3,157670,91,633,40,17.1,11.81,42,35,Critical,Medium,12,No,6962-24732
Truck,3,116739,108,2639,35,7.6,12.13,39,32,Good,Medium,8,No,5527-17035
Truck,3,124187,104,2544,25,7.0,11.86,33,34,Good,Low,11,No,23916-52300
Truck,10,183675,104,832,16,6.1,12.68,35,35,Moderate,Low,3,No,10708-45125
Truck,6,151127,105,2177,24,8.0,12.3,44,35,Worn,Low,10,No,24819-84703
SUV,8,168615,98,3180,31,11.5,12.23,38,33,Good,Low,3,No,54805-128425
Sedan,10,156880,89,2999,43,11.5,12.01,35,29,Good,High,12,No,20815-49409
Truck,11,237390,111,1277,32,8.5,11.75,37,36,Moderate,Low,1,No,15672-81337
Hatchback,4,240796,88,3371,30,16.1,12.7,26,28,Good,Low,7,No,11887-180000
Sedan,9,223159,95,1739,41,13.3,11.86,45,35,Worn,Low,7,Yes,40221-71117
Sedan,10,116577,88,2939,32,14.6,11.91,35,28,Good,Low,7,No,34598-180000
Sedan,6,204405,95,2892,42,12.3,11.74,42,36,Good,Low,4,Yes,49698-114462
Sedan,4,77534,88,2545,42,16.2,11.7,37,29,Critical,Medium,7,No,19974-48582
Truck,11,239297,109,981,33,9.6,12.63,27,36,Moderate,High,9,No,2930-5572
Sedan,5,110063,94,2188,35,16.8,12.8,39,31,Worn,Low,11,Yes,16563-57211
SUV,8,42006,100,2839,35,12.1,12.78,38,30,Critical,High,12,Yes,334-1114
Sedan,8,185831,86,2337,35,13.9,11.98,25,28,Critical,Low,12,No,15321-40213
Truck,11,190002,95,2739,22,6.0,12.02,36,32,Moderate,Low,9,Yes,30188-68472
Truck,7,7928,102,797,23,4.6,12.01,26,28,Good,Medium,6,Yes,26931-65919
Hatchback,2,232567,90,2979,29,16.6,12.24,25,30,Worn,Low,5,No,33914-110502
Hatchback,12,154132,97,2397,35,18.4,11.96,25,36,Worn,High,1,No,35909-70523
Hatchback,12,65637,96,2897,40,15.9,12.08,43,34,Worn,Low,11,No,27339-77829
SUV,11,119543,93,860,37,12.0,11.75,45,30,Good,Low,12,No,60976-129424
Hatchback,2,112182,96,1265,44,14.5,11.86,32,34,Moderate,Medium,9,No,18410-180000
SUV,11,15318,96,660,29,8.1,12.39,38,31,Good,Low,10,No,75890-133284
Truck,3,132728,105,3021,28,6.2,12.15,37,29,Good,Low,5,Yes,23874-56832
SUV,11,32017,94,2504,32,10.0,12.34,39,29,Good,High,11,Yes,16806-30918
Sedan,1,118665,95,2455,33,18.2,12.18,35,28,Good,Medium,3,No,59828-118990
SUV,11,21817,100,1811,27,13.1,12.45,39,36,Moderate,Low,8,No,41970-67580
Hatchback,8,119484,99,798,46,17.0,12.74,29,31,Worn,Low,2,No,53511-154673
SUV,2,104270,92,2652,34,11.0,11.87,42,28,Moderate,Low,9,No,52617-175907
Truck,6,6641,103,816,32,6.3,12.27,35,34,Good,Low,4,No,36748-90556
SUV,8,156682,97,2727,25,11.4,12.47,33,35,Worn,High,9,No,32652-58404
Truck,6,60001,99,3172,23,8.9,11.92,44,31,Moderate,High,3,No,11283-25083
Truck,10,76095,109,1522,35,5.1,12.55,38,36,Good,High,1,No,14217-27675
Hatchback,2,196814,95,1886,39,21.8,12.1,37,33,Worn,Medium,3,Yes,13485-45579
Sedan,12,23582,85,1758,43,15.9,12.43,45,35,Moderate,Low,9,No,93694-166418
Hatchback,12,39592,91,1912,43,14.6,11.96,45,30,Worn,Medium,8,No,47101-131571
Truck,12,235691,103,1416,32,6.1,11.95,38,35,Critical,High,8,No,7663-13723
Truck,7,181930,106,2051,33,5.6,12.63,43,36,Good,High,3,Yes,5262-16702
Hatchback,1,39398,89,3477,33,19.2,12.02,36,33,Good,Low,7,No,73677-155543
Hatchback,2,236046,90,1847,39,16.1,12.18,44,35,Moderate,Medium,11,No,22109-56793
Hatchback,5,7790,89,3018,43,20.1,12.3,42,36,Moderate,Medium,11,No,34921-58883
SUV,8,142881,101,1821,26,13.8,12.69,32,29,Good,Low,11,No,47523-104683
SUV,8,175195,101,3220,29,14.6,12.45,25,33,Good,Low,5,No,77198-180000
Sedan,4,211167,88,3205,36,13.5,12.26,26,29,Good,Medium,8,Yes,62526-99778
Hatchback,10,175856,96,3463,40,18.9,11.89,37,29,Moderate,Low,2,Yes,48045-88203
Sedan,6,236308,92,2038,35,10.9,11.75,30,29,Good,Low,9,Yes,62807-96673
SUV,1,151624,106,2853,30,12.1,11.96,45,31,Good,Medium,11,No,13691-45459
Sedan,4,142299,91,1959,34,16.4,12.72,36,29,Moderate,Low,4,No,55953-122637
Hatchback,8,80986,88,1674,31,21.9,12.23,27,28,Moderate,High,8,Yes,19321-39651
Truck,12,162378,97,2669,20,7.5,11.77,31,32,Good,Medium,10,No,16822-31996
Sedan,8,98313,99,3098,38,13.6,11.8,44,36,Good,Low,6,No,13155-180000
Truck,9,137697,101,2301,21,6.2,12.31,25,32,Good,High,5,No,6353-11211
Truck,1,29943,97,2286,35,7.3,12.74,33,35,Good,High,3,Yes,5236-19948
Hatchback,5,177444,95,3303,41,14.0,12.14,33,28,Moderate,High,11,No,15908-28512
SUV,11,62049,96,1052,38,12.1,12.18,45,33,Good,Low,6,No,61343-180000
Truck,2,52159,111,2034,32,8.8,11.95,26,29,Good,Low,5,Yes,8084-31914
SUV,12,117372,99,2214,29,13.6,12.06,37,28,Good,Medium,3,Yes,41514-161358
Hatchback,8,31031,95,1984,38,15.7,12.26,28,32,Critical,Medium,8,Yes,9406-35398
Truck,6,114541,98,1002,28,3.8,12.12,36,31,Worn,Low,8,No,24637-37219
SUV,11,149889,94,1619,29,10.8,11.86,25,33,Moderate,Low,3,No,96490-156342
Hatchback,6,151420,92,2966,33,15.7,12.19,30,36,Good,Medium,2,No,54657-121287
Sedan,6,22298,100,1585,40,12.1,12.48,28,32,Critical,Medium,2,No,13857-59872
Sedan,8,249725,98,1908,32,16.5,12.2,45,34,Good,Low,12,No,19452-34198
Truck,4,210326,107,1835,17,4.6,12.42,29,34,Good,High,8,Yes,1247-3009
SUV,11,70082,103,2540,37,9.5,12.01,33,28,Good,Low,4,No,48794-180000
Truck,8,225302,114,1816,34,8.6,12.54,31,34,Good,Medium,6,No,12088-26036
Truck,7,227510,100,1124,17,6.4,12.68,38,32,Moderate,Low,2,Yes,14911-40715
Hatchback,5,161658,92,814,40,14.9,12.53,39,32,Moderate,Low,10,No,64627-135865
Truck,5,169163,108,2462,23,9.3,12.57,38,30,Good,Low,11,No,12065-24543
Sedan,1,78993,85,1242,33,16.6,12.48,25,32,Critical,Low,2,Yes,23107-52893
SUV,2,142777,97,1637,34,9.0,12.56,31,30,Worn,Medium,2,Yes,64251-103273
SUV,4,111442,94,1947,24,14.1,11.73,41,30,Moderate,Low,9,Yes,40605-122921
Sedan,1,29104,92,2760,34,15.8,12.51,42,29,Worn,Medium,2,No,23910-177853
Sedan,10,77413,103,1588,31,11.2,12.14,31,35,Good,Medium,11,No,23227-51977
SUV,4,7317,99,2133,37,7.7,11.91,30,33,Moderate,Low,11,No,54724-106712
Hatchback,7,168193,87,2179,41,17.6,12.16,31,33,Critical,Medium,3,No,10516-50748
Hatchback,12,23629,86,2412,42,14.4,12.03,27,34,Good,Low,2,No,76628-136672
Sedan,4,111987,101,646,44,15.6,12.54,26,33,Good,Low,3,No,65158-180000
Sedan,8,242678,92,3415,31,15.0,12.66,36,31,Moderate,Low,8,No,38882-135736
SUV,11,58316,101,2375,32,8.7,11.9,29,32,Moderate,Low,10,Yes,26275-79237
Sedan,8,239246,97,812,27,13.6,12.45,33,31,Moderate,High,12,Yes,1136-5812
Hatchback,4,196816,97,1534,46,14.6,12.74,32,32,Good,Low,3,Yes,47976-74362
Hatchback,11,145145,86,3413,38,14.2,12.3,39,29,Worn,Low,2,No,66146-119998
SUV,1,55944,100,3276,38,14.1,12.37,42,35,Good,Medium,7,No,22143-180000
Sedan,11,149925,95,2049,40,11.3,12.55,43,36,Critical,Low,12,No,8940-27866
Truck,2,95272,113,1763,19,4.5,12.15,35,29,Worn,Medium,10,No,6760-11066
SUV,8,243612,91,728,28,8.9,12.04,36,34,Moderate,Medium,1,No,45540-162514
Hatchback,7,140260,86,3222,43,18.6,11.87,34,34,Good,High,4,No,34137-106673
Hatchback,5,166196,93,3137,38,14.7,12.23,43,32,Critical,Low,3,No,32870-98788
Truck,7,42457,109,2140,36,4.6,11.96,34,31,Moderate,Low,5,No,40099-65145
SUV,6,50420,91,3300,28,10.2,12.56,39,30,Moderate,Medium,12,Yes,18295-52995
Truck,7,118328,105,2648,29,6.0,12.06,39,36,Moderate,Low,8,No,41190-74994
Truck,1,200774,103,1737,24,4.2,11.84,35,34,Moderate,Low,11,No,15142-24606
Sedan,10,176514,96,1549,41,14.4,12.21,38,35,Good,Low,11,No,46524-125978
Truck,9,142297,106,2418,36,8.1,11.79,27,32,Good,Medium,11,No,9121-26047
Hatchback,9,11085,90,1483,37,15.2,12.15,39,31,Moderate,Low,2,No,45991-114077
Sedan,5,6303,82,1465,31,13.1,12.74,35,33,Critical,High,7,No,9499-15221
Truck,9,13325,105,2992,31,7.9,12.27,32,29,Worn,Low,2,No,22737-83643
Sedan,3,229377,91,715,36,13.6,11.75,27,32,Good,High,6,No,38635-103821
Truck,4,138697,112,2012,24,5.0,12.15,39,32,Good,High,10,No,3152-5616
Truck,1,235524,114,1835,27,5.5,12.13,39,35,Good,Low,8,No,37971-58123
Truck,3,73074,102,3479,21,9.1,11.9,27,31,Good,High,6,No,4644-15298
Hatchback,12,226175,95,2465,43,17.2,12.66,34,35,Good,Low,2,No,28187-155080
Truck,11,28925,106,2306,17,6.9,12.33,38,28,Moderate,High,11,No,131-4893
Hatchback,1,121647,88,1690,42,15.0,11.94,35,31,Good,Medium,5,No,49471-130155
Sedan,12,195869,89,2394,35,15.5,12.54,30,28,Good,Medium,5,No,29630-71328
SUV,10,133563,97,1696,36,13.3,11.93,27,30,Worn,Low,12,No,50692-117890
Hatchback,12,47185,89,863,38,14.6,11.88,28,35,Good,Medium,12,Yes,36516-62344
Hatchback,2,168384,84,2629,37,20.9,12.8,44,33,Critical,Low,7,Yes,24678-64194
Hatchback,11,42058,97,3282,42,21.0,12.55,36,34,Good,Medium,9,No,36487-69361
Sedan,6,193351,90,1953,34,13.7,11.84,29,28,Worn,Medium,2,Yes,35875-127901
SUV,7,60513,101,2259,26,13.0,12.4,35,31,Good,Low,2,No,64471-122783
Hatchback,7,227433,95,621,42,14.9,12.07,35,33,Worn,Medium,5,No,41453-79041
Sedan,8,47340,88,1659,36,13.6,12.28,39,34,Worn,Low,5,No,50893-152493
Hatchback,1,186908,91,976,42,23.3,12.23,40,35,Worn,Low,10,No,21306-180000
SUV,4,206747,91,1016,37,11.0,11.82,44,34,Good,Low,4,No,48599-135549
Sedan,4,137004,87,3068,31,13.3,12.48,29,30,Good,Low,2,No,53473-180000
SUV,7,20373,105,1354,27,11.4,12.19,35,33,Worn,High,5,No,34137-66627
Sedan,8,71081,95,1138,33,18.1,12.04,25,31,Good,High,1,Yes,16324-61094
SUV,7,107675,91,1818,28,9.6,12.13,38,30,Moderate,Medium,1,Yes,43543-118343
Sedan,8,116779,101,3272,29,12.4,11.71,30,33,Critical,High,12,No,1994-3376
Hatchback,4,213532,85,2898,40,20.9,11.87,38,30,Moderate,Low,7,No,47889-113845
Sedan,10,130322,90,1207,34,12.5,12.25,42,28,Critical,Low,7,No,29359-74146
SUV,3,154301,100,2198,32,9.8,12.7,25,29,Good,Low,10,No,47460-180000
SUV,2,6786,94,1314,28,11.9,12.66,42,30,Worn,Low,4,No,78080-163678
SUV,10,226249,91,2330,43,12.9,12.71,31,30,Good,High,12,No,34371-71033
Hatchback,7,14892,101,2804,45,19.2,12.37,30,31,Moderate,High,9,No,25145-102341
Hatchback,11,95135,83,1809,37,17.4,12.1,28,35,Moderate,Medium,2,No,36882-129612
Truck,6,73987,100,2815,25,8.8,12.63,45,32,Good,Low,5,No,25684-85802
SUV,2,203946,103,684,40,12.8,12.28,36,31,Good,Low,6,No,81764-147762
SUV,1,229112,90,2228,35,12.5,12.61,40,36,Good,Medium,12,No,21157-140395
Hatchback,12,13970,94,607,29,16.1,12.55,25,34,Moderate,Low,6,No,54382-110194
Sedan,2,37681,100,3101,29,11.8,12.43,43,34,Good,Low,2,No,96312-151012
Hatchback,4,121595,98,2045,43,20.8,12.32,43,33,Good,Medium,11,No,16676-46988
SUV,9,237800,105,1526,35,12.7,12.48,44,30,Critical,High,1,No,9515-16785
SUV,3,61720,94,822,27,7.7,12.7,41,34,Good,Low,4,No,39499-139317
Hatchback,8,17521,90,3094,40,15.0,11.75,32,33,Moderate,High,9,No,23525-73933
Truck,2,84555,102,1655,26,3.9,11.82,41,32,Moderate,Medium,3,No,23254-39210
Hatchback,12,235725,87,2552,39,22.8,12.78,39,36,Good,Low,5,No,48852-131408
SUV,7,49459,101,623,26,11.2,12.1,29,34,Good,Medium,8,Yes,36439-95785
Hatchback,11,210837,91,2503,32,22.9,12.48,25,29,Moderate,Low,10,No,33216-103410
Hatchback,8,235740,100,2919,39,15.8,12.66,43,30,Good,High,8,No,7496-74107
Truck,9,111311,111,1640,26,8.1,11.77,26,36,Moderate,High,3,Yes,1435-3669
Truck,4,147355,97,1699,18,9.6,11.76,33,35,Good,Low,12,No,13522-46580
Hatchback,3,22561,90,871,35,22.7,11.92,32,29,Moderate,Medium,3,No,55279-85671
Hatchback,11,187185,96,1605,36,22.1,12.55,37,31,Moderate,Low,6,No,21322-82498
Hatchback,10,145250,90,1478,44,19.5,12.51,44,31,Moderate,Medium,2,No,47768-180000
Truck,10,169891,113,3388,28,4.7,12.56,34,30,Moderate,Low,5,No,16106-39760
Sedan,8,151032,89,1187,30,13.8,12.13,41,28,Good,Low,2,No,88739-180000
Sedan,12,210013,94,640,40,16.3,12.79,30,34,Good,Low,3,No,77216-154504
Hatchback,6,135023,97,3120,44,18.4,12.61,27,33,Good,High,1,Yes,16735-97563
Truck,11,230327,95,1746,25,8.0,12.71,36,36,Moderate,Low,2,No,39574-132952
Truck,11,186819,94,992,29,10.8,12.26,42,36,Good,Low,11,No,41673-67751
Truck,12,135813,99,3167,20,7.8,11.8,36,36,Moderate,Medium,11,No,8618-13036
Truck,1,166545,106,2527,22,3.6,12.78,40,31,Good,Low,10,No,30861-69759
Hatchback,9,186639,87,1848,32,21.0,12.23,32,35,Good,Low,5,No,49906-123812
Hatchback,3,139910,96,2704,47,12.9,12.06,42,35,Moderate,Medium,11,No,18942-40936
Truck,8,191278,97,2211,25,8.1,12.1,28,32,Good,Low,11,No,32405-84297
Sedan,5,157802,98,2730,31,12.8,12.28,26,34,Good,Low,4,No,47647-103003
Sedan,3,207055,94,1791,37,14.1,12.14,28,34,Moderate,Low,10,No,67546-148266
Truck,10,139285,96,3257,23,8.9,12.69,26,35,Moderate,Low,9,No,36231-58345
Sedan,7,64230,95,1510,37,15.6,12.47,35,35,Good,Low,9,Yes,27322-80892
Hatchback,9,213264,94,3231,40,16.2,12.64,26,34,Good,Low,1,No,82563-178291
Truck,5,169701,113,3159,26,5.1,12.52,32,35,Worn,Medium,8,No,14788-28382
Sedan,10,176158,93,2438,32,11.9,11.92,27,28,Moderate,Medium,7,No,45788-132348
Sedan,7,238914,95,2435,40,13.8,12.76,42,34,Moderate,Low,1,No,59176-180000
Sedan,5,243605,86,2523,42,14.2,12.06,35,30,Good,Low,11,No,46088-125008
Hatchback,3,197796,97,2926,42,20.8,12.31,39,31,Good,High,5,No,11902-58017
SUV,6,117635,93,650,27,10.0,12.7,43,31,Moderate,Medium,12,Yes,25705-78813
Truck,10,116023,94,1249,36,4.3,12.73,41,36,Critical,Medium,6,Yes,2499-21206
Hatchback,4,94781,85,3285,44,21.0,12.8,40,34,Good,Low,10,No,87268-157358
SUV,9,142277,93,2305,26,8.7,12.5,42,34,Good,High,6,No,55809-103491
Truck,1,59231,104,1648,21,4.0,11.75,41,33,Worn,Low,2,No,21995-53153
Sedan,11,189664,96,2814,36,14.4,12.7,31,35,Moderate,Low,9,No,52393-95357
Truck,10,135317,106,690,32,4.8,11.77,30,29,Good,Low,3,No,27187-44545
SUV,8,199235,103,2924,33,9.1,12.12,33,33,Moderate,Low,7,No,32709-107899
SUV,6,119625,90,3359,30,10.4,11.97,42,29,Good,Medium,10,No,74835-179161
Hatchback,3,82429,85,1636,34,22.7,12.05,35,30,Worn,Low,8,No,19582-123723
SUV,2,17309,98,3447,32,12.8,12.07,37,35,Good,High,9,No,33899-68589
Sedan,8,10693,102,1204,29,12.4,12.04,40,28,Moderate,Medium,11,No,13334-29792
SUV,6,161271,97,1900,33,10.0,12.62,41,30,Good,Medium,12,No,22787-44817
Truck,6,89248,110,1745,37,9.2,11.95,35,32,Worn,Medium,4,No,6883-22735
Truck,4,237942,111,2901,27,7.6,12.12,40,30,Good,Low,7,No,30098-70858
Hatchback,12,59671,95,2304,32,15.2,12.51,43,28,Moderate,High,3,No,14273-26199
SUV,7,249460,94,1844,34,11.3,12.59,28,36,Critical,Low,5,No,67480-105776
SUV,8,51774,99,899,37,8.5,12.76,30,35,Good,Medium,4,No,39850-159297
Hatchback,5,52332,85,1810,35,16.4,11.9,33,34,Critical,High,9,Yes,5108-11332
Truck,6,130617,100,2691,28,8.6,11.74,39,34,Moderate,Low,8,No,9521-90009
Sedan,12,43645,98,2765,36,12.8,11.73,27,36,Moderate,High,3,No,28090-87638
SUV,11,56339,101,3016,40,8.6,12.14,28,36,Good,Low,9,No,54245-151819
Truck,9,89643,95,3298,33,10.3,12.77,39,34,Critical,Medium,11,No,5802-13682
Sedan,5,22396,88,2779,31,18.6,12.23,42,35,Moderate,Medium,7,No,39345-124671
Sedan,7,152309,94,3079,30,15.0,12.62,26,29,Worn,High,6,No,19371-77367
Truck,8,170047,103,2640,31,5.5,11.78,42,34,Critical,Low,4,No,13672-44416
Sedan,10,9295,91,2715,26,12.9,12.14,37,32,Good,Medium,11,No,22550-76930
SUV,10,28833,91,1363,30,10.6,12.56,32,29,Good,Low,9,No,82885-180000
Hatchback,1,166750,89,2652,35,21.6,12.57,32,29,Good,Low,2,No,14917-180000
SUV,2,221198,95,3293,32,10.6,11.75,26,33,Moderate,Low,6,No,46795-99889
Sedan,4,13972,97,1141,42,15.9,12.65,43,31,Moderate,Low,1,Yes,21166-121189
Truck,4,179169,94,1050,25,8.4,11.85,39,28,Good,Low,11,No,21532-34866
Sedan,2,45444,88,2058,38,17.3,12.23,37,31,Worn,High,2,No,43016-123364
Hatchback,2,62192,90,625,33,21.0,12.14,36,34,Worn,Low,3,No,19880-147753
Truck,2,86660,105,3263,32,9.5,11.99,39,30,Moderate,Low,10,No,14521-101337
Sedan,8,181752,90,2892,32,16.7,11.95,42,29,Critical,High,1,No,9194-21298
Truck,11,31410,108,2235,32,5.5,12.3,44,36,Critical,Low,7,No,5088-11704
Hatchback,1,125940,97,1212,35,13.7,12.4,37,34,Good,High,8,No,36059-56895
Truck,12,222017,97,2406,23,6.0,12.6,32,30,Good,High,5,No,15288-36416
SUV,10,160418,94,1042,35,12.5,12.21,26,33,Good,Medium,5,No,69705-180000
SUV,5,75524,93,1557,34,12.0,12.57,41,34,Good,Low,2,No,67923-163623
SUV,2,163042,101,2187,30,9.1,12.16,38,36,Good,Low,7,No,66605-160101
Hatchback,8,165090,88,3066,41,19.9,12.05,43,32,Critical,Low,6,No,45107-123563
Hatchback,3,234389,95,1719,41,18.9,11.81,41,36,Worn,Low,3,Yes,57729-119839
SUV,8,128153,106,2936,28,12.6,12.11,25,32,Moderate,Low,7,Yes,26154-64182
SUV,2,78723,89,1402,40,11.0,12.68,34,33,Good,Medium,4,No,42624-161250
SUV,9,178379,91,2527,27,14.4,11.98,41,33,Good,Low,10,No,90407-168173
SUV,9,133625,96,2700,35,9.1,12.2,26,28,Good,Low,11,No,61992-105464
SUV,9,137145,105,2541,33,8.7,11.87,41,34,Good,Low,10,No,76909-180000
Hatchback,5,245825,91,1774,42,20.0,12.14,38,30,Worn,Low,8,No,85279-180000
SUV,10,223712,94,2178,32,10.3,12.74,28,28,Worn,Medium,12,No,34359-83505
SUV,2,150781,88,2455,37,10.9,12.41,35,28,Good,Low,9,Yes,52540-139790
Hatchback,3,27502,96,2372,32,15.6,12.37,38,36,Moderate,Low,8,No,57969-100649
Truck,8,110906,98,1166,32,9.6,12.65,27,30,Good,Low,12,No,38345-60275
Truck,6,194461,103,2419,28,7.9,12.01,38,32,Good,Low,1,No,58913-103353
Hatchback,1,95646,92,2034,29,15.2,12.21,42,28,Critical,Low,9,Yes,16950-61958
Sedan,3,138056,95,3318,41,17.0,11.97,37,36,Good,High,7,No,20339-52077
SUV,10,104436,96,2785,42,7.8,12.29,34,32,Critical,Medium,4,No,25266-40330
Hatchback,12,187080,96,2409,46,16.5,12.66,42,34,Good,Low,8,No,52450-128544
Hatchback,9,174381,88,1135,34,19.2,12.03,30,32,Critical,Medium,10,No,18151-52453
Hatchback,10,27413,89,1525,41,22.2,11.95,36,28,Good,Low,6,No,67094-159162
Hatchback,7,70405,89,683,38,15.9,11.89,36,33,Moderate,Medium,10,No,21680-122342
SUV,2,108751,96,2246,27,11.9,11.89,44,34,Moderate,Low,6,No,26007-130471
Hatchback,5,157008,83,1440,41,19.6,12.14,37,32,Moderate,High,11,No,7693-17319
Truck,6,109565,106,2476,19,7.9,12.79,40,35,Critical,Medium,12,No,637-1997
SUV,4,124380,89,2550,32,13.1,12.52,42,29,Good,Medium,3,Yes,37552-90998
Sedan,9,242940,95,1435,44,16.2,11.73,41,36,Good,Low,12,No,30411-85943
Truck,2,59261,108,2891,28,6.2,12.08,25,31,Critical,Low,3,No,4309-10487
Sedan,8,95423,92,780,34,12.9,12.03,33,35,Moderate,High,12,No,13048-41052
Truck,11,117023,109,3183,36,8.1,12.22,44,34,Good,Low,5,No,25227-85029
Truck,4,192910,102,2459,19,6.0,12.77,34,32,Good,High,12,Yes,854-2020
SUV,7,212674,95,1031,40,14.1,12.07,43,29,Good,Low,5,No,22859-180000
SUV,1,230741,102,2882,31,8.9,12.2,28,36,Worn,Low,5,No,32170-91540
Truck,3,154782,94,1757,27,4.6,12.79,30,28,Worn,Medium,4,No,22766-80544
Hatchback,2,249682,90,2110,27,19.0,12.76,26,36,Critical,Low,10,Yes,16381-43991
SUV,5,204241,90,2085,35,13.2,12.41,44,35,Critical,Medium,1,No,40993-114389
Sedan,8,147683,96,3494,27,15.9,11.98,35,29,Good,Low,7,Yes,37915-62423
SUV,2,204400,97,1374,39,10.1,12.69,33,28,Moderate,Medium,8,No,51017-127111
Truck,4,96646,95,2492,20,7.5,12.27,40,35,Critical,Medium,10,No,6257-9583
Sedan,1,24306,99,2602,43,15.2,12.39,35,33,Good,Low,8,Yes,28555-87955
Truck,10,182990,100,2214,22,6.7,12.23,25,28,Moderate,Low,11,Yes,8707-25281
Truck,5,14924,98,2754,26,4.9,11.89,39,30,Good,High,5,Yes,16257-28197
Sedan,5,222916,97,1382,43,17.2,12.41,38,36,Moderate,Medium,2,No,36550-139242
Truck,8,130402,100,2276,30,7.5,12.01,44,32,Moderate,High,5,No,4182-25298
Sedan,4,141791,88,1031,27,15.4,12.67,35,31,Moderate,Low,7,No,50052-77696
Truck,9,223524,111,1910,32,10.1,12.74,30,34,Worn,Low,9,Yes,7679-17481
Sedan,1,233965,94,2158,38,12.9,11.77,41,33,Good,Low,12,No,28730-170759
Sedan,9,235369,94,1227,34,16.1,12.7,25,29,Good,Medium,3,No,58660-94024
SUV,2,6863,101,781,33,11.7,12.05,35,29,Moderate,Low,8,No,47252-79690
SUV,2,228282,93,1672,32,11.5,12.53,39,32,Good,Medium,8,No,47320-157604
Sedan,10,149734,93,2646,36,14.0,12.73,41,33,Good,High,4,No,50231-103989
Truck,10,244001,109,2253,26,6.7,12.4,36,34,Moderate,Medium,2,Yes,10052-17822
SUV,11,186438,98,2928,31,7.8,12.4,42,33,Good,Low,9,No,20078-180000
Sedan,9,34038,91,2571,32,14.4,12.42,43,33,Good,Low,8,Yes,23545-89477
Hatchback,12,90082,89,3389,33,17.6,12.75,40,35,Good,Low,11,No,38043-86133
Hatchback,9,198250,96,3197,31,21.2,12.45,42,33,Good,High,5,No,21244-38770
Hatchback,2,231472,94,980,42,19.6,12.54,33,34,Good,Low,10,No,92770-140438
Hatchback,1,64916,96,679,45,13.1,12.73,25,28,Good,Medium,1,No,68598-156482
SUV,7,202113,104,1756,37,11.4,12.61,36,30,Moderate,Low,9,No,87048-180000
Sedan,6,53037,97,2826,41,14.6,12.14,29,33,Good,Medium,6,No,40226-103880
Hatchback,6,245920,92,2663,35,22.0,12.66,33,29,Good,Low,2,Yes,49191-180000
Hatchback,6,63849,87,2599,43,17.9,12.5,45,30,Good,Low,7,No,65958-180000
Sedan,1,104012,84,3322,38,14.1,12.57,29,35,Good,Low,6,No,74490-142152
SUV,10,178615,90,1798,38,13.3,12.06,39,28,Moderate,Low,10,Yes,104281-167401
Hatchback,6,85857,84,739,36,19.0,12.27,41,28,Good,Low,6,No,72256-125920
Truck,3,201464,114,2303,36,6.3,12.22,34,36,Moderate,High,6,No,3399-8121
Sedan,12,7422,86,2838,33,15.3,11.81,40,29,Moderate,Medium,3,No,36880-95190
SUV,3,239504,101,1400,30,10.8,12.78,45,28,Moderate,Low,6,No,28739-106771
Sedan,9,155300,99,3021,33,13.3,12.15,29,34,Good,Low,4,No,20965-100549
SUV,7,59052,98,2955,31,9.0,12.17,27,32,Worn,Low,10,No,56411-110433
SUV,1,37007,91,2615,36,11.9,12.05,37,32,Moderate,Low,6,Yes,65886-180000
SUV,9,178861,92,2573,40,11.4,12.57,44,35,Worn,Medium,1,No,81795-163707
Truck,3,25643,101,1384,27,7.8,12.32,39,31,Critical,Medium,10,No,18817-28625
SUV,5,228842,100,2680,32,11.1,12.69,35,36,Good,Medium,8,No,31344-162698
Hatchback,9,226079,92,1838,38,15.5,12.47,29,35,Worn,Medium,10,Yes,43807-67813
Truck,10,181917,97,1381,25,9.4,11.8,39,31,Critical,Medium,12,No,4710-17168
Sedan,4,214728,97,3254,31,15.4,12.79,30,32,Moderate,Low,7,Yes,18688-87694
Truck,5,22963,104,2865,26,10.0,11.82,45,32,Good,Low,4,No,45827-82835
Sedan,9,236492,97,3494,34,16.8,12.09,26,31,Moderate,Medium,5,No,29651-46633
SUV,1,149827,98,947,36,11.8,12.68,44,33,Good,Medium,10,No,54021-180000
Truck,2,20077,106,1734,29,5.6,11.76,40,35,Moderate,High,9,No,7080-13508
Hatchback,2,6424,93,3322,35,19.9,12.21,32,35,Good,Medium,2,Yes,42071-101579
Hatchback,12,214788,90,874,43,17.7,12.7,33,29,Moderate,Low,1,No,93342-180000
Hatchback,2,94261,95,795,33,15.7,12.46,33,31,Good,Low,5,No,39240-128844
Sedan,6,139754,88,2099,34,11.7,12.64,25,31,Critical,Low,9,No,15341-49281
Truck,4,49781,107,1795,25,8.5,12.32,39,29,Good,Low,6,Yes,9611-14491
Hatchback,9,155174,89,1821,47,19.7,12.53,31,29,Worn,High,2,No,53833-111631
Sedan,12,116704,91,2413,38,14.6,12.42,27,35,Good,Medium,1,No,59162-112760
Hatchback,12,184935,92,2256,42,17.7,12.08,35,36,Good,Medium,1,No,38869-141087
Hatchback,2,31386,96,2298,43,18.6,12.54,25,35,Worn,Medium,2,No,28200-140678
SUV,8,16848,98,3027,28,12.3,11.87,31,36,Moderate,Low,3,No,37276-105260
SUV,12,57900,94,2895,36,14.4,12.07,40,36,Good,Medium,9,No,52646-130333
Hatchback,1,19221,100,2768,45,14.6,12.37,30,29,Good,Low,2,Yes,64715-174505
SUV,8,77414,98,2938,29,12.8,11.78,30,31,Critical,Low,7,No,21617-34447
Truck,5,242490,102,3007,27,7.1,11.71,38,29,Moderate,Medium,1,No,25893-76001
SUV,3,62654,97,1689,30,11.5,12.65,42,28,Good,Low,7,No,82165-180000
Hatchback,9,26828,98,2911,39,17.9,11.73,41,30,Moderate,Low,1,No,35876-130230
Sedan,6,6309,84,3296,29,12.0,12.18,25,31,Moderate,High,6,Yes,8360-43848
Truck,12,54239,98,1705,18,7.1,11.86,28,32,Moderate,High,2,No,4215-9461
Sedan,12,120330,90,878,25,15.7,11.82,26,31,Good,Low,10,No,64599-119929
SUV,3,180607,94,614,32,12.2,12.58,36,29,Critical,Low,10,No,23309-88425
Sedan,1,89309,99,1057,43,16.0,12.63,44,30,Moderate,Medium,3,Yes,17071-50993
Truck,7,212462,96,677,17,9.7,12.08,34,28,Good,Medium,1,No,34190-78578
SUV,3,6497,104,2697,29,10.2,12.24,45,36,Worn,Medium,7,Yes,23319-35135
Hatchback,10,109849,87,2771,32,20.1,11.73,29,34,Good,Low,4,No,105479-168665
Hatchback,11,123464,93,1267,43,17.7,12.79,38,35,Good,Medium,2,Yes,46235-169837
Sedan,10,53088,97,997,42,16.7,12.75,27,30,Moderate,Low,3,Yes,22688-174155
Sedan,10,10299,88,621,30,17.6,12.59,34,31,Good,Low,2,No,62066-138186
Sedan,12,198434,102,1280,29,15.0,12.15,40,36,Worn,Low,10,No,45046-72008
Sedan,4,35816,95,2276,34,16.3,11.96,43,32,Critical,Low,7,No,29603-61455
SUV,1,190802,104,3275,40,9.2,12.32,45,36,Critical,High,10,No,11821-23243
Sedan,5,103267,92,1328,42,14.1,11.81,39,31,Good,Low,11,No,40430-125812
Truck,3,189146,100,894,19,9.5,12.57,34,29,Moderate,Low,6,No,2504-63978
Hatchback,8,204279,89,1731,37,22.5,12.45,40,33,Worn,Low,6,No,55949-147783
Sedan,3,227105,102,889,26,15.2,12.07,43,35,Critical,Medium,12,No,3434-6398
Sedan,2,136922,93,777,37,12.3,12.78,42,28,Good,Low,8,No,90708-180000
SUV,1,171373,103,2024,31,9.5,11.98,29,30,Worn,Medium,5,No,40747-77133
Truck,2,131283,114,2855,30,6.9,12.47,45,34,Moderate,Medium,8,No,7756-21632
Hatchback,4,119492,86,1862,34,15.4,11.91,39,33,Good,High,7,No,31883-52839
Hatchback,7,123604,95,2785,38,18.5,11.73,40,32,Critical,Low,1,No,43286-124528
Sedan,1,190742,97,2188,29,15.7,11.84,40,28,Good,Low,11,No,26171-50141
Sedan,2,165317,88,826,33,11.4,12.36,33,29,Worn,Low,4,No,37661-159896
Sedan,1,213017,97,2319,42,13.7,12.34,44,31,Good,High,12,No,15220-28154
Hatchback,7,111376,97,3376,32,18.1,12.58,26,34,Moderate,Low,7,No,16943-141594
Sedan,3,148799,94,1302,30,16.1,11.79,40,32,Worn,Low,9,No,20018-99344
Hatchback,9,89526,95,2585,36,18.9,11.77,40,29,Worn,Low,1,Yes,60860-110682
Truck,7,25663,108,2854,21,3.4,12.11,30,34,Good,High,5,No,1333-3787
Sedan,6,147993,98,2972,42,16.3,12.48,29,29,Worn,Low,3,No,45444-103996
SUV,4,243908,100,969,37,9.7,12.46,31,36,Good,Low,6,No,12497-180000
SUV,7,182958,95,1528,38,14.4,11.96,31,28,Moderate,Medium,2,No,69102-143284
SUV,2,46954,97,1861,23,13.6,12.06,32,30,Good,Low,11,Yes,31321-52999
SUV,1,112576,104,3451,31,9.7,11.86,31,29,Worn,Medium,8,No,47422-71464
Truck,9,68765,96,3457,19,5.4,12.19,33,30,Good,Medium,2,No,27789-46351
Truck,12,31645,111,2170,19,5.4,12.23,31,36,Critical,Low,4,Yes,194-2015
Hatchback,1,20443,84,1667,38,16.1,12.59,33,35,Good,Medium,9,No,46589-148543
Sedan,10,180313,89,1223,41,11.8,11.81,41,28,Critical,Medium,2,No,34484-84626
Sedan,1,178796,94,717,40,12.0,12.14,28,28,Moderate,Medium,1,No,41933-150191
Truck,9,206993,95,2278,24,4.0,12.35,40,36,Good,Low,6,No,57479-107255
Truck,4,98687,109,754,16,6.1,12.05,31,31,Good,Low,3,No,13004-26302
Truck,2,7585,97,1595,23,5.4,12.57,37,31,Good,High,6,Yes,3656-20157
SUV,11,142294,90,2121,36,12.6,12.76,39,36,Worn,Medium,4,No,48858-152502
Sedan,2,159743,96,876,27,16.6,11.86,43,36,Worn,Medium,1,Yes,27847-67511
Hatchback,10,46534,90,1228,33,17.8,12.11,28,33,Moderate,Low,8,No,48084-118348
Sedan,9,53794,92,1227,41,16.5,11.72,35,32,Good,Low,2,Yes,96387-168679
Sedan,7,184471,100,1084,35,16.1,11.98,27,35,Good,Low,10,No,43951-72115
Truck,2,160073,112,1449,30,6.6,12.77,31,35,Good,High,12,No,1110-3032
SUV,7,123281,87,1328,39,9.1,12.37,45,36,Critical,Medium,1,Yes,61822-116414
Sedan,5,24666,94,1360,31,16.7,11.73,45,28,Good,Low,4,No,39195-156307
SUV,2,57607,100,2015,38,14.9,12.5,31,29,Good,Low,11,Yes,40478-117320
Sedan,2,94009,86,2630,38,17.3,12.67,45,34,Worn,Medium,10,No,49316-85680
Hatchback,6,62911,85,1048,40,15.2,12.64,37,30,Good,Low,4,Yes,77154-180000
Sedan,6,216540,85,3346,40,13.2,12.52,39,34,Good,High,2,No,34726-122698
SUV,4,139932,94,3190,36,7.8,12.26,42,28,Good,High,6,No,30886-121514
Sedan,3,12739,91,1635,37,15.5,12.04,45,29,Critical,Low,4,No,36438-87138
SUV,11,95975,100,1088,26,8.8,12.28,36,29,Good,High,1,No,33409-151695
SUV,4,77741,106,1001,40,11.7,12.16,26,31,Good,Low,7,No,34117-79941
SUV,4,78805,100,1940,32,8.6,12.73,25,31,Good,Low,7,No,45697-147043
Truck,2,127333,112,3307,30,4.4,12.2,38,34,Moderate,Low,9,No,12639-22109
Truck,4,154970,107,2973,34,4.9,12.25,36,31,Worn,High,11,No,285-883
Truck,12,8506,111,2435,31,5.0,11.89,44,29,Good,Low,1,No,16306-65064
Truck,4,97707,112,1958,22,9.6,12.41,42,29,Moderate,Low,3,Yes,14311-30973
SUV,1,54216,92,2748,34,10.9,12.52,36,33,Good,Low,12,No,41734-70358
Truck,9,112466,99,2979,32,6.1,12.77,45,29,Good,Low,7,No,44503-81093
SUV,8,9011,99,2159,32,13.5,12.36,42,32,Good,Medium,5,No,35910-131772
SUV,11,211446,96,2768,33,10.7,12.04,39,35,Good,Low,4,No,45088-117860
Hatchback,3,243673,90,2898,45,20.2,12.23,25,30,Moderate,Low,2,No,42130-119366
Truck,5,136310,102,2589,29,5.0,11.84,25,29,Good,High,3,No,4781-16039
SUV,2,179908,93,2351,37,11.3,12.34,31,28,Good,Low,6,No,61957-167537
Sedan,12,144327,94,3216,41,15.2,11.73,31,35,Critical,Low,9,No,33108-108676
Sedan,7,180387,84,2854,36,16.6,12.78,36,35,Moderate,Medium,1,No,80904-180000
Hatchback,4,231822,97,830,41,21.2,12.23,28,33,Good,Medium,12,No,29663-50357
SUV,11,20356,93,925,23,9.9,12.04,32,32,Worn,Low,11,No,19269-138811
SUV,10,158228,96,3397,28,12.7,11.96,45,29,Moderate,Low,11,No,16389-82598
Truck,9,47166,104,1855,24,6.0,12.13,32,32,Worn,Low,10,Yes,35907-78585
Sedan,12,194651,91,1288,27,15.2,12.09,30,32,Moderate,Low,6,No,62621-97231
Truck,2,107162,103,836,33,6.4,11.7,40,29,Moderate,High,5,No,2838-42522
SUV,7,216162,97,1454,36,11.0,12.38,44,30,Good,High,12,No,20105-73063
Truck,3,51561,102,1472,29,4.1,12.46,33,31,Good,Medium,12,No,14314-24402
SUV,5,88049,92,1745,25,9.5,11.79,40,30,Good,Low,5,No,56598-180000
Hatchback,3,29151,85,1443,42,19.0,12.29,26,36,Good,Low,12,No,25743-92737
Sedan,11,159712,92,2226,32,13.3,12.04,40,35,Moderate,Low,9,No,43574-74688
Truck,4,181027,112,2757,19,8.7,11.87,45,35,Moderate,Low,7,Yes,4473-11857
SUV,2,33493,102,1193,31,14.1,12.7,35,34,Worn,Low,6,No,67435-107643
Truck,9,68884,109,1463,34,7.8,12.79,28,29,Worn,Medium,2,No,10625-37353
Truck,5,18697,105,1861,27,10.3,12.14,35,31,Good,Medium,1,No,44287-81435
SUV,10,240749,100,2209,33,11.7,12.52,33,33,Worn,High,12,No,7310-22120
Truck,3,10716,109,2442,17,8.6,11.89,27,34,Worn,Low,10,Yes,5012-8916
Hatchback,11,32695,96,2401,42,22.0,11.93,34,31,Good,Medium,12,No,29451-64089
Hatchback,12,71808,95,3088,45,15.9,12.38,32,31,Moderate,High,12,No,15618-37834
Truck,12,103987,102,2111,18,4.4,12.15,31,33,Good,Medium,4,No,11468-38718
Hatchback,9,65781,90,1322,35,14.8,11.93,41,33,Good,Medium,12,Yes,28898-48262
SUV,1,156134,103,3354,37,9.8,12.47,25,34,Good,Low,10,Yes,54931-120423
Hatchback,5,168489,94,1290,33,21.7,11.96,33,30,Good,Medium,1,No,63889-107853
Sedan,11,149629,97,2080,32,16.0,12.47,35,36,Moderate,Medium,10,No,23639-44663
Hatchback,2,167903,90,2161,34,17.8,12.38,40,36,Good,Low,11,Yes,22346-51926
Truck,8,9322,105,2417,29,6.6,12.26,37,31,Good,Medium,7,Yes,35730-65384
Hatchback,6,127209,99,3084,40,19.9,12.11,45,35,Worn,Low,1,No,73866-173188
Hatchback,2,132216,93,3053,38,17.8,11.98,38,34,Moderate,Low,8,No,30199-154213
Hatchback,11,190823,98,1817,27,19.2,12.59,35,29,Good,Medium,4,No,32317-81489
SUV,12,244652,91,3414,36,10.2,12.8,26,35,Good,Low,6,Yes,89867-135171
SUV,2,58099,94,2561,31,11.3,12.65,41,30,Moderate,Low,8,No,28733-180000
SUV,12,117884,93,631,32,10.1,12.0,36,30,Critical,Low,6,No,40761-67737
SUV,7,227080,90,1365,30,9.7,12.76,31,35,Moderate,Medium,8,No,45523-112845
Truck,8,132432,93,1244,26,4.1,12.0,44,30,Good,High,6,Yes,10981-19705
Sedan,3,105479,97,2627,38,14.5,11.84,34,33,Good,Low,2,No,69302-180000
Truck,5,204026,102,2371,31,10.6,12.17,37,36,Moderate,Low,4,No,25367-41101
Sedan,11,68141,90,2032,30,14.5,12.15,25,34,Good,High,2,Yes,19784-54666
Hatchback,9,22197,86,855,28,13.9,11.75,43,31,Good,High,7,No,20791-58945
Hatchback,8,149877,88,2765,33,20.0,12.22,36,34,Good,Low,5,Yes,38359-82971
Sedan,6,176837,94,2288,40,14.1,12.57,45,31,Critical,Low,1,No,51657-86887
Truck,3,170753,102,1971,23,6.4,12.09,37,32,Moderate,Medium,9,No,26847-52211
Sedan,9,196285,99,2949,34,13.0,12.02,27,28,Good,Low,9,No,32754-69932
SUV,1,169348,104,2094,28,13.0,12.14,34,35,Worn,Low,8,No,32391-85443
Truck,10,73511,105,2339,21,8.9,11.96,33,33,Good,Medium,5,No,5919-14403
Hatchback,2,184382,94,2426,33,15.7,12.47,40,34,Worn,Low,5,Yes,33215-123325
Hatchback,2,236327,89,1975,34,15.4,11.75,41,34,Good,Low,10,No,54192-108998
SUV,5,151760,98,1386,30,8.9,12.63,37,30,Good,High,3,No,16248-55488
Sedan,1,37251,89,2737,29,18.1,12.66,43,28,Good,Medium,2,Yes,47060-127472
Hatchback,3,60635,83,1778,32,14.8,12.03,35,30,Moderate,Low,9,No,28230-90345
Truck,7,70545,108,1373,26,5.9,11.89,45,29,Moderate,Medium,3,No,15335-23487
Truck,11,232331,109,2358,29,6.7,11.8,26,31,Good,Low,4,No,23577-35529
Sedan,5,93322,98,3056,36,18.2,12.38,28,35,Worn,Medium,5,No,31004-77468
Sedan,4,106035,98,688,34,15.7,11.97,31,36,Moderate,Medium,9,No,28662-57124
SUV,2,162367,94,912,25,10.1,12.01,34,32,Good,High,7,Yes,34590-55264
Sedan,11,177264,88,3033,44,16.0,11.85,30,36,Good,Medium,6,No,62783-180000
Sedan,11,75482,98,2620,34,13.2,12.18,42,34,Moderate,Medium,6,Yes,22728-55218
Truck,5,247976,104,2729,25,9.1,12.47,36,35,Moderate,Medium,8,No,20964-48690
Truck,5,55208,98,2843,37,6.6,11.98,29,35,Good,High,3,No,19977-43575
SUV,3,62438,92,3135,35,12.6,11.85,43,33,Moderate,Low,1,No,83859-177277
Truck,3,85887,108,1352,23,6.1,12.16,29,36,Good,High,3,Yes,3751-10161
SUV,10,79477,96,942,40,6.8,12.79,31,35,Worn,Medium,4,No,36642-107472
SUV,2,249952,88,1066,30,13.0,11.96,25,33,Good,High,7,No,53726-84910
Hatchback,10,138803,98,3278,39,19.5,11.72,40,33,Worn,Medium,12,Yes,5517-16743
Hatchback,1,75680,95,2456,44,19.3,12.32,43,28,Worn,Low,2,No,86743-174181
Hatchback,4,157079,94,2334,35,14.8,12.61,31,28,Good,Medium,1,No,52773-180000
Hatchback,11,42851,85,2703,37,15.0,12.7,38,30,Critical,High,5,No,12008-45846
Truck,7,119042,96,2446,29,6.2,12.21,26,34,Good,Low,12,No,18530-64690
Truck,8,128757,111,2403,24,6.3,11.74,37,28,Worn,Low,5,No,14474-37070
Truck,6,248701,107,736,26,9.3,12.42,31,29,Good,High,9,No,2866-10628
Hatchback,1,110556,96,2126,36,14.6,11.8,38,28,Worn,Medium,7,Yes,24004-38120
Hatchback,3,77341,100,3200,37,18.6,12.45,45,33,Good,High,1,Yes,35829-60557
SUV,4,225370,95,2031,41,8.9,12.42,25,31,Moderate,Low,3,No,53309-175312
Truck,5,115812,100,870,24,9.7,12.45,33,29,Good,Medium,11,No,17304-42252
Hatchback,12,83072,95,3099,30,19.5,11.93,32,30,Good,Low,12,No,17054-59094
SUV,9,183889,100,2925,37,12.9,11.9,25,28,Good,Medium,5,No,50283-127333
Truck,12,15206,98,1643,18,4.8,12.41,27,33,Good,Low,2,No,15188-58114
Truck,6,62278,109,1791,30,8.9,12.11,26,36,Worn,Medium,1,No,13951-43825
Hatchback,3,240895,86,3012,36,16.6,12.02,34,29,Good,Medium,9,Yes,27607-107805
Sedan,4,105376,97,2097,36,16.2,12.11,40,30,Moderate,Low,8,No,32598-85082
Hatchback,5,227679,89,2747,43,21.3,12.46,38,34,Moderate,High,6,Yes,12254-59534
Truck,4,185784,96,996,34,7.2,11.78,30,31,Critical,Low,3,No,16549-28917
Hatchback,12,37555,89,2415,36,20.1,11.88,27,33,Good,Medium,8,No,69597-154497
SUV,4,244903,92,849,32,14.2,12.66,45,32,Moderate,Low,9,No,53234-169422
Hatchback,1,69577,97,1922,32,18.6,12.46,34,28,Good,High,12,No,4900-15860
Truck,10,42577,101,665,24,8.0,12.23,38,36,Good,Low,3,No,43292-88622
Sedan,9,178928,94,3006,38,17.3,12.49,33,28,Good,Low,11,No,37696-80540
SUV,10,174242,90,3441,36,9.7,12.45,25,35,Moderate,Medium,3,No,6071-180000
Hatchback,3,174880,92,1746,37,14.6,11.84,42,30,Moderate,Low,5,No,68783-180000
Sedan,4,195637,87,2371,30,17.5,12.58,34,28,Worn,Low,3,No,19183-155011
Hatchback,3,56765,99,965,48,16.5,11.84,25,30,Good,High,12,No,10195-35745
Hatchback,11,29679,94,3200,39,18.8,11.77,35,28,Moderate,Low,9,No,60731-148101
Sedan,8,39151,97,922,26,14.5,12.04,40,30,Good,Medium,9,Yes,19028-68112
Truck,4,105352,100,1929,22,6.9,11.82,36,31,Good,Low,5,No,28185-150122
Sedan,1,114740,91,1094,31,13.4,12.29,42,28,Good,High,3,No,25113-76303
Sedan,7,193683,86,1929,28,14.4,11.91,26,32,Moderate,Low,2,No,77864-163092
SUV,1,153236,97,634,26,13.9,11.95,38,29,Good,Low,5,Yes,40111-61731
Truck,1,12387,105,799,23,6.5,12.66,29,28,Good,Low,4,No,39039-137619
Truck,5,33434,102,843,29,9.2,12.44,38,34,Worn,High,2,No,12747-38859
Sedan,6,14444,91,3387,31,15.5,12.23,34,33,Worn,Low,1,No,40378-121910
SUV,2,19143,92,1651,32,11.1,12.51,38,28,Good,High,9,No,42009-82073
Sedan,6,99255,96,1005,34,19.1,11.98,30,34,Worn,Medium,8,No,30514-68532
SUV,6,117792,87,1972,38,13.0,12.54,38,28,Good,Low,11,No,76857-122791
Sedan,11,110699,92,2648,31,16.5,12.04,28,28,Good,High,10,No,20731-81605
Sedan,7,97208,86,2831,34,12.7,12.8,32,36,Good,High,8,No,15116-48540
Hatchback,7,120393,92,3283,43,18.9,12.27,36,32,Worn,Low,10,No,58625-148259
SUV,1,163064,96,2373,39,13.4,12.57,35,28,Good,Low,5,No,75989-175149
Sedan,6,167862,86,1750,30,14.5,11.82,34,33,Good,Medium,6,No,12096-106886
Sedan,6,98941,90,3474,26,12.1,12.28,39,32,Good,Medium,7,No,42739-136009
Sedan,3,44760,89,1908,31,12.5,11.95,31,34,Moderate,Low,7,No,41007-108521
Sedan,7,68821,96,2626,31,16.8,12.04,28,32,Good,Low,2,No,44608-148088
SUV,12,216436,100,3305,36,11.1,11.71,27,29,Good,Medium,4,Yes,51245-89855
Hatchback,10,41902,84,2116,43,19.7,11.87,40,33,Good,Low,5,No,50098-180000
Hatchback,11,115335,99,2395,43,15.5,12.09,27,34,Moderate,High,6,No,30287-51057
Truck,1,22660,97,653,26,6.0,12.56,26,36,Worn,High,9,No,6998-22620
SUV,5,159400,102,3431,29,11.8,11.97,35,29,Good,High,1,No,42776-106662
Truck,4,159612,105,1537,21,5.5,12.44,32,30,Critical,High,2,No,1259-2771
Sedan,8,215225,87,3202,37,13.6,12.35,28,36,Good,Low,9,Yes,94631-141993
Sedan,1,191295,95,2715,36,16.8,11.83,39,32,Good,Low,2,No,92505-177541
Hatchback,9,170597,88,848,42,15.4,12.7,27,36,Moderate,Medium,5,Yes,28358-109424
Truck,2,128400,112,2302,20,7.0,12.01,37,32,Moderate,Medium,5,No,1329-14537
Sedan,9,29627,92,2972,34,17.7,12.56,32,33,Good,Low,1,Yes,64876-127350
SUV,11,111990,98,2380,36,12.3,12.49,33,31,Good,High,12,No,18724-74692
Sedan,11,110969,92,1056,39,15.8,12.49,29,36,Moderate,Low,3,No,81518-157852
Hatchback,6,235288,94,2291,45,18.2,12.05,40,31,Critical,High,5,No,14403-22051
Truck,3,51076,102,2455,25,5.1,11.79,28,32,Worn,Low,7,No,35946-79068
SUV,5,192859,105,2234,31,8.8,12.43,40,33,Good,Low,1,No,39608-153906
SUV,5,196068,89,2526,30,6.9,12.31,30,36,Good,Low,12,No,43285-114045
Sedan,4,216018,93,3021,33,14.3,12.41,42,35,Good,High,4,No,18197-123074
SUV,1,40299,101,2916,33,10.3,12.27,43,29,Moderate,High,5,No,22854-48552
Sedan,10,47257,85,828,39,17.4,11.7,37,29,Good,High,9,No,49517-75607
Truck,1,192336,106,1257,25,8.2,12.68,29,28,Worn,Low,6,No,9397-22945
Sedan,1,72820,101,2776,28,14.7,12.8,28,28,Moderate,Low,7,No,58793-98967
Hatchback,9,143086,90,1270,43,15.9,12.35,25,30,Good,Medium,8,No,70193-180000
Hatchback,10,31327,92,2477,42,16.6,12.01,30,34,Good,Medium,1,No,18571-180000
SUV,4,137966,91,1826,31,13.4,12.21,26,32,Good,Medium,3,No,67586-180000
Sedan,4,18257,97,3434,35,14.3,12.13,32,32,Good,Medium,5,Yes,25517-45551
Truck,6,5563,104,736,16,7.6,12.12,29,32,Good,Low,8,No,14910-53280
Hatchback,9,137906,99,2933,48,20.4,12.59,38,32,Good,High,7,No,12462-99361
SUV,2,239059,99,1931,27,9.3,12.04,31,36,Good,Low,12,No,41127-101699
Hatchback,12,149318,90,2970,43,19.8,11.97,31,28,Moderate,Low,3,No,67600-174916
Truck,11,55163,101,1968,29,8.2,11.81,31,35,Good,Medium,1,No,40488-131736
Hatchback,7,8720,98,1757,34,21.1,12.04,25,35,Moderate,High,1,No,22083-77171
Sedan,9,131249,102,2487,38,12.0,12.4,25,32,Good,Low,4,No,65678-177572
Truck,3,42756,103,1429,31,7.0,12.13,31,30,Moderate,Low,12,Yes,4049-64358
Hatchback,8,46993,101,1309,41,16.7,12.66,25,35,Good,High,12,Yes,13586-21338
SUV,2,176675,92,3075,34,11.3,12.57,35,29,Good,Medium,2,No,97222-151180
Hatchback,10,61016,99,2770,44,17.4,11.94,33,30,Moderate,Low,3,Yes,40990-68470
Sedan,10,38954,102,1303,31,12.9,12.64,38,31,Good,Medium,1,Yes,59292-115592
Sedan,5,164318,87,2753,33,15.1,12.54,34,29,Moderate,Medium,8,No,37102-124752
Truck,4,120441,105,1612,26,5.1,12.23,39,34,Critical,Low,12,No,4388-10916
Sedan,5,230876,90,2763,37,15.7,12.67,29,30,Moderate,High,1,Yes,24977-53399
Truck,11,48975,98,1111,33,5.1,12.11,25,29,Critical,Medium,3,No,16053-40473
SUV,4,109402,93,2385,34,12.1,12.32,44,29,Good,Low,5,No,80956-140302
Sedan,7,34073,98,3053,41,13.3,11.92,29,30,Critical,High,7,No,13475-36747
Truck,5,142163,107,1018,31,2.7,12.69,40,28,Good,Low,9,No,3127-135507
Truck,11,87727,99,3232,37,7.8,11.88,39,30,Good,Low,4,No,64924-114278
Sedan,10,191941,87,1542,35,12.9,12.36,37,35,Good,Low,11,No,32410-93888
SUV,3,110034,97,1705,26,11.7,12.48,29,35,Good,High,7,Yes,11730-38628
Sedan,8,11001,91,2772,34,14.8,12.58,26,32,Moderate,Low,9,No,53380-96122
Truck,8,81366,110,1297,33,4.1,12.63,44,34,Good,Medium,7,Yes,11126-32044
Hatchback,6,132603,87,2049,39,18.3,12.08,31,36,Moderate,Low,12,No,47294-98774
SUV,8,192607,102,2505,28,12.5,12.46,38,30,Good,Medium,8,No,38670-129604
Hatchback,2,120543,96,3207,33,20.3,12.76,34,28,Moderate,Medium,9,No,34670-59064
SUV,7,204829,99,1168,24,13.6,12.24,26,32,Worn,Medium,4,No,20931-79689
Hatchback,3,87752,98,1714,30,16.3,12.35,35,33,Good,Medium,10,Yes,24950-43624
SUV,9,208664,103,2151,38,13.0,12.72,45,32,Good,Low,8,No,36706-130578
Hatchback,11,211130,85,2380,40,16.4,12.68,42,28,Worn,High,10,No,28434-49178
Truck,11,117813,115,1704,32,6.4,11.89,36,28,Worn,Medium,9,No,5003-16347
Hatchback,6,75531,96,3271,42,20.0,11.85,42,30,Worn,Low,6,Yes,28855-100367
Hatchback,8,120810,90,1109,40,17.2,12.78,28,28,Moderate,Medium,11,No,21229-53107
Hatchback,9,189908,96,2178,33,17.1,12.63,28,35,Good,Low,8,No,34820-100592
Sedan,12,112800,88,1295,38,14.8,12.15,36,35,Good,Medium,1,Yes,92769-169113
Hatchback,4,243089,87,1814,39,15.9,12.24,26,28,Critical,Low,1,No,11883-152921
SUV,7,215231,102,2078,33,7.0,11.75,37,34,Moderate,Low,9,No,25275-160557
Sedan,5,35686,91,1166,39,12.0,12.2,27,29,Worn,Medium,4,No,43566-97658
Hatchback,11,113375,92,837,37,19.8,12.72,39,33,Worn,Medium,5,Yes,39550-79944
Sedan,10,26870,86,1833,40,14.2,12.74,40,32,Good,High,1,Yes,33835-90949
Hatchback,6,145560,87,978,47,18.2,12.34,40,32,Moderate,Low,4,No,67676-114876
Sedan,6,197951,89,2077,37,15.1,12.13,27,29,Good,High,2,Yes,55502-108850
Truck,2,39452,102,3206,16,9.1,12.5,44,28,Moderate,Low,11,No,4478-17702
Truck,9,232117,105,1036,23,6.3,11.84,45,35,Moderate,Medium,7,No,15563-64479
SUV,1,168426,94,2171,36,8.8,12.39,37,30,Worn,Low,2,No,43394-124618
Truck,4,221731,110,720,22,5.8,11.84,43,29,Good,Low,1,No,7528-64490
SUV,8,217832,99,2133,37,10.3,12.33,31,34,Good,Low,12,No,52451-92211
Truck,1,167521,93,795,28,9.2,12.26,43,30,Moderate,Low,6,No,40358-133060
Truck,4,46266,96,1216,29,5.3,12.15,40,29,Moderate,Low,9,No,24699-64227
SUV,4,146487,92,692,39,11.1,11.91,31,28,Moderate,Low,2,No,30854-165657
SUV,10,222011,101,1921,37,11.5,12.02,32,36,Good,Low,5,No,61754-138216
SUV,1,107602,97,2063,26,7.6,12.64,30,29,Worn,Low,5,Yes,34207-111643
Hatchback,8,217758,87,634,44,19.7,12.62,36,31,Good,Low,11,No,33068-130512
Truck,3,184969,109,964,26,6.7,11.72,35,31,Good,High,2,No,11283-23263
SUV,3,224443,98,3095,40,12.8,12.55,30,35,Critical,High,7,No,15330-35710
Sedan,4,213054,98,2474,44,17.1,11.86,25,34,Good,Low,5,No,69821-165405
Hatchback,10,67885,88,1493,34,21.7,12.53,43,34,Good,Medium,2,No,53132-168122
Sedan,11,248377,95,3006,37,16.5,12.37,43,28,Worn,High,12,Yes,3127-11255
Sedan,5,74171,100,2913,42,17.0,12.59,27,34,Good,Low,10,No,64892-180000
Hatchback,2,38358,91,1981,31,20.2,12.33,35,36,Moderate,Low,9,No,35114-136313
Truck,8,233444,108,1664,31,8.9,12.34,43,34,Moderate,Medium,6,No,8750-30360
Truck,4,106997,98,1810,25,8.4,12.63,45,30,Good,Low,9,No,26497-83053
Truck,1,58831,108,1497,30,4.7,12.63,33,29,Worn,Low,12,Yes,5069-13033
Hatchback,11,73391,96,3361,40,18.4,12.12,44,29,Good,Low,9,No,49095-146742
SUV,12,28427,99,1412,37,12.6,11.92,35,32,Good,High,2,No,38975-78915
Hatchback,3,249189,89,2705,31,16.2,12.15,38,34,Good,Low,10,Yes,46916-144336
Hatchback,5,36130,87,3409,33,13.4,12.22,33,34,Moderate,Medium,9,No,43248-131964
Hatchback,8,96141,92,1805,38,19.9,12.68,34,29,Good,Low,5,No,71631-146971
Hatchback,7,100662,92,1540,37,18.7,12.16,39,33,Worn,Medium,11,No,19691-31497
SUV,3,67419,91,1120,36,14.5,11.75,29,31,Moderate,Medium,5,No,100711-170983
Truck,8,135054,114,2523,24,4.2,11.93,32,33,Moderate,High,3,No,3621-12105
Sedan,8,206790,93,2275,35,17.1,12.44,44,33,Good,Low,7,No,96325-146949
SUV,3,230046,89,1729,28,14.5,12.17,37,28,Good,High,1,No,44130-68892
Truck,3,84633,113,1196,26,8.1,11.7,26,35,Good,Low,11,No,8696-14944
Hatchback,12,38150,94,2897,33,19.1,12.1,28,31,Moderate,Medium,10,No,34533-85939
Truck,10,234535,97,861,19,7.8,12.77,29,32,Moderate,High,1,Yes,3175-9583
Sedan,11,133609,91,988,25,15.7,12.16,31,30,Good,Low,12,No,33714-85990
SUV,11,224637,89,3440,34,10.8,12.22,26,35,Good,Medium,7,No,81520-180000
Truck,5,132514,107,1329,27,7.0,11.73,27,30,Good,High,7,No,3282-9778
Sedan,6,134112,88,2087,35,16.6,12.34,36,29,Good,Medium,9,No,41055-129879
Truck,8,82665,105,3381,22,2.7,12.01,29,28,Worn,Medium,2,Yes,27209-74867
Hatchback,4,106668,95,1864,35,14.9,12.15,36,30,Good,Low,8,No,30315-92823
SUV,11,192941,92,1130,25,15.3,12.43,33,29,Good,Low,1,No,23811-180000
SUV,6,72007,87,2134,39,10.6,12.79,44,31,Moderate,Low,5,No,52180-168904
Hatchback,9,139509,96,2990,40,19.1,12.23,45,33,Critical,Medium,4,Yes,9317-14771
SUV,8,146733,96,2960,31,14.1,12.56,30,30,Good,Low,4,No,28281-180000
Sedan,4,88823,92,2945,27,16.4,12.04,30,28,Moderate,Medium,6,No,27538-115366
Sedan,2,119304,103,1042,34,14.2,12.39,36,31,Good,High,8,No,12013-49886
Hatchback,7,103117,97,1277,40,19.7,12.65,39,36,Good,High,3,Yes,11518-39558
Hatchback,12,132759,85,1945,44,20.0,11.83,26,32,Good,Medium,7,No,50384-166614
Truck,5,170633,102,640,25,8.5,12.26,31,30,Worn,Low,6,Yes,20888-57716
Hatchback,9,140259,88,2834,39,16.4,11.95,45,34,Good,High,6,No,39905-84929
Hatchback,7,224471,88,1251,39,17.7,12.28,25,30,Moderate,Low,12,No,25718-87666
Sedan,4,67970,93,1786,41,16.7,12.47,37,31,Moderate,Medium,11,No,27752-63752
Truck,9,181984,109,1028,26,6.1,12.4,38,28,Good,Low,4,Yes,8908-31738
Hatchback,3,214163,95,3345,39,18.7,11.81,27,33,Critical,Low,5,Yes,29102-77032
Hatchback,2,188819,94,2714,34,17.0,11.77,43,36,Critical,Low,12,No,14893-33175
Hatchback,11,177346,96,1374,45,18.5,11.71,37,36,Good,Low,11,No,48299-108677
Sedan,1,124817,89,3342,32,13.5,12.26,28,32,Worn,High,8,Yes,14127-44490
SUV,3,164776,93,2328,33,15.5,12.53,32,28,Moderate,High,9,No,24954-66170
Sedan,7,15590,100,751,27,16.1,12.08,42,30,Good,Low,1,No,25154-180000
Truck,12,218057,93,3377,20,7.8,11.71,40,32,Critical,Medium,9,Yes,6137-15043
Hatchback,12,60211,92,3442,38,15.0,11.76,32,33,Moderate,Low,9,No,66034-125848
Sedan,12,179961,92,2629,35,17.5,12.66,32,36,Good,Low,11,No,48623-96323
Sedan,7,27983,97,2651,34,18.0,12.53,32,29,Moderate,Low,11,No,22166-109374
Truck,1,180603,102,2936,22,7.6,11.77,32,33,Critical,Medium,11,Yes,1187-2901
Sedan,5,83479,96,2123,32,17.1,11.7,41,28,Good,Medium,1,Yes,48780-116488
Hatchback,2,204730,85,1240,33,19.7,12.61,43,28,Critical,Medium,8,No,27562-84184
Sedan,3,141966,93,1824,34,12.6,12.49,45,30,Worn,Low,12,No,32851-53307
SUV,12,97785,92,2588,39,13.5,12.74,28,30,Good,Low,5,No,64512-135072
Hatchback,9,89320,91,1588,29,18.0,11.82,45,34,Worn,Medium,8,No,44157-86749
Sedan,7,39828,99,3472,33,18.8,11.88,26,29,Moderate,Low,2,No,9220-144975
Hatchback,11,113023,100,2208,38,19.1,11.87,29,36,Worn,Medium,6,No,36215-138247
SUV,8,212866,98,1526,35,10.7,12.4,39,30,Good,Low,12,No,33926-110168
Hatchback,7,245361,90,3258,43,19.2,12.07,29,36,Moderate,Medium,8,No,52826-85530
Sedan,9,223217,97,2945,40,15.9,12.69,26,34,Good,Low,1,No,97601-161503
SUV,8,81732,98,1889,34,13.8,12.3,34,36,Good,Low,12,No,24302-145534
Truck,3,93718,105,1195,33,7.5,12.3,45,36,Moderate,Medium,11,Yes,4550-13772
Hatchback,8,220671,86,2083,33,21.5,12.74,26,34,Moderate,Low,12,No,29067-72001
SUV,10,208779,100,747,34,10.2,11.92,39,29,Good,Medium,12,No,12672-38592
SUV,7,15789,95,903,33,13.1,12.38,29,35,Worn,Low,12,No,17694-38706
SUV,2,204949,100,2928,37,11.5,12.29,25,31,Critical,High,6,No,14567-37297
Sedan,3,247749,88,2070,43,16.1,11.86,44,31,Moderate,Medium,11,No,19517-73851
Hatchback,11,87669,85,905,36,13.3,12.64,38,28,Good,High,2,Yes,42313-114961
Hatchback,7,31493,97,820,32,13.8,12.14,45,29,Critical,Medium,5,No,19426-39216
SUV,3,98260,99,1525,27,12.1,12.57,43,28,Moderate,Medium,7,Yes,19461-77031
SUV,10,232395,92,965,36,8.6,11.76,31,34,Good,Low,11,Yes,58485-108221
Sedan,6,161150,88,1668,42,14.6,11.78,33,33,Critical,Medium,8,No,19287-31791
Hatchback,3,219438,88,761,39,20.1,11.73,42,36,Worn,Low,11,No,31933-150859
SUV,5,13443,97,1618,28,12.0,12.1,36,30,Good,Low,2,No,54257-132481
Hatchback,4,109324,94,2386,41,17.1,12.07,28,30,Good,High,6,No,54616-89514
Truck,7,225134,98,3138,33,7.8,12.38,44,29,Good,Medium,9,Yes,18277-33017
Truck,2,194558,98,2806,27,10.6,12.76,34,35,Moderate,High,6,No,22638-34874
SUV,7,140914,94,3390,26,12.5,11.9,35,31,Good,Low,9,No,59867-171199
Sedan,6,165337,92,1524,39,15.1,12.41,44,31,Good,High,3,No,29366-96900
SUV,12,230890,98,866,30,9.3,11.73,36,34,Good,Medium,7,No,1316-175425
Hatchback,4,116954,85,3464,32,20.2,12.35,43,30,Good,Low,2,Yes,63619-164653
Hatchback,7,38203,92,2322,42,19.9,12.68,26,33,Worn,Medium,6,Yes,44189-86705
Hatchback,1,142239,97,1392,39,17.5,11.83,44,29,Critical,Medium,5,No,24829-54941
SUV,4,146466,95,2911,40,10.1,12.0,42,35,Good,Medium,5,No,44676-174444
Truck,2,77329,107,658,31,8.3,12.79,28,31,Critical,Low,4,No,6927-12815
Truck,3,129792,108,917,17,9.4,12.58,38,33,Moderate,Low,2,No,18796-29082
Sedan,8,83456,91,3082,39,12.2,12.79,44,32,Moderate,Low,9,No,55263-149937
SUV,1,181470,100,3267,32,13.7,12.41,41,28,Good,Medium,10,No,5790-156000
Hatchback,9,123745,89,2863,42,16.5,12.58,37,33,Moderate,Low,1,No,43345-120127
Sedan,11,136916,97,2822,27,14.4,12.58,32,31,Moderate,Low,1,No,24624-83314
SUV,4,36263,92,3479,24,8.0,11.94,25,30,Moderate,Low,5,No,47405-177261
Sedan,8,17618,88,3444,43,12.8,11.93,34,34,Moderate,Low,10,No,54695-146539
SUV,2,123303,90,1222,29,12.9,12.33,40,28,Critical,High,4,No,10575-35071
Hatchback,10,27837,93,1944,37,14.1,12.4,40,32,Moderate,High,6,No,36966-61544
Truck,4,84465,104,3193,21,8.5,12.36,45,30,Good,High,11,No,1580-3836
SUV,8,141597,97,1247,32,13.7,12.0,32,34,Good,High,10,No,33247-62503
Sedan,1,122339,101,3137,29,19.1,12.3,37,30,Worn,Low,8,No,55255-118849
Sedan,4,193071,92,2225,29,11.7,11.89,35,32,Good,Low,12,No,39637-67171
Sedan,9,69732,93,2748,34,15.7,12.13,32,33,Worn,Medium,4,No,30144-98884
Hatchback,12,18573,95,2284,31,18.3,12.31,36,29,Good,Low,10,No,44125-68353
Sedan,6,9018,92,2831,35,13.3,12.18,35,36,Good,Low,2,No,59247-180000
Hatchback,11,45576,98,2355,36,19.9,11.98,35,32,Good,Low,6,No,78406-180000
Hatchback,1,198862,96,3105,36,16.3,12.23,41,28,Moderate,Low,11,Yes,26988-68730
Truck,7,133823,95,3297,16,10.1,12.48,42,30,Good,Low,1,Yes,34674-56742
Truck,9,65862,100,1032,34,7.7,12.01,44,29,Worn,Low,7,No,16847-64157
Sedan,1,214200,92,3083,29,15.4,12.3,27,34,Worn,High,3,No,34750-84426
Truck,7,160599,98,1589,21,5.6,11.83,28,33,Critical,Low,12,Yes,749-3295
Truck,4,131127,104,2936,26,8.2,12.1,25,30,Moderate,Low,11,No,5814-22402
Sedan,10,154116,95,1208,32,15.7,12.17,45,30,Moderate,High,6,No,19550-37834
Sedan,7,66116,89,2054,34,14.4,12.61,28,33,Good,Low,4,No,39770-139176
Hatchback,12,111680,86,1240,48,15.7,12.31,45,29,Good,Low,12,Yes,31227-113509
Hatchback,3,80312,86,1574,32,18.7,12.58,40,30,Good,Medium,4,No,36558-100030
Hatchback,2,39532,99,754,40,19.1,12.74,36,28,Worn,Low,2,No,36810-140808
SUV,4,203511,101,2702,40,10.5,12.1,43,30,Good,Medium,5,No,45834-168178
Sedan,12,85190,85,2011,35,14.2,11.75,39,28,Good,Low,4,No,59468-122058
Truck,8,206694,112,1965,22,7.9,11.71,41,30,Moderate,Low,10,Yes,6589-17869
SUV,6,210734,90,1092,29,14.6,12.62,28,28,Good,Low,6,No,42002-121018
Hatchback,8,109689,93,854,41,22.4,11.92,36,36,Good,Low,7,No,31708-180000
Sedan,1,61435,93,3253,38,12.8,11.78,33,32,Good,Medium,4,No,105297-162313
Sedan,11,231031,92,3230,38,16.4,12.23,26,32,Good,Medium,1,Yes,46691-180000
SUV,5,58066,103,1482,30,10.7,12.08,31,32,Good,Low,7,No,73348-178912
Sedan,10,47200,89,1776,39,18.0,12.09,43,30,Good,Low,10,No,69991-163011
SUV,6,52727,100,2390,29,11.2,12.52,41,28,Moderate,High,9,No,18404-57194
Hatchback,8,138604,93,2480,33,16.6,12.3,45,32,Good,High,2,No,13970-169496
Truck,7,33974,111,3195,24,6.1,12.7,33,31,Good,Medium,7,No,8607-14441
Sedan,6,175024,102,953,30,12.7,12.24,35,36,Worn,Medium,8,No,30921-54043
Hatchback,9,46105,94,2857,34,18.3,12.12,42,30,Good,Medium,7,No,42833-95999
SUV,9,72384,102,2424,43,10.2,12.8,30,30,Moderate,Medium,10,No,47392-121992
SUV,5,123993,101,1173,33,13.4,11.99,27,29,Worn,Low,7,No,59565-106319
Sedan,4,20726,85,978,29,16.8,12.06,37,30,Good,Low,12,No,35669-74563
Hatchback,1,122855,95,2371,32,16.0,12.2,43,34,Good,Medium,5,Yes,22792-114250
Sedan,9,38329,91,1305,36,15.0,12.51,40,34,Worn,Low,7,No,82270-157066
SUV,3,77124,98,2921,30,13.0,12.02,31,36,Worn,Low,9,No,43541-97481
SUV,2,230625,96,3177,32,12.2,12.77,40,28,Good,Low,10,No,66561-157565
SUV,5,245393,100,907,35,14.1,12.05,30,31,Good,Low,8,No,77591-119441
Truck,11,213537,105,1825,37,7.5,11.93,36,31,Worn,Low,7,No,40921-110509
Truck,8,72863,101,1841,36,7.7,12.6,35,35,Moderate,Low,10,No,20920-176425
Hatchback,2,169464,86,3439,41,16.9,12.2,44,30,Moderate,Low,9,No,79751-148891
Truck,12,94573,101,1299,35,6.0,11.91,44,35,Moderate,Medium,4,No,19390-45194
Sedan,5,172219,92,2203,35,17.8,12.75,38,32,Good,Medium,2,Yes,41442-99670
SUV,5,160412,89,2564,27,14.1,12.73,27,32,Good,Medium,10,No,69733-180000
Sedan,5,17875,95,1035,34,14.6,12.26,40,32,Worn,Medium,9,No,31950-71714
Sedan,2,71140,98,2443,34,13.2,11.85,39,29,Moderate,Low,3,Yes,26248-53390
Hatchback,11,17282,98,1529,36,16.7,12.19,45,32,Good,Medium,10,No,50671-106063
Sedan,10,205813,99,631,30,18.1,12.05,29,31,Good,High,6,Yes,9868-22192
Sedan,11,111861,87,3000,31,13.7,12.79,30,36,Good,Low,6,No,56623-180000
Hatchback,1,198365,90,2177,36,17.1,12.67,35,32,Moderate,Medium,7,Yes,50935-119447
Sedan,3,111235,87,2777,25,13.1,12.21,44,30,Critical,High,4,No,10031-44388
Sedan,3,5493,90,1904,39,17.3,11.94,45,28,Moderate,Low,4,No,88742-180000
Sedan,1,61954,96,983,43,14.1,12.45,27,28,Moderate,Low,7,No,10097-119680
SUV,10,190634,100,3165,31,9.7,11.72,36,31,Moderate,Low,3,Yes,50726-96850
SUV,8,207964,99,1154,37,10.3,12.5,27,28,Good,Low,6,No,28698-180000
SUV,7,182864,95,1949,37,11.8,12.33,31,35,Moderate,Low,9,Yes,52108-95738
Sedan,6,62750,94,709,27,15.1,12.64,30,28,Worn,High,5,No,21714-106623
SUV,8,103834,102,3064,33,9.4,12.74,32,33,Worn,Medium,9,No,43513-111395
SUV,7,247198,103,780,41,12.2,11.73,41,35,Critical,High,8,No,21234-32944
Sedan,3,177885,97,3341,25,14.7,12.72,38,32,Moderate,Medium,9,No,10480-58492
Hatchback,2,155122,88,3227,43,20.6,12.73,38,33,Worn,High,2,No,47135-101971
Hatchback,7,236430,94,855,33,14.9,11.77,38,36,Good,Low,8,No,65258-146062
Truck,8,225373,102,2951,18,6.5,12.61,42,34,Good,Low,3,No,24102-73902
SUV,4,221169,96,2142,31,11.2,11.83,27,31,Moderate,High,10,No,28991-54821
Sedan,11,194972,88,3097,36,12.6,12.2,35,36,Moderate,Low,9,No,84523-168909
Hatchback,6,221656,94,1755,37,19.6,12.21,29,30,Good,Low,7,Yes,54105-180000
Hatchback,8,200110,95,1271,37,21.0,12.35,39,36,Good,Low,5,No,59059-141467
Truck,10,84282,109,1899,23,8.8,12.4,41,28,Critical,Low,5,No,3769-7801
Truck,11,159266,105,2644,33,5.4,12.46,44,33,Good,Medium,9,Yes,36644-74026
Sedan,4,187594,101,1312,35,13.8,12.21,36,36,Good,Medium,4,No,52126-94158
SUV,9,228928,95,3131,42,13.7,11.75,43,33,Good,Medium,7,No,85663-172763
Truck,7,159189,99,2159,28,6.4,12.73,41,28,Moderate,Low,8,No,12623-47669
Sedan,8,102974,94,2170,41,17.7,11.77,30,34,Moderate,Low,4,No,97807-160587
SUV,2,32444,92,2282,32,13.9,11.84,27,34,Good,Low,3,Yes,78236-160750
Hatchback,5,185442,85,1384,36,16.0,12.79,27,32,Moderate,High,12,No,8471-25397
Sedan,3,245791,83,2341,34,14.9,12.51,36,36,Good,Low,2,Yes,63381-180000
Sedan,8,118712,99,1293,28,14.5,12.0,37,28,Good,Low,6,Yes,44119-130899
Sedan,7,89059,92,2763,32,14.8,12.41,31,32,Good,Medium,6,No,36635-112579
Truck,12,120434,96,1657,21,5.7,11.86,28,35,Good,Low,1,No,36011-80175
Sedan,9,133126,88,2421,35,12.0,12.43,38,32,Good,Low,7,No,61572-101612
SUV,10,49431,95,1685,26,10.8,12.01,38,33,Moderate,Medium,6,No,42922-116732
Truck,7,14781,105,731,28,4.9,11.92,38,31,Critical,Low,2,No,12033-46561
Truck,5,90176,96,3285,27,5.7,12.56,33,33,Good,High,1,No,17794-68838
Sedan,12,10280,86,2488,30,14.3,12.73,34,32,Worn,Medium,12,Yes,8185-28419
Hatchback,6,246941,94,782,41,19.8,11.74,28,33,Good,Low,10,No,44796-122588
Truck,1,126678,109,2830,23,4.9,11.95,35,36,Worn,Low,3,No,10065-19439
SUV,5,84963,101,3299,32,11.9,12.62,28,35,Good,Low,1,No,57896-117588
Truck,8,246012,98,2096,19,6.1,12.27,33,31,Good,Medium,4,No,9838-21000
Truck,4,236460,107,1744,26,8.5,11.92,33,34,Good,High,5,No,1783-4443
Truck,2,25293,93,3161,17,10.3,11.74,28,34,Good,Medium,12,No,12841-25913
Hatchback,4,64505,87,2232,31,16.5,12.57,45,28,Moderate,High,6,No,24534-51032
Sedan,7,137649,86,2246,39,15.7,11.89,44,36,Good,Medium,3,Yes,29453-91451
Sedan,8,225939,94,1188,35,14.8,11.71,33,35,Good,Low,4,Yes,37579-99141
SUV,2,198573,97,1365,37,8.7,12.34,42,31,Good,High,3,No,47793-143235
Hatchback,8,102459,91,834,43,16.7,11.83,30,30,Moderate,High,3,No,20217-30387
Truck,5,67084,109,3361,17,9.2,12.63,27,30,Moderate,Low,8,No,3406-8294
Truck,3,193892,95,3202,22,8.2,11.8,39,33,Critical,Low,10,No,7472-16560
SUV,5,218159,102,1789,38,9.8,12.28,32,31,Moderate,Medium,6,No,41785-90109
Hatchback,9,223989,84,2809,40,14.9,12.0,39,28,Moderate,High,3,No,28421-45193
Sedan,7,79832,89,1947,32,16.2,12.12,29,33,Good,High,10,No,16392-36614
Truck,10,6697,106,1985,24,7.8,12.03,45,34,Good,Medium,6,No,10898-23040
Hatchback,12,145698,91,2453,33,14.2,11.96,38,30,Good,Medium,7,No,53385-116429
Hatchback,6,56275,90,2356,37,16.8,12.56,36,33,Good,Medium,9,No,41528-164124
Truck,8,128151,109,2811,33,8.8,11.81,41,31,Moderate,Low,1,No,42660-66374
Hatchback,4,157342,85,1355,37,15.0,12.79,38,33,Good,Medium,6,No,59812-158294
Truck,11,218612,98,977,35,8.7,12.13,29,35,Worn,Low,7,No,24131-82833
Truck,8,209830,97,3491,27,4.5,12.18,29,32,Moderate,Low,10,No,26777-42759
Truck,4,97039,93,663,27,8.3,12.21,30,36,Moderate,Low,11,Yes,15005-23779
Truck,3,187654,98,3339,33,10.4,12.26,28,29,Good,Medium,10,No,4563-71438
SUV,6,8487,102,2900,32,8.9,11.94,35,36,Good,Medium,5,Yes,48551-88029
Hatchback,3,57664,91,1909,38,17.0,12.22,45,31,Good,Low,3,Yes,61140-165378
SUV,2,238701,96,2439,32,13.1,11.8,44,28,Moderate,Medium,8,Yes,21385-76161
SUV,2,217361,90,2279,37,10.4,12.37,40,36,Good,Low,7,No,69626-161318
Hatchback,6,209374,90,2253,34,16.0,11.99,40,36,Good,Medium,8,No,44585-74687
Truck,12,75835,97,1654,20,6.9,12.29,39,34,Moderate,Low,11,Yes,1331-10632
SUV,5,87875,96,1191,32,9.8,12.55,32,28,Critical,High,11,Yes,821-1243
Truck,11,107473,97,843,28,7.8,12.29,29,33,Good,High,2,No,20208-41040
SUV,7,98255,99,731,40,11.5,12.47,37,36,Worn,High,10,Yes,24388-55006
SUV,8,104665,92,1036,25,10.7,12.31,33,30,Worn,Low,2,No,55209-180000
Truck,10,35799,102,1688,31,6.9,12.27,36,31,Critical,Low,10,No,5266-18268
Sedan,11,136780,95,981,39,17.3,11.77,26,31,Critical,Low,8,Yes,15751-59709
Truck,8,92978,101,2847,27,6.1,12.2,36,28,Good,Medium,3,No,22027-68311
Truck,8,141872,108,2182,25,6.5,12.3,31,33,Moderate,Low,7,No,4488-22186
SUV,9,154599,94,2544,30,9.5,12.19,34,34,Worn,Low,12,No,41706-82714
SUV,5,231445,90,2650,31,8.7,12.2,25,28,Good,Medium,5,No,54281-180000
Truck,1,7513,94,1445,27,3.6,12.66,26,36,Worn,Medium,8,No,23024-68490
SUV,4,62566,98,2056,41,11.8,12.57,45,34,Moderate,Low,6,No,59250-104980
Truck,4,225787,106,1683,23,7.9,12.47,31,33,Worn,Low,4,Yes,5282-16306
Truck,10,36476,97,2432,37,5.6,11.75,28,31,Worn,High,3,Yes,6446-19700
Sedan,8,198156,98,2324,44,13.6,12.64,35,34,Good,Medium,7,No,43761-157429
SUV,9,128535,98,2190,28,12.1,12.17,30,29,Worn,Low,7,No,38089-81213
Truck,1,109824,95,1336,22,7.3,12.3,33,32,Critical,Low,8,No,7343-58491
Truck,10,12830,109,2480,31,11.1,11.8,38,33,Worn,Low,2,Yes,12012-25384
Sedan,8,47821,95,1971,39,15.8,11.95,27,35,Good,Medium,6,No,50365-110351
Truck,3,9312,98,2861,27,10.0,12.04,40,35,Moderate,Low,3,Yes,14479-46277
Hatchback,9,140028,97,1466,37,19.5,11.79,35,35,Moderate,High,3,No,20059-37797
Hatchback,8,224441,86,1772,31,17.6,12.35,37,32,Critical,Low,9,No,14123-52791
Hatchback,10,169513,87,2997,40,15.3,12.14,25,33,Critical,Low,4,No,32803-109961
SUV,11,43014,105,724,32,12.1,12.54,39,28,Moderate,Low,4,No,35411-72395
Truck,2,148682,107,3285,32,4.2,11.95,29,35,Moderate,Medium,9,Yes,1700-10593
Hatchback,10,169005,92,2620,40,17.1,12.54,32,36,Good,Low,7,No,46774-118364
Hatchback,4,98685,91,1978,44,16.4,12.79,36,36,Moderate,Low,5,No,90153-180000
Hatchback,3,27055,91,3357,31,17.4,12.73,27,28,Moderate,Low,9,No,34304-107116
SUV,10,230911,101,1550,28,12.0,12.03,37,35,Good,High,11,No,5501-21341
SUV,8,26404,91,744,31,11.5,11.81,28,33,Good,Medium,1,Yes,105888-170316
Hatchback,12,80771,94,774,36,17.3,12.66,39,34,Moderate,Medium,5,No,43356-136226
SUV,7,120662,93,718,24,11.0,11.93,44,31,Moderate,Low,9,No,87829-170475
SUV,7,28876,99,2677,36,12.2,12.26,35,32,Good,Low,10,Yes,50195-127067
SUV,6,216238,101,1432,28,9.7,12.49,38,35,Worn,High,3,No,36304-74402
Hatchback,11,154378,85,3466,29,19.7,12.38,44,28,Critical,Medium,9,No,12823-61835
SUV,12,61693,100,3259,30,10.3,11.74,45,32,Moderate,Medium,5,No,30323-90401
Hatchback,7,9919,94,1383,35,19.2,12.1,28,30,Worn,Medium,10,No,40290-129492
Hatchback,1,104310,86,1182,46,14.9,11.95,41,32,Good,Medium,5,No,68899-164049
Sedan,3,82559,92,2979,31,14.6,12.35,31,36,Good,Medium,6,No,56587-90813
Truck,8,35637,104,1985,34,9.0,12.79,42,28,Good,Medium,3,No,27199-57009
Hatchback,10,13136,83,742,38,21.4,12.19,41,32,Good,Low,10,Yes,90925-173007
Truck,2,163009,110,1754,20,8.6,12.2,35,31,Good,Medium,10,No,4733-16495
SUV,6,242239,91,3194,39,12.5,12.15,30,30,Worn,High,6,No,41192-135106
Hatchback,8,139175,89,3460,37,16.0,12.78,31,34,Good,Medium,4,Yes,30263-105179
Sedan,8,243070,88,682,27,16.8,11.9,30,31,Worn,Medium,6,No,58141-115411
SUV,3,185289,97,2015,37,12.4,12.18,40,34,Good,High,10,No,21589-92325
Hatchback,5,82257,93,2274,28,15.2,12.65,36,30,Good,High,12,No,15062-36322
Hatchback,5,5353,95,2759,36,17.9,12.35,34,31,Critical,High,5,No,17003-38697
Hatchback,1,63610,92,2347,39,17.7,12.58,45,28,Moderate,Low,11,No,30705-94061
SUV,2,180902,96,2746,29,11.6,12.18,36,32,Good,Medium,5,No,41150-110392
Sedan,12,93025,85,3025,28,17.4,12.64,28,30,Good,High,3,Yes,28333-74123
Sedan,7,6853,95,1239,31,16.3,11.7,27,35,Good,Low,7,No,35718-134002
Sedan,6,57424,93,811,29,13.3,12.64,33,32,Worn,High,8,No,26385-96885
Truck,5,107241,105,1853,26,5.0,12.26,42,36,Critical,Low,2,No,42466-70046
SUV,11,112098,104,3393,26,12.3,12.52,44,28,Good,High,6,No,24724-59266
Hatchback,8,231390,88,1464,42,14.0,12.39,43,35,Good,High,10,No,59396-100696
Hatchback,4,174620,88,1167,41,19.7,12.57,41,28,Moderate,Low,1,No,55387-125105
Truck,1,140867,107,1153,33,9.9,12.29,34,33,Critical,Medium,4,No,2679-17943
Truck,2,105470,105,3396,24,9.3,12.49,42,30,Moderate,High,6,No,13141-28679
Hatchback,6,51775,90,2614,38,18.5,12.75,42,34,Good,Low,12,No,65341-111993
SUV,10,233094,102,2636,29,10.4,12.75,36,35,Moderate,Medium,10,No,39890-72130
Sedan,12,47174,97,3372,37,16.5,11.86,39,31,Good,Low,7,No,72134-180000
Hatchback,4,211343,89,2403,39,15.3,11.94,25,34,Worn,Low,11,No,45791-69035
Sedan,11,153051,98,615,35,14.5,11.88,25,35,Good,Medium,10,No,26352-74582
SUV,4,60805,90,1511,40,10.4,11.73,29,31,Good,Low,7,No,73405-114347
SUV,6,234278,95,2231,34,10.3,11.77,37,29,Good,Low,4,No,43294-180000
Truck,3,104246,109,602,15,8.2,12.07,42,33,Good,Medium,5,Yes,1713-5611
SUV,10,156642,107,1733,29,12.3,12.24,27,28,Good,Low,1,No,33005-69401
Truck,6,124775,108,1022,25,7.5,11.78,41,33,Good,Low,7,Yes,8409-38223
SUV,3,40385,102,1257,26,7.9,12.8,29,34,Worn,High,11,No,15790-28784
Truck,10,55217,99,2412,28,6.7,12.49,28,33,Moderate,High,9,No,6986-20913
Truck,12,94399,96,1517,27,8.6,11.91,33,30,Good,Low,4,No,35304-82948
Truck,3,123153,94,3196,32,4.8,12.28,33,33,Critical,Medium,4,No,7702-19738
Truck,4,37087,101,1013,23,6.4,11.91,42,29,Good,Medium,6,No,32643-61463
Truck,8,65873,109,1499,29,5.3,11.8,27,34,Good,Medium,11,Yes,2411-9818
Hatchback,2,65449,94,829,47,14.7,12.42,40,29,Moderate,Low,5,No,65897-129703
Sedan,11,108000,87,658,41,15.3,12.76,31,34,Good,Low,5,No,34224-128318
Hatchback,11,76588,101,2729,37,16.5,12.65,44,28,Critical,Low,7,No,22531-82707
SUV,7,123606,99,3028,33,10.5,12.11,44,30,Good,Low,1,No,70478-169992
Hatchback,10,194030,87,3253,35,20.5,12.5,38,29,Critical,Low,5,No,14131-51411
Truck,7,224532,108,671,35,6.7,11.99,35,29,Good,Medium,4,No,15142-26686
Hatchback,1,131884,90,2708,40,17.6,12.08,36,34,Critical,Low,7,No,46049-77397
Hatchback,1,123409,86,2475,35,13.2,12.27,36,32,Critical,Low,9,No,13774-87453
SUV,2,31544,92,2598,31,13.0,12.56,44,32,Moderate,High,9,No,23001-43085
Truck,5,218082,98,731,21,9.0,12.26,25,31,Worn,Medium,12,No,3743-6059
SUV,8,170981,102,2994,38,10.3,11.9,28,34,Good,High,8,No,65808-113918
Truck,7,132077,102,3105,21,4.5,12.15,45,31,Worn,Low,1,No,22707-58453
Sedan,8,34428,87,2345,28,13.5,12.7,40,28,Good,Medium,7,No,34598-91590
Truck,3,37665,102,2431,20,9.5,12.8,44,29,Moderate,Low,5,No,4109-45712
SUV,1,20846,101,958,37,13.6,12.33,28,31,Good,High,1,Yes,16525-145031
Sedan,11,178439,90,3073,35,15.3,11.8,41,36,Good,Low,5,No,81930-165058
Sedan,7,207463,90,3274,44,15.2,11.98,30,36,Critical,Low,5,No,25405-80279
Truck,11,96915,97,3318,22,5.2,11.93,26,32,Worn,Medium,6,No,18338-37966
Truck,10,8002,96,2855,17,5.9,12.78,31,35,Good,Low,9,No,24880-94582
SUV,1,119295,90,743,29,14.0,12.66,45,32,Moderate,Low,6,No,65261-180000
SUV,4,18744,102,1134,36,11.3,12.28,40,33,Good,Low,4,No,78172-146586
Sedan,1,56075,100,2833,38,14.9,12.17,36,29,Good,Low,8,No,50735-180000
Truck,9,83290,99,1675,21,7.1,12.23,31,36,Worn,Low,11,No,4299-8111
SUV,7,85475,96,1085,28,10.5,12.22,42,33,Critical,High,9,No,12768-30444
SUV,12,155005,94,954,31,8.9,12.48,45,29,Good,High,4,No,31630-80694
Sedan,6,119893,88,1847,35,10.9,12.64,34,35,Moderate,Medium,2,No,44630-94574
SUV,6,49971,101,2483,35,8.4,12.55,39,31,Worn,Low,4,No,44113-107025
SUV,7,209550,89,1367,35,12.2,11.99,35,31,Good,Low,7,No,46977-170873
Sedan,7,134788,91,3288,30,15.3,12.31,37,34,Good,Low,3,No,23305-180000
Sedan,7,164051,103,3289,37,13.7,12.06,29,31,Worn,Low,8,No,36875-92459
Truck,3,167879,95,2726,18,8.4,12.72,29,32,Good,Low,9,Yes,4444-36959
Sedan,2,207064,93,2710,32,14.5,12.54,36,32,Moderate,Medium,4,No,29616-99586
SUV,8,244768,104,2512,28,13.5,11.71,43,30,Moderate,Low,10,No,62664-99504
Truck,1,143893,107,2233,36,9.9,12.64,33,28,Good,Medium,8,No,25521-76073
Sedan,11,122294,101,1666,43,16.5,12.46,38,29,Good,Low,8,No,44867-144207
Hatchback,8,48602,97,1315,27,18.3,12.66,28,31,Good,Medium,7,No,48179-116905
Truck,4,169921,110,1560,20,9.5,12.13,34,34,Critical,Low,12,No,1621-3683
SUV,1,192967,103,3464,36,13.1,12.14,36,28,Worn,Low,6,No,57545-180000
Hatchback,3,133583,85,1430,40,15.1,11.96,45,34,Good,Low,2,Yes,47503-156901
SUV,6,144635,93,797,28,9.7,12.21,42,36,Critical,Medium,11,No,6194-17463
Truck,5,8394,97,1998,27,5.7,11.78,37,35,Good,Medium,5,No,34025-84963
Hatchback,5,160270,89,1680,31,14.2,12.16,28,31,Good,Low,6,No,58267-180000
Truck,12,137907,102,1240,22,7.8,12.47,42,35,Good,Medium,1,No,41070-124604
Hatchback,12,237962,84,2219,43,15.2,12.2,32,31,Worn,Medium,12,No,26315-47501
Hatchback,2,56698,94,2406,47,15.3,11.95,27,28,Good,Low,11,No,26874-78046
Hatchback,10,152091,93,2494,32,21.2,12.36,43,32,Good,Medium,8,No,35385-132389
SUV,10,207384,95,1250,30,11.4,12.22,45,32,Good,High,12,No,7026-19072
Truck,5,78125,110,1711,33,3.4,12.15,36,28,Critical,Medium,1,No,6012-17244
Hatchback,11,24745,94,2911,43,18.9,12.14,30,31,Good,Low,7,No,43104-129436
SUV,3,82438,91,2930,28,9.1,12.35,30,30,Good,Medium,2,No,43828-180000
Truck,11,59082,101,1723,22,3.6,12.14,43,35,Moderate,Medium,8,No,30360-47490
Truck,9,189738,101,1719,17,7.5,12.51,36,36,Good,Low,3,No,22927-91395
SUV,5,50586,100,1247,36,8.9,12.74,28,36,Good,Medium,1,No,44181-119541
Sedan,3,46685,99,1941,32,18.7,12.04,42,30,Good,Low,11,No,31047-88153
Truck,9,82268,102,715,33,6.9,12.7,32,28,Good,Low,5,No,18136-168865
SUV,3,110023,97,671,33,8.9,12.44,25,32,Moderate,Medium,6,No,31835-104705
Truck,9,37545,102,1483,19,6.6,12.68,26,29,Moderate,Low,1,No,30739-86839
Sedan,12,203364,100,2033,31,18.6,12.79,39,28,Good,Low,8,No,22844-89211
Sedan,5,200792,88,1081,38,14.9,12.51,41,35,Worn,Medium,2,No,49028-163362
Hatchback,3,242397,94,1893,35,18.4,12.55,26,34,Good,Low,7,No,59464-113980
Truck,3,151736,94,2773,35,9.9,11.82,26,28,Good,High,8,No,18370-99351
Truck,10,241084,109,2528,22,8.8,11.72,41,35,Moderate,High,2,No,2012-6294
SUV,8,30066,90,3254,37,10.7,12.01,35,29,Good,Low,2,Yes,77292-146038
Hatchback,8,242134,96,645,46,19.5,11.72,36,33,Good,Medium,2,No,69073-157845
Hatchback,3,219924,84,1771,31,16.2,12.26,31,36,Good,High,4,No,23821-46937
Sedan,7,34173,98,3018,33,13.6,12.69,36,35,Good,High,1,No,33995-55255
Truck,9,25145,112,791,35,5.6,12.22,43,30,Good,High,8,No,2145-6543
Hatchback,4,202751,93,886,31,19.5,12.01,36,28,Worn,Low,7,No,41243-126697
Hatchback,11,81257,95,2741,34,16.7,12.65,42,35,Worn,Low,1,Yes,35696-107376
Hatchback,9,11993,99,3308,36,16.4,12.67,34,33,Moderate,Medium,11,No,15577-52683
Hatchback,7,142351,86,1453,31,21.6,12.51,34,28,Worn,Low,3,No,49598-121784
Truck,8,26272,113,1860,19,9.0,11.89,37,30,Good,High,11,No,2043-3685
Hatchback,2,157706,95,1399,37,22.6,12.33,36,34,Good,High,1,No,29113-113699
Hatchback,2,30293,95,1733,28,16.1,12.71,33,32,Good,Medium,12,No,22479-58275
Sedan,2,82769,88,1040,34,15.5,12.46,26,29,Good,Medium,11,No,23174-63924
SUV,10,116343,98,2310,26,12.8,12.63,39,33,Worn,Low,1,No,44292-121406
Sedan,3,157994,96,3056,40,12.6,12.26,34,33,Good,High,9,Yes,33901-73289
SUV,9,128123,90,1960,33,12.4,11.8,27,35,Moderate,Low,11,No,42135-79435
SUV,3,146538,101,3299,31,12.3,12.2,40,35,Good,Low,12,No,40863-66553
Hatchback,9,29984,90,834,36,14.8,12.51,44,28,Good,Low,10,No,52662-172226
Sedan,3,139611,91,2917,33,13.9,11.91,29,28,Worn,High,5,No,11652-66639
Sedan,8,23849,91,3227,41,13.5,12.74,30,35,Good,Low,8,No,86249-154389
SUV,8,81067,88,2542,24,10.2,12.54,26,35,Moderate,Medium,7,No,51001-89491
SUV,3,86130,101,3314,32,7.8,12.32,35,32,Good,Medium,1,No,51641-180000
Truck,11,62503,98,1103,32,9.5,12.32,39,28,Moderate,High,11,No,3077-11305
SUV,9,213088,106,1164,37,10.7,11.77,31,29,Moderate,Medium,6,Yes,29750-84074
SUV,9,176405,92,735,32,9.6,11.92,34,34,Critical,Medium,3,No,26999-42527
Sedan,4,25305,91,1240,30,16.8,11.74,40,31,Critical,Medium,3,No,30275-54523
Hatchback,10,217639,94,3253,43,21.0,12.25,26,32,Good,Low,6,No,78468-130686
Sedan,4,142858,88,653,45,15.2,12.13,27,33,Moderate,Low,6,No,65175-137535
Sedan,5,155537,88,816,41,16.3,11.74,26,36,Good,Medium,6,No,65916-180000
SUV,8,40981,97,1788,30,10.1,12.08,25,33,Moderate,Low,10,No,40111-110541
Truck,1,144609,98,2879,20,8.3,12.33,32,35,Good,Low,9,No,28639-65013
Hatchback,11,246786,96,2997,29,20.7,12.41,43,30,Good,Low,3,No,17830-111817
SUV,12,5402,90,849,37,7.4,12.76,40,29,Good,Low,6,No,75164-164840
SUV,3,20655,106,2314,33,9.2,12.28,42,28,Good,Medium,1,No,35923-69719
Sedan,4,132757,101,3303,30,14.2,12.57,38,36,Moderate,Low,6,No,58857-116331
Truck,12,96582,106,2403,33,5.3,11.97,43,35,Worn,Medium,3,No,5736-50170
SUV,1,162157,95,1823,28,11.4,12.52,28,29,Moderate,High,2,No,26447-60471
Truck,6,11711,109,860,30,7.2,12.69,31,30,Worn,Low,8,Yes,20488-31482
Hatchback,5,191685,95,2029,35,15.4,12.01,27,32,Good,Medium,3,No,28190-132263
SUV,12,77364,103,963,30,8.7,12.78,27,31,Good,High,12,No,18749-28147
Sedan,2,145103,91,1001,32,14.1,12.03,38,28,Good,Medium,5,No,30842-83540
SUV,5,15235,95,1370,31,10.6,12.31,26,35,Moderate,Low,6,No,54141-101823
Sedan,6,196971,102,1984,31,13.3,12.21,27,35,Critical,Medium,11,No,2269-9039
SUV,10,205520,95,799,38,7.4,12.47,34,28,Good,Medium,5,Yes,5551-129422
SUV,6,240976,101,3119,35,12.2,11.97,30,28,Worn,Low,8,Yes,54824-84732
Sedan,8,110219,94,830,39,15.1,11.79,29,35,Moderate,Medium,8,No,4954-144102
SUV,1,15017,89,2849,35,7.8,12.36,32,28,Critical,High,4,No,11537-34079
Sedan,3,60275,96,2282,37,17.3,12.73,30,36,Moderate,Low,7,No,46380-80886
SUV,11,52682,92,1525,40,14.2,11.97,32,31,Good,High,6,No,51201-108897
Sedan,11,227344,92,2429,31,12.6,12.71,40,33,Good,High,11,No,4636-17240
Truck,1,135473,109,2678,16,6.2,12.23,38,31,Worn,Low,9,No,2338-6488
Sedan,8,97436,87,2169,31,16.1,11.73,33,35,Moderate,High,6,No,16663-51001
Hatchback,11,178996,93,2806,34,14.2,11.71,39,29,Good,Low,3,No,56709-131225
Sedan,9,189208,101,1437,28,13.5,12.22,29,31,Good,Low,10,No,58898-104456
SUV,9,247254,98,1374,29,12.8,12.15,27,29,Good,Medium,10,No,53790-82904
SUV,2,122119,97,1949,29,14.8,11.88,45,29,Good,Low,12,No,30993-93983
Hatchback,11,120231,88,2277,45,16.7,11.97,34,34,Good,Medium,9,Yes,25598-118309
Truck,1,85953,107,1819,26,8.7,12.5,32,32,Good,Low,9,No,14869-44175
SUV,7,218639,104,3184,38,11.8,12.27,39,35,Moderate,Low,7,No,45211-180000
SUV,12,9375,96,3326,41,12.4,11.98,42,31,Good,Low,7,No,63161-171459
SUV,4,161118,97,3027,36,8.1,12.33,35,30,Good,Medium,7,No,88061-174981
SUV,2,154318,99,2542,23,12.8,12.14,35,31,Worn,Low,2,No,42758-128442
SUV,1,142640,90,1329,34,12.4,12.76,34,28,Good,Medium,8,Yes,45766-72270
Hatchback,8,148752,83,2036,33,20.6,12.39,28,32,Good,Medium,12,No,22338-87858
SUV,4,215133,94,3151,24,7.7,12.09,41,29,Moderate,Low,9,Yes,51797-113325
Truck,1,84804,96,1862,30,4.4,11.86,38,36,Good,Medium,2,No,56986-98804
Hatchback,2,174206,92,1351,39,16.2,12.11,34,33,Critical,Low,1,No,42581-98961
Truck,5,191119,101,2945,25,7.2,11.95,34,30,Moderate,Low,2,No,48885-86217
Truck,11,174674,104,1439,29,6.1,12.01,31,35,Good,Low,4,No,31069-104705
SUV,5,121380,94,1703,40,7.3,12.55,29,34,Good,High,5,No,45128-107210
SUV,7,74047,92,2771,31,13.2,11.75,26,34,Good,Low,5,No,44936-156836
SUV,3,81773,100,2324,39,9.2,11.9,28,34,Good,High,6,No,48932-80696
Hatchback,12,143748,97,2805,27,21.9,12.51,36,30,Good,Low,10,No,27646-152450
Sedan,3,35686,97,1025,37,15.9,12.52,30,31,Good,Low,1,No,46066-133896
Hatchback,9,61023,95,2679,39,20.0,11.92,35,29,Good,High,7,No,24745-77659
Sedan,7,43644,87,809,42,17.6,11.93,34,32,Good,Low,12,No,31040-82056
Hatchback,7,74457,89,738,38,18.5,11.9,38,32,Critical,Medium,12,No,7174-20876
SUV,10,68719,98,1052,25,11.6,12.6,36,34,Good,Low,2,No,56290-108626
Sedan,8,8388,89,686,37,18.3,11.91,40,28,Moderate,Medium,6,No,32381-116823
Truck,4,240353,97,861,37,7.3,11.98,37,33,Moderate,Medium,2,No,27175-108029
Sedan,7,209113,93,1740,41,15.8,11.88,37,31,Good,Low,2,No,61636-130174
Truck,10,125556,106,815,24,4.1,12.19,32,31,Moderate,Medium,12,No,1911-4139
SUV,8,37188,96,2294,41,12.1,12.51,25,36,Good,High,12,Yes,6546-14112
Hatchback,7,61830,92,2048,44,18.0,12.74,41,35,Critical,Low,11,No,10928-121860
Truck,1,234948,106,970,31,6.1,12.63,29,31,Moderate,Low,6,No,11435-33765
SUV,3,183973,94,611,33,9.7,12.16,34,30,Moderate,Low,4,No,60031-128497
SUV,6,246220,95,2697,27,9.4,11.85,34,33,Critical,Low,4,No,41998-68436
Sedan,1,107883,90,1893,40,13.3,12.32,36,32,Moderate,Low,6,No,24813-180000
Sedan,4,172488,102,1072,29,12.9,12.74,31,32,Moderate,Low,8,No,44047-123761
Hatchback,1,200036,88,2937,31,18.3,12.18,34,35,Moderate,High,5,No,29069-83737
SUV,6,64982,100,3024,39,12.4,12.47,33,32,Good,Low,4,No,79543-153785
Truck,11,67782,106,2041,29,7.0,11.98,25,36,Good,High,4,No,5640-14682
SUV,5,244343,99,631,39,12.0,12.53,41,36,Critical,High,11,No,7117-16177
SUV,10,248646,96,966,28,10.6,11.87,32,32,Moderate,Medium,12,No,16289-77713
Hatchback,4,31067,91,1531,31,17.0,12.11,27,28,Good,Low,7,No,65622-170888
Sedan,6,126537,90,1297,26,15.9,11.77,25,29,Moderate,Low,7,No,45775-109181
Hatchback,7,49292,91,1115,38,17.0,11.88,35,35,Good,Low,1,No,90266-146560
Truck,12,75222,106,3077,24,7.9,12.46,38,31,Good,Low,2,No,14679-42779
Hatchback,4,195989,97,908,42,19.8,12.02,31,34,Good,Low,6,No,97755-157785
Truck,5,102570,105,1221,32,10.0,12.8,29,28,Moderate,Low,2,No,33871-83989
SUV,4,92079,90,909,29,7.5,12.21,34,32,Moderate,Medium,1,No,79768-161410
Sedan,12,129796,102,1770,36,18.0,12.32,28,36,Moderate,Low,8,Yes,13073-128557
Truck,1,63175,108,2093,34,8.1,12.31,31,30,Moderate,Medium,12,No,3471-9487
Sedan,10,225961,96,1599,28,16.9,12.51,34,29,Moderate,Low,1,No,31912-102544
Hatchback,10,35763,91,3190,34,17.2,12.74,41,28,Good,Low,2,No,72509-128407
SUV,11,229619,101,1454,33,12.4,12.47,30,32,Worn,Low,1,No,43699-180000
SUV,2,246724,104,2729,34,9.0,11.85,25,34,Good,High,11,No,6900-54019
SUV,11,227457,105,1060,23,13.2,11.75,33,36,Good,Medium,1,No,64132-124664
Sedan,7,244051,87,2334,29,16.4,12.32,36,35,Good,Low,10,No,52855-150073
Sedan,12,207244,99,956,34,12.1,12.54,32,32,Worn,Low,11,No,22460-63304
Hatchback,10,65992,94,2519,36,15.1,12.48,38,32,Critical,Medium,5,No,26214-72690
Truck,4,179315,107,1581,30,4.3,11.78,31,30,Good,Low,5,No,15869-100474
SUV,11,94938,94,3023,37,10.1,11.87,31,34,Good,High,3,No,35003-101611
Truck,3,202260,100,778,27,3.2,11.82,41,33,Good,Low,11,No,28693-60709
Truck,3,89209,99,2770,32,6.3,12.42,43,31,Moderate,Medium,12,No,9669-26587
Sedan,6,106653,87,2698,32,18.7,12.76,44,29,Good,High,1,No,2677-134594
Hatchback,4,237096,92,3234,37,18.6,12.55,44,32,Worn,High,4,No,19381-61441
Hatchback,6,96632,94,2654,35,19.9,11.88,26,34,Good,Low,10,No,83331-169589
SUV,4,30346,100,3298,38,11.0,12.63,25,28,Good,Low,12,No,56493-119673
Hatchback,11,54596,86,2714,32,15.9,12.6,28,29,Good,Low,2,No,57123-158689
Sedan,3,141667,99,859,40,11.4,11.78,45,33,Critical,Low,10,No,21745-46929
Hatchback,10,151195,87,2273,32,14.6,11.96,31,34,Moderate,High,10,No,15873-62783
SUV,3,111441,93,2756,27,9.2,12.33,31,30,Good,High,10,Yes,15506-65782
Hatchback,5,210202,96,3480,29,13.9,12.61,29,31,Good,High,8,No,16474-44604
SUV,2,145710,88,930,32,10.4,12.41,34,28,Moderate,Low,9,No,93502-148120
Sedan,10,36164,93,1280,39,17.7,12.11,25,30,Good,Low,7,No,44803-131965
SUV,9,125798,102,3401,38,8.3,11.86,37,35,Moderate,Low,10,No,54286-180000
Hatchback,10,178874,87,2362,36,20.4,11.76,30,35,Critical,Low,12,No,23066-86686
Hatchback,8,153400,99,2650,35,21.3,12.32,33,36,Moderate,Medium,5,No,27313-45539
Hatchback,4,170220,92,2042,36,15.1,12.36,39,35,Moderate,Low,11,Yes,29873-54375
SUV,5,98846,96,711,42,11.7,12.19,44,29,Worn,High,4,Yes,15363-36527
Truck,7,182697,99,3371,29,8.2,11.78,42,32,Good,Low,11,No,28914-64516
SUV,5,90075,95,1607,33,10.3,12.72,38,35,Good,Low,7,Yes,50640-112164
Truck,4,231379,108,1629,16,6.0,12.11,26,36,Good,Low,10,No,6089-27510
SUV,2,216557,100,869,39,14.1,12.44,32,34,Good,Low,6,Yes,86389-169009
Sedan,3,8955,97,1810,39,12.7,12.15,32,35,Good,High,9,No,42923-69013
SUV,8,24380,91,2109,36,12.5,12.14,36,36,Moderate,Medium,12,No,37830-64066
Sedan,2,5830,93,2351,33,10.8,12.62,25,35,Critical,Medium,2,No,28563-50293
Hatchback,5,189468,91,3215,38,21.0,11.84,34,28,Good,Medium,12,No,49169-99605
SUV,9,34348,95,3101,36,12.0,11.78,34,33,Good,Medium,12,No,17878-93774
SUV,3,241091,94,977,31,7.3,12.79,33,36,Moderate,Low,6,Yes,37788-105860
SUV,8,144639,91,1653,37,9.3,12.45,36,31,Moderate,Medium,2,No,88334-141906
Hatchback,12,229204,87,1458,38,13.9,12.2,36,32,Good,Low,2,No,24122-180000
Sedan,5,178072,92,1544,37,16.5,12.76,43,28,Worn,High,7,Yes,12151-53118
Hatchback,1,12010,93,2780,43,19.2,12.22,45,28,Moderate,High,12,Yes,17393-29899
SUV,3,33589,98,847,32,14.8,12.15,38,29,Critical,Low,2,No,43427-82103
Sedan,2,150904,95,3068,35,15.8,11.83,44,35,Good,Medium,11,No,28768-79620
SUV,4,154591,102,2709,27,11.2,12.66,40,31,Moderate,Low,7,No,40667-113217
Hatchback,9,34937,83,2433,43,16.6,12.02,45,30,Moderate,High,7,No,25303-91123
Hatchback,8,99473,97,1181,35,17.8,12.43,41,33,Moderate,Medium,8,No,20241-40723
SUV,9,38695,100,870,37,12.8,11.91,34,36,Moderate,Low,3,Yes,37732-72300
SUV,1,201384,103,2675,37,12.4,12.32,26,30,Good,Low,7,No,69519-147595
Sedan,11,128317,87,3014,40,16.1,11.87,33,29,Worn,Low,5,No,87326-180000
SUV,8,5323,98,966,31,12.2,12.5,26,30,Good,Medium,1,Yes,43988-94472
Truck,3,53542,103,2910,29,5.5,11.91,31,31,Critical,Low,12,No,904-6311
Truck,10,17996,108,3435,30,3.7,12.6,37,34,Good,Medium,6,No,3322-57662
SUV,6,136057,100,1186,40,12.7,12.66,40,32,Worn,High,12,Yes,9750-26594
Hatchback,1,237175,84,1866,41,17.7,12.67,27,36,Good,Low,6,No,47763-113633
Sedan,11,65976,94,758,36,17.3,12.53,43,34,Good,Low,5,No,70014-113332
Sedan,2,136750,87,3197,27,17.2,11.96,45,34,Moderate,Medium,7,No,40035-118262
SUV,5,224412,94,1647,31,8.2,12.78,42,32,Critical,Low,1,Yes,46329-124211
Sedan,5,206928,98,1682,39,14.1,12.04,43,35,Good,High,6,No,32660-53746
Sedan,5,39263,101,1958,30,15.6,12.52,42,31,Good,Low,7,No,45432-115976
Sedan,3,143043,95,2502,31,17.7,12.06,25,35,Good,High,7,No,30999-57201
SUV,1,55767,102,3239,27,11.3,12.66,42,31,Good,Medium,8,No,45581-107717
Truck,4,20199,108,3035,33,8.9,12.57,40,29,Moderate,Medium,9,No,12941-46939
Truck,3,192374,106,633,29,9.4,11.79,42,33,Good,Low,9,No,22944-34942
SUV,8,180698,107,2187,41,12.0,12.09,29,30,Good,Low,11,No,11875-62827
Truck,12,232073,98,3491,33,6.3,12.31,45,30,Good,Low,8,Yes,34361-65833
Truck,7,72963,107,2552,15,5.4,12.64,39,35,Worn,Low,6,No,3054-6966
Sedan,1,246759,85,3032,30,14.1,12.68,28,34,Moderate,Low,6,Yes,41956-68454
Sedan,4,226187,97,2479,38,17.1,12.08,37,35,Good,Low,9,No,61941-141221
SUV,6,140772,100,697,34,10.6,12.34,27,31,Good,Low,3,Yes,42152-133524
Truck,3,112384,97,3187,22,6.6,11.92,39,35,Worn,Low,2,No,42245-72027
Sedan,5,78923,90,1221,38,18.8,11.7,45,28,Moderate,Medium,5,No,41768-134714
SUV,4,118538,98,2581,32,15.2,12.56,40,29,Good,Medium,1,No,67170-116636
SUV,7,20455,91,916,42,12.0,12.63,35,31,Critical,Low,7,Yes,54996-85598
Hatchback,1,177054,98,908,31,17.8,11.71,38,35,Critical,Low,12,No,7376-25103
Sedan,11,69602,92,2656,33,15.7,11.74,27,29,Good,Low,1,No,74296-140300
SUV,7,22353,91,965,26,10.8,11.98,44,28,Good,High,10,No,53619-125703
Truck,7,173988,102,2297,23,9.3,12.77,37,33,Critical,Low,10,Yes,17601-35895
Hatchback,2,133686,92,632,38,21.1,12.2,31,30,Good,Low,12,No,62442-111462
Sedan,5,108470,90,2728,38,14.7,12.78,35,36,Good,High,9,No,27847-88411
Hatchback,8,127530,89,1260,41,15.1,11.87,27,30,Good,Low,11,No,29704-85680
Hatchback,2,110597,95,2166,45,15.6,11.8,32,30,Worn,Medium,4,Yes,14063-95836
Truck,10,33068,103,1702,20,5.2,11.88,38,34,Worn,Medium,7,No,13938-31620
Sedan,5,107766,86,815,28,18.4,12.76,31,35,Good,High,2,Yes,24090-53342
Sedan,2,156411,88,1274,32,14.2,12.23,41,32,Good,Medium,11,No,12532-42306
Sedan,4,102170,89,1945,32,11.9,12.07,45,28,Critical,Low,2,No,49033-83139
SUV,11,151527,98,602,39,12.1,11.71,30,31,Worn,Medium,11,No,20374-45798
Sedan,12,89174,94,2677,33,14.9,11.76,39,31,Worn,Low,10,No,19736-147401
Hatchback,3,241925,90,2452,31,13.8,12.76,35,30,Good,Medium,5,Yes,42631-74365
Truck,1,155103,108,2281,22,8.8,12.15,29,30,Critical,High,11,No,1737-3785
Sedan,7,35823,94,1249,31,12.4,12.74,45,29,Worn,Low,1,No,46738-121870
Sedan,7,11301,101,969,40,15.8,12.07,33,29,Moderate,Medium,5,No,53670-97410
Truck,10,216433,114,656,26,8.2,11.79,35,29,Critical,Low,3,No,6966-10484
Sedan,11,142849,95,2437,31,12.5,12.66,38,28,Good,High,7,No,31363-79555
Sedan,4,35355,88,1045,31,15.3,11.76,25,36,Good,Medium,2,No,10722-180000
Hatchback,2,237944,93,3048,38,21.4,12.5,42,30,Good,Low,1,No,91748-180000
Sedan,12,86638,91,684,41,14.5,12.5,33,34,Good,High,7,No,43933-144659
Truck,3,206831,104,1140,34,5.3,12.12,36,31,Critical,Low,1,No,25728-55086
Truck,3,40323,103,2443,31,7.0,12.14,39,33,Moderate,Low,6,No,10302-40202
Sedan,1,5476,91,2497,34,11.7,12.32,27,31,Good,Low,3,Yes,64297-104461
Hatchback,7,220798,92,1499,45,18.4,12.07,36,34,Good,Low,10,No,68840-114758
Hatchback,11,83946,100,1600,44,18.6,11.74,39,30,Moderate,Medium,2,Yes,60046-101900
Truck,2,74531,99,800,16,6.2,12.64,29,29,Moderate,Medium,1,No,8039-24667
Hatchback,8,98378,94,1355,30,20.9,12.1,30,33,Good,Low,1,No,50441-171327
Truck,10,16254,106,1811,32,5.7,11.94,34,33,Good,Medium,5,No,15643-30011
Sedan,3,184544,95,654,38,15.2,11.86,26,28,Worn,Low,2,No,56939-180000
Hatchback,5,122725,83,3149,33,14.4,12.66,29,35,Good,Medium,4,No,68905-103959
SUV,5,119163,100,1494,40,10.4,11.99,34,31,Critical,Low,12,No,31770-83178
SUV,6,50672,102,2451,36,12.0,12.23,40,28,Critical,Medium,11,Yes,17622-35100
SUV,1,122881,103,1089,33,9.9,12.79,37,34,Moderate,Medium,2,No,35811-112553
Hatchback,12,63478,91,3115,30,18.1,12.76,26,34,Moderate,Low,9,No,40778-136572
SUV,2,134819,90,2586,28,14.6,12.44,41,34,Moderate,Low,1,Yes,70039-137743
Truck,5,191645,107,1006,25,7.7,11.85,31,32,Moderate,Medium,3,No,1319-55767
Sedan,12,201063,92,723,36,17.2,12.01,41,35,Good,High,8,Yes,33350-74880
Truck,8,146552,106,1513,24,6.7,12.61,32,31,Critical,Low,6,No,2787-4893
Hatchback,3,129567,98,1653,30,20.2,12.17,43,36,Good,Low,12,No,23506-52586
SUV,2,146616,94,3470,27,11.1,12.39,27,36,Good,Low,9,No,70372-133840
Truck,5,15975,99,2014,21,4.1,12.65,30,28,Good,Medium,2,No,22458-43170
Sedan,3,194877,90,2836,35,14.5,12.03,31,35,Good,Medium,9,Yes,39890-82034
Sedan,10,174776,94,1380,44,12.8,12.58,43,34,Good,Low,10,Yes,91530-161630
Hatchback,7,111980,95,3324,35,18.9,12.59,32,33,Good,Low,1,Yes,31519-84349
Hatchback,1,81276,93,3218,35,19.8,11.92,25,31,Good,Medium,7,No,48671-87981
Truck,2,184495,107,3289,21,7.0,11.75,34,34,Good,Low,5,No,11363-18995
SUV,5,203378,100,2469,39,9.4,12.61,29,29,Good,Low,10,No,53713-177165
Hatchback,11,74696,94,2988,41,15.9,12.5,32,32,Worn,High,6,No,36355-68531
Truck,2,86249,113,1210,26,7.3,12.67,39,33,Good,Medium,10,Yes,19252-35770
Hatchback,12,92761,94,2745,42,13.8,12.04,28,36,Good,High,10,No,40856-112762
Sedan,11,134531,96,1908,32,18.9,12.7,33,31,Good,High,2,Yes,14830-72724
Sedan,6,91650,96,2074,31,12.1,11.93,30,28,Good,Low,5,No,56394-87162
SUV,4,18158,96,1138,36,13.7,11.83,27,35,Moderate,Low,9,No,77135-144277
Hatchback,6,170191,91,1022,33,15.7,12.13,30,34,Good,Medium,6,Yes,37236-103050
Sedan,9,41344,87,809,28,16.4,12.71,31,33,Good,Low,3,Yes,27562-93339
SUV,2,248416,105,2974,27,11.3,12.2,25,32,Moderate,High,5,No,12364-38792
Hatchback,3,23873,85,838,31,15.3,12.25,38,28,Critical,Low,1,No,23145-78181
Sedan,5,243075,85,835,40,18.3,12.1,36,35,Critical,Low,1,No,30014-93120
Hatchback,3,204547,97,3118,36,14.3,12.76,26,36,Good,Medium,5,Yes,40253-103857
Hatchback,12,185186,83,2231,41,14.9,12.3,25,36,Good,Low,1,No,53193-136185
Sedan,9,166080,83,1142,28,14.5,12.21,38,33,Moderate,Medium,8,No,31336-112354
Truck,9,80577,106,2747,23,6.0,12.53,33,36,Good,High,3,No,1663-11045
Hatchback,5,112248,98,2822,34,20.9,12.45,36,28,Good,Medium,11,No,15665-43157
Sedan,4,170441,90,3369,36,14.4,12.4,43,30,Good,Medium,2,No,80702-158952
Hatchback,10,197332,90,864,33,15.5,11.92,37,28,Good,Low,1,No,67238-123788
Truck,8,170990,110,1610,36,7.3,11.72,34,32,Good,Low,6,No,15447-105589
Truck,5,54748,103,3146,22,6.6,12.68,30,35,Moderate,High,3,No,17827-28045
Hatchback,4,53655,86,1062,30,15.1,11.96,31,30,Good,Medium,10,No,61980-109050
Truck,5,14690,96,845,25,6.4,11.84,31,28,Good,Medium,8,No,23922-53528
SUV,5,245050,91,859,30,12.5,11.92,31,30,Moderate,Medium,10,Yes,41575-66407
Sedan,8,20926,98,3083,45,15.2,12.39,40,31,Good,High,1,Yes,29806-64440
SUV,1,36725,94,2140,27,12.5,11.73,35,34,Good,High,10,No,16083-129656
Truck,5,239396,92,849,28,5.1,12.09,33,28,Worn,Medium,3,No,23670-62164
Sedan,3,228194,85,1007,28,14.8,11.89,41,34,Good,High,2,No,25473-77297
SUV,5,201402,90,796,37,10.8,12.41,33,34,Good,Medium,11,No,46926-91836
Truck,8,62224,99,2559,24,8.9,12.18,27,30,Worn,Low,8,No,25208-48754
Truck,2,166584,107,3049,20,3.9,11.77,27,31,Moderate,Low,9,No,6911-12679
Hatchback,1,207056,86,2051,34,18.6,12.25,32,33,Moderate,Medium,1,No,39961-128823
Truck,7,89815,97,2357,31,6.6,11.76,41,34,Worn,Low,2,No,37286-101088
SUV,8,116612,100,1134,29,11.5,12.18,33,29,Good,Low,8,No,41690-151320
Hatchback,5,214764,82,2243,35,13.6,12.74,28,29,Good,Medium,5,No,34807-128267
Truck,6,128708,98,1677,27,8.9,12.34,35,32,Good,Low,8,No,51464-107272
SUV,11,56480,101,795,30,14.9,12.4,40,32,Moderate,Low,7,No,42998-116956
Hatchback,6,238291,97,1240,40,15.9,12.27,32,32,Moderate,Medium,7,No,49089-126381
Hatchback,5,45046,94,3184,44,18.1,11.72,30,31,Good,Low,3,No,70967-146959
Truck,8,7541,99,780,18,5.6,12.15,45,28,Moderate,Low,11,No,3606-12090
Hatchback,1,211252,91,932,33,19.8,12.76,36,36,Good,Low,7,No,108216-164116
Hatchback,11,37738,88,1314,40,16.1,11.73,31,28,Good,High,4,No,33265-131271
Truck,5,14675,110,1842,23,7.6,11.73,43,30,Moderate,Medium,9,Yes,6552-17156
Hatchback,2,189317,92,1864,43,15.8,12.34,30,28,Good,Low,3,Yes,34864-180000
Sedan,8,55939,87,1758,27,11.7,11.94,34,34,Good,Low,10,Yes,48141-80045
Sedan,2,166634,92,636,29,13.7,12.69,33,28,Good,Medium,1,No,48855-180000
Sedan,7,214022,83,1858,31,12.8,12.18,44,28,Critical,Medium,9,No,39937-72115
Hatchback,10,129875,90,2908,35,15.7,12.42,35,36,Good,Low,9,No,85411-158211
Hatchback,8,72430,97,1165,33,20.6,11.71,27,31,Good,Low,5,Yes,41843-122305
Hatchback,2,142061,84,1612,34,18.4,12.62,31,31,Good,Medium,5,No,53828-99950
SUV,3,236721,94,915,39,12.5,12.52,35,28,Moderate,Low,10,Yes,55206-180000
Truck,10,165898,104,2740,19,6.3,11.97,25,36,Good,Low,6,Yes,5227-16679
SUV,2,215039,88,843,28,9.9,12.46,26,34,Moderate,Low,6,Yes,33128-91290
Hatchback,3,11898,94,714,45,20.7,11.83,40,31,Good,Low,7,No,52651-180000
Truck,2,83068,98,3034,34,7.5,12.01,37,29,Worn,Low,9,No,22018-113927
Hatchback,1,53580,90,2696,32,17.4,12.65,35,34,Good,Medium,9,No,37384-65064
Sedan,11,17706,91,3124,34,13.7,12.57,25,36,Good,Medium,12,No,17340-86687
Sedan,6,166458,96,2023,28,14.0,11.97,45,32,Good,Low,9,No,31437-105661
Sedan,9,159699,85,699,38,16.8,12.77,37,30,Moderate,High,5,No,23594-41914
Truck,9,66708,104,992,21,8.4,11.78,35,34,Good,Medium,6,No,5053-19947
Truck,5,109857,107,1047,23,4.5,12.67,39,29,Critical,Medium,11,No,1101-2415
SUV,3,93924,103,2911,34,12.6,12.78,39,35,Moderate,Low,4,No,10079-154441
Sedan,6,165875,94,704,29,16.5,12.26,38,32,Moderate,Low,11,No,25246-43264
Sedan,4,29704,99,1751,32,15.3,12.29,29,36,Critical,Medium,3,No,13453-36211
Sedan,10,21758,83,990,41,16.4,11.71,43,29,Moderate,Low,3,No,102894-162132
Sedan,2,56670,95,2175,37,18.1,11.82,32,36,Good,Low,1,No,37597-180000
Hatchback,7,118882,85,2968,35,17.2,11.82,37,28,Good,Medium,7,No,46786-131740
Truck,7,138937,94,1475,21,8.9,12.45,32,30,Worn,High,10,Yes,6023-13097
SUV,8,215066,94,1437,36,11.9,12.07,36,35,Good,High,10,No,37412-92032
SUV,1,114486,100,1154,32,14.1,12.77,34,31,Good,Medium,3,Yes,39110-115096
Truck,6,170350,102,2130,30,5.7,12.03,36,29,Worn,Medium,5,Yes,7824-53722
Truck,8,38450,109,2172,24,9.0,12.38,31,32,Worn,High,2,No,2178-4510
SUV,6,233908,100,3201,26,8.8,12.48,40,29,Good,Low,6,No,68762-180000
Sedan,4,179242,95,1405,41,15.3,12.5,29,35,Moderate,Low,2,No,85472-180000
Sedan,7,14246,92,2190,40,12.4,12.78,27,32,Good,High,8,No,50746-87446
Hatchback,6,58890,98,3445,32,16.0,12.34,43,35,Critical,Low,10,No,11627-41841
Truck,4,107997,106,2869,23,6.8,12.41,28,34,Worn,High,6,No,7644-15468
Truck,5,37582,102,860,15,9.5,12.48,33,28,Good,Low,10,Yes,17531-38713
SUV,3,138241,88,2674,27,13.7,12.15,29,30,Good,Low,3,No,83803-160949
SUV,4,137857,102,2498,33,12.4,12.06,27,35,Moderate,Low,11,No,15775-39413
Sedan,11,101182,89,2276,39,12.2,12.42,43,35,Good,Low,8,Yes,46967-180000
Hatchback,2,226984,98,3327,30,21.5,11.81,35,34,Moderate,High,12,No,6384-14208
Hatchback,1,242776,88,1896,37,15.7,11.95,32,32,Good,Low,9,Yes,69431-115381
Truck,7,67186,93,3327,24,5.2,12.47,43,36,Moderate,High,4,No,13711-27347
Truck,5,200287,112,2067,22,6.1,12.47,35,28,Moderate,Medium,7,No,9973-29261
Sedan,1,103309,91,995,37,12.9,11.73,27,28,Good,Low,1,No,40763-180000
Sedan,6,175198,96,1816,36,15.4,12.53,40,35,Good,Low,7,No,80214-175788
SUV,8,153735,93,2148,37,9.2,12.78,32,36,Worn,High,2,No,52031-115503
Sedan,5,145678,97,806,29,14.0,12.49,37,36,Good,High,11,Yes,2920-5108
SUV,3,64078,95,2136,35,13.8,11.84,35,34,Good,High,11,No,14245-40215
Hatchback,4,55927,89,2025,34,15.0,12.41,26,29,Moderate,Low,7,Yes,55472-106998
SUV,7,203828,94,696,33,13.6,12.63,40,29,Good,Low,10,Yes,48089-156303
Truck,11,94399,100,768,19,3.4,11.73,33,33,Good,High,10,Yes,4256-17010
SUV,9,249528,94,1590,31,13.3,12.3,40,29,Good,Low,7,No,72090-164296
Hatchback,3,200710,89,3094,38,15.8,11.92,34,34,Moderate,High,12,No,8624-13918
Hatchback,2,229418,90,2744,35,16.0,12.04,32,28,Critical,Medium,8,No,6040-53266
SUV,9,248061,90,2672,36,9.3,12.66,36,30,Critical,High,11,Yes,1019-22054
Truck,3,14452,99,3463,17,7.9,11.71,30,31,Good,Low,11,Yes,2296-23716
Truck,6,88620,102,2540,30,6.2,12.55,27,36,Good,Medium,6,No,29502-87630
Hatchback,7,5170,98,3311,39,17.5,11.71,29,30,Good,High,10,No,26244-52796
Truck,10,241876,104,2662,27,5.7,12.8,43,29,Good,Low,6,No,55866-93334
SUV,3,56763,97,674,35,11.3,12.33,28,34,Moderate,Low,9,No,32675-75265
Hatchback,7,116312,96,1153,35,16.9,12.5,33,33,Critical,Medium,5,No,13932-24624
Hatchback,9,17183,98,1289,41,14.8,12.29,45,34,Moderate,Medium,5,Yes,19561-90497
Sedan,3,13362,89,2066,27,13.3,12.23,35,30,Good,Low,1,No,66278-180000
Hatchback,2,60984,95,2965,34,20.3,11.78,39,32,Good,Low,3,Yes,32672-76036
Hatchback,2,59481,91,1632,38,14.7,12.75,38,32,Good,Medium,10,No,72852-180000
SUV,11,39846,92,837,30,9.1,12.1,31,35,Worn,Low,1,No,87883-131837
Hatchback,9,113814,88,2032,35,16.7,12.76,42,28,Worn,High,8,No,25792-48326
Hatchback,8,117602,87,1748,42,18.6,12.07,39,29,Critical,Medium,9,No,33680-51242
Hatchback,8,25152,97,3436,36,15.4,12.53,37,33,Critical,High,7,No,19395-30369
Sedan,11,62946,88,2603,29,13.4,12.34,25,32,Good,High,12,Yes,17248-38600
Hatchback,11,196054,89,3079,40,13.6,11.98,31,31,Critical,Low,7,No,58313-97911
Hatchback,6,154733,98,863,45,16.2,12.76,27,36,Critical,Medium,4,No,23273-87217
Sedan,12,12648,99,1953,35,10.9,12.14,40,31,Good,Low,7,No,46334-81884
Truck,10,161753,110,1993,21,4.6,12.48,36,28,Good,Low,1,No,12292-26678
Hatchback,12,195369,96,3193,48,19.9,12.77,40,32,Moderate,Low,3,No,46940-75316
Sedan,2,246787,100,2168,38,17.3,12.02,25,30,Good,High,12,No,8204-28572
Truck,5,61301,97,3309,30,6.1,12.18,29,33,Moderate,Low,10,No,18852-47610
Truck,7,243092,98,3036,29,8.9,12.1,25,28,Moderate,Medium,9,No,22748-41048
Truck,1,78363,99,2481,25,9.4,12.5,25,28,Good,Low,1,Yes,52102-109384
Hatchback,7,164564,90,2676,39,15.5,12.7,31,36,Critical,High,8,No,16438-26394
Sedan,8,151621,99,3122,34,15.1,12.71,39,34,Critical,High,1,No,10626-27436
Hatchback,9,122064,92,719,30,15.8,12.55,26,35,Moderate,High,9,No,35526-63342
SUV,6,203931,91,1423,26,11.8,11.89,37,34,Moderate,Medium,7,No,29138-116176
SUV,5,63647,97,2537,31,13.4,12.59,27,36,Good,Low,11,No,21894-79082
Truck,10,152378,100,1258,23,2.9,12.15,28,36,Good,Low,12,No,13011-48807
Truck,6,45324,97,2267,29,8.5,12.25,42,28,Worn,Medium,1,No,34221-65473
Hatchback,6,228701,93,1135,41,18.9,12.02,33,33,Good,High,5,No,25905-180000
Sedan,10,70535,90,2073,44,17.6,11.84,28,28,Good,Low,8,No,51683-174151
Hatchback,4,197061,94,2164,42,20.2,12.46,39,36,Critical,Low,9,Yes,11594-42578
Truck,11,223118,96,2534,24,4.3,12.16,30,29,Good,Low,5,No,50663-77383
Hatchback,10,169869,89,1479,48,20.6,12.11,33,30,Moderate,High,10,No,29152-50986
Hatchback,4,67876,90,1780,38,22.1,12.48,27,35,Worn,Low,10,No,38659-136373
SUV,8,87536,97,1722,28,11.4,11.93,31,34,Moderate,Medium,11,Yes,6735-15349
Truck,8,100190,105,3036,29,3.9,12.53,35,36,Good,Medium,8,No,14610-46676
SUV,5,189238,95,1046,35,11.8,12.16,42,35,Moderate,Low,6,No,46174-132146
Sedan,9,201668,93,2069,32,15.5,12.75,42,34,Worn,Low,7,No,52222-103024
Sedan,2,183729,95,1345,32,19.1,12.28,25,29,Good,Low,4,No,21619-109160
SUV,5,137371,88,706,36,11.5,12.09,27,31,Good,High,8,Yes,10960-135573
SUV,9,200303,106,3371,37,8.8,12.45,26,32,Worn,High,8,No,9908-18450
Truck,5,97317,98,1356,29,10.9,12.77,40,31,Good,Medium,12,No,4239-37189
Truck,10,86982,104,2749,22,9.0,11.83,38,28,Worn,Low,4,No,26863-85751
SUV,3,19741,101,3334,41,13.9,12.26,34,35,Moderate,Low,1,No,80240-180000
Truck,9,210278,113,1490,16,7.5,12.41,28,35,Good,Low,11,No,3611-8401
SUV,8,201327,93,2636,35,12.1,12.36,36,31,Good,Low,5,No,62466-126080
Hatchback,12,90883,93,2000,44,20.7,12.52,28,28,Moderate,Low,11,No,54979-109775
SUV,6,126441,87,2521,32,8.8,12.13,45,35,Good,Medium,9,No,72974-169260
Hatchback,2,125435,90,1450,33,21.3,12.15,42,30,Good,Low,2,No,88764-151296
Sedan,8,183085,91,952,31,17.2,12.09,34,34,Moderate,Low,6,No,56548-91886
Truck,1,207408,109,848,27,5.6,12.58,45,31,Good,Medium,9,Yes,9319-29373
Hatchback,4,93178,91,2310,43,14.7,12.37,42,33,Worn,Low,5,No,52688-179046
Hatchback,6,241133,92,1168,44,13.6,11.8,45,35,Moderate,Low,6,No,30837-180000
Hatchback,1,220414,95,3006,32,16.9,11.92,28,35,Good,Medium,5,Yes,28779-71553
Sedan,9,237904,100,2408,30,11.6,12.52,44,35,Moderate,High,12,No,8053-13767
Truck,1,73518,106,959,26,9.0,12.79,44,33,Good,High,6,Yes,2948-16229
Sedan,8,21789,103,3305,39,15.0,11.79,45,36,Worn,Medium,7,No,34771-132703
SUV,2,33557,89,2570,30,9.2,12.26,37,35,Good,Low,4,Yes,91195-143459
Truck,2,98517,103,1599,22,9.8,12.33,32,33,Good,Low,8,No,34623-126251
Hatchback,5,192017,96,2664,32,21.0,12.08,40,29,Good,High,6,No,23968-38024
Truck,3,169072,108,2758,15,10.3,12.04,44,32,Worn,High,9,No,685-2635
SUV,2,236045,92,2828,28,7.6,12.06,39,32,Worn,Low,2,Yes,56244-111592
Sedan,11,50234,100,2597,33,13.2,11.71,25,30,Worn,Low,4,No,30404-98932
Hatchback,3,152061,93,1357,40,18.6,11.85,40,32,Good,Medium,12,No,24647-95871
Truck,8,223795,94,1209,18,5.1,12.41,34,30,Good,Low,2,No,32119-88621
SUV,12,72013,94,1099,31,10.8,11.82,42,33,Moderate,Low,7,No,46671-174293
Sedan,7,94646,95,1547,40,17.3,12.38,37,35,Good,High,5,No,19479-32961
Truck,2,70585,110,2444,26,3.6,12.5,39,33,Critical,Medium,11,No,220-966
Hatchback,7,47960,96,2803,34,19.2,11.77,29,34,Worn,Low,4,No,31201-94941
Sedan,8,93240,99,3060,41,13.9,12.38,39,28,Moderate,Medium,8,No,9664-152524
Sedan,11,78528,90,1406,42,13.8,11.92,38,33,Good,Medium,10,No,78621-180000
SUV,4,192161,101,2294,36,9.5,12.36,41,36,Moderate,High,6,No,32034-66580
Hatchback,3,136623,98,1129,43,21.5,12.24,28,33,Moderate,High,1,No,9359-76384
Sedan,2,92558,93,1794,38,12.1,12.79,36,34,Critical,Low,11,No,16197-35591
Truck,2,224578,103,1961,24,9.0,11.81,28,34,Good,Low,3,No,23477-159286
SUV,11,167930,105,1792,33,8.7,12.45,25,31,Good,Low,10,Yes,38013-76317
SUV,2,70735,107,1116,31,13.9,11.97,39,29,Moderate,High,4,No,7569-13285
Sedan,6,179875,96,3162,26,16.6,12.64,40,31,Good,Medium,11,No,19505-58493
Hatchback,2,78925,89,1698,37,15.5,12.32,28,33,Good,High,3,No,17398-151030
SUV,9,221578,102,3255,33,7.7,12.4,26,28,Critical,Low,9,No,16999-47527
Truck,5,244639,96,687,27,5.6,12.32,42,36,Moderate,Medium,8,No,20925-38807
SUV,7,187011,107,964,30,8.9,12.25,31,35,Worn,Low,4,No,12694-80600
Sedan,1,94496,95,2545,36,13.1,12.75,30,35,Good,Low,10,Yes,53439-107903
Sedan,4,198788,91,776,36,16.0,12.71,32,28,Good,Medium,4,Yes,47724-95894
Hatchback,9,34776,89,1018,42,15.0,11.78,42,32,Worn,Low,5,No,34138-133394
Hatchback,9,64324,89,3371,34,19.8,11.85,29,33,Good,High,1,No,45368-114222
Sedan,1,161991,93,3112,36,14.0,11.75,26,36,Critical,Medium,12,No,15919-43425
Truck,1,154908,108,1151,21,6.2,12.26,43,33,Good,Low,9,No,5491-38124
SUV,6,118752,93,3289,34,10.2,11.75,41,34,Good,Low,7,Yes,65759-170781
Hatchback,5,81416,95,818,31,18.2,11.76,27,28,Moderate,High,2,No,17767-52717
Truck,7,23188,115,2366,27,2.9,11.82,40,34,Worn,High,9,No,6083-12039
Sedan,10,94622,88,853,32,17.7,12.02,34,29,Worn,Medium,12,No,35634-67808
SUV,8,139809,101,740,35,12.1,12.22,42,34,Moderate,High,12,No,13083-32539
Hatchback,10,49778,93,2128,39,19.3,12.15,37,36,Good,High,5,No,22035-167483
Hatchback,10,178062,97,1136,43,20.4,12.12,34,29,Critical,Low,10,Yes,25348-51588
Hatchback,10,67109,98,3382,29,17.9,12.35,28,31,Good,Medium,12,No,21826-47648
Truck,5,183954,99,3073,28,8.9,12.0,26,35,Worn,High,5,No,12356-19078
SUV,1,233402,96,3455,27,13.2,12.16,26,36,Good,Low,3,No,89221-156285
SUV,10,107818,89,1774,35,11.2,12.8,34,36,Moderate,Low,10,No,61777-177395
Truck,8,74968,101,1012,26,4.8,11.86,43,35,Good,Low,9,Yes,9305-88908
Hatchback,5,245985,91,896,31,16.1,12.71,35,33,Worn,High,2,No,15441-46147
Sedan,8,231011,96,720,42,15.3,12.73,36,28,Moderate,Low,2,No,78212-166104
Sedan,12,244368,86,2653,25,17.1,12.44,40,36,Worn,Low,3,No,41287-98979
Sedan,2,117567,93,2982,38,13.7,12.71,44,33,Moderate,High,3,Yes,38961-72007
SUV,6,16829,94,1580,29,15.1,12.75,45,34,Good,Medium,10,No,56289-180000
SUV,5,87301,90,3030,28,12.9,12.55,32,33,Good,Medium,4,No,32726-178563
SUV,9,17296,103,862,37,12.9,12.62,43,28,Moderate,Medium,7,No,60872-114206
Sedan,2,206573,96,3341,35,12.4,12.09,39,30,Moderate,High,6,Yes,9160-23050
Truck,5,120063,109,1867,36,9.1,12.71,39,32,Good,Medium,9,No,31666-75494
Hatchback,12,74441,86,1538,40,16.0,11.79,39,32,Good,Low,4,No,49632-151318
Truck,11,71501,102,1234,18,9.3,11.85,30,29,Critical,Medium,6,No,7524-14562
Hatchback,12,208249,85,1758,33,20.4,12.4,45,35,Critical,Medium,5,No,27356-62218
Truck,11,69486,100,1903,32,5.8,11.73,39,29,Good,Low,10,No,35375-65511
SUV,11,226724,102,1354,29,11.1,12.2,33,36,Moderate,Medium,5,No,38796-83000
Hatchback,11,159147,90,1718,41,17.3,11.97,32,35,Good,Low,1,No,39395-123729
Hatchback,12,240285,84,927,34,14.9,12.4,44,35,Good,Low,9,Yes,62627-96963
Sedan,10,168345,90,2302,28,16.0,12.58,28,30,Good,Medium,3,Yes,52873-106803
SUV,2,67426,98,1249,34,10.3,12.31,41,29,Critical,High,9,Yes,9161-14089
SUV,6,122039,94,620,25,9.7,12.61,26,28,Moderate,Medium,7,No,54155-90625
Sedan,1,74091,97,3116,37,16.7,12.06,33,30,Critical,High,11,No,1692-5236
SUV,1,123242,96,3469,31,12.5,12.47,38,28,Good,High,11,Yes,8381-17947
Sedan,9,131533,94,2548,36,16.1,12.59,38,30,Good,High,12,No,16077-43179
Truck,12,196879,99,3308,19,10.1,11.79,32,32,Moderate,Low,4,No,2468-37293
Sedan,2,191052,86,1034,33,13.8,11.74,31,36,Moderate,Low,1,Yes,43842-83262
Sedan,9,157874,90,1623,29,12.6,12.31,31,31,Good,Low,9,No,44304-127656
Truck,11,82908,110,738,21,5.7,11.95,32,30,Moderate,Medium,7,Yes,909-2897
SUV,9,208992,90,1695,42,10.2,11.92,27,28,Moderate,Medium,3,No,39454-131042
Truck,10,189209,104,2700,15,10.1,11.73,28,33,Good,Medium,8,No,16975-34305
Hatchback,11,162610,94,2756,32,18.7,12.36,31,30,Moderate,Low,12,No,28936-72428
Sedan,9,243725,94,1741,34,14.5,11.75,43,28,Moderate,Low,10,No,55976-100278
SUV,3,97341,104,830,38,12.8,11.98,37,32,Good,Medium,2,No,74990-124740
Hatchback,11,10549,97,2415,35,14.3,12.72,32,31,Worn,Low,9,No,37728-99646
Sedan,5,92717,98,2711,45,16.8,12.75,25,34,Moderate,High,6,No,15132-45204
Sedan,9,123766,97,1308,41,15.7,12.38,45,31,Worn,Low,5,Yes,33485-88441
Truck,3,13270,96,2813,30,4.8,12.79,30,30,Good,High,5,No,9891-33509
Truck,9,41088,98,2498,31,6.4,12.31,31,32,Worn,Medium,3,No,35887-58837
SUV,5,138790,94,2142,29,8.7,12.4,45,34,Moderate,High,6,No,35115-65719
Sedan,8,158521,89,2111,31,16.6,11.89,40,32,Good,Low,4,No,85094-180000
Hatchback,4,194610,89,3459,38,15.6,11.82,27,31,Good,Medium,2,No,42661-166225
SUV,8,36982,92,620,39,11.7,12.34,43,33,Moderate,Low,8,No,50684-180000
Hatchback,3,218629,90,1445,29,16.0,12.31,30,36,Moderate,High,12,No,6813-14923
Sedan,1,186318,90,2846,29,15.9,11.75,42,32,Good,Medium,11,No,34717-58949
Truck,4,13642,105,861,24,5.4,12.12,41,29,Good,Low,12,No,21506-65508
Hatchback,7,146885,87,2703,33,17.8,12.68,33,30,Worn,High,6,Yes,6767-17817
Sedan,3,64230,92,3142,32,16.4,12.66,36,33,Good,Medium,1,No,52379-129653
SUV,1,28005,91,3404,30,11.0,12.23,42,31,Critical,Medium,11,No,13497-20469
SUV,9,73802,94,2308,38,11.0,12.76,30,35,Worn,Low,7,Yes,66590-180000
Truck,3,184000,96,2307,32,6.5,11.83,43,30,Worn,Medium,6,No,30262-77153
Truck,4,14558,98,1528,26,5.7,11.8,35,32,Good,Low,10,No,5290-180000
Hatchback,10,115172,83,2263,30,18.3,12.1,43,35,Moderate,Medium,2,No,22461-80257
Truck,5,135240,97,1136,35,7.0,11.9,34,36,Good,Low,1,No,34608-138178
Truck,4,119309,110,3097,30,4.3,11.94,26,33,Moderate,High,6,Yes,1019-2537
Sedan,8,211261,90,2314,38,14.8,12.04,37,28,Moderate,Medium,4,No,48466-101810
Hatchback,6,77672,90,3359,31,21.8,12.28,44,31,Good,Low,5,No,79208-180000
Truck,8,164988,105,1008,17,3.7,12.14,33,36,Moderate,Medium,11,No,5659-8613
SUV,4,97778,90,2777,39,9.3,12.29,31,30,Moderate,Medium,11,No,12185-111083
Truck,6,177956,104,1317,23,7.1,11.72,35,32,Good,Low,4,No,43108-133802
Hatchback,12,21036,88,3201,37,13.7,11.73,30,33,Good,Medium,9,No,74457-117747
SUV,9,17404,100,1263,40,7.0,11.88,43,28,Moderate,Low,11,No,32943-124715
Truck,3,243804,109,2712,19,4.2,12.55,34,36,Good,High,5,No,677-1231
Sedan,1,231679,94,2758,38,15.8,12.54,35,35,Moderate,Medium,10,Yes,28140-108998
Sedan,5,125051,84,925,34,15.7,12.32,36,30,Good,Medium,9,Yes,48964-121040
Truck,7,165925,110,2154,29,4.8,12.16,42,31,Good,High,4,No,4089-8577
Sedan,7,206788,91,1299,38,18.1,11.93,45,31,Moderate,High,11,No,8329-56652
Sedan,5,119269,88,2271,34,11.9,12.53,32,30,Moderate,High,11,No,11253-17605
Truck,8,120611,107,2547,27,9.8,12.34,30,30,Good,Low,10,Yes,17651-42097
Hatchback,8,125450,96,2002,34,16.1,12.2,40,32,Worn,Medium,10,Yes,15867-59715
Hatchback,7,171751,94,3310,34,16.9,11.94,40,28,Good,Low,3,No,73068-119120
Hatchback,3,19854,100,2131,37,18.7,11.95,27,35,Worn,Medium,7,Yes,16728-57150
SUV,6,177763,104,2347,26,11.5,12.12,29,31,Moderate,Medium,3,No,53265-122293
Sedan,7,168295,93,1495,36,13.9,11.75,44,30,Good,High,11,Yes,7595-39844
SUV,11,175675,102,3302,43,13.7,12.26,28,30,Good,Medium,3,No,40288-145070
Truck,12,149257,106,3127,26,5.4,11.87,27,34,Good,Low,3,No,23407-47599
Sedan,2,26704,92,1267,41,18.6,11.94,34,28,Moderate,Medium,4,No,50901-109723
Sedan,10,116752,86,2481,37,11.5,11.74,31,34,Worn,Low,7,No,89882-140830
Truck,7,101885,96,822,31,7.5,12.51,45,29,Good,High,2,No,31090-51992
Sedan,6,71874,100,2057,42,16.8,11.71,43,34,Worn,Low,7,No,22064-87522
Sedan,3,51055,93,1587,41,17.7,12.77,35,28,Good,Medium,1,Yes,37284-132162
Truck,11,41170,107,868,31,7.6,12.1,38,36,Good,Medium,2,No,23742-52300
Truck,5,235624,102,2773,28,8.3,12.24,25,28,Worn,Low,12,No,11368-38804
SUV,6,122016,101,1653,30,8.0,12.23,33,35,Moderate,Low,2,No,58329-180000
Hatchback,8,186028,88,3199,37,17.9,12.04,31,36,Moderate,Low,2,No,64859-153067
Truck,12,30843,106,3160,37,7.0,12.01,27,31,Moderate,Medium,5,No,6856-23180
SUV,8,105548,100,3018,36,10.0,12.62,30,29,Good,Low,9,Yes,75129-123133
SUV,11,48488,96,3300,34,11.2,12.6,33,32,Moderate,Low,8,No,33314-108852
Truck,6,22405,96,766,20,4.1,12.5,33,35,Good,Low,4,No,32686-61674
Sedan,11,235497,98,1968,38,12.9,12.69,30,28,Good,Low,8,No,62090-99868
SUV,4,50268,95,1171,32,12.8,12.25,39,31,Good,Low,10,No,61063-171491
Hatchback,7,204609,91,3008,44,17.4,11.94,26,28,Moderate,Medium,2,No,99493-157431
Sedan,7,109554,88,839,40,11.2,12.67,34,28,Worn,High,7,No,33683-60867
Sedan,10,28381,98,2381,33,15.4,12.66,39,28,Good,High,1,No,21388-77822
Sedan,1,126433,95,2201,34,16.9,12.72,45,28,Moderate,High,8,No,20449-36703
Hatchback,10,133158,93,668,38,22.0,12.7,29,28,Moderate,High,1,No,23430-173934
Truck,6,102939,109,3126,30,6.0,12.27,40,36,Good,Low,3,No,29527-47343
Truck,4,128158,100,944,23,8.1,12.32,33,34,Good,High,9,No,11275-33301
Sedan,8,146400,87,1770,38,14.7,12.22,36,33,Moderate,Medium,11,No,31485-73613
Truck,6,238611,108,654,33,8.0,12.45,33,33,Critical,High,3,No,902-2552
Hatchback,9,28689,95,1291,42,14.8,12.1,38,28,Good,Low,11,Yes,11779-46553
Sedan,10,94948,87,1176,26,13.0,12.77,33,35,Good,Medium,7,No,55941-95903
Truck,1,136981,112,3172,30,5.7,12.51,31,34,Good,High,7,No,6523-13121
Truck,2,179902,96,1755,27,5.2,12.42,35,33,Good,Medium,3,Yes,29883-83109
Sedan,5,189369,87,3445,43,19.1,12.73,36,34,Good,High,3,No,41107-128581
SUV,12,45413,95,2224,26,11.6,12.42,25,33,Good,High,11,Yes,5632-15986
Truck,8,240286,102,694,33,4.7,12.39,28,34,Worn,Low,6,No,12956-48874
Hatchback,3,206531,85,2525,48,20.4,11.96,45,36,Good,High,11,No,25582-62130
SUV,11,249974,105,2024,26,8.8,12.31,38,33,Worn,High,10,No,30313-52621
Truck,11,208735,110,1459,26,7.0,12.31,36,36,Worn,High,2,No,2012-12357
Hatchback,3,173626,95,718,36,20.4,11.89,37,29,Worn,Low,4,No,30144-91990
Hatchback,11,27248,96,935,37,20.8,12.54,31,28,Moderate,Medium,12,No,17010-62186
SUV,12,132361,97,1979,41,12.8,12.64,32,29,Good,Low,11,No,31535-92633
Hatchback,8,196867,88,1614,39,17.8,11.8,38,32,Good,Medium,1,Yes,68613-180000
Hatchback,5,108133,91,1836,31,18.4,11.78,26,28,Good,Medium,12,No,19521-56969
Hatchback,12,249279,98,806,32,19.0,12.18,42,30,Good,Medium,12,No,16822-54578
Hatchback,3,193111,86,2043,33,23.1,12.18,40,29,Moderate,Low,8,Yes,27408-93992
Truck,2,117250,112,2033,18,6.4,12.61,33,29,Good,Medium,1,No,11182-51139
Truck,7,169077,104,2773,23,6.7,12.59,34,30,Moderate,Low,9,No,14661-54617
Truck,12,144453,97,1425,37,4.1,12.51,26,34,Good,Low,11,No,24064-63320
Truck,11,196623,102,2251,19,6.3,12.48,42,29,Worn,Low,6,No,18375-34463
Truck,8,208309,105,2487,32,7.3,12.19,43,28,Critical,Low,7,No,5908-14702
Sedan,8,116014,88,2177,41,17.3,12.76,40,31,Critical,Low,5,No,28963-99411
SUV,11,164845,94,2466,27,10.2,12.14,35,33,Moderate,Low,10,No,48675-133907
Hatchback,2,83410,90,3236,36,14.0,12.27,26,36,Good,Low,9,No,62109-162149
SUV,1,223157,94,2144,40,10.9,11.95,37,34,Good,High,10,No,47216-127814
Hatchback,8,216569,95,1498,38,14.0,12.32,28,34,Moderate,High,5,No,34346-59632
Truck,6,11824,101,3004,24,5.7,12.71,38,32,Good,Low,8,Yes,26221-56483
Sedan,3,224904,98,1077,36,15.9,12.02,31,31,Worn,Medium,7,No,41647-127587
SUV,7,75382,95,2984,30,10.9,11.91,26,32,Moderate,Low,9,Yes,27712-148943
Hatchback,12,178051,90,2148,31,18.3,12.22,25,34,Worn,Medium,9,No,44430-132670
SUV,2,21340,95,2539,35,12.8,11.81,26,32,Good,Low,4,Yes,46062-77088
Sedan,11,231512,86,3344,26,16.6,12.79,39,34,Worn,Medium,8,No,33381-85467
Sedan,7,96774,84,2539,33,15.5,11.8,38,34,Good,Low,12,Yes,30768-84810
Sedan,12,101308,86,874,36,14.2,12.26,45,36,Good,High,5,No,38066-83748
Truck,8,75377,108,1260,22,4.3,11.89,28,28,Moderate,Medium,5,Yes,3988-12790
Sedan,11,225701,87,1680,43,14.6,12.01,33,31,Good,Low,1,No,58770-150930
SUV,9,201753,104,3092,39,10.7,12.79,38,35,Moderate,High,6,Yes,41314-68970
Hatchback,11,105779,90,2596,36,21.1,11.94,26,32,Worn,Medium,12,Yes,28997-55697
Truck,12,130413,108,2677,25,6.4,11.86,34,32,Worn,Medium,6,No,15747-36593
Hatchback,5,90877,97,1753,42,21.2,11.71,38,35,Good,Medium,3,No,29638-82540
SUV,6,249278,100,1085,36,10.9,12.32,38,28,Good,Low,9,No,80870-159102
SUV,7,154411,92,932,26,9.7,12.74,40,28,Moderate,Low,4,Yes,53196-87318
Hatchback,7,191054,96,3042,34,16.2,12.46,27,31,Moderate,Low,4,No,22267-116613
SUV,12,37431,88,2418,25,8.8,12.17,28,35,Moderate,Medium,8,No,41863-96789
Truck,7,82522,97,3093,35,9.3,12.57,42,32,Good,Medium,5,Yes,15262-42962
Sedan,4,116720,98,2315,28,15.4,11.9,32,28,Good,Low,9,No,54254-108014
Hatchback,4,42847,96,1594,42,16.3,11.87,38,28,Moderate,Low,12,No,26087-82474
SUV,8,59999,103,3009,29,9.6,12.02,31,30,Worn,High,4,No,24114-94138
Sedan,8,77460,88,2955,31,14.9,12.07,29,33,Good,Low,10,No,73892-141184
Truck,10,108351,105,3013,18,7.7,11.99,35,33,Good,High,11,No,867-2885
Hatchback,2,144599,96,3437,38,19.9,12.01,30,32,Good,High,1,No,53076-80934
SUV,4,36052,95,2631,34,10.7,11.86,28,35,Good,Low,12,No,48850-104416
Hatchback,11,100138,93,986,31,18.7,12.34,27,36,Good,Low,6,No,65869-164883
Truck,3,93001,106,2135,28,6.2,12.63,36,29,Good,Medium,1,No,35793-63065
Truck,9,224616,112,1106,20,5.7,12.57,39,34,Worn,Low,12,Yes,629-1289
Hatchback,9,162163,86,713,34,19.3,12.5,36,33,Worn,Low,10,Yes,37604-104270
SUV,2,31915,95,2100,22,8.5,12.73,27,34,Critical,Low,1,No,66529-111371
Hatchback,4,14674,98,2772,41,18.2,12.62,41,28,Good,Low,5,No,80759-174041
Hatchback,5,210383,87,2999,30,16.2,12.42,34,33,Good,High,4,Yes,34463-80385
SUV,9,232096,98,724,34,10.0,12.66,39,30,Moderate,High,9,No,34381-79551
Sedan,10,62606,94,2479,42,12.9,12.13,26,32,Worn,Low,3,No,77773-128197
SUV,2,20477,103,1166,26,11.4,12.37,44,36,Moderate,Low,11,No,27990-84168
Hatchback,5,51841,94,657,44,15.8,12.49,33,28,Good,High,10,No,61612-98882
Hatchback,5,200635,94,1015,32,18.6,12.58,36,33,Good,Medium,10,No,46315-81701
SUV,9,204340,98,972,36,8.1,11.91,29,28,Good,Low,5,No,48743-175175
Truck,10,110649,108,1728,16,4.7,11.77,33,35,Worn,Medium,3,No,4114-8674
Hatchback,2,29339,93,1777,41,17.3,12.67,42,28,Good,Low,1,No,49515-173052
Truck,1,12866,105,2822,24,4.8,12.43,36,31,Good,Medium,5,No,18518-56890
SUV,7,75381,90,2750,34,15.3,12.52,43,31,Good,Medium,10,Yes,42170-110516
Hatchback,8,116903,87,608,31,14.4,11.91,26,32,Good,Low,5,No,29731-180000
SUV,1,75571,97,1464,29,9.5,12.73,44,31,Worn,Medium,6,No,31392-85932
Truck,11,191746,100,2842,23,6.9,12.26,32,30,Good,High,2,Yes,19236-33822
Hatchback,8,97288,90,1929,36,18.4,11.96,43,32,Critical,Low,5,No,42643-88729
Sedan,3,30896,92,2713,31,13.5,11.87,45,29,Good,High,3,Yes,35376-57904
Sedan,5,148679,91,3239,44,14.7,12.3,35,34,Moderate,Low,6,No,91621-163091
Hatchback,5,93699,92,2229,37,15.4,12.59,34,36,Moderate,Medium,11,No,26728-79482
Sedan,6,64828,102,2136,45,13.9,12.55,38,35,Good,Low,5,No,52799-136351
Sedan,5,111054,94,2967,38,13.3,12.41,39,32,Worn,Low,1,No,87964-139432
Hatchback,8,99439,99,1246,30,20.0,12.33,37,34,Worn,Medium,10,No,27785-85947
SUV,11,86174,100,2071,26,9.0,12.13,39,36,Moderate,Medium,6,No,56042-105876
Sedan,12,30510,93,3100,40,13.4,11.88,45,29,Moderate,Low,4,No,83375-148293
Truck,3,221669,101,2160,19,9.0,12.16,44,36,Critical,Low,4,No,5476-8248
Hatchback,9,176878,94,3194,44,16.5,12.15,37,32,Critical,Medium,2,No,12068-180000
Sedan,5,226166,84,2949,38,12.6,12.36,28,33,Moderate,Low,2,No,63981-160125
Sedan,8,69226,102,1035,44,14.4,12.59,29,31,Good,Medium,6,No,58830-106710
SUV,1,119403,95,3327,32,11.8,12.56,25,33,Good,Low,12,No,37136-141974
Hatchback,12,101740,85,3444,39,15.5,12.76,31,36,Moderate,Medium,1,No,73301-125015
Hatchback,6,209269,95,2522,37,22.0,12.53,29,32,Good,High,8,Yes,35944-58512
Sedan,11,129652,84,1644,37,13.8,11.8,31,32,Good,Low,9,No,52397-180000
Sedan,11,5386,102,2467,36,15.3,12.34,41,35,Moderate,Low,7,Yes,33394-68862
Hatchback,7,150873,92,2574,33,18.6,12.79,32,36,Critical,Medium,7,Yes,14701-25167
Hatchback,3,40341,87,1411,32,16.8,12.65,39,28,Moderate,High,6,No,28617-81683
Sedan,3,180543,99,1986,35,11.4,12.21,26,33,Good,High,7,No,18223-44299
SUV,11,221000,104,1641,23,10.4,12.11,38,32,Critical,Medium,1,No,25702-93702
SUV,4,222748,102,2977,26,9.0,11.8,35,34,Good,Low,9,No,47550-180000
SUV,5,221510,102,1895,32,11.3,12.5,37,35,Worn,Low,4,No,46054-132570
Hatchback,9,41459,89,822,34,17.7,12.76,43,36,Worn,Low,7,No,25261-78421
SUV,12,15334,95,777,32,11.2,11.73,33,35,Worn,Medium,8,No,39802-79784
Truck,6,216367,100,934,30,5.1,12.0,25,32,Critical,High,11,No,384-1070
Truck,3,207430,114,2627,20,10.4,12.52,25,29,Worn,Medium,12,Yes,990-2952
Truck,10,5404,110,2148,21,7.0,11.77,41,30,Worn,High,12,No,1000-2668
Sedan,1,172138,100,3340,33,16.7,12.01,33,33,Good,Medium,2,No,48263-84235
Hatchback,12,6461,90,955,31,17.5,12.0,31,32,Good,Medium,10,No,51517-93095
SUV,8,157771,87,3428,31,13.5,12.74,29,35,Worn,Low,4,No,70496-160002
Truck,5,38405,102,2248,33,5.5,11.78,42,32,Good,Medium,9,Yes,10939-40561
Sedan,12,78637,82,3487,33,14.4,12.75,32,31,Moderate,Low,1,Yes,24240-165302
Sedan,7,215626,88,2705,39,13.2,12.54,35,31,Good,Medium,7,No,60620-124414
Sedan,12,191242,101,3020,32,18.3,12.39,34,28,Critical,Medium,4,Yes,14947-22579
Sedan,2,39473,97,1857,35,14.9,12.59,32,32,Moderate,Low,6,No,38272-81352
Hatchback,8,58490,90,1053,40,14.7,12.06,45,33,Good,Low,8,No,57533-180000
Sedan,6,105103,98,2084,37,14.0,12.33,42,33,Moderate,High,12,No,8105-47298
Sedan,4,95956,100,2271,37,18.9,12.35,30,33,Critical,Low,8,No,24581-74327
Hatchback,10,126080,93,1474,38,20.8,12.08,33,30,Moderate,High,9,Yes,33350-84438
Truck,10,59002,114,699,24,4.8,11.78,41,32,Good,Low,10,No,20229-32367
SUV,9,240561,103,3249,34,9.7,12.59,32,35,Good,Low,8,No,56071-155763
Sedan,5,98862,87,2340,31,15.9,12.34,41,28,Good,Low,12,No,43972-105722
Hatchback,7,189520,98,1166,42,15.0,12.75,29,28,Worn,Medium,10,No,26090-75700
SUV,8,228718,98,1120,38,10.3,12.76,40,28,Good,Low,12,No,34573-102135
Hatchback,3,203475,86,3500,40,21.2,12.43,34,31,Worn,High,10,No,19244-48240
Hatchback,9,38284,85,2926,35,17.9,12.07,31,29,Good,Low,8,No,31446-180000
Sedan,3,152488,94,923,28,14.9,12.68,34,31,Worn,Low,2,No,42603-162163
Hatchback,6,152958,86,703,33,17.0,11.85,33,33,Moderate,Medium,5,No,30697-70803
Hatchback,8,207168,98,3119,33,14.6,12.14,35,28,Critical,Low,11,No,7022-27556
SUV,8,148360,101,866,33,9.7,12.45,41,29,Good,High,9,Yes,18392-57346
Sedan,1,233117,100,864,36,16.4,11.88,26,34,Moderate,Low,3,No,43388-105050
SUV,5,133005,99,1309,27,12.0,12.04,41,34,Worn,Low,5,No,54423-96423
Sedan,12,129049,87,2286,30,16.0,11.74,35,35,Good,Low,6,No,45323-155497
Truck,7,168677,107,3184,27,8.1,12.54,29,32,Moderate,High,3,No,6236-11434
Hatchback,2,130016,99,2156,43,16.2,12.06,35,35,Moderate,Low,1,No,48076-154152
Sedan,1,139703,92,1400,31,15.6,12.22,44,30,Critical,Low,9,No,27538-41626
Hatchback,5,131154,99,1572,34,21.1,11.87,32,35,Critical,High,3,No,2191-6045
SUV,10,217784,99,1214,31,11.0,12.49,34,28,Moderate,Medium,7,No,29671-99047
Sedan,5,232637,97,3434,38,13.8,12.6,39,34,Good,Low,11,Yes,27562-82294
Hatchback,2,190805,97,3481,29,16.0,12.51,34,30,Worn,High,11,No,2363-9127
Truck,4,238476,99,3361,22,9.2,11.94,34,31,Moderate,Low,1,Yes,19503-89540
Hatchback,5,249260,96,1199,32,19.5,12.57,32,33,Good,Low,1,Yes,45574-106536
Hatchback,1,14293,93,1787,32,20.4,12.47,44,30,Good,Low,9,Yes,32955-105997
Hatchback,2,218895,95,851,32,15.0,12.07,25,34,Good,Medium,6,No,12526-117935
SUV,1,117860,98,619,34,11.6,12.29,36,33,Moderate,High,7,Yes,4697-17243
SUV,6,51104,101,2688,36,7.9,12.55,38,30,Moderate,High,10,No,21875-43097
Sedan,4,158972,98,2137,37,15.5,11.92,37,30,Moderate,Low,5,No,39263-105083
Sedan,6,83227,82,3034,37,16.3,11.74,40,28,Critical,Low,4,No,29298-75212
Truck,2,196362,97,803,26,5.1,12.54,25,30,Good,Medium,9,Yes,26855-82273
SUV,6,207470,98,3441,26,12.6,12.13,44,32,Good,Low,11,No,42404-92196
Sedan,10,140956,94,1973,37,14.8,12.58,44,30,Worn,Medium,4,No,46835-123365
Hatchback,2,236515,89,1295,48,15.4,12.5,36,32,Good,Low,6,No,66950-165334
Hatchback,5,106231,92,880,45,19.2,12.37,32,30,Good,High,5,No,31021-82085
Hatchback,10,223086,89,3229,42,16.7,12.42,27,28,Moderate,Low,3,No,69388-180000
SUV,3,197234,88,1242,36,7.7,12.51,29,35,Good,High,2,No,41908-139486
SUV,8,114612,98,1645,34,11.1,12.72,44,32,Good,Low,9,No,101225-165523
Hatchback,12,20056,97,2375,31,20.9,12.75,39,30,Good,Medium,12,Yes,14118-37546
Sedan,12,249945,100,833,35,19.0,12.61,39,33,Good,Low,8,No,30823-153769
Truck,9,113424,98,1956,30,4.4,11.88,38,35,Moderate,Medium,11,No,4623-18391
Sedan,4,59201,86,611,35,14.5,12.09,33,32,Good,Low,3,No,54357-168523
Sedan,9,21923,94,972,43,16.6,12.06,41,33,Good,Medium,1,No,68105-103721
SUV,12,93626,91,2949,35,10.0,12.5,34,31,Critical,High,1,No,31140-75600
Truck,12,132516,99,2518,29,6.1,12.56,30,32,Good,Low,7,No,29824-115055
Hatchback,12,228929,91,3126,35,19.0,12.79,40,32,Good,Medium,12,No,29726-52080
SUV,2,22534,101,2899,30,14.5,11.9,30,34,Worn,Low,9,No,47045-80475
Truck,2,103211,103,840,25,7.3,12.22,40,30,Moderate,Medium,10,No,17447-47215
Sedan,4,65989,94,963,30,17.2,12.7,40,29,Worn,High,3,No,15787-60227
SUV,8,130861,89,693,29,11.8,11.95,34,32,Good,Low,12,Yes,15157-173081
Truck,3,21480,103,2140,25,10.9,11.81,37,30,Good,Low,10,No,48690-73782
Sedan,5,169594,88,1520,37,12.5,11.91,31,35,Moderate,High,6,No,33645-82959
Sedan,12,65397,94,3240,43,13.9,11.76,33,36,Good,Low,6,No,63510-131228
SUV,3,184735,96,973,36,10.7,12.27,29,29,Worn,Medium,5,No,20854-121571
Sedan,12,174894,93,1167,36,13.9,11.92,31,30,Good,Medium,4,No,49663-116749
SUV,5,33116,101,1613,39,10.4,12.64,33,31,Moderate,Medium,7,Yes,42172-97894
Truck,12,86189,112,2188,19,8.7,12.0,39,33,Worn,Low,5,No,4891-7729
Hatchback,9,61847,87,1003,34,15.9,12.04,36,36,Moderate,Medium,11,Yes,1476-49974
SUV,4,243919,91,3449,34,11.5,12.78,40,29,Moderate,Medium,7,No,40021-64625
SUV,2,205914,100,3138,25,11.2,12.42,39,35,Good,Medium,9,No,48621-92149
Truck,1,241200,103,863,21,9.3,12.09,26,33,Good,High,3,No,1149-9569
Truck,11,56852,106,1442,30,7.9,12.32,37,34,Moderate,Medium,10,No,21611-33369
SUV,12,159438,104,1853,27,9.3,12.19,27,28,Good,Low,10,No,70141-125517
Hatchback,7,195683,85,1456,39,20.8,11.72,31,35,Good,Low,3,No,48503-180000
Hatchback,1,210265,89,1219,28,19.1,12.05,44,33,Worn,Low,11,No,17978-54440
Hatchback,5,170440,97,2414,37,17.0,12.3,35,32,Good,Medium,5,Yes,46885-111187
Hatchback,7,236224,93,1254,35,20.4,12.56,41,32,Worn,Low,11,No,19444-75806
SUV,7,157210,106,1716,32,9.4,12.33,27,31,Good,Medium,5,No,33214-70582
Hatchback,11,225857,96,2258,37,15.1,12.03,25,33,Worn,Medium,2,No,47444-84736
SUV,7,115557,101,1943,33,12.5,12.65,38,31,Good,Medium,6,No,48356-110336
Truck,3,80013,105,2034,26,7.6,12.22,25,30,Moderate,Medium,8,No,19892-76550
SUV,6,222765,99,1690,35,9.2,11.72,41,34,Moderate,Low,11,No,28999-51919
Truck,9,236015,110,747,26,5.6,12.67,40,32,Moderate,High,3,Yes,1452-2782
Truck,1,75795,98,1212,29,6.9,12.49,43,29,Good,Medium,5,No,27286-71657
Sedan,7,80458,100,2826,36,14.0,12.09,43,33,Worn,Low,2,No,75147-138453
Sedan,12,118322,99,3430,34,11.8,11.76,32,29,Good,Medium,5,No,14303-175154
Hatchback,5,19975,95,893,45,16.7,12.7,44,33,Good,Low,2,No,77112-159480
Truck,2,55843,97,662,18,6.4,12.47,37,33,Good,Low,7,No,35935-55373
Sedan,4,42851,87,2788,34,16.8,11.88,42,29,Worn,High,7,No,16833-35319
SUV,8,53542,96,1674,27,9.2,12.12,33,30,Moderate,Low,7,No,28952-78220
Sedan,7,80665,100,1685,43,14.2,12.22,30,35,Good,Medium,11,Yes,43989-71109
Sedan,2,216889,101,657,29,12.0,12.08,40,32,Worn,High,4,No,13015-23643
Sedan,9,249115,92,2973,42,17.6,11.92,29,29,Good,Medium,7,No,75210-145098
Sedan,8,49638,93,1028,36,13.0,12.37,28,31,Worn,Low,3,No,85373-179849
Sedan,2,31643,101,1548,43,14.5,12.42,38,29,Moderate,Low,5,No,36222-73830
Hatchback,4,34943,88,1049,39,20.7,12.43,37,30,Moderate,Low,8,No,8563-180000
SUV,11,231029,107,618,30,9.4,12.24,30,36,Good,Medium,9,No,28801-56699
SUV,2,59818,89,1104,31,14.1,12.06,35,29,Good,Medium,11,No,9704-135610
Hatchback,9,47382,89,2842,41,17.9,12.37,35,31,Good,Low,5,No,64972-162120
Sedan,5,151499,88,3044,36,15.6,12.63,26,28,Good,Low,8,No,70326-180000
Sedan,4,177482,89,874,36,16.6,11.81,44,33,Moderate,High,3,No,11536-51841
SUV,9,107431,101,1506,35,10.6,12.77,39,35,Moderate,Low,11,No,6939-125936
Sedan,5,21688,93,1284,36,13.8,12.26,45,34,Critical,Low,12,No,19651-56227
Hatchback,9,26863,86,2090,40,18.4,11.87,29,30,Good,Low,12,Yes,59346-115268
Truck,9,219824,102,1272,21,5.5,12.76,33,31,Moderate,High,2,No,4208-12144
Hatchback,9,127650,92,2367,42,18.0,12.21,42,35,Good,Low,2,No,72542-151780
Sedan,3,134147,97,3335,30,14.7,11.86,41,33,Moderate,Low,2,No,51826-81018
SUV,7,41115,90,1662,41,14.7,12.05,31,28,Worn,Medium,7,Yes,58915-90635
SUV,9,214659,96,3069,23,11.9,11.71,30,33,Good,Low,7,No,56844-133648
Truck,1,232993,105,2230,26,5.9,12.19,35,31,Critical,High,7,No,5808-10822
SUV,10,144539,88,2573,25,12.4,12.35,44,33,Moderate,Low,6,No,15593-180000
Hatchback,3,167096,92,1898,43,20.7,12.55,41,29,Good,High,1,No,55627-118333
Truck,11,194376,109,2028,30,8.1,12.54,27,28,Good,Medium,5,No,8360-24642
Hatchback,2,195619,91,3429,41,21.1,12.15,28,35,Critical,Low,3,No,9619-133177
Truck,3,125957,104,1629,22,8.5,11.81,43,35,Good,Low,10,No,37987-71259
Sedan,6,40557,91,2822,40,18.5,12.44,34,31,Good,Low,2,No,55486-180000
SUV,12,64723,99,1410,37,7.5,11.99,43,34,Good,High,3,No,33682-101878
Sedan,8,209759,93,3398,41,14.0,11.84,33,30,Moderate,Low,5,No,26501-180000
Sedan,3,167063,87,2990,40,14.2,12.74,28,34,Good,High,8,No,35669-123099
SUV,4,88120,92,2460,36,13.0,12.47,37,29,Good,Low,5,Yes,70305-180000
Hatchback,11,114393,90,2994,43,18.1,12.7,45,31,Moderate,Low,4,No,61307-136071
Hatchback,2,88238,99,754,45,20.7,12.47,37,35,Moderate,Low,11,No,24068-85614
Truck,1,81031,105,1400,28,7.2,12.41,30,36,Good,Low,12,No,33269-62181
Sedan,6,187717,93,1900,41,14.9,12.6,27,35,Moderate,Medium,4,Yes,29428-178531
Sedan,12,143813,95,2754,35,16.0,11.91,26,28,Moderate,Medium,1,Yes,36013-76941
SUV,7,21281,97,3486,25,7.3,12.25,39,29,Good,Low,7,No,49261-146569
Sedan,10,216336,92,1714,37,12.3,11.74,40,29,Moderate,Low,12,No,38619-112897
Sedan,9,11064,103,2119,33,12.7,12.14,37,30,Critical,Low,6,No,15178-40502
SUV,8,117137,95,3250,36,9.4,12.67,41,35,Moderate,High,3,No,22146-53100
Hatchback,12,57544,96,666,36,20.2,12.61,38,29,Moderate,Medium,12,No,10506-97290
Truck,11,30647,101,1500,24,8.8,11.84,45,32,Good,Medium,2,No,56350-103322
Sedan,9,121438,94,1380,29,14.8,12.56,30,34,Good,High,3,No,44918-71140
Hatchback,9,226502,85,857,43,21.2,11.81,33,36,Good,Low,4,No,17177-180000
Sedan,8,66613,90,3126,39,17.6,12.28,34,32,Critical,Low,8,No,44958-116194
Hatchback,11,204785,88,1818,34,20.0,12.18,28,34,Moderate,Low,10,Yes,15931-150657
Truck,7,164843,103,3300,19,5.1,11.78,39,29,Moderate,High,7,No,6154-10932
SUV,7,150913,90,2937,38,10.3,12.5,31,36,Worn,Low,5,No,71110-180000
Truck,7,113483,109,2188,31,8.7,12.1,29,32,Good,High,10,No,2817-4905
SUV,3,97323,98,955,28,11.5,11.9,32,33,Moderate,Low,1,No,60148-180000
Hatchback,4,211806,88,1202,39,19.1,12.3,42,34,Moderate,Low,7,No,101336-172020
Hatchback,10,14209,99,1868,35,17.2,12.37,44,28,Worn,High,7,No,12810-44963
Sedan,3,188472,88,1768,31,15.1,12.0,27,31,Good,High,11,No,12107-27629
Sedan,6,226264,94,1823,31,13.2,12.2,43,28,Good,Low,7,No,42078-130018
Truck,12,39582,111,2444,31,6.1,12.17,41,36,Good,Medium,4,No,8379-50277
SUV,2,121818,97,1879,43,12.4,11.95,41,28,Moderate,Low,12,No,30371-79321
SUV,5,248153,100,2166,27,9.0,12.03,26,34,Critical,Medium,3,No,25652-92170
SUV,10,78989,102,2082,39,10.1,12.65,26,29,Good,Medium,4,No,74459-123519
Hatchback,11,138240,99,2518,34,14.2,11.98,28,31,Good,Medium,2,No,28184-105214
SUV,1,14258,90,1011,38,12.8,12.68,37,30,Critical,High,11,No,22336-36270
Hatchback,9,84766,85,641,32,19.1,11.87,32,32,Good,High,8,No,25673-70377
SUV,7,83007,89,942,25,8.1,12.54,35,34,Good,Low,12,No,34690-99842
Hatchback,3,38542,95,840,34,17.7,12.67,33,30,Worn,Low,11,No,37586-65558
SUV,8,27405,100,1931,41,8.9,12.47,27,35,Moderate,Medium,8,Yes,42338-80810
Sedan,4,40247,98,940,40,15.9,12.41,45,34,Critical,Low,11,No,11520-32764
SUV,1,160620,92,1410,30,12.3,12.39,29,28,Moderate,Low,8,No,70416-143588
Hatchback,11,94583,88,1536,40,18.8,12.59,44,36,Good,Medium,9,No,58742-180000
Sedan,9,232064,95,2269,36,11.7,12.69,26,35,Good,Low,9,No,79219-124015
Sedan,5,239274,84,2671,33,11.9,11.89,34,29,Good,Medium,11,No,10834-67685
Hatchback,6,11172,91,1476,34,19.1,12.23,42,32,Good,High,5,No,14625-110897
SUV,1,76285,98,2197,34,7.9,12.65,27,36,Critical,Medium,2,No,16191-64193
Hatchback,5,186012,93,1628,35,16.1,12.16,45,33,Moderate,Low,1,No,48496-125540
Sedan,12,76626,97,3109,31,16.4,11.95,31,30,Worn,High,12,No,3930-6162
Hatchback,8,161179,95,2012,42,19.0,12.66,25,31,Critical,High,7,No,12933-43869
Truck,2,73886,97,3080,21,7.5,12.38,30,35,Worn,Medium,4,No,8576-29252
Hatchback,12,200474,93,1787,44,21.2,11.77,32,31,Critical,Medium,9,No,27653-91279
Sedan,7,101828,103,2270,33,16.6,12.19,25,29,Worn,Medium,12,No,10703-23171
Hatchback,12,28435,88,1027,28,18.5,11.96,38,36,Good,Medium,7,No,29868-99788
Sedan,6,212309,89,2989,35,18.7,11.93,26,36,Moderate,Low,9,Yes,26883-83335
Sedan,10,200553,94,2488,29,13.2,12.42,28,30,Good,Medium,2,No,66315-180000
Truck,8,209655,112,2494,19,7.4,12.03,42,34,Good,Low,12,No,5685-14577
Truck,2,31701,105,2884,32,7.7,11.74,26,32,Good,High,5,No,16248-25996
Truck,9,10492,107,3127,26,10.2,12.57,45,33,Good,Low,10,Yes,14365-34193
SUV,12,220005,103,3047,37,14.2,12.37,38,31,Moderate,Medium,2,No,52963-164455
SUV,12,56120,97,3301,33,10.5,11.79,39,28,Moderate,Medium,11,No,22567-47455
Hatchback,8,19733,90,3293,34,16.3,11.87,33,36,Good,High,11,No,2775-36279
SUV,6,228372,106,1788,25,11.4,12.07,40,32,Moderate,Medium,2,Yes,31902-48914
Sedan,3,19001,92,1356,28,14.3,12.68,38,29,Moderate,Medium,11,No,12850-43568
Sedan,7,185432,103,1506,27,15.6,11.91,39,35,Critical,Low,5,No,35152-72766
SUV,11,93410,99,630,25,9.7,12.67,36,33,Worn,Low,9,Yes,33157-115593
Truck,11,225245,101,1698,29,4.8,12.79,28,35,Good,Low,8,No,41643-89491
Sedan,9,71267,90,1032,39,12.2,12.26,37,31,Moderate,Medium,2,No,88249-138153
SUV,8,172851,96,2695,27,13.2,12.29,36,32,Good,Low,12,Yes,16410-37216
SUV,5,92642,103,2736,29,14.1,12.55,39,31,Moderate,High,9,No,23562-112883
Sedan,9,86769,86,1970,39,14.7,12.5,35,35,Good,Low,3,No,100428-162274
SUV,10,238032,97,1416,41,13.2,12.64,26,34,Worn,Medium,8,No,68834-106058
Hatchback,1,46819,92,1005,39,22.3,12.47,25,29,Good,Medium,12,No,56734-108700
Truck,6,218372,100,999,34,5.7,12.41,42,30,Moderate,Medium,10,No,17228-51528
Sedan,3,71239,100,1607,33,16.0,12.57,41,35,Good,Low,5,No,39546-63586
Sedan,2,164961,85,2278,33,19.3,12.44,31,29,Good,Low,5,No,80874-169516
SUV,7,133396,91,1340,27,13.6,12.35,33,33,Moderate,Low,4,No,41251-134717
SUV,3,26013,90,3341,39,12.2,12.46,38,31,Good,Low,10,Yes,80431-180000
Sedan,3,159126,93,994,33,16.8,11.9,39,29,Good,Medium,3,Yes,41913-110779
Hatchback,2,145188,84,1825,40,20.4,11.87,25,32,Critical,Medium,6,Yes,17342-59126
Truck,11,23931,99,2257,22,7.1,12.79,33,29,Moderate,High,11,No,5103-9367
Truck,10,39457,104,713,31,6.5,12.66,39,35,Worn,Low,7,Yes,42905-75687
Hatchback,2,149336,87,704,34,18.5,12.76,38,32,Moderate,Low,6,No,38797-110073
Hatchback,10,41256,92,2289,34,17.9,11.87,36,33,Critical,Medium,9,No,1537-110301
Sedan,5,191898,95,1423,37,16.5,11.74,41,28,Moderate,High,5,No,16909-65903
Sedan,4,11964,99,2751,32,13.6,11.91,36,33,Good,Medium,3,No,34581-136670
SUV,10,161237,95,2430,37,13.3,12.14,32,32,Good,Medium,2,No,50749-180000
SUV,1,133925,105,3064,24,8.1,11.72,42,28,Moderate,High,1,No,35617-69973
Sedan,8,249493,89,2333,40,13.4,12.7,39,35,Moderate,Low,12,No,40107-76843
Sedan,3,126049,93,1823,31,17.6,12.57,27,36,Critical,Low,9,No,23891-70093
Hatchback,5,175916,92,3268,31,21.1,12.11,34,31,Moderate,Medium,9,No,18773-179247
SUV,12,137104,95,845,28,10.3,11.75,35,30,Moderate,Medium,2,No,38964-83584
SUV,10,58490,96,3265,28,8.3,12.51,40,31,Critical,Low,12,No,2925-35853
Sedan,9,119752,90,3333,39,15.0,12.29,40,36,Good,Medium,7,No,52687-166673
SUV,1,134381,91,1153,26,11.2,12.71,42,33,Good,Low,8,No,93310-150338
Sedan,8,6577,89,2569,44,17.8,12.1,36,29,Good,Low,4,No,24212-175744
Hatchback,6,39752,83,1764,42,14.4,12.29,28,34,Worn,Medium,1,No,74019-154607
SUV,6,168901,93,1373,33,11.2,12.16,26,32,Moderate,Low,7,Yes,45293-133521
Hatchback,7,155355,94,1211,35,17.9,12.21,25,29,Moderate,High,6,No,18107-70479
Hatchback,9,67791,84,2188,41,15.0,12.48,26,30,Good,Medium,4,Yes,28767-99815
Hatchback,8,6936,88,1799,44,20.2,12.18,38,31,Good,Medium,8,No,48703-127175
SUV,7,209406,92,1358,31,12.2,12.75,25,34,Worn,Low,3,No,56447-180000
Hatchback,4,92745,94,1693,44,18.0,12.15,27,35,Moderate,Medium,9,No,62956-100420
SUV,10,172857,102,847,25,10.7,12.09,34,28,Good,High,3,No,22088-109580
Truck,10,77882,99,2075,29,8.4,11.83,34,29,Good,Low,10,No,54619-120943
Sedan,7,148853,97,650,39,15.0,12.54,40,29,Good,Low,5,No,50675-151927
Hatchback,9,161390,84,3441,41,20.7,11.83,45,30,Good,Low,2,No,55262-137938
Sedan,4,195074,89,2615,26,16.1,12.69,42,30,Good,High,6,No,25504-43982
Hatchback,3,209796,89,1849,40,15.7,11.77,36,29,Critical,High,6,No,17528-41994
Sedan,11,171074,95,3003,39,11.1,11.89,32,33,Good,Medium,7,No,35382-82610
Truck,11,244794,104,1590,26,10.8,12.03,27,34,Good,Low,3,Yes,35676-67382
SUV,1,195579,99,3056,37,8.6,12.53,36,36,Good,Medium,9,No,64832-180000
Hatchback,2,239262,93,2600,39,18.8,12.04,33,35,Good,Low,5,No,72917-180000
Hatchback,4,145475,85,3066,37,22.1,12.72,35,36,Good,Low,11,No,22313-79875
Sedan,3,33751,99,1550,31,15.2,11.7,35,34,Worn,Low,6,No,32312-112823
SUV,1,112597,97,953,38,9.9,11.82,36,33,Good,Medium,10,No,65628-180000
Hatchback,6,20445,85,1128,29,15.4,12.09,28,30,Moderate,Low,8,No,41010-92264
SUV,6,48434,90,3278,25,13.2,11.83,35,34,Critical,Low,5,No,47033-120199
SUV,5,65586,93,1280,42,9.7,12.73,38,35,Good,Medium,3,No,64655-139893
SUV,7,34175,94,1206,36,8.5,11.92,34,29,Good,Low,10,No,81076-122686
SUV,6,181522,100,1437,31,9.7,12.33,40,30,Good,Medium,5,No,47715-101121
Sedan,1,230751,99,2585,39,16.2,12.48,29,28,Moderate,Low,1,No,49882-172580
Truck,11,13783,111,2622,32,8.1,11.89,26,31,Good,Low,7,No,27511-62435
Sedan,10,182479,89,1813,37,17.0,12.22,29,31,Moderate,Medium,10,No,52062-121454
Sedan,2,208836,95,1120,43,15.0,12.14,33,30,Worn,Low,3,No,37117-66651
Truck,5,139269,97,1194,31,7.4,11.77,34,35,Good,Low,1,No,13122-174993
Truck,3,44407,103,1798,25,10.4,12.61,42,35,Worn,Low,12,Yes,12505-37249
SUV,7,71644,89,2361,33,9.9,11.88,38,35,Good,Low,7,No,55755-180000
SUV,9,129447,104,801,39,13.1,12.2,36,30,Good,High,6,No,41395-102455
SUV,11,186603,88,1357,34,10.8,12.09,41,32,Worn,Medium,2,No,42631-149595
Sedan,12,226765,85,2824,33,15.8,12.21,41,34,Good,High,9,Yes,23633-74949
Hatchback,3,72999,89,2085,35,20.6,12.24,36,32,Good,Low,3,No,63261-180000
Hatchback,12,152468,91,2638,38,22.0,11.76,40,35,Critical,High,9,No,16954-37038
SUV,6,83841,93,2825,42,9.2,12.17,42,29,Good,Low,12,No,54118-180000
Sedan,11,98259,82,2223,42,15.3,12.65,26,33,Good,High,4,No,25580-154883
Sedan,1,100856,87,2029,27,15.5,12.22,27,32,Moderate,Medium,2,No,55499-122717
Hatchback,9,106025,94,1762,39,20.9,12.31,42,35,Worn,Medium,4,No,31223-97255
SUV,4,237303,101,1316,39,12.0,12.47,31,30,Worn,Low,5,Yes,45570-115124
SUV,9,58059,96,1551,40,12.5,12.45,45,28,Good,Medium,12,No,31567-91235
SUV,5,63444,98,2329,40,7.7,12.27,45,32,Critical,Low,3,Yes,12958-38936
SUV,10,131875,95,2803,39,13.0,12.3,26,34,Worn,Medium,11,No,15656-37258
SUV,5,186787,98,2596,30,7.9,12.37,36,32,Good,Low,1,No,34496-180000
Truck,10,194858,98,3040,20,3.6,11.8,31,33,Good,Low,9,No,28403-44515
SUV,12,151403,91,684,32,10.2,12.25,28,31,Good,High,2,No,25268-114210
Sedan,5,208515,94,1311,36,15.4,12.23,34,36,Worn,Low,2,No,59104-111790
SUV,6,92393,95,1869,29,11.3,12.09,36,36,Good,Low,7,No,31206-180000
SUV,5,241015,95,3009,25,10.2,12.71,43,34,Good,Low,4,No,58312-180000
Hatchback,2,72508,85,1790,39,21.2,12.78,31,31,Critical,Low,4,No,23446-154980
Truck,9,186680,98,1784,28,7.6,11.92,34,30,Good,Low,11,No,21941-33015
Sedan,8,60746,87,1393,41,16.6,11.77,41,29,Good,Low,4,No,41441-132923
Sedan,5,33403,92,603,38,12.6,12.79,34,29,Critical,Low,9,No,39335-124045
Truck,3,195840,99,3154,35,6.2,11.96,27,32,Moderate,Medium,9,No,22673-40643
Hatchback,4,203210,97,2087,36,18.6,12.61,33,31,Critical,Low,12,Yes,17420-29416
Hatchback,10,193351,95,3185,36,20.0,12.68,34,36,Good,Medium,8,No,36524-70362
Sedan,11,176497,86,759,33,16.5,12.52,44,31,Moderate,Low,4,No,29482-91288
Sedan,10,146545,86,2418,35,18.5,12.3,26,35,Critical,Low,4,No,35989-81053
Hatchback,10,242141,87,2785,30,15.5,12.18,32,34,Moderate,Medium,2,No,26131-94245
SUV,9,132542,98,2467,33,7.6,11.73,31,31,Moderate,Medium,7,No,25741-87997
SUV,9,144904,104,2354,25,9.8,12.2,44,30,Good,Low,2,No,55089-139581
Truck,7,194538,102,791,33,6.6,12.2,25,30,Good,Low,6,No,36092-95618
SUV,7,141717,93,3498,38,12.1,12.29,43,32,Good,Medium,1,No,106360-159956
Hatchback,12,8395,96,1072,42,21.7,11.79,43,31,Good,Medium,10,No,13050-135471
Truck,7,202512,105,1677,28,6.6,12.77,30,32,Moderate,Low,10,Yes,23664-54446
Truck,12,10999,111,2167,31,8.2,11.78,39,28,Worn,High,7,No,2943-4451
Truck,4,13983,99,2089,22,5.6,12.79,25,31,Moderate,Medium,1,No,6235-84428
Sedan,6,103276,89,3052,25,14.6,11.84,39,32,Critical,Low,1,No,34304-100562
SUV,3,184975,95,706,29,11.9,11.93,40,33,Worn,Medium,10,No,64778-102424
Hatchback,7,198947,95,1728,37,20.6,12.59,30,33,Good,Medium,6,No,39381-141367
Truck,2,127663,98,3210,28,8.5,12.46,39,36,Good,Medium,2,No,38823-70547
Hatchback,11,30763,92,1272,36,14.9,12.72,39,30,Good,Low,6,No,48095-179179
SUV,2,204713,101,2089,36,12.3,12.05,37,36,Worn,Medium,4,No,36954-84956
Hatchback,12,56403,89,867,33,17.5,11.75,40,30,Good,Low,6,No,40298-125274
Hatchback,6,56546,92,602,41,18.6,11.91,42,36,Critical,Low,3,No,38025-84563
Sedan,9,12604,87,2862,36,15.8,12.46,37,33,Good,Medium,12,No,36852-137300
Sedan,1,24459,91,961,34,12.3,12.72,37,29,Good,High,1,No,40293-77995
Sedan,3,120366,98,2243,38,16.4,11.93,41,35,Good,Medium,6,No,37775-70141
SUV,4,184172,98,1073,38,12.4,12.39,45,36,Moderate,Low,11,Yes,26101-67237
SUV,11,50884,95,1626,37,12.3,12.05,44,33,Worn,Medium,1,No,55038-180000
Hatchback,8,28523,84,1347,30,19.3,12.33,33,36,Worn,Medium,3,No,37692-95020
SUV,1,98340,97,2957,32,9.6,12.09,32,36,Good,High,7,No,21648-77924
Sedan,3,172631,85,2399,40,12.7,11.89,39,35,Moderate,Low,4,No,81836-130896
Sedan,5,150637,94,3383,39,15.9,12.18,39,32,Moderate,High,2,Yes,29000-51530
Truck,3,167698,104,3208,29,7.5,11.94,44,36,Good,Medium,9,No,21454-36436
Sedan,10,16312,93,1652,31,14.5,12.77,42,29,Moderate,Low,10,No,35845-89053
SUV,8,118705,100,3229,32,12.3,12.07,31,36,Moderate,Low,1,Yes,38643-63567
Hatchback,3,156084,87,1628,36,19.8,12.68,29,29,Moderate,Low,9,Yes,43911-110577
Sedan,5,44961,89,874,41,13.9,12.55,33,32,Moderate,High,3,No,21691-41989
Sedan,3,59852,87,2253,29,10.9,12.72,28,29,Critical,High,1,No,9256-14812
Sedan,2,238277,89,672,36,15.1,12.52,36,32,Moderate,High,8,No,36409-80495
Truck,8,92706,98,1811,28,7.4,12.14,32,29,Good,Medium,3,No,14096-49976
Truck,10,172101,102,3308,36,9.6,12.63,26,32,Good,High,11,No,19481-30959
SUV,6,63338,98,2887,35,9.7,12.73,32,29,Good,Medium,5,No,42531-86957
Hatchback,1,6712,88,2203,42,19.6,12.49,26,32,Critical,Low,9,No,41926-68554
Hatchback,4,52010,99,1300,43,16.4,12.28,40,28,Good,Low,10,No,55294-170848
Hatchback,10,180834,82,3356,42,15.7,11.99,26,35,Moderate,High,8,No,14862-59282
Sedan,8,74228,87,1627,29,12.2,12.37,40,34,Good,Low,8,No,65842-180000
Sedan,11,175205,89,2326,34,14.5,12.59,25,34,Good,Low,4,Yes,36015-85709
Truck,6,239843,96,2979,16,9.6,12.34,32,32,Good,Medium,8,Yes,11767-21755
Hatchback,5,74530,94,2941,31,21.4,12.01,43,32,Moderate,Low,10,No,28605-106097
SUV,10,49038,101,1268,38,9.5,12.18,43,31,Moderate,Low,6,Yes,36382-71244
Sedan,6,98073,92,2364,40,16.8,12.44,30,31,Worn,Medium,11,No,22371-60823
Truck,3,187122,94,2207,17,5.5,12.41,39,30,Worn,Low,9,No,22610-52658
Hatchback,2,198961,93,3122,34,13.6,12.3,27,28,Good,High,7,No,26705-45755
Hatchback,8,58853,97,2278,44,20.8,12.06,25,35,Good,Medium,3,Yes,34199-95635
SUV,11,151975,98,833,33,10.3,12.44,45,30,Moderate,High,6,Yes,8775-22553
SUV,12,233655,97,1157,28,10.4,12.68,28,34,Worn,Low,9,No,29141-114201
Hatchback,6,6426,95,1648,32,16.1,11.9,42,36,Good,Medium,11,Yes,14887-36411
Sedan,4,63896,87,2222,33,17.1,12.63,41,34,Worn,Medium,9,No,45456-111154
SUV,12,172402,89,1758,27,9.2,12.59,43,33,Good,Low,2,No,46511-132881
Hatchback,6,162673,97,2428,38,18.2,12.07,28,28,Moderate,Low,3,No,33804-88848
Truck,11,213591,95,842,29,8.1,12.5,41,36,Critical,Low,11,No,3673-9073
SUV,6,146922,88,2089,36,8.7,11.8,43,32,Good,Low,1,Yes,76076-155014
Hatchback,5,82517,92,1169,28,15.5,12.46,33,33,Worn,Low,5,No,36786-102328
SUV,3,17147,102,1043,31,12.7,12.63,26,34,Good,High,3,No,24200-49550
Sedan,9,113804,92,2467,27,11.1,11.71,41,32,Good,Low,4,No,97705-159871
Truck,5,231203,97,3084,22,8.0,12.29,25,33,Moderate,Medium,8,Yes,8663-31715
Sedan,4,34875,86,1061,30,13.5,12.29,42,35,Worn,Medium,5,Yes,27721-44743
SUV,9,65322,94,641,27,13.0,12.37,40,33,Moderate,High,8,Yes,34033-53503
SUV,2,58627,96,1973,36,12.2,12.04,31,35,Moderate,Medium,3,No,61205-108645
SUV,2,94952,103,1384,34,10.9,12.66,42,33,Moderate,Medium,9,No,28270-76300
Sedan,5,25237,84,2148,29,15.1,12.57,29,29,Worn,Medium,10,No,50945-93569
Sedan,1,105367,102,3143,32,18.0,11.86,37,35,Good,Low,2,No,60213-180000
Hatchback,12,228649,94,2825,32,15.2,12.27,45,28,Moderate,Low,12,No,29127-69263
Sedan,12,195520,87,3015,37,18.6,12.52,40,35,Good,Low,6,No,56084-180000
Truck,10,208613,110,2225,29,8.8,12.5,33,29,Moderate,Low,11,No,3885-8637
Hatchback,8,162235,84,2966,42,21.4,12.07,33,36,Critical,Medium,6,No,33933-83247
Sedan,3,41717,97,3110,35,17.9,12.14,29,34,Worn,Low,4,No,47969-72107
Truck,4,149406,100,1134,20,10.1,12.37,35,35,Critical,Low,11,No,481-4279
Hatchback,6,132485,94,2332,44,16.8,11.92,26,28,Good,Low,1,No,100177-168451
SUV,12,233246,93,1046,31,9.3,11.96,25,29,Good,Low,2,No,47453-141359
SUV,3,71125,100,796,24,12.3,12.48,33,32,Critical,High,8,No,15223-28161
Hatchback,11,46620,93,1177,34,16.5,12.26,43,35,Good,High,11,No,15465-41851
Sedan,4,175636,88,3064,35,11.0,12.77,39,30,Good,High,12,No,5472-19382
Sedan,12,54079,90,3287,39,17.6,11.74,31,36,Moderate,Low,11,Yes,39507-62421
Sedan,11,247128,86,1662,39,15.5,12.14,44,30,Good,Low,8,No,61408-180000
Sedan,6,245390,89,2171,37,11.6,11.84,25,29,Moderate,Low,2,Yes,84700-180000
Hatchback,5,181258,94,1972,33,14.0,11.99,27,35,Critical,Low,2,Yes,25809-60005
Hatchback,9,217930,92,2920,35,15.6,12.4,39,28,Good,High,12,No,483-56745
Sedan,5,136713,96,2829,37,14.3,12.7,38,33,Good,Low,12,No,25597-94749
Hatchback,7,111074,95,2403,30,14.3,12.38,42,31,Good,Medium,1,No,55049-117165
Sedan,3,214758,99,2249,34,16.0,12.2,38,28,Good,Low,6,No,67766-106674
Hatchback,1,74151,91,1019,28,19.7,12.6,41,35,Critical,Low,12,Yes,5676-14844
Sedan,8,124180,94,2371,40,16.2,12.23,26,36,Good,Medium,1,Yes,8820-180000
Hatchback,1,234646,85,3070,41,19.8,11.8,28,31,Critical,High,5,No,6781-32819
SUV,11,41788,105,2220,30,9.5,11.78,26,36,Critical,Medium,2,Yes,32858-55768
SUV,8,175596,100,2357,34,10.2,12.44,37,32,Worn,Medium,5,No,53567-114371
Hatchback,8,188523,97,3377,39,12.8,11.91,28,31,Moderate,Low,10,No,38112-82400
Hatchback,5,187154,89,1247,44,12.8,12.31,37,30,Critical,Low,6,No,22313-180000
SUV,4,33464,101,1247,38,11.7,12.08,27,32,Good,Medium,6,No,77538-180000
Truck,1,228173,108,716,26,6.2,12.2,45,32,Good,Medium,8,Yes,3290-61027
Sedan,6,19566,94,1549,37,15.7,11.88,30,33,Moderate,Low,6,No,20790-157554
Hatchback,2,83463,84,3012,30,18.5,12.79,31,34,Good,Low,12,No,17756-107731
SUV,11,203234,104,1941,36,10.7,12.32,27,33,Moderate,Low,2,Yes,26371-180000
Hatchback,7,210045,88,3298,32,15.9,12.19,44,29,Worn,Medium,2,No,48978-74782
SUV,1,240628,100,1541,23,9.8,11.96,26,33,Good,Medium,10,No,64328-108202
Hatchback,8,202654,83,2457,31,17.9,12.44,31,36,Worn,Medium,6,No,44786-117186
Truck,12,90044,110,1751,19,9.7,11.72,25,36,Moderate,Medium,5,Yes,1417-2155
SUV,8,54800,95,2797,29,12.7,12.1,41,35,Good,Medium,8,No,45011-88145
Hatchback,10,171726,92,1999,34,17.8,11.99,25,31,Good,High,7,No,41334-72354
SUV,11,69276,103,1937,38,9.7,12.67,43,29,Moderate,Low,11,No,39876-115066
Sedan,1,68915,98,920,37,14.4,12.15,43,28,Critical,High,5,No,12327-32425
Sedan,6,76921,97,716,42,14.0,11.91,36,35,Good,High,5,No,40821-78503
Sedan,8,224222,83,897,36,12.2,12.7,28,34,Worn,Medium,5,Yes,35615-93257
Truck,6,48455,98,3000,30,4.1,12.1,44,31,Moderate,Medium,11,No,16691-38451
SUV,4,115195,95,2852,28,8.8,12.05,34,32,Critical,Low,8,No,37707-67249
Truck,4,213592,99,1399,28,4.4,12.62,40,32,Good,Medium,5,No,18804-43624
SUV,5,150451,103,2168,30,8.7,12.4,42,33,Good,Medium,5,Yes,41453-86945
SUV,11,174839,104,2635,26,8.2,11.73,45,31,Good,Low,11,Yes,14986-41800
SUV,8,165314,106,1661,33,12.0,12.17,38,30,Good,High,7,No,7373-13783
Hatchback,7,110424,85,1407,40,15.9,12.04,26,28,Good,Medium,11,No,30416-71856
SUV,7,174853,101,1012,37,9.1,11.73,39,34,Good,Low,6,No,95021-168725
Hatchback,12,202066,88,1064,34,14.4,12.43,32,30,Good,Low,9,No,48414-122790
SUV,6,144374,103,1714,36,9.6,12.58,38,29,Good,Low,5,No,73889-180000
Truck,10,149823,99,3234,25,6.5,11.9,31,31,Critical,Medium,6,No,10575-23163
Sedan,2,95559,90,2012,27,13.3,11.92,42,36,Good,High,2,No,36416-100278
Truck,8,175969,106,2313,28,9.5,11.95,40,36,Good,Low,8,No,9307-57923
Sedan,3,133894,92,3136,28,16.4,11.76,30,35,Worn,Low,4,Yes,29900-96980
Hatchback,10,184355,88,1175,48,20.1,12.47,43,32,Good,Low,6,Yes,55134-180000
Hatchback,2,20910,99,2721,44,16.4,12.73,31,36,Good,Medium,3,No,55980-100742
Hatchback,6,27486,88,2258,32,16.0,11.72,39,32,Good,Medium,10,No,56053-100731
Sedan,10,72788,90,3419,34,14.0,11.82,30,29,Moderate,Low,4,No,24968-161341
Sedan,10,235444,95,646,34,15.0,12.64,28,31,Moderate,Low,10,No,53956-96408
SUV,9,17814,97,1199,27,13.9,12.19,35,28,Worn,Medium,7,No,58201-110283
Truck,11,169178,105,2158,36,7.1,12.27,44,36,Worn,Low,3,No,44384-123822
Truck,2,167116,98,2468,18,7.3,12.33,35,31,Worn,High,12,Yes,739-4960
Truck,6,231465,105,1460,28,8.5,12.62,34,36,Worn,Low,2,No,21090-79074
Truck,12,132993,109,1573,30,6.0,12.53,36,34,Moderate,Medium,12,No,3025-7363
SUV,10,112116,91,3194,28,11.1,12.52,28,34,Moderate,Low,1,No,56398-180000
SUV,3,226682,92,1004,38,11.8,12.36,44,32,Critical,High,1,No,32379-62837
Hatchback,8,126903,97,1614,34,16.9,12.28,37,31,Moderate,Low,11,Yes,7126-19436
Sedan,9,181914,95,1426,40,18.3,12.72,35,32,Good,Medium,10,Yes,55261-101561
Sedan,5,62111,87,1610,38,15.1,12.41,29,35,Moderate,Medium,6,Yes,37775-152309
Sedan,5,201819,102,1935,35,14.1,12.08,32,32,Worn,Medium,9,Yes,21134-68624
Truck,10,165453,100,3478,19,5.4,12.44,37,30,Good,High,8,No,6875-12937
Truck,2,144988,94,3332,34,7.4,12.04,29,28,Moderate,Low,6,No,42921-95455
SUV,10,109874,95,1113,32,8.7,12.27,29,36,Good,Medium,6,No,44368-73090
Sedan,2,234640,99,1992,34,13.0,12.78,45,29,Moderate,High,2,No,18343-62813
Hatchback,7,136251,95,1296,44,18.8,12.25,26,31,Good,High,9,No,18701-49947
Truck,5,85490,105,2310,24,6.2,12.1,33,32,Good,Low,4,No,65203-99187
Truck,7,61565,105,1680,34,4.8,12.08,38,34,Worn,Low,10,Yes,24411-43899
Truck,2,159313,96,1903,22,8.7,12.06,42,30,Worn,Low,9,No,20839-51975
Sedan,6,170385,100,2048,35,16.9,12.04,30,34,Good,Low,4,No,62288-100264
Sedan,4,66393,96,2671,37,13.9,12.71,30,32,Good,Low,12,No,42195-90981
Truck,4,78922,110,653,27,7.9,11.71,28,30,Good,Low,2,No,26721-64397
Truck,10,138492,113,1816,22,7.4,12.65,42,34,Good,Low,1,No,10489-40577
Sedan,2,113695,98,2406,32,14.6,12.67,45,35,Good,Medium,12,No,21280-43242
Hatchback,5,199074,91,1556,47,16.1,12.53,42,31,Worn,Low,9,No,93216-172998
Hatchback,9,10690,98,2112,35,21.7,12.69,29,35,Good,Medium,10,No,15584-104040
Truck,6,180790,98,3369,33,5.1,12.37,28,31,Moderate,Low,1,No,33126-78574
Sedan,8,182498,88,2361,43,14.5,12.43,26,33,Good,Low,4,No,57375-174697
Hatchback,9,9355,92,1402,45,22.8,11.76,41,28,Good,Low,10,No,46754-151030
Truck,11,178280,106,2653,24,6.0,11.79,32,36,Good,Low,4,No,11934-83980
SUV,9,185716,99,1834,36,11.6,11.74,39,33,Good,Medium,4,No,61023-180000
Hatchback,2,237820,90,1887,33,15.5,11.95,42,28,Good,Low,9,No,95333-148579
Hatchback,6,68733,86,1003,34,16.3,11.92,26,36,Good,Medium,9,No,40724-128652
SUV,5,247594,96,2798,33,8.9,11.94,34,34,Moderate,Medium,7,No,39232-128222
SUV,4,232055,95,3212,38,10.8,11.72,33,34,Moderate,Low,5,No,70958-180000
Hatchback,4,215326,88,3396,37,18.6,11.77,35,33,Worn,Low,8,No,58622-177308
Truck,4,193131,103,2566,37,9.0,11.81,43,36,Good,Low,6,No,15538-140909
SUV,2,202273,93,2987,38,7.5,12.57,41,28,Worn,Low,9,No,43243-153227
Hatchback,10,130081,96,1303,36,16.8,11.77,30,34,Good,Medium,8,No,58214-117502
Truck,11,232780,107,3401,20,4.8,12.59,30,35,Moderate,Low,9,No,3618-9348
Truck,4,72684,95,1994,33,7.6,12.79,34,30,Good,Low,5,No,29811-74943
SUV,10,229446,96,2485,29,12.6,11.81,40,31,Moderate,Low,3,No,14806-180000
SUV,10,202206,99,2851,40,11.8,12.53,40,32,Moderate,Medium,10,No,33043-161262
Truck,3,169392,102,2765,27,4.5,11.82,26,30,Good,Low,4,No,42617-113927
Hatchback,6,187623,98,2170,32,15.5,12.14,44,35,Good,Low,7,No,23707-88225
SUV,12,129227,90,2592,29,11.3,11.7,40,32,Good,Medium,10,No,58529-170085
Truck,11,138645,106,1069,32,8.6,12.65,33,33,Moderate,Low,1,No,18266-50442
Truck,5,107060,113,811,35,7.2,11.99,39,35,Good,Low,7,No,28838-50784
Hatchback,8,139995,85,1020,39,20.3,12.4,26,30,Moderate,High,12,Yes,14767-36341
SUV,12,95272,95,2732,36,11.8,11.71,25,34,Good,Medium,6,No,61391-180000
Hatchback,3,216865,99,2809,39,19.5,11.76,36,30,Worn,High,11,Yes,4559-8319
Hatchback,9,237496,91,2179,37,15.7,12.63,25,35,Moderate,Medium,12,No,25475-83050
Hatchback,4,101581,96,3259,35,15.0,12.31,43,35,Good,Low,12,Yes,18221-70347
SUV,10,33204,99,2790,40,10.2,12.68,32,34,Worn,High,12,Yes,22316-34346
Truck,7,72566,109,2929,21,5.6,12.59,34,31,Worn,High,11,No,1060-3638
Sedan,3,209473,93,1510,40,14.9,12.04,42,32,Moderate,Low,6,Yes,39648-65602
Truck,3,150065,104,2457,29,8.1,11.86,42,30,Critical,Medium,11,No,2049-6465
Hatchback,10,162426,89,1795,31,18.2,12.43,44,33,Moderate,High,9,No,24009-48935
Sedan,12,62602,88,3484,27,12.3,11.84,42,34,Good,Medium,11,No,4084-55953
Truck,7,60666,105,2334,21,4.9,12.11,25,35,Good,Medium,2,Yes,6580-20618
Truck,5,242315,110,3199,28,9.0,12.16,41,36,Worn,High,9,No,5640-16704
Truck,12,75999,109,3207,30,6.3,12.29,32,32,Moderate,Low,4,No,9585-24245
Truck,3,207722,103,3374,26,10.6,12.43,32,36,Good,Medium,1,No,41185-69097
Sedan,8,17459,84,870,43,18.1,12.57,33,29,Good,Low,4,No,56202-180000
Sedan,3,68452,92,2436,40,18.2,11.94,36,31,Moderate,Low,7,No,45187-124405
Truck,3,39619,108,1236,25,9.0,12.29,28,33,Good,High,7,No,3079-9723
SUV,7,19323,98,1212,30,10.1,12.36,37,29,Good,High,9,No,37226-66618
SUV,5,115945,100,3128,28,13.7,12.75,27,28,Good,Low,6,Yes,27828-101742
SUV,6,60543,88,1805,27,9.7,12.01,27,36,Critical,High,7,Yes,12233-18501
SUV,6,169212,91,2132,32,8.0,12.75,35,28,Good,Medium,4,No,71629-180000
Sedan,11,235137,94,2363,28,13.3,11.81,30,33,Moderate,Low,7,No,61857-108553
SUV,10,229199,95,2837,26,11.0,12.19,33,34,Moderate,Low,5,No,40190-67264
Hatchback,7,89465,100,3414,45,22.2,12.14,32,29,Good,Medium,6,No,8029-117785
Sedan,6,23008,89,908,36,16.5,11.71,31,33,Good,Low,8,No,107577-166275
Hatchback,5,181564,96,2801,27,18.0,11.93,26,36,Good,Low,6,No,53377-95897
SUV,5,8103,98,808,35,12.5,12.44,31,31,Moderate,Low,9,No,25533-83803
Hatchback,10,73056,95,2602,36,18.8,12.43,33,28,Critical,Low,4,No,22604-36290
Sedan,10,46470,95,3013,36,15.8,12.21,37,33,Good,Low,9,Yes,18259-175846
Hatchback,9,229383,88,1037,32,17.6,12.3,38,35,Moderate,High,2,No,6538-64603
Truck,10,47003,101,808,30,6.9,11.77,28,28,Worn,Low,9,No,18227-65109
SUV,5,104945,102,1365,38,14.5,12.56,38,28,Critical,Medium,2,No,33089-74995
SUV,12,89476,93,2940,37,9.6,12.05,42,30,Worn,Low,5,Yes,57118-116160
Truck,1,70920,98,3159,36,6.3,12.41,29,35,Worn,Low,7,No,14131-153334
SUV,12,146304,99,2087,30,11.0,11.72,29,29,Moderate,Low,1,No,102926-164288
Truck,4,8407,94,2479,24,6.0,12.46,28,29,Worn,Medium,3,No,35100-66366
Truck,3,33195,108,1349,29,9.8,11.75,25,30,Good,Medium,11,No,5490-8370
SUV,10,122671,99,3277,29,12.6,12.75,25,31,Moderate,Low,11,No,23304-43918
SUV,8,212418,101,3286,34,8.5,11.71,40,29,Good,Low,8,No,65956-175920
Hatchback,3,241998,89,954,41,20.8,12.29,28,34,Good,Low,6,No,58504-119642
Hatchback,12,236781,90,1382,32,21.4,12.73,28,31,Worn,Low,5,Yes,22107-166711
Sedan,9,216850,85,1571,39,12.1,12.8,34,29,Good,High,7,Yes,13498-41732
SUV,7,92071,95,1823,30,14.1,12.21,30,31,Worn,Low,5,No,40309-107427
Truck,12,172444,100,2737,22,4.0,12.46,28,35,Good,High,11,No,5969-16873
Hatchback,1,135830,86,822,28,13.9,12.69,38,31,Moderate,Low,11,No,34036-68556
SUV,3,141989,101,3068,27,13.4,12.23,45,36,Good,Medium,7,No,26786-83030
SUV,3,230396,91,3199,40,9.8,11.91,36,29,Good,Low,10,No,62439-128907
Hatchback,4,208906,88,3108,46,13.7,12.32,40,32,Critical,Medium,7,No,20264-68006
Hatchback,8,225118,99,1633,34,19.2,12.44,45,28,Moderate,High,6,Yes,20820-32542
Truck,9,95686,98,1296,22,7.7,11.99,28,32,Moderate,Medium,5,No,27048-61608
Truck,4,99540,97,2553,33,7.4,12.18,26,33,Moderate,Low,11,No,8968-29394
Sedan,7,201413,100,1032,31,12.3,12.29,44,33,Worn,Low,4,Yes,9490-71571
Sedan,12,149218,88,3334,31,11.6,12.06,37,29,Good,Low,4,No,70742-173610
Hatchback,7,248070,89,1491,42,15.8,12.1,39,30,Worn,Medium,3,No,25343-80333
Truck,3,113533,101,1952,22,3.6,12.49,32,35,Good,Low,3,No,41917-119937
Sedan,5,144122,89,2527,35,19.2,11.99,34,30,Good,Low,5,No,48636-128228
Hatchback,9,150660,93,2565,41,15.3,12.48,38,29,Good,Medium,6,No,41136-145880
Truck,4,17074,102,2618,32,8.1,12.66,28,33,Good,Low,12,No,40115-75435
SUV,11,196640,98,3453,42,9.3,12.2,40,29,Moderate,Medium,9,No,36833-117481
Sedan,11,51568,95,1306,43,13.8,12.14,35,33,Good,High,3,Yes,38762-62978
Sedan,8,205324,89,2060,36,16.7,12.36,25,30,Worn,Medium,7,Yes,46967-117891
Sedan,6,110164,92,2682,37,17.5,12.19,27,31,Good,Medium,8,Yes,37865-81819
Hatchback,6,101332,90,3348,42,18.9,12.25,27,35,Worn,High,7,Yes,28376-48030
Hatchback,7,73358,89,3420,29,16.7,12.75,39,29,Good,Medium,5,No,21663-180000
Truck,5,159947,112,2194,31,10.6,11.74,27,28,Good,Low,7,No,31379-52351
Truck,2,215604,112,691,36,5.9,12.26,28,32,Good,Medium,3,No,38554-80306
SUV,10,100281,91,1041,31,10.1,12.51,34,33,Good,Low,8,Yes,40007-120179
Hatchback,12,188938,91,2509,37,20.0,11.94,40,32,Critical,Low,7,No,24775-122541
Truck,11,16839,101,3472,28,6.9,12.12,27,31,Good,High,4,No,9966-16464
Sedan,6,245889,98,803,31,13.8,11.79,41,30,Moderate,High,6,Yes,11835-24621
Sedan,1,20664,97,1776,37,18.1,12.29,44,29,Moderate,Medium,9,No,65975-110411
SUV,5,130138,102,2654,27,10.9,12.25,25,33,Good,Medium,11,No,23730-35850
Truck,4,145843,96,2542,26,5.1,12.71,41,36,Critical,High,3,No,1988-7502
Sedan,6,158059,87,2047,34,15.4,12.35,30,35,Good,Medium,9,Yes,36286-99960
Hatchback,1,99972,95,3124,37,20.1,12.71,26,33,Moderate,Low,3,No,40412-67540
Hatchback,4,123773,86,2022,39,15.8,11.99,39,30,Good,Low,5,No,54489-174389
SUV,9,22266,99,1713,28,9.6,11.81,34,29,Critical,Medium,10,Yes,9181-29321
Hatchback,11,113321,94,2008,32,19.7,11.78,42,28,Moderate,High,3,No,32964-67068
SUV,6,236251,103,2654,38,9.8,12.1,30,28,Critical,Low,5,No,35616-74622
Hatchback,3,117098,97,1002,43,13.7,12.51,39,34,Good,Low,3,No,85570-165942
SUV,11,125002,101,949,34,10.7,12.06,45,32,Critical,Low,7,No,31260-69918
SUV,6,62853,93,2526,37,13.2,12.07,36,31,Critical,Medium,9,No,40923-99853
Hatchback,9,202384,90,2375,36,19.8,12.74,43,31,Good,Low,8,No,58681-180000
Hatchback,7,26898,96,2766,33,19.0,12.2,35,29,Moderate,Low,11,No,24398-81968
Hatchback,2,50764,90,1243,47,19.3,12.56,26,28,Moderate,Low,9,No,39693-157533
SUV,1,147930,97,1637,27,13.3,12.55,41,29,Moderate,Low,2,Yes,45224-127612
Truck,8,180893,107,2343,27,7.0,12.2,43,34,Moderate,Low,2,No,12719-41915
SUV,4,234409,100,1760,30,13.4,12.7,27,28,Good,High,12,No,13976-30648
Hatchback,7,41985,91,1910,41,21.0,11.73,35,32,Good,Low,10,No,86807-152165
Truck,9,214748,112,2115,22,9.4,12.52,27,36,Good,Low,3,No,24614-88554
Truck,1,120767,109,3492,18,5.6,12.63,35,31,Good,Medium,11,Yes,588-1194
Sedan,12,177247,88,2329,35,17.7,12.5,35,33,Good,Low,11,No,24071-86661
Hatchback,8,228239,95,1487,43,13.3,12.55,35,32,Moderate,Medium,4,No,39721-123325
Hatchback,8,111480,95,3388,31,15.6,11.99,37,28,Moderate,High,7,No,12907-36997
SUV,1,79417,90,1782,32,9.8,12.21,25,29,Critical,Medium,3,No,28681-78277
SUV,3,59970,102,2938,33,12.2,11.87,40,36,Critical,Low,7,No,15120-52045
Hatchback,3,76660,99,3436,30,16.8,11.91,45,29,Worn,Low,11,Yes,6063-17807
Sedan,10,103410,88,1206,35,15.3,12.22,36,32,Moderate,Medium,4,No,52806-112074
Truck,4,19504,109,3179,16,6.0,12.35,41,36,Good,Medium,12,No,1104-3374
SUV,6,85026,93,2905,26,10.1,12.04,40,35,Good,Medium,2,No,81784-171568
Truck,5,33880,103,1698,29,4.8,12.19,40,36,Good,Low,6,No,55836-104688
Hatchback,8,78029,96,2076,36,15.7,11.92,41,33,Moderate,Medium,9,No,44402-122258
Truck,11,222806,92,685,18,10.2,12.08,38,28,Good,Low,12,Yes,2392-65506
SUV,10,31675,91,929,32,9.8,12.75,27,29,Critical,High,3,Yes,13057-19607
Hatchback,2,152974,87,1576,44,19.3,12.54,26,36,Critical,Low,6,No,24267-96055
SUV,2,126428,92,2245,42,9.7,11.83,44,36,Worn,Low,1,Yes,48761-180000
Hatchback,11,146912,97,1089,42,21.8,12.07,25,31,Moderate,Medium,5,No,46946-97220
SUV,12,248339,95,3080,28,13.7,12.74,31,31,Moderate,Medium,6,Yes,27112-46984
Hatchback,2,81569,86,2848,42,16.2,12.26,37,30,Moderate,Low,7,No,89421-180000
Truck,1,214195,96,1499,26,9.7,12.1,33,36,Moderate,Medium,2,No,21234-35158
Hatchback,9,230822,90,1868,32,17.6,12.73,45,34,Worn,Low,6,No,43430-65906
Sedan,7,39085,87,2596,33,11.8,12.71,38,29,Moderate,Medium,6,No,52404-90256
Sedan,3,30097,88,3026,38,18.5,11.96,30,29,Good,High,9,No,58711-109981
Hatchback,2,246501,88,2273,39,19.4,11.75,27,34,Critical,Low,6,Yes,10184-102293
Truck,2,25845,93,2082,28,5.4,12.67,32,34,Good,Low,5,No,29433-107641
Truck,7,167417,104,898,23,3.7,12.28,45,36,Good,Low,3,Yes,18685-47479
Sedan,2,127781,89,2371,42,12.8,12.76,41,36,Worn,Low,10,No,51635-173433
Hatchback,9,225769,94,2890,35,18.7,11.8,36,34,Moderate,Low,8,No,21374-81904
SUV,10,134970,98,1523,33,12.6,12.66,31,29,Moderate,Medium,10,Yes,18885-71325
Truck,12,150643,108,1494,33,4.0,12.42,36,29,Good,Low,3,No,26150-47372
Sedan,7,150638,95,2358,30,14.9,12.15,43,29,Moderate,Low,4,No,16534-172302
Hatchback,7,91441,87,2274,29,20.8,11.79,26,36,Moderate,High,9,No,16980-54920
Truck,3,198743,102,2774,35,8.2,12.57,34,36,Good,Low,1,No,43354-119534
Truck,7,76170,111,3003,37,5.7,12.45,45,36,Good,Medium,1,No,15853-53545
Truck,4,145009,111,2014,34,6.0,12.27,33,30,Moderate,Low,4,No,8757-20663
Truck,7,69517,106,3405,27,8.9,12.59,42,30,Moderate,High,8,Yes,759-2071
Sedan,4,85615,90,903,34,18.6,12.45,45,33,Good,Medium,10,No,39767-78443
SUV,4,198364,90,2528,37,9.6,11.82,33,36,Good,Low,4,No,67322-118616
Hatchback,9,174910,96,1869,35,17.3,12.51,39,36,Good,Low,8,Yes,49555-77811
Sedan,6,120728,86,3122,36,17.5,12.33,43,36,Worn,Low,11,Yes,28315-72031
