Vehicle_ID,Vehicle_Type,Vehicle_Age,Mileage,Engine_Temp,RPM,Oil_Pressure,Fuel_Consumption,Battery_Voltage,Brake_Pressure,Tire_Pressure,Tire_Condition,Vibration_Level,Last_Service_Months,Accident_History,Health_Score,KM_Range_Before_Defect
V00001,SUV,7,44779,102,2512,20,12.4,11.29,36,104,Good,High,8,No,40,"25,001–50,000"
V00002,Truck,10,163535,89,1523,24,8.5,11.08,44,107,Worn,High,5,Yes,60,"50,001–80,000"
V00003,Sedan,3,153156,94,2871,33,9.0,12.59,34,34,Worn,High,4,Yes,80,"80,001+"
V00004,SUV,12,22936,98,2983,20,15.7,12.05,41,94,Worn,Medium,8,Yes,70,"50,001–80,000"
V00005,Sedan,10,178476,95,2851,43,13.3,12.96,37,102,Critical,Medium,12,No,70,"50,001–80,000"
V00006,Truck,3,183828,97,2595,25,8.6,12.67,43,103,Critical,Medium,2,Yes,60,"50,001–80,000"
V00007,Hatchback,2,86210,105,2336,46,16.3,11.72,35,86,Moderate,Low,8,No,80,"80,001+"
V00008,Hatchback,15,147752,107,2016,46,12.7,11.23,37,86,Worn,Low,7,Yes,70,"50,001–80,000"
V00009,Sedan,6,60042,103,2391,37,16.3,12.97,38,39,Worn,Medium,5,No,80,"80,001+"
V00010,Hatchback,4,141862,102,2564,20,17.7,11.43,33,70,Critical,Low,4,No,40,"25,001–50,000"
V00011,SUV,6,65827,86,2197,35,11.3,12.05,38,106,Critical,Low,7,Yes,80,"80,001+"
V00012,Sedan,1,194280,104,2676,34,9.2,11.36,41,95,Worn,Medium,4,No,80,"80,001+"
V00013,Sedan,5,140580,88,2477,48,8.9,12.42,35,59,Good,Low,9,Yes,90,"80,001+"
V00014,Truck,3,131746,88,2098,42,17.3,11.93,41,64,Critical,Low,3,No,80,"80,001+"
V00015,Hatchback,12,95271,102,1620,27,6.6,11.57,31,58,Critical,Medium,2,No,30,"10,001–25,000"
V00016,SUV,10,176497,92,1752,25,15.7,11.16,43,47,Worn,Medium,3,Yes,80,"80,001+"
V00017,SUV,5,69501,100,2911,21,14.6,11.6,38,68,Worn,High,6,No,60,"50,001–80,000"
V00018,SUV,7,196234,98,2412,48,12.6,11.52,38,62,Critical,Medium,10,No,70,"50,001–80,000"
V00019,Hatchback,15,169502,89,1873,41,11.2,12.17,33,31,Moderate,High,6,Yes,70,"50,001–80,000"
V00020,Sedan,3,69064,103,1689,43,17.5,11.77,43,102,Worn,Medium,5,Yes,80,"80,001+"
V00021,Hatchback,2,161482,91,2885,40,19.0,11.07,30,40,Moderate,Medium,11,Yes,90,"80,001+"
V00022,Truck,15,73426,104,2097,31,16.7,12.89,38,36,Moderate,Medium,5,No,70,"50,001–80,000"
V00023,SUV,10,15990,91,2968,29,12.3,12.4,37,53,Good,Medium,11,No,70,"50,001–80,000"
V00024,Sedan,6,42403,108,2271,37,10.6,11.39,38,59,Good,Low,6,No,80,"80,001+"
V00025,Truck,9,48434,96,2082,36,10.2,12.04,35,55,Moderate,High,4,No,80,"80,001+"
V00026,Hatchback,4,113482,106,2712,36,9.1,12.16,42,70,Critical,Low,8,No,60,"50,001–80,000"
V00027,Hatchback,15,69357,98,2770,49,12.2,12.21,30,86,Good,Medium,12,Yes,80,"80,001+"
V00028,Sedan,4,17402,85,2912,23,17.7,11.48,40,37,Moderate,Low,2,Yes,80,"80,001+"
V00029,Sedan,1,19010,103,1532,27,15.1,12.98,34,102,Critical,Low,8,No,40,"25,001–50,000"
V00030,SUV,1,181540,85,1506,36,7.2,11.85,38,48,Moderate,Low,11,Yes,90,"80,001+"
V00031,SUV,11,116556,110,2553,44,9.0,11.97,40,90,Critical,Medium,5,Yes,50,"25,001–50,000"
V00032,SUV,6,117086,87,1651,48,17.5,12.43,30,110,Worn,Low,11,No,90,"80,001+"
V00033,Truck,5,68689,107,2106,32,19.1,11.59,31,33,Good,Medium,4,Yes,80,"80,001+"
V00034,Hatchback,12,178545,102,2188,45,12.7,11.68,34,59,Worn,Medium,9,No,60,"50,001–80,000"
V00035,Truck,2,91920,110,1629,22,6.3,12.93,37,38,Moderate,Low,10,Yes,50,"25,001–50,000"
V00036,Hatchback,5,55538,103,2301,28,10.1,12.23,33,61,Good,High,6,Yes,40,"25,001–50,000"
V00037,Hatchback,9,113202,99,2233,24,17.1,12.18,43,83,Moderate,High,8,No,60,"50,001–80,000"
V00038,Truck,13,56769,92,2812,25,19.3,11.36,40,47,Good,Low,2,No,70,"50,001–80,000"
V00039,Sedan,6,155079,103,1843,29,15.8,11.66,34,55,Good,Low,10,Yes,50,"25,001–50,000"
V00040,SUV,15,45387,87,1987,23,13.8,11.51,42,71,Critical,Medium,3,Yes,50,"25,001–50,000"
V00041,SUV,7,114728,94,2627,25,14.3,11.12,40,86,Critical,Low,10,No,50,"25,001–50,000"
V00042,Truck,12,119131,104,1722,49,5.4,12.22,44,55,Critical,Low,8,No,50,"25,001–50,000"
V00043,Truck,1,193391,98,1818,46,18.1,11.02,39,45,Worn,High,6,Yes,80,"80,001+"
V00044,SUV,15,7478,92,2947,22,11.7,11.15,36,39,Critical,High,7,Yes,30,"10,001–25,000"
V00045,Truck,11,110212,97,1996,37,15.1,12.11,32,94,Critical,Low,1,Yes,70,"50,001–80,000"
V00046,SUV,1,127014,106,2807,49,10.5,11.05,39,81,Critical,Medium,4,No,60,"50,001–80,000"
V00047,Hatchback,11,53178,85,2924,50,17.9,12.95,35,49,Moderate,Low,4,Yes,90,"80,001+"
V00048,Sedan,2,153902,94,1791,40,14.1,11.33,40,31,Good,Low,9,No,90,"80,001+"
V00049,Truck,7,30908,86,1514,22,12.1,12.05,31,104,Good,Medium,1,No,80,"80,001+"
V00050,Hatchback,12,182780,100,2334,27,13.5,12.32,30,88,Moderate,Medium,1,Yes,70,"50,001–80,000"
V00051,Sedan,1,116743,87,2980,23,6.6,11.31,44,109,Good,High,4,No,60,"50,001–80,000"
V00052,Truck,14,189062,86,2035,42,17.3,12.62,35,46,Moderate,Medium,10,Yes,80,"80,001+"
V00053,Truck,15,12279,106,1807,25,7.7,12.27,42,83,Moderate,Medium,12,No,40,"25,001–50,000"
V00054,SUV,6,51376,100,1841,22,12.6,11.42,31,72,Good,Medium,7,Yes,80,"80,001+"
V00055,Sedan,8,36938,96,2368,28,18.8,11.49,42,39,Moderate,Low,7,No,80,"80,001+"
V00056,Truck,10,49911,97,2379,30,18.8,12.2,41,85,Good,Medium,10,Yes,90,"80,001+"
V00057,SUV,8,5111,97,1538,44,12.1,11.6,40,110,Critical,High,6,Yes,60,"50,001–80,000"
V00058,Sedan,9,62365,92,2683,39,10.3,12.79,44,61,Moderate,Medium,5,Yes,100,"80,001+"
V00059,Hatchback,12,142570,109,2244,35,11.5,11.7,37,81,Worn,Medium,4,Yes,70,"50,001–80,000"
V00060,SUV,6,68362,87,1954,47,5.6,12.8,32,68,Worn,Medium,4,No,100,"80,001+"
V00061,Truck,12,82638,102,2685,22,15.5,12.54,32,75,Worn,Low,1,Yes,50,"25,001–50,000"
V00062,Sedan,12,50128,93,1575,30,6.5,12.37,35,103,Worn,Medium,5,No,90,"80,001+"
V00063,Hatchback,7,83717,100,1570,25,17.1,11.08,45,69,Critical,High,2,Yes,40,"25,001–50,000"
V00064,Hatchback,7,184280,107,1989,27,14.7,12.85,39,51,Worn,Medium,1,No,60,"50,001–80,000"
V00065,SUV,3,7773,101,2584,30,16.3,11.56,33,88,Good,High,4,Yes,60,"50,001–80,000"
V00066,Hatchback,15,35965,105,1784,30,15.7,12.09,33,42,Worn,Medium,12,No,60,"50,001–80,000"
V00067,Truck,6,97245,93,2652,49,11.2,12.37,43,33,Good,Low,12,Yes,90,"80,001+"
V00068,SUV,10,149539,90,2325,29,16.1,12.87,32,91,Good,High,4,Yes,60,"50,001–80,000"
V00069,Sedan,9,106628,90,2234,35,13.5,12.78,37,97,Moderate,High,8,Yes,80,"80,001+"
V00070,Hatchback,13,163971,100,2584,23,16.6,12.97,45,84,Worn,Low,8,No,70,"50,001–80,000"
V00071,SUV,13,101205,101,1750,21,16.7,12.89,36,36,Good,High,9,No,20,"10,001–25,000"
V00072,Sedan,9,59087,106,2913,26,16.0,12.28,40,71,Worn,Low,4,No,60,"50,001–80,000"
V00073,SUV,10,106824,97,2029,46,19.6,11.79,38,68,Good,Low,1,Yes,100,"80,001+"
V00074,Truck,5,168885,90,1812,49,16.8,12.23,35,41,Critical,Low,11,No,70,"50,001–80,000"
V00075,Sedan,1,164978,93,2430,21,10.3,11.13,42,85,Moderate,Medium,5,No,80,"80,001+"
V00076,SUV,5,113240,96,2162,27,13.2,12.53,41,93,Moderate,Low,2,No,80,"80,001+"
V00077,Truck,7,15889,88,1863,42,6.5,12.44,41,61,Good,Low,7,Yes,100,"80,001+"
V00078,Hatchback,9,99442,108,1607,20,5.7,11.32,31,83,Good,Low,1,No,60,"50,001–80,000"
V00079,Truck,5,54960,109,2574,49,17.3,11.08,42,41,Critical,Medium,5,Yes,60,"50,001–80,000"
V00080,Truck,1,92698,107,2231,48,10.2,11.85,30,34,Worn,Medium,8,Yes,80,"80,001+"
V00081,Sedan,11,162165,95,2016,39,12.3,12.83,36,43,Critical,Medium,8,No,70,"50,001–80,000"
V00082,SUV,8,101943,92,2455,32,14.1,12.76,30,103,Worn,Medium,6,No,100,"80,001+"
V00083,Hatchback,7,31633,95,2813,32,7.9,12.26,35,61,Good,High,12,Yes,70,"50,001–80,000"
V00084,Hatchback,5,112497,102,2480,23,10.8,12.33,38,37,Good,Medium,1,Yes,60,"50,001–80,000"
V00085,Sedan,1,95162,96,1755,43,16.5,12.17,35,104,Moderate,Medium,2,Yes,100,"80,001+"
V00086,Sedan,10,20821,101,2453,37,6.8,11.42,35,97,Critical,High,8,Yes,40,"25,001–50,000"
V00087,Hatchback,3,132667,104,2350,48,13.7,11.11,34,36,Critical,Low,10,No,50,"25,001–50,000"
V00088,Hatchback,1,171384,97,2552,38,12.0,11.68,34,106,Good,Medium,4,Yes,100,"80,001+"
V00089,Hatchback,1,121557,97,1520,40,11.6,11.85,35,71,Worn,Low,6,No,100,"80,001+"
V00090,SUV,3,171915,107,2874,25,13.3,12.02,39,53,Moderate,Medium,5,Yes,60,"50,001–80,000"
V00091,Sedan,7,63368,95,2405,24,8.8,12.52,40,100,Moderate,Medium,8,No,80,"80,001+"
V00092,Hatchback,13,142401,98,1827,28,14.8,11.79,30,108,Moderate,High,7,No,50,"25,001–50,000"
V00093,Truck,4,129950,85,2069,27,12.3,12.11,38,62,Good,High,2,Yes,60,"50,001–80,000"
V00094,Truck,12,59585,98,2494,39,6.1,12.94,45,44,Moderate,High,4,No,70,"50,001–80,000"
V00095,Hatchback,1,144419,102,1890,33,6.3,11.24,32,79,Worn,Low,1,No,80,"80,001+"
V00096,Sedan,4,20732,88,1619,34,12.4,12.41,42,62,Moderate,High,9,Yes,70,"50,001–80,000"
V00097,Sedan,1,188998,88,1857,48,11.9,12.15,44,93,Good,Low,10,Yes,90,"80,001+"
V00098,Hatchback,10,189758,96,2732,28,7.4,12.85,45,34,Moderate,Low,3,No,80,"80,001+"
V00099,Sedan,11,114223,105,2967,27,6.8,12.8,36,98,Worn,High,6,No,30,"10,001–25,000"
V00100,SUV,15,61005,97,2550,48,12.6,12.91,45,98,Moderate,Medium,10,Yes,80,"80,001+"
V00101,Truck,5,62691,85,2518,37,17.5,11.08,41,93,Critical,High,11,No,50,"25,001–50,000"
V00102,Truck,8,85427,110,2379,27,18.3,11.66,34,61,Good,Low,4,No,60,"50,001–80,000"
V00103,Sedan,6,87537,104,2929,32,7.8,11.41,37,67,Moderate,Low,8,No,80,"80,001+"
V00104,Sedan,6,198979,92,2187,39,5.5,12.97,35,103,Critical,High,1,Yes,60,"50,001–80,000"
V00105,Hatchback,14,124564,101,2094,49,11.9,11.28,43,108,Moderate,Low,9,No,60,"50,001–80,000"
V00106,SUV,13,94394,96,1901,45,6.7,11.26,44,60,Good,Low,1,No,90,"80,001+"
V00107,Hatchback,10,6847,90,2576,44,12.1,11.5,30,30,Worn,Low,8,No,100,"80,001+"
V00108,Hatchback,5,46027,101,2597,34,5.3,12.44,44,87,Moderate,Medium,6,Yes,80,"80,001+"
V00109,SUV,4,192156,89,2248,25,7.0,11.47,34,70,Moderate,Medium,3,No,80,"80,001+"
V00110,SUV,13,97540,110,2444,31,7.5,12.02,40,63,Good,Medium,8,No,70,"50,001–80,000"
V00111,Sedan,14,38243,91,2269,34,11.7,12.96,33,103,Worn,Medium,6,No,90,"80,001+"
V00112,Truck,13,48808,94,2133,46,6.3,11.45,39,93,Moderate,High,8,No,70,"50,001–80,000"
V00113,Hatchback,15,109041,87,2755,25,6.3,11.1,42,106,Worn,High,8,No,50,"25,001–50,000"
V00114,Sedan,14,77123,86,1531,49,8.9,11.53,31,47,Good,Low,10,Yes,80,"80,001+"
V00115,Hatchback,9,86580,88,1648,46,12.0,12.69,30,30,Worn,High,9,Yes,70,"50,001–80,000"
V00116,Sedan,3,135459,100,1658,33,12.7,12.44,36,36,Critical,High,10,Yes,50,"25,001–50,000"
V00117,Truck,9,155301,106,1577,24,14.0,11.13,36,107,Moderate,High,3,No,40,"25,001–50,000"
V00118,SUV,10,88279,101,1854,45,10.8,11.57,38,73,Good,Medium,4,No,80,"80,001+"
V00119,Truck,5,172298,100,1725,38,18.5,12.86,31,78,Critical,High,9,No,50,"25,001–50,000"
V00120,Truck,2,119759,102,2139,40,14.9,12.96,36,96,Critical,Medium,6,No,60,"50,001–80,000"
V00121,Sedan,1,108931,103,1631,30,10.7,12.12,31,51,Worn,Low,1,No,80,"80,001+"
V00122,Truck,1,12593,85,2289,40,20.0,11.55,44,48,Critical,High,7,Yes,60,"50,001–80,000"
V00123,Hatchback,2,187753,102,1891,31,11.6,11.24,41,66,Worn,Medium,9,Yes,70,"50,001–80,000"
V00124,Truck,2,27308,88,2752,49,18.1,12.91,40,98,Moderate,Low,7,No,100,"80,001+"
V00125,SUV,14,68919,86,1778,20,16.5,11.01,37,81,Critical,High,12,No,20,"10,001–25,000"
V00126,Truck,1,15523,88,2186,37,12.2,11.07,40,46,Moderate,Medium,5,No,100,"80,001+"
V00127,Truck,12,143996,104,2987,21,14.5,11.03,40,106,Good,High,3,No,30,"10,001–25,000"
V00128,SUV,2,87596,91,2340,44,14.3,11.33,34,64,Good,High,10,No,70,"50,001–80,000"
V00129,Hatchback,3,79312,96,2644,32,10.0,11.88,40,99,Worn,Low,3,Yes,100,"80,001+"
V00130,Truck,14,110679,102,2052,50,15.5,12.16,39,34,Good,Low,10,Yes,60,"50,001–80,000"
V00131,SUV,1,24394,85,1697,48,5.8,11.8,38,32,Good,Medium,6,Yes,100,"80,001+"
V00132,SUV,15,199841,86,1945,32,18.9,11.17,41,110,Moderate,High,12,No,60,"50,001–80,000"
V00133,SUV,13,29606,85,2929,27,10.0,11.0,35,50,Critical,High,8,No,30,"10,001–25,000"
V00134,Sedan,6,54592,104,2062,34,9.9,12.91,31,110,Moderate,Medium,10,Yes,70,"50,001–80,000"
V00135,Sedan,8,93137,104,1689,23,16.0,11.28,30,107,Moderate,Medium,9,No,50,"25,001–50,000"
V00136,Sedan,1,14785,99,2584,50,14.0,11.45,44,84,Worn,High,6,Yes,80,"80,001+"
V00137,SUV,9,73868,104,2551,28,6.5,11.49,32,109,Good,Low,8,No,60,"50,001–80,000"
V00138,Truck,4,55784,109,1889,26,7.1,12.65,34,79,Moderate,Low,4,Yes,60,"50,001–80,000"
V00139,SUV,6,161115,106,2672,32,14.3,11.39,41,69,Good,High,5,Yes,60,"50,001–80,000"
V00140,SUV,9,14191,93,2291,32,6.2,11.38,43,56,Worn,High,2,No,80,"80,001+"
V00141,Sedan,9,113648,110,2347,32,17.1,11.9,39,45,Good,High,6,No,60,"50,001–80,000"
V00142,Truck,1,9378,97,2872,30,15.9,11.5,37,106,Worn,Low,9,No,90,"80,001+"
V00143,SUV,5,48531,93,1502,39,18.7,11.4,32,55,Worn,Low,6,No,100,"80,001+"
V00144,SUV,7,196489,91,2319,46,11.9,12.46,39,52,Critical,High,12,No,50,"25,001–50,000"
V00145,Truck,11,6611,100,1506,25,7.6,12.68,40,103,Worn,Medium,6,Yes,70,"50,001–80,000"
V00146,SUV,2,6721,93,2088,50,17.9,12.01,44,45,Worn,High,5,Yes,80,"80,001+"
V00147,Hatchback,4,123091,92,2085,22,16.8,11.47,41,109,Good,Medium,7,Yes,80,"80,001+"
V00148,SUV,10,128525,103,2773,33,8.6,12.63,42,43,Moderate,Low,4,Yes,80,"80,001+"
V00149,Truck,13,195450,109,1842,28,18.9,12.81,40,59,Moderate,Low,3,No,50,"25,001–50,000"
V00150,SUV,9,44112,88,2229,34,15.4,12.3,31,95,Moderate,High,3,No,80,"80,001+"
V00151,SUV,4,128322,108,1645,45,14.8,12.59,31,54,Moderate,High,7,No,60,"50,001–80,000"
V00152,SUV,9,11718,104,2352,35,7.8,12.8,39,74,Good,Medium,1,No,80,"80,001+"
V00153,SUV,6,30128,106,2421,31,15.2,12.97,36,33,Worn,High,5,Yes,60,"50,001–80,000"
V00154,Hatchback,7,78017,86,2016,27,14.7,11.61,37,56,Critical,Low,10,Yes,50,"25,001–50,000"
V00155,Hatchback,13,133301,91,2167,32,6.9,11.65,30,34,Critical,High,3,No,50,"25,001–50,000"
V00156,Hatchback,2,63519,105,1726,24,15.6,11.44,43,109,Good,Medium,4,Yes,60,"50,001–80,000"
V00157,SUV,9,30003,86,2119,49,13.9,11.24,30,48,Worn,Low,5,Yes,100,"80,001+"
V00158,SUV,8,73436,88,2461,38,6.4,11.69,30,83,Critical,High,5,No,60,"50,001–80,000"
V00159,Hatchback,7,81460,105,1743,25,12.5,11.6,45,41,Moderate,High,11,No,30,"10,001–25,000"
V00160,Truck,13,156951,91,2385,36,10.1,11.42,37,82,Critical,Low,11,Yes,60,"50,001–80,000"
V00161,Sedan,5,111500,91,2766,38,5.4,11.13,30,89,Moderate,High,1,Yes,80,"80,001+"
V00162,SUV,11,68379,98,2300,36,5.5,12.97,39,74,Worn,Medium,2,Yes,90,"80,001+"
V00163,SUV,4,85788,105,2445,33,11.3,11.6,34,79,Critical,High,1,Yes,40,"25,001–50,000"
V00164,Hatchback,11,126275,98,2100,43,17.1,11.17,44,61,Critical,Medium,3,No,70,"50,001–80,000"
V00165,Sedan,3,153972,101,2318,32,18.2,11.83,30,32,Critical,High,6,Yes,40,"25,001–50,000"
V00166,Hatchback,1,163671,93,1964,35,5.5,11.6,36,80,Critical,Low,2,Yes,80,"80,001+"
V00167,Hatchback,11,64079,106,1592,47,12.2,12.4,33,66,Critical,Low,12,Yes,40,"25,001–50,000"
V00168,Sedan,7,98438,101,2462,46,10.8,11.37,37,60,Good,Low,8,No,80,"80,001+"
V00169,SUV,2,129253,98,2319,33,17.9,12.08,43,47,Critical,High,2,Yes,60,"50,001–80,000"
V00170,SUV,6,45358,94,2974,37,6.7,12.16,45,80,Good,High,8,No,80,"80,001+"
V00171,SUV,6,105093,94,2243,38,17.4,12.43,40,65,Worn,Medium,2,No,100,"80,001+"
V00172,SUV,12,39733,97,2335,25,6.2,12.41,34,40,Critical,Low,9,No,40,"25,001–50,000"
V00173,Truck,2,110432,108,2960,46,14.3,11.21,38,60,Worn,Medium,10,Yes,70,"50,001–80,000"
V00174,Sedan,12,133401,107,2214,42,13.0,12.98,36,83,Moderate,Low,12,Yes,60,"50,001–80,000"
V00175,Truck,2,142405,92,2603,24,9.8,12.44,31,49,Critical,Low,2,Yes,60,"50,001–80,000"
V00176,Hatchback,10,75277,102,2883,27,8.9,11.43,32,89,Worn,High,5,Yes,40,"25,001–50,000"
V00177,Hatchback,6,176567,87,2675,43,16.1,12.85,41,91,Worn,Medium,10,Yes,90,"80,001+"
V00178,SUV,12,94475,94,2888,31,15.5,12.97,43,103,Moderate,Low,5,No,90,"80,001+"
V00179,Truck,5,37622,92,2305,45,16.7,11.14,30,90,Worn,Low,2,Yes,100,"80,001+"
V00180,Sedan,13,146753,91,1562,26,12.1,11.21,40,47,Worn,High,10,Yes,40,"25,001–50,000"
V00181,Hatchback,7,72210,85,1856,48,5.8,12.96,38,47,Moderate,Medium,5,No,100,"80,001+"
V00182,Truck,9,64192,107,2517,25,15.5,12.47,33,84,Worn,Medium,7,No,60,"50,001–80,000"
V00183,Truck,3,28295,90,1639,20,13.1,11.17,43,105,Critical,Medium,3,No,60,"50,001–80,000"
V00184,SUV,4,88271,94,1659,28,10.3,12.17,30,78,Good,Low,7,No,80,"80,001+"
V00185,Hatchback,5,107162,100,2955,48,9.7,11.08,34,53,Moderate,Medium,10,Yes,90,"80,001+"
V00186,Hatchback,6,168212,105,1659,42,19.2,12.19,42,97,Critical,High,3,No,40,"25,001–50,000"
V00187,Truck,5,18142,86,2825,28,9.6,12.18,33,50,Good,Medium,3,Yes,80,"80,001+"
V00188,Truck,5,55300,96,2108,21,5.2,11.58,31,69,Critical,Medium,3,Yes,60,"50,001–80,000"
V00189,Sedan,3,8580,107,2370,21,14.3,11.42,37,82,Worn,Low,5,No,60,"50,001–80,000"
V00190,Truck,14,22546,100,1707,22,5.2,11.99,41,63,Critical,Medium,5,Yes,50,"25,001–50,000"
V00191,Truck,10,33885,88,2314,22,19.1,11.7,40,72,Critical,Low,2,Yes,60,"50,001–80,000"
V00192,Truck,3,147529,108,1897,30,10.1,11.64,37,43,Critical,Medium,4,Yes,60,"50,001–80,000"
V00193,SUV,13,66288,106,2505,35,8.8,12.84,31,73,Critical,Medium,7,No,50,"25,001–50,000"
V00194,SUV,1,156960,106,2412,27,14.0,12.2,32,80,Worn,Low,3,Yes,60,"50,001–80,000"
V00195,Hatchback,3,192953,103,2873,22,11.7,11.27,32,108,Good,High,4,No,40,"25,001–50,000"
V00196,Sedan,15,47934,88,2367,33,13.1,12.3,30,67,Good,Medium,3,Yes,90,"80,001+"
V00197,SUV,13,35743,103,2734,50,13.4,12.85,43,36,Critical,High,2,Yes,30,"10,001–25,000"
V00198,Hatchback,9,155194,89,2894,47,10.5,11.06,31,98,Critical,Low,5,No,80,"80,001+"
V00199,Hatchback,14,103930,102,1552,22,13.6,11.9,34,44,Worn,Low,4,Yes,50,"25,001–50,000"
V00200,Sedan,5,149940,95,2411,34,18.1,12.37,35,70,Good,Low,9,Yes,90,"80,001+"
V00201,SUV,7,101298,103,1676,32,8.3,11.44,33,56,Worn,Medium,10,No,70,"50,001–80,000"
V00202,Truck,4,26863,95,2399,44,19.4,11.79,36,64,Good,Medium,6,No,100,"80,001+"
V00203,Hatchback,15,158682,87,1582,27,13.4,12.47,44,31,Critical,Low,11,Yes,40,"25,001–50,000"
V00204,SUV,1,183875,85,1944,36,13.6,12.42,36,34,Worn,Low,10,Yes,90,"80,001+"
V00205,SUV,1,159718,108,2894,20,7.7,11.23,33,67,Good,Low,3,Yes,60,"50,001–80,000"
V00206,Sedan,12,131196,94,1666,21,10.0,12.67,32,57,Critical,Low,3,No,50,"25,001–50,000"
V00207,Sedan,3,39931,101,2522,47,19.1,11.63,33,104,Moderate,Low,7,Yes,80,"80,001+"
V00208,Hatchback,14,164221,102,1572,37,10.9,12.66,39,68,Worn,Low,7,Yes,70,"50,001–80,000"
V00209,SUV,14,40126,108,1615,22,17.8,11.46,33,62,Good,Low,1,No,50,"25,001–50,000"
V00210,Truck,3,11046,99,1751,29,5.0,11.37,37,100,Moderate,Medium,11,No,70,"50,001–80,000"
V00211,Truck,10,45035,100,2938,33,8.3,11.15,37,71,Good,Low,12,Yes,90,"80,001+"
V00212,SUV,1,195820,109,1696,35,6.4,12.54,42,42,Good,High,5,No,60,"50,001–80,000"
V00213,Hatchback,7,114125,99,2265,22,11.2,11.72,36,88,Critical,High,12,No,30,"10,001–25,000"
V00214,SUV,6,52309,89,2391,26,11.5,12.76,32,47,Worn,High,7,Yes,60,"50,001–80,000"
V00215,Sedan,6,9773,95,1819,45,11.9,11.97,45,67,Worn,High,9,Yes,70,"50,001–80,000"
V00216,Truck,3,143638,85,2849,44,7.5,12.52,35,47,Good,High,4,No,80,"80,001+"
V00217,Hatchback,10,135614,87,2731,46,13.3,12.49,45,88,Worn,High,11,No,70,"50,001–80,000"
V00218,Sedan,7,156008,105,2365,49,15.2,12.39,38,46,Critical,High,6,Yes,40,"25,001–50,000"
V00219,Sedan,12,63674,88,2707,49,9.8,11.93,37,65,Critical,Low,5,No,70,"50,001–80,000"
V00220,Sedan,7,105794,99,2575,34,14.4,12.52,33,79,Critical,High,4,No,60,"50,001–80,000"
V00221,SUV,10,138518,97,2867,50,11.9,11.83,36,73,Moderate,Low,9,Yes,90,"80,001+"
V00222,SUV,8,199048,89,2932,40,15.8,12.83,43,55,Good,High,3,Yes,80,"80,001+"
V00223,SUV,14,62700,100,2045,46,18.1,12.27,37,72,Good,Low,11,No,80,"80,001+"
V00224,Truck,4,63605,101,1728,49,14.7,11.42,40,105,Worn,Medium,11,Yes,70,"50,001–80,000"
V00225,SUV,9,120971,104,1711,35,16.7,12.26,39,48,Moderate,High,2,No,60,"50,001–80,000"
V00226,SUV,9,27070,96,2507,41,14.7,11.35,34,69,Moderate,Medium,10,No,90,"80,001+"
V00227,Truck,2,93033,86,2355,21,7.2,12.84,40,40,Critical,Medium,7,Yes,60,"50,001–80,000"
V00228,SUV,14,46726,90,2063,39,5.3,12.85,30,39,Moderate,Medium,2,No,90,"80,001+"
V00229,SUV,5,172797,86,2783,50,8.5,12.19,42,97,Moderate,Low,5,Yes,100,"80,001+"
V00230,SUV,10,119905,108,2392,34,13.0,11.33,43,47,Good,High,3,No,60,"50,001–80,000"
V00231,Hatchback,1,78443,91,2715,45,15.1,12.25,35,86,Worn,Low,2,No,100,"80,001+"
V00232,Sedan,15,64633,88,2820,24,18.6,12.68,35,66,Worn,High,5,No,50,"25,001–50,000"
V00233,Hatchback,10,7327,107,1526,30,8.3,12.87,43,63,Critical,Medium,5,No,60,"50,001–80,000"
V00234,Hatchback,11,169431,99,2062,39,8.6,12.79,34,70,Good,High,8,Yes,70,"50,001–80,000"
V00235,SUV,5,63754,109,1856,28,15.1,12.86,38,44,Moderate,Medium,6,Yes,60,"50,001–80,000"
V00236,Hatchback,1,57350,91,2869,34,8.6,11.24,43,49,Worn,Low,6,Yes,100,"80,001+"
V00237,SUV,4,186249,101,2559,27,8.3,12.89,35,55,Critical,Low,10,Yes,30,"10,001–25,000"
V00238,Truck,13,28890,92,2664,43,8.0,12.98,33,52,Critical,High,2,Yes,50,"25,001–50,000"
V00239,Sedan,1,122783,105,1907,46,18.9,12.13,31,64,Moderate,Low,11,No,70,"50,001–80,000"
V00240,Truck,8,192932,102,2477,32,12.2,11.56,44,48,Worn,High,5,No,60,"50,001–80,000"
V00241,Sedan,10,100835,89,2607,22,13.0,11.17,30,71,Moderate,High,9,No,50,"25,001–50,000"
V00242,SUV,13,55733,90,2889,28,18.2,11.98,37,32,Moderate,High,3,No,50,"25,001–50,000"
V00243,Sedan,14,172816,85,1992,21,5.3,12.55,38,94,Worn,Low,7,No,70,"50,001–80,000"
V00244,Truck,3,148361,106,1970,50,7.1,11.97,45,73,Critical,High,5,No,40,"25,001–50,000"
V00245,Sedan,13,162784,106,1936,43,17.5,11.62,44,79,Critical,High,8,Yes,30,"10,001–25,000"
V00246,SUV,3,55595,101,2713,23,15.1,11.2,43,55,Worn,High,11,No,30,"10,001–25,000"
V00247,Hatchback,2,91166,107,2970,24,17.2,12.83,35,85,Critical,High,7,Yes,20,"10,001–25,000"
V00248,SUV,9,76040,107,2021,46,18.9,11.59,33,79,Good,High,9,No,50,"25,001–50,000"
V00249,Sedan,7,33444,100,2110,50,15.4,11.18,44,72,Moderate,Low,7,No,100,"80,001+"
V00250,Sedan,9,105624,96,1833,22,12.0,11.66,35,60,Worn,High,5,Yes,60,"50,001–80,000"
V00251,Hatchback,6,145743,99,2178,49,16.0,11.17,38,79,Critical,Low,5,No,80,"80,001+"
V00252,Hatchback,9,38101,85,2550,50,8.3,11.07,30,64,Critical,Medium,10,Yes,70,"50,001–80,000"
V00253,Hatchback,6,86145,91,1834,34,15.2,11.96,45,30,Worn,Medium,4,Yes,100,"80,001+"
V00254,Sedan,9,117308,104,2809,25,14.0,12.7,35,74,Worn,Medium,8,Yes,60,"50,001–80,000"
V00255,Truck,13,134742,106,1600,22,6.2,11.15,38,46,Good,High,4,No,30,"10,001–25,000"
V00256,Sedan,2,153992,99,1790,39,18.6,12.73,36,73,Worn,Low,6,No,100,"80,001+"
V00257,Sedan,3,155163,97,2391,40,14.5,12.3,42,61,Moderate,Medium,3,Yes,100,"80,001+"
V00258,SUV,9,44459,98,2958,40,17.0,11.49,32,74,Good,High,4,No,80,"80,001+"
V00259,Hatchback,15,16013,100,2506,41,9.1,11.3,34,52,Good,Medium,10,No,80,"80,001+"
V00260,SUV,10,86049,106,2503,34,5.4,12.59,40,59,Good,High,7,Yes,60,"50,001–80,000"
V00261,Sedan,1,143145,88,1526,31,19.4,11.4,39,75,Critical,High,1,Yes,60,"50,001–80,000"
V00262,Truck,9,155038,100,1939,23,7.1,11.27,40,74,Critical,Medium,9,Yes,50,"25,001–50,000"
V00263,SUV,3,169231,85,2887,40,11.9,12.94,43,41,Worn,Low,9,Yes,90,"80,001+"
V00264,Sedan,13,32596,99,2038,37,16.3,11.18,36,91,Moderate,Low,8,Yes,90,"80,001+"
V00265,Sedan,11,150540,94,2666,37,11.8,12.37,31,37,Good,Medium,8,Yes,90,"80,001+"
V00266,Truck,1,116512,100,2159,30,9.3,11.31,43,104,Good,Low,3,No,100,"80,001+"
V00267,Sedan,7,84805,88,1835,45,13.8,11.51,31,96,Worn,Low,11,Yes,90,"80,001+"
V00268,SUV,12,184708,88,2933,34,7.7,12.09,32,43,Critical,Medium,11,Yes,60,"50,001–80,000"
V00269,Hatchback,2,106308,92,2129,34,9.6,11.51,43,63,Moderate,Medium,12,Yes,90,"80,001+"
V00270,Sedan,2,31772,110,2177,29,18.5,12.72,44,61,Worn,Medium,9,No,50,"25,001–50,000"
V00271,Hatchback,2,194260,99,2234,40,17.6,12.29,30,55,Worn,Low,3,Yes,100,"80,001+"
V00272,Sedan,9,42532,102,1851,42,11.6,12.56,37,52,Good,High,6,No,60,"50,001–80,000"
V00273,Hatchback,15,153933,103,1925,42,15.0,11.99,42,65,Moderate,Low,9,No,60,"50,001–80,000"
V00274,Truck,15,107338,104,2069,22,19.9,12.53,39,69,Moderate,Medium,2,Yes,50,"25,001–50,000"
V00275,Sedan,12,140827,88,2079,23,10.4,11.35,39,53,Good,Medium,7,No,70,"50,001–80,000"
V00276,Hatchback,15,105382,102,2387,37,5.6,12.07,33,110,Critical,High,2,Yes,30,"10,001–25,000"
V00277,SUV,5,87329,102,2536,32,6.4,11.56,37,34,Good,Low,3,No,80,"80,001+"
V00278,Sedan,8,106720,93,2256,50,13.9,11.85,30,86,Good,High,9,Yes,70,"50,001–80,000"
V00279,Truck,15,150457,105,2255,43,9.9,11.71,31,58,Good,Medium,11,Yes,60,"50,001–80,000"
V00280,Sedan,7,129832,89,2899,48,9.5,11.78,34,64,Worn,Medium,6,Yes,100,"80,001+"
V00281,SUV,11,42977,87,1694,28,9.2,11.24,39,74,Good,High,5,Yes,50,"25,001–50,000"
V00282,Hatchback,6,40551,105,1762,29,10.0,12.39,44,55,Moderate,Medium,10,Yes,50,"25,001–50,000"
V00283,Hatchback,7,96772,92,2481,21,8.3,12.74,38,65,Good,Medium,10,No,70,"50,001–80,000"
V00284,Hatchback,15,163748,92,2338,40,10.6,12.97,35,47,Moderate,Low,1,No,90,"80,001+"
V00285,Hatchback,12,169356,90,2429,21,11.5,12.04,35,31,Critical,Medium,2,No,50,"25,001–50,000"
V00286,SUV,9,59115,88,1819,41,13.6,12.86,40,68,Moderate,Medium,9,No,90,"80,001+"
V00287,Sedan,4,119657,96,2112,21,17.9,12.37,39,33,Critical,High,9,No,30,"10,001–25,000"
V00288,Sedan,2,142006,95,2990,24,19.5,11.71,39,38,Good,Medium,12,Yes,70,"50,001–80,000"
V00289,SUV,7,9498,88,1786,49,7.1,12.28,34,43,Worn,High,7,No,80,"80,001+"
V00290,Hatchback,4,73709,102,2418,26,6.7,11.96,34,58,Critical,Low,12,No,30,"10,001–25,000"
V00291,Sedan,15,103590,86,1972,23,8.9,12.6,39,71,Good,Medium,3,No,70,"50,001–80,000"
V00292,Truck,5,28103,85,2016,33,7.6,11.5,43,107,Moderate,Low,3,No,100,"80,001+"
V00293,Hatchback,5,6866,110,1680,28,5.0,11.03,44,75,Critical,High,7,No,20,"10,001–25,000"
V00294,Sedan,10,13072,85,2406,33,6.6,12.03,41,70,Moderate,Low,11,Yes,90,"80,001+"
V00295,Sedan,12,71318,93,1735,36,18.8,12.55,35,107,Critical,Low,1,No,70,"50,001–80,000"
V00296,Truck,15,42776,89,1585,46,14.1,12.02,37,73,Worn,Medium,5,Yes,90,"80,001+"
V00297,Hatchback,11,100013,94,2167,44,13.9,11.43,37,56,Worn,High,11,Yes,60,"50,001–80,000"
V00298,Hatchback,5,66994,109,1663,42,5.3,12.03,39,89,Critical,High,8,No,40,"25,001–50,000"
V00299,Truck,3,99479,105,1793,29,11.9,11.76,41,88,Critical,Medium,5,No,40,"25,001–50,000"
V00300,SUV,10,41954,85,1690,37,11.9,11.8,31,41,Critical,Low,11,No,70,"50,001–80,000"
V00301,Hatchback,4,71421,99,2353,44,17.6,12.69,31,64,Good,Medium,9,No,90,"80,001+"
V00302,Sedan,15,120607,106,2140,50,16.4,11.65,31,64,Moderate,High,12,No,40,"25,001–50,000"
V00303,Hatchback,13,102894,105,2537,20,10.7,11.3,32,31,Moderate,Low,6,Yes,50,"25,001–50,000"
V00304,Sedan,1,192830,88,1578,25,16.9,11.09,38,31,Worn,Medium,10,No,70,"50,001–80,000"
V00305,Sedan,10,36288,89,2226,45,6.6,11.11,45,41,Good,Medium,1,No,100,"80,001+"
V00306,Hatchback,6,175864,102,2687,49,17.7,11.02,32,47,Worn,Low,3,No,80,"80,001+"
V00307,SUV,3,173577,99,1930,47,7.3,12.46,43,104,Moderate,High,10,No,70,"50,001–80,000"
V00308,Hatchback,5,8839,90,2711,25,19.6,11.77,36,61,Worn,Medium,4,Yes,80,"80,001+"
V00309,SUV,14,194639,91,1799,38,19.6,12.81,37,101,Worn,Medium,10,Yes,80,"80,001+"
V00310,SUV,10,67401,93,2153,23,17.0,12.96,44,45,Moderate,Low,1,Yes,80,"80,001+"
V00311,Truck,5,5158,99,2169,44,15.8,11.79,45,87,Critical,Low,4,Yes,80,"80,001+"
V00312,SUV,1,139237,107,1945,50,15.6,11.32,33,80,Moderate,Medium,6,No,80,"80,001+"
V00313,Hatchback,13,176435,106,2582,38,12.0,12.02,45,83,Good,Low,7,No,70,"50,001–80,000"
V00314,Truck,1,28487,91,2355,26,15.6,11.96,34,55,Worn,High,6,Yes,60,"50,001–80,000"
V00315,Sedan,6,46109,95,2035,36,9.5,11.35,34,88,Worn,Low,4,No,100,"80,001+"
V00316,Sedan,5,123985,90,2683,46,16.8,12.34,34,59,Good,High,4,No,80,"80,001+"
V00317,Hatchback,13,184766,97,1849,37,16.0,11.32,45,65,Critical,Low,2,Yes,70,"50,001–80,000"
V00318,Hatchback,2,6363,86,2005,26,17.8,11.16,45,30,Moderate,Medium,9,No,70,"50,001–80,000"
V00319,Hatchback,4,32930,89,2457,49,5.3,11.04,40,97,Critical,Medium,3,No,80,"80,001+"
V00320,Sedan,5,29462,98,2986,37,16.7,12.19,30,30,Good,High,12,Yes,70,"50,001–80,000"
V00321,Truck,15,151360,94,1916,23,15.5,12.09,43,43,Worn,Medium,7,Yes,70,"50,001–80,000"
V00322,Sedan,14,167875,96,1778,43,5.5,11.53,38,109,Critical,Medium,7,No,70,"50,001–80,000"
V00323,Sedan,11,95636,100,2954,22,13.0,12.0,39,59,Critical,Medium,3,No,50,"25,001–50,000"
V00324,Hatchback,13,162745,85,1739,34,19.5,11.67,41,62,Critical,High,3,Yes,50,"25,001–50,000"
V00325,Hatchback,7,77622,93,2032,35,14.4,11.05,35,108,Moderate,Low,7,Yes,100,"80,001+"
V00326,Hatchback,8,6374,96,2637,32,9.5,12.47,42,100,Worn,High,3,Yes,80,"80,001+"
V00327,SUV,15,127059,95,2758,34,15.5,11.97,35,51,Moderate,High,8,Yes,70,"50,001–80,000"
V00328,Hatchback,2,13012,92,2037,40,8.1,12.68,38,94,Moderate,Low,3,No,100,"80,001+"
V00329,Sedan,4,95890,86,2651,43,11.3,12.66,44,48,Worn,Medium,10,No,90,"80,001+"
V00330,SUV,2,156706,102,2989,24,7.3,11.53,35,73,Critical,Medium,4,No,40,"25,001–50,000"
V00331,SUV,5,172669,88,2416,28,10.7,11.99,44,83,Good,Medium,1,No,80,"80,001+"
V00332,Truck,6,73551,98,1892,22,11.6,12.47,45,52,Worn,Low,2,No,80,"80,001+"
V00333,Truck,11,163493,99,2540,22,17.8,11.4,30,90,Good,Low,5,No,70,"50,001–80,000"
V00334,Hatchback,2,94764,101,1830,26,16.7,12.65,39,54,Worn,Medium,4,Yes,60,"50,001–80,000"
V00335,SUV,9,50525,93,2735,47,14.7,12.32,35,70,Critical,Medium,1,Yes,80,"80,001+"
V00336,SUV,13,164406,94,2271,42,7.8,11.4,44,78,Moderate,High,1,Yes,70,"50,001–80,000"
V00337,Hatchback,14,52967,107,1626,30,8.4,11.51,33,92,Worn,Low,6,No,70,"50,001–80,000"
V00338,Sedan,15,154382,86,2460,42,17.5,12.07,30,58,Good,Low,12,No,80,"80,001+"
V00339,SUV,11,37088,89,2199,34,5.2,11.39,36,80,Critical,Medium,12,No,60,"50,001–80,000"
V00340,Hatchback,8,190372,93,2697,36,12.2,11.72,30,86,Moderate,Low,12,No,90,"80,001+"
V00341,Truck,4,64078,96,1969,20,13.4,11.41,30,96,Moderate,Low,8,No,80,"80,001+"
V00342,Hatchback,3,51161,86,1665,33,11.3,11.68,36,106,Moderate,Low,9,No,90,"80,001+"
V00343,Sedan,1,190529,92,2835,46,7.4,12.72,32,87,Worn,Medium,5,No,100,"80,001+"
V00344,Sedan,4,36889,89,2773,28,8.4,12.36,40,85,Moderate,Low,5,No,80,"80,001+"
V00345,Sedan,12,107339,92,1855,31,5.4,11.97,45,75,Worn,Low,8,Yes,90,"80,001+"
V00346,Sedan,6,26269,107,1689,43,18.6,12.0,43,83,Good,High,4,Yes,60,"50,001–80,000"
V00347,SUV,10,47611,101,2860,49,14.3,12.0,42,48,Worn,High,10,Yes,50,"25,001–50,000"
V00348,Hatchback,4,96199,98,1782,47,16.9,12.57,45,97,Moderate,Medium,11,Yes,90,"80,001+"
V00349,Sedan,12,185590,103,2612,33,12.5,11.2,35,97,Good,Low,1,No,70,"50,001–80,000"
V00350,Sedan,12,26234,104,1525,22,9.7,11.08,31,30,Critical,High,5,Yes,10,"0–10,000"
V00351,Truck,12,156506,107,2165,25,16.1,11.83,41,75,Critical,High,4,No,10,"0–10,000"
V00352,Truck,9,64509,102,2520,27,19.5,11.03,34,110,Moderate,High,7,No,40,"25,001–50,000"
V00353,Sedan,1,161274,101,2203,33,12.1,11.07,31,70,Moderate,High,10,Yes,50,"25,001–50,000"
V00354,Sedan,5,62004,87,2296,49,10.8,11.31,45,87,Moderate,Low,4,Yes,100,"80,001+"
V00355,Truck,13,131266,103,2419,40,16.4,11.32,30,55,Good,Low,8,Yes,70,"50,001–80,000"
V00356,SUV,5,138818,86,2000,30,13.1,12.46,37,77,Moderate,Medium,4,Yes,100,"80,001+"
V00357,Sedan,10,54695,85,2299,46,13.7,11.5,31,42,Worn,Medium,1,Yes,100,"80,001+"
V00358,Sedan,7,27092,108,2873,30,17.7,12.09,30,87,Good,Low,3,Yes,80,"80,001+"
V00359,Truck,5,137093,110,1541,22,8.4,12.27,37,65,Good,Low,1,Yes,60,"50,001–80,000"
V00360,Hatchback,11,110746,85,2794,31,18.1,11.54,31,93,Good,High,11,No,60,"50,001–80,000"
V00361,Sedan,14,7617,107,2816,23,8.6,11.8,41,40,Critical,Medium,10,No,20,"10,001–25,000"
V00362,Sedan,15,196399,95,1750,23,18.3,11.74,33,52,Moderate,Low,10,No,60,"50,001–80,000"
V00363,Truck,11,136365,87,2413,42,16.1,12.62,35,35,Critical,Medium,5,Yes,70,"50,001–80,000"
V00364,Hatchback,13,185214,93,2686,44,13.5,12.68,35,44,Worn,Low,7,No,90,"80,001+"
V00365,Sedan,2,167507,87,2848,40,18.0,11.25,45,41,Critical,Low,9,No,70,"50,001–80,000"
V00366,SUV,15,31337,87,2787,38,17.6,12.66,38,105,Critical,Medium,9,No,60,"50,001–80,000"
V00367,SUV,1,27501,91,2950,33,16.0,12.67,31,55,Worn,High,2,No,80,"80,001+"
V00368,Sedan,11,97316,110,2549,48,12.6,12.28,44,32,Critical,Low,9,Yes,40,"25,001–50,000"
V00369,Sedan,7,181421,105,1702,45,17.9,11.75,40,105,Good,High,5,No,60,"50,001–80,000"
V00370,Truck,15,15642,86,2417,34,15.9,11.37,45,45,Worn,Low,9,No,80,"80,001+"
V00371,Truck,14,111174,91,1582,20,16.5,11.49,45,75,Good,High,6,No,50,"25,001–50,000"
V00372,SUV,5,86980,103,2810,48,5.1,12.66,32,40,Worn,Low,1,No,80,"80,001+"
V00373,Hatchback,6,154706,109,2221,29,11.0,11.8,41,83,Good,Low,4,Yes,60,"50,001–80,000"
V00374,Hatchback,9,196397,109,2023,32,18.8,12.64,45,81,Worn,Medium,12,Yes,70,"50,001–80,000"
V00375,Sedan,2,151179,104,1829,21,14.6,11.69,38,48,Moderate,High,3,No,40,"25,001–50,000"
V00376,Truck,12,147486,89,2289,42,11.5,12.3,31,38,Moderate,High,4,Yes,70,"50,001–80,000"
V00377,SUV,4,138626,105,1572,44,7.3,11.65,43,108,Good,Low,5,No,80,"80,001+"
V00378,SUV,7,111194,86,2542,22,15.5,11.43,36,50,Moderate,Medium,11,No,70,"50,001–80,000"
V00379,Sedan,11,116659,101,1655,20,11.8,12.85,32,49,Moderate,Low,6,No,50,"25,001–50,000"
V00380,Truck,6,99262,107,2626,44,11.4,11.61,44,104,Moderate,High,3,Yes,60,"50,001–80,000"
V00381,SUV,15,48762,103,2368,30,6.7,11.0,45,99,Moderate,High,7,Yes,50,"25,001–50,000"
V00382,Hatchback,11,143714,95,2170,43,9.2,12.54,41,65,Worn,High,11,Yes,60,"50,001–80,000"
V00383,Hatchback,9,141870,102,2765,47,12.8,12.53,45,78,Worn,High,4,No,60,"50,001–80,000"
V00384,Truck,1,194526,86,2641,21,10.1,11.42,39,49,Good,Medium,9,No,70,"50,001–80,000"
V00385,Truck,7,151546,97,1657,28,17.3,12.24,36,87,Good,Low,12,No,70,"50,001–80,000"
V00386,SUV,12,111167,108,2965,22,17.1,11.25,35,53,Critical,Low,11,Yes,20,"10,001–25,000"
V00387,Sedan,1,176331,106,2412,48,18.9,11.82,43,49,Critical,Low,10,No,50,"25,001–50,000"
V00388,Hatchback,3,14391,90,2718,48,8.3,11.51,30,97,Worn,Low,2,Yes,100,"80,001+"
V00389,Truck,4,147148,105,1930,44,14.7,12.34,42,67,Good,Low,12,Yes,70,"50,001–80,000"
V00390,SUV,9,35612,104,2495,31,9.9,11.96,39,83,Moderate,Medium,6,No,80,"80,001+"
V00391,Sedan,1,193842,90,1981,39,6.3,11.44,33,54,Critical,High,2,Yes,60,"50,001–80,000"
V00392,Hatchback,1,27511,101,2376,30,6.0,12.84,32,37,Moderate,High,9,Yes,50,"25,001–50,000"
V00393,Truck,6,95787,95,1943,42,11.4,12.0,31,68,Worn,High,7,Yes,80,"80,001+"
V00394,Hatchback,13,159396,103,2484,50,14.2,12.92,45,32,Worn,High,5,No,50,"25,001–50,000"
V00395,Hatchback,5,155695,93,1626,43,9.8,11.41,31,36,Worn,High,11,No,70,"50,001–80,000"
V00396,Hatchback,2,181631,89,2217,45,10.1,11.37,43,89,Moderate,High,10,No,70,"50,001–80,000"
V00397,SUV,9,149250,91,2315,40,16.4,11.73,40,99,Worn,Low,8,No,100,"80,001+"
V00398,SUV,14,163845,107,2757,48,9.3,12.19,39,99,Critical,Low,7,Yes,50,"25,001–50,000"
V00399,Hatchback,13,102984,103,1783,46,17.9,12.8,36,67,Moderate,Medium,12,No,60,"50,001–80,000"
V00400,Sedan,8,77136,102,1628,48,20.0,11.83,43,90,Critical,High,2,Yes,40,"25,001–50,000"
V00401,Hatchback,8,55033,92,2987,36,19.8,11.02,37,86,Good,Low,3,No,100,"80,001+"
V00402,Sedan,15,63735,86,1998,31,17.8,12.48,40,108,Good,Medium,11,Yes,80,"80,001+"
V00403,SUV,6,185563,92,2739,22,16.7,11.36,41,35,Critical,Medium,11,Yes,50,"25,001–50,000"
V00404,Truck,15,158709,99,2602,24,12.1,12.45,36,96,Moderate,Medium,3,Yes,70,"50,001–80,000"
V00405,SUV,12,150372,106,2516,25,8.5,12.9,43,30,Good,High,10,Yes,20,"10,001–25,000"
V00406,SUV,10,165377,90,1645,39,8.5,12.16,34,104,Good,High,7,Yes,80,"80,001+"
V00407,Sedan,7,77367,91,2081,21,16.1,11.47,45,32,Good,Medium,2,No,80,"80,001+"
V00408,Hatchback,8,116230,96,2005,21,18.0,12.39,41,107,Worn,Medium,5,No,80,"80,001+"
V00409,Sedan,7,93637,109,2348,21,13.1,11.83,30,78,Worn,Medium,9,Yes,50,"25,001–50,000"
V00410,Sedan,6,87922,109,2213,39,6.0,11.63,36,70,Moderate,Low,2,Yes,80,"80,001+"
V00411,Hatchback,10,112684,102,1779,47,17.6,11.93,41,108,Worn,Low,11,No,70,"50,001–80,000"
V00412,SUV,5,31344,85,2354,49,9.6,11.78,35,31,Moderate,Medium,10,No,90,"80,001+"
V00413,Sedan,13,83390,107,2301,47,15.0,12.27,36,106,Critical,Medium,11,Yes,40,"25,001–50,000"
V00414,Hatchback,12,157688,106,2935,23,14.6,12.01,32,78,Moderate,High,1,Yes,30,"10,001–25,000"
V00415,Hatchback,8,177921,92,2351,26,10.8,11.12,38,96,Critical,Medium,12,Yes,50,"25,001–50,000"
V00416,Truck,15,176575,109,2449,25,5.7,12.64,31,36,Good,High,5,Yes,30,"10,001–25,000"
V00417,Hatchback,10,31285,107,2095,28,9.2,12.99,36,91,Moderate,Medium,3,Yes,60,"50,001–80,000"
V00418,Truck,8,12391,95,2452,42,13.3,12.02,37,84,Critical,Low,3,Yes,80,"80,001+"
V00419,SUV,7,88573,110,1640,45,17.5,12.53,41,110,Worn,High,8,No,60,"50,001–80,000"
V00420,SUV,8,125966,108,2847,37,6.5,11.6,45,100,Worn,Low,2,Yes,80,"80,001+"
V00421,Truck,1,126087,88,2151,49,7.6,11.83,37,87,Worn,High,6,No,80,"80,001+"
V00422,Truck,15,188826,107,2435,50,8.2,11.82,33,90,Moderate,High,5,Yes,50,"25,001–50,000"
V00423,SUV,13,52273,96,2995,21,19.4,12.05,36,60,Moderate,Medium,3,Yes,70,"50,001–80,000"
V00424,Sedan,9,168675,103,2989,50,10.5,11.43,35,33,Good,High,11,Yes,50,"25,001–50,000"
V00425,Truck,4,81103,89,1703,50,15.5,11.96,37,75,Moderate,Low,9,No,90,"80,001+"
V00426,Sedan,10,129821,108,2381,45,14.3,12.61,42,61,Worn,High,11,Yes,50,"25,001–50,000"
V00427,Hatchback,13,61060,94,1995,22,11.6,12.27,41,86,Moderate,Medium,6,No,70,"50,001–80,000"
V00428,Sedan,1,63165,91,1763,41,8.3,11.15,33,64,Critical,Medium,9,No,70,"50,001–80,000"
V00429,SUV,8,121514,93,1515,25,18.3,11.12,36,87,Moderate,Medium,1,No,80,"80,001+"
V00430,SUV,2,34188,91,2416,29,8.3,11.93,32,81,Worn,Low,7,Yes,80,"80,001+"
V00431,Truck,12,96093,88,2626,20,18.6,11.54,37,50,Good,High,5,No,50,"25,001–50,000"
V00432,Truck,15,131307,97,2858,38,9.8,11.04,42,92,Critical,Medium,11,No,60,"50,001–80,000"
V00433,Truck,4,130516,108,2678,25,13.8,12.44,39,39,Moderate,Medium,10,No,50,"25,001–50,000"
V00434,SUV,14,166937,86,2192,23,18.1,12.3,32,41,Good,Medium,10,No,60,"50,001–80,000"
V00435,Hatchback,9,71968,107,2018,38,10.3,11.46,42,64,Moderate,Low,2,Yes,80,"80,001+"
V00436,Sedan,9,21008,86,2337,50,16.4,11.33,41,68,Worn,High,4,Yes,80,"80,001+"
V00437,SUV,10,148839,104,2853,30,15.9,11.42,42,34,Critical,Medium,1,No,60,"50,001–80,000"
V00438,Truck,4,68688,101,2233,21,5.4,11.91,39,74,Good,High,9,Yes,30,"10,001–25,000"
V00439,Truck,11,65726,100,2787,35,16.3,11.17,43,78,Critical,Low,7,Yes,70,"50,001–80,000"
V00440,SUV,15,57950,88,2042,30,14.5,12.82,37,37,Good,Low,1,Yes,90,"80,001+"
V00441,Sedan,10,164376,85,2010,45,13.1,12.91,39,64,Good,Low,9,Yes,90,"80,001+"
V00442,SUV,10,79233,110,1838,46,5.1,11.42,45,98,Good,Low,12,No,70,"50,001–80,000"
V00443,Truck,9,5684,88,1780,40,11.6,12.06,41,55,Worn,High,4,No,80,"80,001+"
V00444,Hatchback,13,174852,108,2844,44,7.7,12.22,41,92,Worn,High,12,No,40,"25,001–50,000"
V00445,Sedan,8,6271,107,2069,40,13.5,11.35,40,72,Critical,High,2,No,40,"25,001–50,000"
V00446,Hatchback,8,126073,85,2218,47,14.5,12.05,44,44,Good,Low,3,No,100,"80,001+"
V00447,Sedan,6,37092,103,2637,22,13.0,12.77,37,35,Worn,High,2,No,40,"25,001–50,000"
V00448,Hatchback,6,109789,95,1884,37,11.0,11.44,30,83,Good,Medium,2,No,100,"80,001+"
V00449,SUV,4,124802,85,2034,47,17.2,11.46,31,58,Critical,Medium,10,No,70,"50,001–80,000"
V00450,Hatchback,4,25578,105,1704,28,8.8,11.59,34,44,Worn,High,9,Yes,30,"10,001–25,000"
V00451,SUV,2,137540,85,2202,24,9.1,11.98,35,37,Good,Low,11,No,70,"50,001–80,000"
V00452,Hatchback,11,38912,89,2812,49,9.4,12.97,33,101,Moderate,High,2,Yes,70,"50,001–80,000"
V00453,Truck,12,191603,91,1571,24,10.2,11.08,42,36,Good,Low,9,Yes,60,"50,001–80,000"
V00454,Truck,2,66561,86,2319,22,12.4,11.22,36,91,Moderate,Medium,2,No,80,"80,001+"
V00455,Sedan,10,176891,87,2267,24,9.8,12.37,39,36,Worn,High,7,Yes,60,"50,001–80,000"
V00456,Hatchback,14,141937,91,2877,40,11.7,11.49,42,45,Critical,Medium,1,No,70,"50,001–80,000"
V00457,SUV,15,111609,90,2186,25,15.6,11.53,37,42,Moderate,Low,6,Yes,70,"50,001–80,000"
V00458,Truck,3,165056,89,2554,23,18.7,12.66,31,32,Good,Medium,8,No,80,"80,001+"
V00459,Hatchback,8,108976,101,1582,44,8.5,11.35,36,105,Good,High,7,Yes,60,"50,001–80,000"
V00460,SUV,14,128375,106,1815,47,5.6,11.26,36,74,Good,High,2,No,50,"25,001–50,000"
V00461,SUV,14,119010,106,2888,49,9.6,11.5,45,36,Good,Medium,9,Yes,60,"50,001–80,000"
V00462,Truck,3,189789,106,1700,24,16.4,12.94,30,98,Critical,Medium,7,No,40,"25,001–50,000"
V00463,Hatchback,10,51600,86,1660,37,17.8,12.13,37,61,Good,Low,8,No,100,"80,001+"
V00464,Sedan,12,129365,102,2255,43,6.9,12.3,45,37,Moderate,High,9,No,40,"25,001–50,000"
V00465,Truck,3,57600,89,2119,22,6.7,12.27,33,100,Good,Medium,9,No,70,"50,001–80,000"
V00466,Truck,5,31687,92,2316,38,7.0,12.54,32,100,Worn,Medium,10,No,90,"80,001+"
V00467,SUV,4,45481,93,2994,41,18.1,12.39,32,76,Moderate,Low,1,Yes,100,"80,001+"
V00468,Truck,5,122283,88,1513,35,6.6,12.32,35,80,Critical,Low,12,Yes,70,"50,001–80,000"
V00469,Sedan,8,54880,107,1995,50,16.0,12.21,34,84,Worn,Medium,1,No,80,"80,001+"
V00470,Truck,15,85543,88,1859,26,10.9,11.96,42,55,Critical,Medium,12,No,40,"25,001–50,000"
V00471,Hatchback,1,93678,98,2531,33,16.3,12.65,41,95,Critical,High,9,No,50,"25,001–50,000"
V00472,Sedan,9,126063,102,2633,27,10.4,12.11,37,110,Worn,High,7,No,40,"25,001–50,000"
V00473,SUV,12,88925,89,2738,24,13.9,12.02,36,87,Moderate,Medium,4,Yes,70,"50,001–80,000"
V00474,SUV,6,149087,103,1811,20,11.0,11.71,34,97,Critical,High,8,Yes,20,"10,001–25,000"
V00475,Truck,2,7935,105,2728,27,16.0,12.22,32,97,Moderate,High,2,Yes,40,"25,001–50,000"
V00476,Hatchback,8,14066,88,2495,21,10.8,11.55,41,53,Critical,Medium,2,Yes,60,"50,001–80,000"
V00477,Truck,14,49784,96,2485,36,13.9,12.1,45,30,Good,Medium,5,No,90,"80,001+"
V00478,SUV,5,77196,93,2004,42,12.6,12.7,34,43,Good,Low,6,No,100,"80,001+"
V00479,Truck,13,118255,110,2386,29,15.3,12.58,37,82,Critical,Medium,9,Yes,20,"10,001–25,000"
V00480,Hatchback,4,101720,104,2070,50,14.8,12.28,39,49,Good,Medium,1,Yes,80,"80,001+"
V00481,Truck,11,56922,108,1931,24,9.6,12.64,33,58,Critical,High,2,No,10,"0–10,000"
V00482,Truck,7,18957,94,1574,47,15.1,11.79,40,65,Critical,Low,9,Yes,70,"50,001–80,000"
V00483,Hatchback,4,25984,100,2863,24,15.3,11.62,34,80,Good,Low,12,Yes,70,"50,001–80,000"
V00484,Hatchback,5,118965,92,1722,25,12.4,12.01,30,101,Moderate,Low,11,Yes,70,"50,001–80,000"
V00485,Truck,14,96952,105,2284,29,6.2,12.83,45,55,Moderate,High,12,Yes,20,"10,001–25,000"
V00486,SUV,10,187846,106,1915,20,14.3,12.19,37,89,Good,Medium,8,Yes,60,"50,001–80,000"
V00487,SUV,1,101237,86,2106,48,18.5,12.44,44,62,Good,Medium,4,No,100,"80,001+"
V00488,Truck,12,190577,94,2871,21,12.2,11.94,30,96,Critical,Medium,10,Yes,40,"25,001–50,000"
V00489,Hatchback,9,193523,102,2538,31,9.2,11.02,34,32,Worn,High,5,No,60,"50,001–80,000"
V00490,Hatchback,6,107216,89,1852,42,15.9,12.08,37,51,Worn,Low,10,Yes,90,"80,001+"
V00491,Sedan,9,47032,101,2542,33,13.6,12.64,38,78,Critical,High,10,No,30,"10,001–25,000"
V00492,Hatchback,10,124666,102,1532,32,13.7,11.85,37,100,Moderate,High,3,Yes,60,"50,001–80,000"
V00493,Truck,1,86833,109,2298,44,14.0,11.54,40,51,Good,Low,12,No,70,"50,001–80,000"
V00494,Sedan,15,61337,88,2821,34,19.7,11.06,44,71,Critical,Low,1,No,70,"50,001–80,000"
V00495,Hatchback,5,150620,104,1682,44,18.8,11.97,31,80,Good,Medium,1,No,80,"80,001+"
V00496,Hatchback,6,101351,85,2837,44,7.1,12.87,39,104,Good,Low,9,Yes,90,"80,001+"
V00497,SUV,13,181021,86,2525,24,9.5,11.05,33,110,Good,Medium,1,No,70,"50,001–80,000"
V00498,Hatchback,6,162439,86,1526,41,17.4,11.94,32,43,Critical,High,2,Yes,60,"50,001–80,000"
V00499,Sedan,12,131394,93,1533,28,8.9,11.26,36,107,Moderate,Low,9,No,60,"50,001–80,000"
V00500,SUV,14,166896,85,2266,39,11.8,12.57,33,89,Critical,Medium,1,No,70,"50,001–80,000"
V00501,SUV,8,124948,97,1892,24,19.8,12.43,34,82,Critical,Low,11,Yes,50,"25,001–50,000"
V00502,Truck,9,100661,100,1591,40,17.9,11.54,38,99,Moderate,High,1,Yes,80,"80,001+"
V00503,SUV,3,19803,95,2790,30,16.0,11.99,32,89,Worn,Low,7,No,100,"80,001+"
V00504,Hatchback,10,10193,97,2455,20,10.8,12.27,41,52,Good,High,5,Yes,60,"50,001–80,000"
V00505,Truck,13,79344,87,1513,27,18.0,12.15,43,103,Moderate,High,3,No,50,"25,001–50,000"
V00506,Hatchback,5,128312,98,1614,21,6.7,12.25,37,90,Worn,High,10,Yes,50,"25,001–50,000"
V00507,Sedan,7,179542,110,1703,44,19.7,12.54,34,57,Worn,Medium,1,No,80,"80,001+"
V00508,Sedan,4,118590,91,1678,24,14.7,11.27,31,58,Moderate,Low,11,Yes,70,"50,001–80,000"
V00509,Hatchback,12,40057,93,2748,30,12.6,12.61,40,65,Worn,Low,10,Yes,80,"80,001+"
V00510,Sedan,11,178903,85,2598,24,18.2,12.09,42,32,Moderate,Low,11,Yes,60,"50,001–80,000"
V00511,SUV,7,76383,110,2515,48,8.8,12.48,35,42,Worn,High,7,No,60,"50,001–80,000"
V00512,Sedan,3,166575,91,2813,23,6.3,11.41,32,80,Worn,High,11,No,50,"25,001–50,000"
V00513,Sedan,1,6149,89,1689,29,12.7,11.82,40,62,Worn,Low,3,Yes,80,"80,001+"
V00514,Hatchback,10,79446,107,2058,49,14.5,11.58,30,65,Good,High,12,Yes,50,"25,001–50,000"
V00515,Sedan,11,176707,106,2395,41,12.9,12.44,43,63,Worn,Medium,7,Yes,70,"50,001–80,000"
V00516,Sedan,10,86945,109,1988,42,18.6,11.06,41,61,Moderate,High,1,No,60,"50,001–80,000"
V00517,Hatchback,8,181377,100,1621,39,18.1,12.09,32,101,Good,Low,9,Yes,90,"80,001+"
V00518,Truck,14,126664,107,2169,47,9.6,12.61,43,110,Good,High,12,Yes,40,"25,001–50,000"
V00519,Sedan,13,95004,95,2542,44,14.7,12.27,45,44,Good,High,7,No,70,"50,001–80,000"
V00520,SUV,4,81941,87,1886,49,8.5,12.47,44,48,Good,Low,9,Yes,90,"80,001+"
V00521,Hatchback,9,24622,85,2601,33,14.2,12.93,43,52,Critical,Low,5,No,80,"80,001+"
V00522,SUV,13,169370,109,2023,43,17.6,11.58,41,76,Critical,Low,4,No,50,"25,001–50,000"
V00523,Hatchback,6,9457,90,1701,20,17.5,12.45,42,105,Worn,Medium,2,Yes,80,"80,001+"
V00524,SUV,2,103460,88,2478,34,16.9,12.43,34,58,Good,Low,8,Yes,100,"80,001+"
V00525,SUV,12,5741,90,1564,36,6.6,12.14,39,60,Moderate,High,6,Yes,70,"50,001–80,000"
V00526,Truck,4,162319,102,2557,36,13.1,11.17,41,55,Worn,Medium,1,Yes,80,"80,001+"
V00527,Truck,7,52774,85,2538,49,17.3,12.62,37,42,Moderate,Medium,7,No,100,"80,001+"
V00528,Truck,1,166501,90,2866,26,15.0,12.65,33,108,Good,Medium,11,Yes,70,"50,001–80,000"
V00529,Sedan,15,110158,107,2077,23,19.5,12.99,45,80,Good,High,12,Yes,20,"10,001–25,000"
V00530,Truck,3,34959,110,2182,22,5.8,12.44,40,72,Good,Medium,8,Yes,60,"50,001–80,000"
V00531,Hatchback,14,17973,86,2146,38,7.9,12.97,38,106,Worn,Medium,1,No,90,"80,001+"
V00532,Sedan,6,63513,99,2168,48,14.6,11.35,31,44,Worn,High,11,No,70,"50,001–80,000"
V00533,SUV,11,129859,97,2406,31,11.1,11.64,30,103,Moderate,Medium,12,Yes,80,"80,001+"
V00534,Hatchback,2,163802,88,2813,35,18.3,12.41,43,51,Good,Low,9,Yes,90,"80,001+"
V00535,Truck,6,156413,107,2418,44,11.3,12.31,36,58,Moderate,Medium,7,Yes,80,"80,001+"
V00536,Sedan,15,126815,91,1849,32,8.4,12.71,42,36,Critical,Medium,5,Yes,70,"50,001–80,000"
V00537,Truck,9,173018,108,2153,26,14.9,12.76,44,34,Critical,High,7,No,20,"10,001–25,000"
V00538,SUV,15,136162,86,2792,26,8.7,11.94,38,56,Good,Medium,10,No,60,"50,001–80,000"
V00539,Hatchback,13,50220,89,1818,42,14.6,11.13,43,96,Worn,Medium,9,Yes,80,"80,001+"
V00540,SUV,15,159810,93,2219,33,14.5,12.94,31,58,Good,Low,8,No,90,"80,001+"
V00541,Truck,11,158525,90,1904,39,7.1,12.72,40,86,Moderate,Low,5,No,90,"80,001+"
V00542,Hatchback,14,144852,93,2308,27,15.7,12.38,41,97,Good,Medium,1,No,70,"50,001–80,000"
V00543,Hatchback,15,34591,86,2449,34,11.6,11.01,43,53,Worn,Low,5,No,90,"80,001+"
V00544,SUV,1,30124,101,2073,46,17.7,12.34,39,106,Moderate,High,4,Yes,60,"50,001–80,000"
V00545,Hatchback,5,34326,95,1829,49,14.2,12.51,45,82,Worn,High,9,No,70,"50,001–80,000"
V00546,Hatchback,15,6923,88,1688,29,19.2,12.34,41,109,Good,Medium,4,Yes,70,"50,001–80,000"
V00547,Hatchback,15,10295,91,1952,40,8.9,11.9,42,58,Critical,Low,1,No,70,"50,001–80,000"
V00548,Sedan,12,147173,88,2818,36,13.9,12.03,31,83,Worn,Medium,11,No,80,"80,001+"
V00549,SUV,11,36160,85,2971,43,7.9,11.23,41,86,Moderate,High,8,Yes,70,"50,001–80,000"
V00550,SUV,14,163190,101,2280,45,19.7,12.43,30,77,Worn,Low,5,Yes,70,"50,001–80,000"
V00551,Hatchback,8,167584,93,2507,25,19.9,12.97,39,63,Worn,Low,12,No,70,"50,001–80,000"
V00552,Sedan,5,183792,95,2339,29,8.1,12.32,35,84,Critical,Low,7,Yes,60,"50,001–80,000"
V00553,SUV,10,18118,92,2197,37,10.4,12.99,42,99,Good,High,9,No,70,"50,001–80,000"
V00554,Sedan,14,33148,93,2637,44,5.6,11.44,38,74,Good,Low,3,Yes,90,"80,001+"
V00555,Sedan,5,42702,87,2989,34,10.6,11.64,44,57,Good,Medium,11,Yes,90,"80,001+"
V00556,Truck,6,31891,102,1928,30,15.5,12.31,35,92,Worn,Medium,12,No,70,"50,001–80,000"
V00557,Sedan,4,35370,105,2990,32,10.0,12.1,45,106,Moderate,High,2,Yes,60,"50,001–80,000"
V00558,Truck,6,78144,97,2148,40,6.8,12.91,33,74,Good,Low,10,Yes,90,"80,001+"
V00559,Truck,1,126458,108,2487,29,14.7,12.12,37,74,Good,High,3,Yes,40,"25,001–50,000"
V00560,Sedan,5,71026,107,1656,32,17.2,12.32,40,95,Critical,Medium,9,Yes,50,"25,001–50,000"
V00561,SUV,10,186879,90,2796,26,10.5,11.9,33,33,Good,Medium,5,Yes,80,"80,001+"
V00562,Sedan,4,13974,90,2892,32,6.2,11.65,41,55,Worn,Medium,7,Yes,100,"80,001+"
V00563,Truck,3,113250,94,2732,45,13.4,12.33,32,82,Critical,High,2,Yes,60,"50,001–80,000"
V00564,Sedan,3,38773,95,1968,32,10.6,12.91,35,51,Good,Low,2,Yes,100,"80,001+"
V00565,SUV,6,187486,105,1542,44,7.7,12.24,32,86,Critical,High,5,No,40,"25,001–50,000"
V00566,Truck,1,171783,97,2038,47,7.8,12.77,35,41,Worn,Low,6,No,100,"80,001+"
V00567,Truck,15,188651,85,1535,35,12.4,12.25,38,104,Critical,Low,4,No,70,"50,001–80,000"
V00568,Sedan,7,62750,106,2221,49,14.2,12.18,34,71,Critical,Medium,2,Yes,60,"50,001–80,000"
V00569,Hatchback,5,103100,96,2403,50,7.4,11.72,32,46,Good,High,2,No,80,"80,001+"
V00570,Hatchback,7,119304,87,2335,45,14.8,11.91,37,31,Worn,High,2,No,80,"80,001+"
V00571,SUV,9,183201,103,2347,43,17.5,11.54,34,95,Moderate,Medium,2,No,80,"80,001+"
V00572,Sedan,3,51827,103,2831,39,18.4,11.65,35,32,Critical,Medium,2,Yes,60,"50,001–80,000"
V00573,Hatchback,12,80328,108,2955,25,11.1,11.87,45,108,Worn,Low,7,No,50,"25,001–50,000"
V00574,Sedan,7,72931,87,2204,22,9.9,11.24,37,83,Critical,Low,10,Yes,50,"25,001–50,000"
V00575,Sedan,9,127109,94,1995,40,13.5,12.89,36,54,Good,Medium,8,No,100,"80,001+"
V00576,SUV,11,197662,92,2355,22,6.3,12.61,31,61,Good,High,6,No,50,"25,001–50,000"
V00577,Sedan,8,8437,92,2402,42,19.0,12.56,32,81,Good,High,6,No,80,"80,001+"
V00578,SUV,2,186096,92,1671,46,14.2,11.53,40,91,Moderate,Medium,6,No,100,"80,001+"
V00579,SUV,12,164828,89,2408,32,5.7,11.29,44,96,Critical,High,4,Yes,50,"25,001–50,000"
V00580,SUV,2,77546,102,2567,21,17.1,12.55,40,56,Good,Medium,7,Yes,60,"50,001–80,000"
V00581,Sedan,3,9338,103,1661,43,18.1,12.41,31,42,Critical,High,7,Yes,40,"25,001–50,000"
V00582,Truck,13,141726,86,1860,47,17.7,11.5,44,83,Worn,Low,7,No,90,"80,001+"
V00583,Truck,12,193499,108,1510,38,5.0,12.15,39,48,Worn,Low,3,No,70,"50,001–80,000"
V00584,Hatchback,5,43545,107,1594,20,5.2,12.86,43,84,Critical,High,6,Yes,20,"10,001–25,000"
V00585,Hatchback,2,172788,95,2439,45,18.8,12.83,32,94,Good,Low,2,No,100,"80,001+"
V00586,Truck,5,60202,105,1846,40,14.9,11.46,33,109,Good,Medium,5,Yes,80,"80,001+"
V00587,Sedan,11,196848,91,1557,29,5.2,11.05,42,91,Worn,High,5,No,50,"25,001–50,000"
V00588,Hatchback,13,134461,99,2511,35,6.6,11.2,41,71,Moderate,Low,3,No,90,"80,001+"
V00589,SUV,6,54905,101,2890,39,15.3,12.24,36,34,Worn,Medium,9,Yes,70,"50,001–80,000"
V00590,Sedan,2,101521,102,2299,44,12.8,12.94,33,77,Critical,Low,2,Yes,60,"50,001–80,000"
V00591,Hatchback,12,64622,99,2842,30,7.1,11.93,34,108,Moderate,Low,9,No,80,"80,001+"
V00592,Hatchback,5,68977,98,1505,33,12.2,12.76,38,94,Good,High,7,No,80,"80,001+"
V00593,Hatchback,14,5527,110,1987,49,17.0,11.38,31,41,Worn,Medium,6,No,70,"50,001–80,000"
V00594,Sedan,6,112857,89,2023,35,11.9,11.4,40,78,Good,Low,3,No,100,"80,001+"
V00595,Truck,3,196743,108,2680,30,5.5,11.36,34,85,Worn,Low,12,No,70,"50,001–80,000"
V00596,Hatchback,6,178123,93,2869,38,13.0,12.19,35,44,Critical,Low,9,Yes,70,"50,001–80,000"
V00597,Truck,6,152441,89,1718,21,16.4,12.28,30,38,Moderate,High,8,No,60,"50,001–80,000"
V00598,Hatchback,14,141077,98,2609,31,14.4,11.49,32,52,Good,Low,9,No,80,"80,001+"
V00599,Hatchback,11,182238,87,2946,34,8.6,12.81,41,30,Critical,Low,2,Yes,70,"50,001–80,000"
V00600,Truck,8,82879,89,1525,46,5.1,11.66,45,99,Good,Low,1,Yes,100,"80,001+"
V00601,Truck,15,179597,107,2523,34,5.2,12.44,33,45,Worn,Medium,8,Yes,70,"50,001–80,000"
V00602,Truck,5,13679,85,1610,23,10.0,12.66,32,71,Good,Low,8,No,80,"80,001+"
V00603,SUV,7,31659,102,2920,21,7.7,12.71,35,51,Good,High,12,Yes,30,"10,001–25,000"
V00604,Hatchback,2,194506,98,2171,44,9.3,12.88,42,48,Moderate,Medium,2,Yes,100,"80,001+"
V00605,SUV,4,35322,98,2218,34,12.4,11.62,40,73,Moderate,Medium,11,Yes,90,"80,001+"
V00606,Truck,10,179084,104,2839,32,13.8,12.6,31,89,Critical,Low,6,Yes,60,"50,001–80,000"
V00607,Hatchback,7,57216,99,2925,21,7.6,11.69,34,70,Critical,Medium,1,No,60,"50,001–80,000"
V00608,Hatchback,1,190243,95,1578,37,13.8,12.48,32,60,Critical,Low,7,Yes,80,"80,001+"
V00609,SUV,15,95308,88,1916,29,19.6,12.45,44,32,Worn,Low,8,No,70,"50,001–80,000"
V00610,Sedan,5,137104,103,2979,23,9.2,12.67,38,41,Good,Medium,5,Yes,60,"50,001–80,000"
V00611,Truck,7,148143,94,2590,30,13.5,12.82,34,36,Critical,Low,2,No,80,"80,001+"
V00612,SUV,1,191658,96,2364,32,17.0,11.23,35,39,Worn,Low,3,Yes,100,"80,001+"
V00613,Sedan,9,62741,98,2546,47,6.1,11.95,44,43,Critical,Low,5,No,80,"80,001+"
V00614,SUV,4,83510,110,2821,42,6.6,11.23,33,90,Critical,Low,2,Yes,60,"50,001–80,000"
V00615,SUV,15,85115,108,1707,25,10.0,11.07,33,105,Moderate,Medium,6,Yes,50,"25,001–50,000"
V00616,Hatchback,8,188907,100,2108,36,13.0,12.64,33,36,Moderate,High,8,No,80,"80,001+"
V00617,Truck,13,21008,109,1725,31,17.1,11.3,38,53,Critical,High,10,Yes,20,"10,001–25,000"
V00618,Sedan,13,190378,91,1719,21,18.0,11.18,31,69,Good,Low,10,No,60,"50,001–80,000"
V00619,Truck,14,160046,87,2150,24,19.7,11.23,41,53,Moderate,Medium,6,No,70,"50,001–80,000"
V00620,SUV,1,87841,106,1530,35,16.9,11.85,33,48,Critical,Low,12,No,50,"25,001–50,000"
V00621,Truck,1,21388,87,2842,34,13.4,12.49,45,51,Good,High,4,No,80,"80,001+"
V00622,Truck,13,75697,101,1794,34,8.3,12.57,43,68,Critical,High,7,No,30,"10,001–25,000"
V00623,Hatchback,4,125781,100,2527,39,15.3,11.37,40,88,Critical,Low,5,No,80,"80,001+"
V00624,Sedan,5,70715,92,2188,35,19.2,12.81,31,106,Worn,Low,10,No,90,"80,001+"
V00625,Truck,14,123827,106,1985,46,10.0,12.63,45,63,Moderate,Low,9,Yes,60,"50,001–80,000"
V00626,Sedan,9,40169,87,2874,42,18.8,11.43,44,101,Moderate,Medium,11,No,90,"80,001+"
V00627,Truck,3,65173,99,1745,21,13.6,11.77,37,91,Worn,High,10,Yes,50,"25,001–50,000"
V00628,Sedan,6,162715,92,2933,22,14.4,12.54,32,85,Moderate,Medium,4,Yes,80,"80,001+"
V00629,Truck,5,56237,110,1655,24,19.0,12.82,33,52,Worn,High,5,No,40,"25,001–50,000"
V00630,Truck,14,37230,104,2548,38,9.2,12.26,43,86,Moderate,Medium,7,No,70,"50,001–80,000"
V00631,Truck,10,183849,97,1906,31,17.2,11.27,34,77,Worn,Low,5,No,100,"80,001+"
V00632,Truck,15,169600,98,2729,47,9.5,12.39,33,38,Critical,High,11,No,40,"25,001–50,000"
V00633,Truck,9,132905,92,2842,20,10.2,12.54,38,105,Moderate,High,10,No,50,"25,001–50,000"
V00634,SUV,11,120543,109,2339,24,19.9,12.69,41,84,Worn,Low,9,Yes,40,"25,001–50,000"
V00635,Truck,2,5996,100,2693,25,7.5,11.72,40,70,Worn,High,11,Yes,50,"25,001–50,000"
V00636,Sedan,2,92085,106,1640,47,9.6,11.77,37,78,Critical,Medium,4,No,60,"50,001–80,000"
V00637,Hatchback,8,172057,109,1528,25,7.4,11.49,36,67,Good,High,7,No,40,"25,001–50,000"
V00638,SUV,6,147050,92,2055,32,10.6,11.19,39,79,Critical,High,5,Yes,60,"50,001–80,000"
V00639,Hatchback,13,101896,93,1871,30,5.4,12.93,35,77,Moderate,Medium,11,Yes,80,"80,001+"
V00640,Sedan,5,147940,109,2229,20,12.2,11.16,41,95,Moderate,Medium,5,Yes,60,"50,001–80,000"
V00641,Truck,6,190840,97,1844,23,6.3,11.38,37,76,Worn,High,8,Yes,60,"50,001–80,000"
V00642,Sedan,13,11644,85,2924,46,16.1,11.12,34,58,Moderate,Low,3,No,90,"80,001+"
V00643,Hatchback,5,34009,104,1977,41,15.1,12.74,43,79,Critical,Medium,4,No,60,"50,001–80,000"
V00644,Truck,2,35411,93,2386,49,15.2,11.68,38,56,Moderate,Low,9,No,90,"80,001+"
V00645,Truck,13,181149,98,1686,21,9.6,12.94,42,83,Worn,Medium,8,Yes,70,"50,001–80,000"
V00646,Truck,10,131416,87,2174,25,8.4,11.82,42,51,Good,Low,5,Yes,80,"80,001+"
V00647,SUV,3,18819,103,2844,48,9.1,11.95,43,62,Good,High,1,No,60,"50,001–80,000"
V00648,Sedan,2,178208,108,2333,28,17.9,11.87,42,53,Moderate,Medium,3,Yes,60,"50,001–80,000"
V00649,Hatchback,12,10138,102,2210,48,15.0,12.73,40,79,Good,Low,2,Yes,70,"50,001–80,000"
V00650,Hatchback,12,142318,92,1941,31,9.8,12.18,33,66,Good,Low,11,Yes,80,"80,001+"
V00651,Hatchback,12,170574,86,2581,24,5.1,12.77,34,97,Critical,Medium,10,No,40,"25,001–50,000"
V00652,Truck,3,194430,109,2943,30,6.7,11.36,31,76,Worn,Medium,9,Yes,70,"50,001–80,000"
V00653,Sedan,6,165107,86,2267,26,16.1,12.13,44,87,Moderate,Low,10,Yes,70,"50,001–80,000"
V00654,SUV,10,85292,86,2164,35,13.9,12.73,36,75,Good,Medium,5,No,100,"80,001+"
V00655,Hatchback,11,90944,97,1559,20,16.6,12.94,40,43,Worn,High,6,No,50,"25,001–50,000"
V00656,Hatchback,10,195164,86,1537,20,19.9,12.66,40,86,Moderate,Medium,7,No,80,"80,001+"
V00657,Hatchback,11,134913,104,1655,40,14.0,12.58,45,78,Moderate,High,7,No,50,"25,001–50,000"
V00658,SUV,13,160138,97,1993,49,17.4,11.77,37,39,Good,High,7,No,70,"50,001–80,000"
V00659,Sedan,12,152901,90,1514,46,6.1,11.48,44,95,Worn,Medium,6,Yes,90,"80,001+"
V00660,Truck,7,125751,91,1920,43,15.2,12.62,38,75,Moderate,Low,3,No,100,"80,001+"
V00661,Hatchback,3,95513,108,1727,26,13.0,11.14,33,56,Good,High,10,Yes,30,"10,001–25,000"
V00662,Sedan,15,10525,109,2012,28,20.0,11.12,36,110,Critical,High,12,Yes,0,"0–10,000"
V00663,SUV,9,24123,89,1822,28,19.2,11.61,33,71,Good,Low,10,Yes,70,"50,001–80,000"
V00664,Hatchback,15,99551,101,1939,50,8.0,11.09,34,82,Worn,Medium,9,Yes,60,"50,001–80,000"
V00665,Truck,2,114960,104,1934,25,17.3,12.13,37,54,Critical,Low,5,No,40,"25,001–50,000"
V00666,Hatchback,15,29530,99,1899,47,18.7,12.05,32,58,Moderate,Medium,7,Yes,90,"80,001+"
V00667,Sedan,7,193610,102,2722,30,5.5,12.39,39,76,Moderate,Low,7,Yes,80,"80,001+"
V00668,Hatchback,3,67814,91,1563,32,7.6,11.27,30,66,Moderate,High,6,No,80,"80,001+"
V00669,Hatchback,14,94283,92,2749,27,13.6,11.13,40,38,Good,Low,3,No,70,"50,001–80,000"
V00670,Sedan,11,98049,87,2960,47,7.6,12.26,35,65,Worn,Low,11,Yes,80,"80,001+"
V00671,Truck,15,105370,105,2707,40,12.9,11.27,33,85,Good,Medium,12,Yes,60,"50,001–80,000"
V00672,Truck,3,187312,103,2071,25,5.2,12.87,43,39,Moderate,High,7,Yes,40,"25,001–50,000"
V00673,Sedan,12,17529,101,1501,47,13.7,12.39,37,34,Moderate,Medium,1,No,70,"50,001–80,000"
V00674,SUV,14,22196,108,2310,34,9.1,11.11,38,75,Worn,Low,4,Yes,70,"50,001–80,000"
V00675,Hatchback,13,112854,105,2082,36,10.5,11.94,32,53,Good,Low,9,No,60,"50,001–80,000"
V00676,Hatchback,10,7280,85,2985,38,9.5,12.35,38,110,Critical,Low,11,Yes,70,"50,001–80,000"
V00677,SUV,15,165989,91,2381,45,8.1,12.43,42,52,Good,Medium,7,Yes,90,"80,001+"
V00678,Hatchback,4,31954,98,1569,20,13.2,11.02,44,39,Worn,Low,1,Yes,80,"80,001+"
V00679,SUV,14,127733,87,2451,35,10.5,12.78,32,87,Moderate,High,10,Yes,60,"50,001–80,000"
V00680,Truck,14,131284,99,2979,39,19.6,12.85,30,92,Critical,Low,10,No,60,"50,001–80,000"
V00681,Hatchback,11,132232,99,2818,42,17.5,11.28,38,63,Worn,Low,4,Yes,90,"80,001+"
V00682,SUV,4,161385,88,2870,27,17.3,11.38,36,69,Critical,High,3,Yes,40,"25,001–50,000"
V00683,Hatchback,12,97744,86,2785,42,14.3,12.96,31,86,Moderate,Low,5,Yes,90,"80,001+"
V00684,Truck,7,51191,102,2025,35,7.6,12.15,30,58,Worn,Low,10,No,70,"50,001–80,000"
V00685,SUV,1,80202,108,2526,42,11.7,11.57,44,93,Critical,Medium,12,Yes,50,"25,001–50,000"
V00686,Hatchback,9,14026,89,2449,23,6.0,11.32,37,51,Critical,High,9,No,30,"10,001–25,000"
V00687,SUV,10,129532,101,1814,43,13.7,12.01,35,31,Critical,Low,1,Yes,60,"50,001–80,000"
V00688,Sedan,8,71371,89,2856,38,14.5,11.91,44,87,Critical,High,9,Yes,50,"25,001–50,000"
V00689,Hatchback,2,82372,104,2834,34,7.1,11.18,45,46,Good,Medium,2,Yes,80,"80,001+"
V00690,SUV,1,69649,97,2299,49,18.8,12.06,33,91,Critical,Low,4,Yes,80,"80,001+"
V00691,Truck,14,57186,88,2687,36,7.8,12.29,30,33,Worn,Low,2,No,90,"80,001+"
V00692,Truck,4,49236,96,2666,24,19.4,12.19,40,36,Moderate,Low,5,Yes,80,"80,001+"
V00693,Sedan,10,16432,91,2374,50,5.2,11.4,32,77,Critical,Low,2,Yes,80,"80,001+"
V00694,Truck,2,117286,104,2847,38,15.4,11.77,33,97,Critical,High,6,No,40,"25,001–50,000"
V00695,Hatchback,8,165353,90,1788,27,5.5,11.0,43,90,Worn,Low,11,No,70,"50,001–80,000"
V00696,SUV,15,88298,105,1883,44,6.4,11.23,40,62,Critical,Medium,7,Yes,50,"25,001–50,000"
V00697,Truck,9,132878,107,1841,47,7.1,11.37,39,65,Good,High,11,Yes,50,"25,001–50,000"
V00698,SUV,9,159880,107,2283,34,18.8,12.16,36,71,Worn,High,8,Yes,60,"50,001–80,000"
V00699,SUV,15,36380,104,1603,42,6.3,12.79,44,83,Good,High,6,Yes,50,"25,001–50,000"
V00700,Sedan,4,80734,104,2164,33,5.1,12.29,31,94,Moderate,Low,10,No,70,"50,001–80,000"
V00701,Hatchback,2,20479,95,2528,37,8.3,11.92,31,72,Good,Low,10,Yes,90,"80,001+"
V00702,SUV,12,171462,87,2608,34,16.9,12.82,31,66,Moderate,Low,12,No,80,"80,001+"
V00703,Hatchback,7,180879,106,2878,22,15.0,11.75,37,36,Critical,Low,1,No,40,"25,001–50,000"
V00704,Hatchback,1,95161,99,2530,36,7.9,11.39,45,76,Critical,Medium,11,Yes,70,"50,001–80,000"
V00705,Sedan,5,109193,98,2413,25,13.0,11.23,34,30,Good,Medium,5,Yes,80,"80,001+"
V00706,Truck,14,11861,106,1744,27,17.9,12.57,43,66,Worn,Low,3,Yes,50,"25,001–50,000"
V00707,Truck,1,75410,107,1628,50,17.9,11.37,39,103,Moderate,High,12,Yes,50,"25,001–50,000"
V00708,Truck,11,159979,98,1985,32,6.0,12.97,39,70,Critical,High,11,Yes,40,"25,001–50,000"
V00709,Truck,1,39408,98,2233,26,5.9,11.51,37,67,Critical,Medium,2,No,60,"50,001–80,000"
V00710,Sedan,6,101386,95,2949,45,15.5,12.45,41,62,Worn,Medium,11,No,90,"80,001+"
V00711,SUV,10,6967,103,2168,45,11.8,11.15,40,79,Critical,High,3,No,40,"25,001–50,000"
V00712,Truck,12,17227,98,2973,22,14.6,11.84,39,44,Critical,Medium,8,No,50,"25,001–50,000"
V00713,Sedan,6,125645,85,1864,44,13.2,12.41,44,83,Moderate,Low,1,Yes,100,"80,001+"
V00714,Truck,2,18608,100,2237,35,9.2,12.5,37,91,Moderate,Medium,4,Yes,100,"80,001+"
V00715,Hatchback,7,86927,109,1635,43,7.9,11.44,42,35,Moderate,Medium,2,Yes,80,"80,001+"
V00716,SUV,11,141782,94,2661,35,7.6,11.25,32,80,Moderate,Medium,2,Yes,90,"80,001+"
V00717,Sedan,2,6409,108,2571,39,17.7,11.9,44,110,Good,High,9,No,50,"25,001–50,000"
V00718,SUV,8,21125,90,2385,40,16.3,12.36,37,86,Critical,Low,1,Yes,80,"80,001+"
V00719,Truck,1,174869,92,1706,29,9.5,12.73,44,99,Moderate,Low,3,Yes,80,"80,001+"
V00720,Hatchback,12,148934,102,2481,36,16.7,12.46,30,65,Moderate,Low,4,No,70,"50,001–80,000"
V00721,SUV,14,49306,98,2337,38,10.0,11.25,40,41,Moderate,High,4,No,70,"50,001–80,000"
V00722,Sedan,8,36596,89,2109,48,6.9,11.29,32,83,Good,Medium,5,Yes,100,"80,001+"
V00723,Sedan,15,103303,89,1851,27,19.5,11.88,39,108,Worn,High,8,No,50,"25,001–50,000"
V00724,Truck,10,45064,93,2197,24,10.1,11.78,38,106,Worn,Medium,8,No,80,"80,001+"
V00725,Hatchback,5,177406,85,2184,27,8.2,12.58,34,75,Moderate,Medium,5,Yes,80,"80,001+"
V00726,Sedan,7,182623,99,2808,44,12.9,12.08,38,99,Worn,Medium,1,Yes,100,"80,001+"
V00727,Sedan,1,183295,109,2409,25,18.8,12.63,41,84,Worn,Medium,6,No,60,"50,001–80,000"
V00728,Truck,3,129742,106,2643,34,8.3,11.15,30,65,Critical,High,1,Yes,40,"25,001–50,000"
V00729,Truck,8,24354,105,2021,24,17.0,11.67,38,91,Critical,Medium,9,No,30,"10,001–25,000"
V00730,Hatchback,6,65284,87,2902,35,6.5,12.66,44,103,Good,Medium,9,No,90,"80,001+"
V00731,SUV,6,94561,96,2414,44,11.2,11.92,38,88,Moderate,Medium,4,Yes,100,"80,001+"
V00732,SUV,13,152613,102,1547,36,16.7,12.62,31,85,Critical,Medium,5,Yes,50,"25,001–50,000"
V00733,Hatchback,7,40022,95,1878,31,5.7,11.49,31,37,Worn,Medium,8,No,100,"80,001+"
V00734,SUV,11,142943,101,1505,41,11.7,12.67,38,59,Worn,Low,12,No,60,"50,001–80,000"
V00735,Hatchback,12,20947,95,2333,25,17.8,12.23,45,48,Good,Medium,11,Yes,60,"50,001–80,000"
V00736,SUV,10,107070,99,3000,46,16.2,11.64,39,88,Worn,High,11,Yes,70,"50,001–80,000"
V00737,Sedan,15,190779,96,2636,28,6.2,11.09,35,32,Critical,High,8,No,30,"10,001–25,000"
V00738,SUV,2,19482,91,2644,41,11.4,12.59,37,99,Moderate,Medium,2,No,100,"80,001+"
V00739,Sedan,6,36587,95,2807,35,10.6,11.15,39,75,Good,Low,11,Yes,90,"80,001+"
V00740,SUV,13,61410,89,2496,29,15.8,11.2,39,110,Good,Low,11,No,60,"50,001–80,000"
V00741,SUV,6,180207,93,2097,20,13.4,12.31,31,106,Worn,Medium,8,Yes,80,"80,001+"
V00742,Hatchback,2,80402,102,1833,24,16.4,11.22,39,65,Worn,Medium,6,Yes,60,"50,001–80,000"
V00743,Sedan,3,136893,101,1985,33,16.9,12.85,32,55,Good,High,5,Yes,60,"50,001–80,000"
V00744,Hatchback,9,189286,85,2861,36,7.1,12.75,35,34,Moderate,High,4,Yes,80,"80,001+"
V00745,Hatchback,8,110172,106,1547,22,13.7,12.12,40,37,Worn,High,12,No,30,"10,001–25,000"
V00746,Hatchback,3,26104,105,2365,30,6.0,11.0,33,69,Good,Low,4,Yes,80,"80,001+"
V00747,SUV,13,20839,88,2384,40,13.7,12.73,36,77,Worn,Medium,12,Yes,80,"80,001+"
V00748,Truck,6,51439,85,1514,20,16.4,12.33,30,65,Moderate,High,1,No,60,"50,001–80,000"
V00749,Truck,1,23778,100,2641,49,10.7,12.16,37,94,Moderate,High,8,Yes,80,"80,001+"
V00750,Sedan,15,57086,98,2528,25,15.4,12.45,37,42,Critical,Medium,10,Yes,40,"25,001–50,000"
V00751,Hatchback,15,186673,106,2397,34,11.5,11.59,31,93,Moderate,Low,7,Yes,70,"50,001–80,000"
V00752,SUV,9,29874,99,1754,44,7.2,11.7,32,38,Critical,High,11,Yes,50,"25,001–50,000"
V00753,Truck,8,77436,89,2646,28,15.7,12.9,35,74,Critical,High,1,Yes,40,"25,001–50,000"
V00754,SUV,4,33516,101,2191,29,9.0,12.97,32,104,Worn,Medium,8,No,60,"50,001–80,000"
V00755,Hatchback,10,15148,95,1916,22,18.6,11.6,30,67,Critical,High,12,Yes,30,"10,001–25,000"
V00756,SUV,8,67907,96,2446,29,16.8,11.28,32,55,Worn,High,3,Yes,60,"50,001–80,000"
V00757,Hatchback,4,67230,95,1500,34,17.7,11.21,32,36,Worn,Low,3,No,100,"80,001+"
V00758,Sedan,10,13585,103,2236,32,19.3,11.41,37,94,Worn,High,9,No,50,"25,001–50,000"
V00759,Hatchback,9,179031,90,2325,32,16.9,11.35,38,82,Moderate,Medium,1,Yes,100,"80,001+"
V00760,Hatchback,9,93687,109,2768,29,6.7,12.2,36,60,Worn,Medium,4,Yes,60,"50,001–80,000"
V00761,Sedan,11,87655,105,2362,49,17.7,11.44,33,105,Critical,Low,1,Yes,50,"25,001–50,000"
V00762,Hatchback,7,12658,86,2831,41,15.8,11.01,30,104,Worn,Low,11,Yes,90,"80,001+"
V00763,Sedan,11,6188,87,2825,39,11.2,11.65,41,101,Moderate,Medium,4,No,90,"80,001+"
V00764,Hatchback,15,175302,105,2005,31,15.0,12.58,39,73,Moderate,High,11,No,40,"25,001–50,000"
V00765,SUV,11,16664,95,2536,28,8.8,11.19,35,106,Good,High,6,No,50,"25,001–50,000"
V00766,Truck,12,159560,109,2260,20,7.3,11.4,43,110,Moderate,Low,5,No,50,"25,001–50,000"
V00767,Sedan,3,71736,98,2257,36,15.0,11.26,33,34,Worn,High,1,Yes,80,"80,001+"
V00768,Truck,9,148069,97,2367,39,6.4,11.58,41,37,Good,Medium,3,No,100,"80,001+"
V00769,Sedan,2,91348,101,2857,27,15.9,12.31,45,33,Critical,Low,3,No,40,"25,001–50,000"
V00770,SUV,5,43803,109,2072,25,12.7,11.64,34,54,Moderate,Low,5,Yes,60,"50,001–80,000"
V00771,SUV,9,94788,89,1786,42,5.6,12.37,33,89,Worn,High,3,Yes,80,"80,001+"
V00772,Hatchback,15,133218,88,2123,46,7.9,11.33,43,77,Good,Medium,2,Yes,90,"80,001+"
V00773,Hatchback,14,105804,107,2567,33,18.7,11.59,35,106,Critical,Low,6,No,50,"25,001–50,000"
V00774,SUV,1,58798,88,2348,48,7.4,11.56,45,103,Critical,Low,5,No,80,"80,001+"
V00775,Hatchback,6,85931,103,1862,25,16.1,12.55,35,79,Critical,Low,4,No,40,"25,001–50,000"
V00776,Hatchback,5,124681,106,1697,22,9.2,12.29,33,103,Good,Medium,6,No,60,"50,001–80,000"
V00777,Hatchback,1,133919,101,2159,22,7.8,11.11,33,67,Moderate,High,1,No,40,"25,001–50,000"
V00778,SUV,10,118810,85,1963,32,8.1,11.31,39,32,Good,High,7,No,80,"80,001+"
V00779,Sedan,15,181570,87,2147,32,10.5,11.85,30,52,Good,High,4,No,70,"50,001–80,000"
V00780,Truck,9,111179,98,2043,27,17.4,11.19,34,57,Moderate,Low,5,Yes,80,"80,001+"
V00781,Sedan,4,152186,102,2339,37,15.8,12.55,36,40,Good,High,4,Yes,60,"50,001–80,000"
V00782,Hatchback,4,179212,102,2109,26,13.2,11.67,31,103,Critical,Medium,5,Yes,40,"25,001–50,000"
V00783,Hatchback,4,184556,85,2004,26,6.4,11.36,45,60,Worn,High,3,No,60,"50,001–80,000"
V00784,Hatchback,2,63242,102,2376,30,18.3,11.26,43,61,Critical,Low,11,No,50,"25,001–50,000"
V00785,Sedan,11,194478,85,1880,27,8.1,12.43,34,64,Critical,High,7,No,30,"10,001–25,000"
V00786,Sedan,4,62381,94,2214,20,17.6,11.72,40,85,Moderate,Low,5,No,80,"80,001+"
V00787,SUV,7,141622,107,1660,43,7.5,11.71,30,55,Critical,Low,10,No,50,"25,001–50,000"
V00788,Sedan,7,190650,92,2870,50,16.5,11.01,44,82,Critical,Low,6,No,80,"80,001+"
V00789,SUV,13,178891,88,1978,39,9.2,11.99,35,46,Moderate,Low,2,No,90,"80,001+"
V00790,SUV,2,125953,104,1803,38,14.3,12.8,42,61,Good,High,11,No,50,"25,001–50,000"
V00791,SUV,4,122573,107,2692,38,16.4,12.87,38,52,Worn,Low,9,Yes,70,"50,001–80,000"
V00792,Hatchback,6,64301,91,1595,45,13.2,12.09,31,58,Good,High,5,Yes,80,"80,001+"
V00793,Truck,13,84646,102,2788,44,14.2,11.83,43,89,Critical,Low,2,No,50,"25,001–50,000"
V00794,SUV,9,187731,92,2549,30,15.6,11.69,38,52,Good,High,8,No,80,"80,001+"
V00795,Truck,7,8263,100,2717,21,6.2,11.12,36,70,Critical,Medium,6,Yes,60,"50,001–80,000"
V00796,SUV,12,7719,98,2775,26,18.5,12.55,30,88,Worn,High,2,No,50,"25,001–50,000"
V00797,SUV,10,114273,104,1767,27,12.6,12.13,44,87,Moderate,Medium,11,No,50,"25,001–50,000"
V00798,SUV,12,136457,87,2519,49,8.9,12.49,40,35,Critical,Low,9,No,60,"50,001–80,000"
V00799,Truck,15,117939,98,2004,26,8.8,12.38,31,81,Good,Low,10,No,60,"50,001–80,000"
V00800,Truck,1,50683,103,2881,48,12.2,11.77,37,80,Good,Medium,4,Yes,80,"80,001+"
V00801,Truck,15,178720,91,2332,40,17.8,11.86,44,73,Good,Low,5,Yes,90,"80,001+"
V00802,Sedan,6,162650,110,2356,25,17.8,11.41,40,63,Moderate,High,3,No,40,"25,001–50,000"
V00803,Truck,15,177196,107,2765,23,17.5,12.44,39,55,Worn,Low,8,Yes,50,"25,001–50,000"
V00804,Hatchback,4,88144,101,2996,30,18.6,12.75,33,42,Moderate,Low,3,No,80,"80,001+"
V00805,Sedan,9,122607,97,1540,22,9.6,11.64,41,109,Moderate,Low,10,No,70,"50,001–80,000"
V00806,Sedan,5,151475,109,2209,36,16.4,11.75,38,41,Moderate,Low,2,Yes,80,"80,001+"
V00807,Hatchback,10,170773,99,1775,27,17.1,12.24,34,54,Good,Low,1,No,80,"80,001+"
V00808,SUV,9,6703,101,2199,30,19.3,12.63,37,63,Worn,High,3,No,60,"50,001–80,000"
V00809,Sedan,10,41320,110,2400,35,18.2,11.27,40,110,Moderate,Low,4,Yes,80,"80,001+"
V00810,Truck,11,105890,95,2398,29,10.0,12.06,38,52,Moderate,Medium,6,No,70,"50,001–80,000"
V00811,SUV,7,131236,94,2919,44,7.5,11.56,39,100,Good,Low,4,Yes,100,"80,001+"
V00812,SUV,1,170889,90,2305,42,17.7,11.63,35,48,Good,Low,9,Yes,90,"80,001+"
V00813,SUV,14,75022,89,1620,49,8.4,12.77,43,58,Moderate,Medium,10,Yes,80,"80,001+"
V00814,SUV,5,16146,100,2452,28,6.4,11.65,33,37,Moderate,High,8,Yes,60,"50,001–80,000"
V00815,Hatchback,11,75649,103,1717,33,17.0,12.47,43,89,Critical,Low,9,Yes,40,"25,001–50,000"
V00816,Truck,8,165613,105,2809,36,5.7,11.04,30,61,Moderate,High,10,No,50,"25,001–50,000"
V00817,Sedan,4,194245,100,1502,35,15.5,11.05,41,55,Moderate,Low,1,Yes,100,"80,001+"
V00818,Sedan,12,150242,106,1508,23,7.8,12.87,43,94,Critical,Low,4,Yes,30,"10,001–25,000"
V00819,Truck,5,78493,106,1791,41,18.8,12.87,44,40,Worn,Low,4,No,80,"80,001+"
V00820,SUV,4,79902,95,2909,29,12.5,11.75,43,39,Worn,Medium,8,No,80,"80,001+"
V00821,Hatchback,1,13495,86,2763,29,19.9,12.99,35,56,Moderate,High,11,No,50,"25,001–50,000"
V00822,Sedan,1,119366,103,2961,36,6.2,11.9,36,59,Good,Medium,8,Yes,80,"80,001+"
V00823,Truck,8,154980,104,2579,25,14.9,11.07,36,104,Worn,High,7,No,40,"25,001–50,000"
V00824,Sedan,4,178160,109,1984,24,6.7,11.35,41,83,Good,Medium,7,Yes,60,"50,001–80,000"
V00825,Truck,5,115913,89,2090,31,12.3,12.2,35,57,Moderate,High,6,No,80,"80,001+"
V00826,Hatchback,10,123745,95,2504,39,9.0,11.55,37,76,Good,High,2,Yes,80,"80,001+"
V00827,SUV,14,176397,105,2966,37,6.8,11.36,30,88,Critical,Low,3,Yes,50,"25,001–50,000"
V00828,SUV,6,48918,90,2576,29,9.8,12.8,37,74,Worn,Low,3,Yes,80,"80,001+"
V00829,Sedan,5,166198,102,2709,50,9.4,12.46,43,62,Worn,Medium,3,No,80,"80,001+"
V00830,Truck,9,74588,110,2325,24,8.1,12.79,43,87,Critical,High,7,No,20,"10,001–25,000"
V00831,Truck,4,91583,106,2001,21,7.4,12.08,30,74,Critical,High,5,Yes,20,"10,001–25,000"
V00832,Truck,3,5939,110,2607,32,8.7,12.28,40,97,Worn,Low,5,No,80,"80,001+"
V00833,Sedan,9,187738,90,2589,29,10.6,11.59,32,34,Critical,Low,6,Yes,60,"50,001–80,000"
V00834,Truck,8,121716,104,2988,42,19.5,12.0,32,46,Moderate,Medium,4,Yes,80,"80,001+"
V00835,Truck,14,164153,108,1505,49,6.8,12.24,38,84,Critical,Low,11,No,40,"25,001–50,000"
V00836,Truck,7,41081,93,2057,21,5.2,11.61,31,94,Worn,Medium,2,Yes,80,"80,001+"
V00837,Hatchback,6,43586,97,1742,32,19.1,11.06,43,92,Worn,Low,9,No,90,"80,001+"
V00838,Sedan,11,139220,105,2413,21,17.0,11.49,31,89,Worn,Low,5,Yes,50,"25,001–50,000"
V00839,SUV,2,22980,89,2978,42,13.5,11.02,39,40,Critical,High,8,Yes,60,"50,001–80,000"
V00840,Sedan,9,166647,86,2312,49,14.9,11.85,39,49,Critical,Medium,8,Yes,80,"80,001+"
V00841,SUV,1,169399,90,1520,23,14.1,11.15,34,83,Worn,Medium,1,Yes,80,"80,001+"
V00842,SUV,3,157607,85,2971,41,14.0,11.98,43,42,Good,Medium,3,Yes,100,"80,001+"
V00843,Hatchback,11,180141,95,1672,33,6.1,11.08,43,84,Good,High,7,No,70,"50,001–80,000"
V00844,SUV,10,9405,98,2431,22,16.0,12.27,32,73,Critical,Medium,11,Yes,50,"25,001–50,000"
V00845,Sedan,7,117041,86,1575,23,12.0,12.31,42,89,Good,Low,8,Yes,80,"80,001+"
V00846,Sedan,12,12884,100,2218,44,6.3,12.98,38,100,Worn,Medium,1,Yes,90,"80,001+"
V00847,Sedan,14,81363,92,2113,22,11.6,12.79,37,105,Good,Medium,4,No,70,"50,001–80,000"
V00848,Sedan,6,11962,98,2679,24,7.9,11.64,33,78,Moderate,Low,1,No,80,"80,001+"
V00849,Truck,5,18469,110,2890,28,9.2,11.87,31,55,Critical,Medium,12,No,30,"10,001–25,000"
V00850,Sedan,14,126590,93,1736,46,12.2,12.54,36,67,Worn,Medium,1,Yes,90,"80,001+"
V00851,Hatchback,9,61172,90,2441,44,8.3,12.24,38,56,Good,Medium,3,Yes,100,"80,001+"
V00852,Hatchback,11,84617,92,1945,27,15.4,11.57,36,73,Worn,Low,1,No,70,"50,001–80,000"
V00853,Sedan,8,8156,105,2051,34,10.3,11.63,32,60,Worn,Low,5,Yes,80,"80,001+"
V00854,Sedan,2,58244,104,2272,20,11.8,11.17,36,35,Worn,High,12,No,30,"10,001–25,000"
V00855,Truck,5,193127,105,1670,48,13.7,11.5,43,49,Good,Low,9,Yes,70,"50,001–80,000"
V00856,Sedan,13,52553,100,2515,26,6.0,11.87,42,61,Worn,Low,12,Yes,60,"50,001–80,000"
V00857,Truck,5,14544,101,2628,21,18.0,11.65,44,96,Worn,High,7,No,40,"25,001–50,000"
V00858,Truck,2,12850,99,2260,47,12.4,11.49,36,50,Moderate,Low,2,Yes,100,"80,001+"
V00859,SUV,1,46388,91,2739,34,6.5,12.48,36,33,Worn,Low,10,No,90,"80,001+"
V00860,SUV,15,106899,86,2544,41,11.3,11.95,45,30,Critical,High,8,No,50,"25,001–50,000"
V00861,Truck,6,82152,100,2987,31,13.3,11.89,36,87,Worn,High,5,Yes,80,"80,001+"
V00862,SUV,11,101649,101,2253,50,7.3,11.34,36,52,Critical,Medium,5,No,50,"25,001–50,000"
V00863,Hatchback,7,83214,87,1943,48,12.7,12.84,32,48,Critical,High,10,No,50,"25,001–50,000"
V00864,Hatchback,3,50812,86,2971,43,8.1,12.33,43,33,Critical,High,7,Yes,60,"50,001–80,000"
V00865,SUV,4,101904,89,2320,47,16.0,12.12,37,92,Moderate,High,7,No,80,"80,001+"
V00866,Hatchback,7,107489,101,2618,50,8.9,12.28,40,67,Moderate,High,3,Yes,60,"50,001–80,000"
V00867,SUV,9,16145,87,1614,23,9.6,11.95,33,66,Good,Low,2,No,80,"80,001+"
V00868,Hatchback,10,186260,88,2483,44,13.6,11.13,45,70,Worn,High,4,No,80,"80,001+"
V00869,SUV,1,15120,92,2438,34,14.3,12.08,33,58,Moderate,Medium,3,No,100,"80,001+"
V00870,SUV,14,7353,106,2186,38,14.5,11.15,42,100,Worn,High,10,No,40,"25,001–50,000"
V00871,Truck,4,115954,103,2307,39,17.2,11.6,32,107,Moderate,Medium,1,Yes,80,"80,001+"
V00872,Hatchback,4,19967,93,1612,33,12.1,12.46,42,98,Moderate,Low,3,Yes,100,"80,001+"
V00873,Truck,15,43367,102,2340,40,14.0,12.35,37,60,Moderate,Low,7,Yes,70,"50,001–80,000"
V00874,Truck,7,53955,96,2810,20,13.8,11.56,42,108,Moderate,Low,3,No,80,"80,001+"
V00875,Hatchback,15,51305,95,2068,24,12.9,12.53,41,109,Moderate,Low,7,Yes,70,"50,001–80,000"
V00876,Sedan,2,89095,109,2303,26,17.2,11.49,32,89,Worn,Low,10,No,50,"25,001–50,000"
V00877,Hatchback,9,61500,90,1735,20,6.0,12.76,34,46,Worn,Medium,3,No,80,"80,001+"
V00878,Sedan,13,190569,90,2232,23,5.5,12.47,34,47,Critical,Medium,2,Yes,50,"25,001–50,000"
V00879,Truck,3,131688,103,2759,46,5.9,12.7,34,56,Critical,Medium,7,Yes,60,"50,001–80,000"
V00880,Hatchback,2,188980,95,1666,21,13.2,12.81,42,79,Critical,High,4,No,40,"25,001–50,000"
V00881,Truck,6,178835,85,1815,20,7.7,12.94,36,48,Good,Medium,11,No,70,"50,001–80,000"
V00882,Truck,4,24655,87,1553,48,11.2,11.8,39,45,Moderate,Medium,8,No,100,"80,001+"
V00883,Truck,8,147341,89,1791,37,8.9,11.32,39,95,Moderate,Low,6,No,100,"80,001+"
V00884,Sedan,6,24054,94,1898,34,15.9,12.69,40,69,Good,Medium,4,No,100,"80,001+"
V00885,SUV,12,78799,91,2075,48,5.2,11.98,33,66,Critical,High,5,No,50,"25,001–50,000"
V00886,Hatchback,5,124950,101,2227,32,7.5,11.81,32,42,Worn,Low,9,Yes,70,"50,001–80,000"
V00887,SUV,14,148557,106,2840,42,9.4,12.95,33,47,Worn,Medium,8,Yes,70,"50,001–80,000"
V00888,SUV,5,58431,104,2310,45,12.3,12.87,39,109,Critical,High,6,Yes,40,"25,001–50,000"
V00889,Truck,2,93575,110,2539,21,7.4,12.54,34,89,Good,Medium,3,No,60,"50,001–80,000"
V00890,Sedan,3,135100,101,1625,32,11.4,11.25,39,41,Worn,High,12,No,50,"25,001–50,000"
V00891,SUV,9,42044,91,2383,22,19.7,12.8,44,56,Moderate,Medium,1,Yes,80,"80,001+"
V00892,SUV,11,11481,87,2546,33,9.7,11.02,41,87,Moderate,High,2,No,70,"50,001–80,000"
V00893,SUV,5,14131,101,2214,47,18.1,11.52,44,92,Good,Low,8,No,80,"80,001+"
V00894,Truck,11,58965,97,2002,39,13.7,11.69,33,107,Good,High,10,No,60,"50,001–80,000"
V00895,Sedan,14,147947,107,2393,48,5.5,12.96,39,91,Worn,Low,8,Yes,70,"50,001–80,000"
V00896,Hatchback,1,25223,106,2259,22,6.6,12.14,33,79,Worn,High,9,No,30,"10,001–25,000"
V00897,Hatchback,10,32138,92,2146,22,19.4,11.37,36,41,Worn,Medium,8,No,80,"80,001+"
V00898,Hatchback,8,8728,109,1714,36,6.2,12.2,43,32,Worn,Low,1,Yes,80,"80,001+"
V00899,SUV,2,116606,91,2431,34,19.8,11.03,31,88,Critical,Low,2,No,80,"80,001+"
V00900,SUV,4,137125,106,1844,24,6.3,12.41,30,92,Worn,Low,2,Yes,60,"50,001–80,000"
V00901,Truck,4,161497,107,1545,48,13.5,12.43,37,62,Critical,Medium,5,Yes,60,"50,001–80,000"
V00902,SUV,3,126071,90,1609,40,14.9,12.26,34,77,Moderate,Medium,4,Yes,100,"80,001+"
V00903,Truck,1,40530,94,2108,43,18.6,11.2,37,108,Worn,Medium,5,Yes,100,"80,001+"
V00904,Truck,7,192496,106,1895,45,10.7,12.31,38,110,Moderate,Low,8,Yes,80,"80,001+"
V00905,Truck,5,11892,106,2044,22,19.8,11.43,35,44,Critical,Medium,5,No,40,"25,001–50,000"
V00906,Hatchback,13,154547,104,2240,50,9.7,12.81,33,109,Moderate,Medium,3,No,70,"50,001–80,000"
V00907,Sedan,6,120883,95,2422,33,13.6,11.18,40,74,Worn,High,5,No,80,"80,001+"
V00908,Hatchback,8,131920,85,2060,22,17.8,11.51,41,95,Good,High,10,No,50,"25,001–50,000"
V00909,Hatchback,13,139994,100,2653,32,14.8,12.16,40,106,Critical,Medium,9,Yes,60,"50,001–80,000"
V00910,SUV,12,172050,107,2913,44,16.2,12.62,42,57,Critical,High,1,No,30,"10,001–25,000"
V00911,Hatchback,2,34701,110,1605,25,10.9,11.77,38,46,Worn,High,12,Yes,30,"10,001–25,000"
V00912,Sedan,8,126153,93,2580,35,10.2,11.83,42,85,Moderate,High,8,Yes,80,"80,001+"
V00913,Hatchback,8,191838,99,2302,47,15.4,12.85,40,92,Moderate,High,10,Yes,70,"50,001–80,000"
V00914,Sedan,15,143014,89,1972,41,7.6,11.66,34,34,Moderate,Low,8,No,90,"80,001+"
V00915,Sedan,4,188696,104,2653,20,11.8,12.24,35,37,Moderate,High,1,Yes,40,"25,001–50,000"
V00916,Truck,12,118033,97,2749,23,9.0,12.28,34,79,Critical,Medium,7,Yes,50,"25,001–50,000"
V00917,Hatchback,10,185758,85,1857,44,11.7,12.64,38,98,Critical,High,10,Yes,50,"25,001–50,000"
V00918,Hatchback,5,169987,94,2273,33,11.7,12.36,45,107,Worn,Medium,4,No,100,"80,001+"
V00919,Hatchback,9,172303,108,2850,46,20.0,11.13,41,60,Critical,High,12,Yes,30,"10,001–25,000"
V00920,Truck,4,156388,85,1683,38,6.5,12.47,44,87,Worn,High,7,No,80,"80,001+"
V00921,SUV,4,30402,86,2366,34,18.9,12.32,31,32,Critical,Medium,12,No,70,"50,001–80,000"
V00922,Sedan,5,196751,95,2194,32,7.5,11.95,35,58,Worn,High,11,No,70,"50,001–80,000"
V00923,SUV,14,194948,101,2511,25,5.6,12.35,34,100,Critical,Medium,1,No,30,"10,001–25,000"
V00924,SUV,7,194503,97,1808,39,9.2,12.43,41,67,Moderate,High,7,No,80,"80,001+"
V00925,SUV,3,194469,90,1600,25,18.5,11.8,30,54,Critical,Medium,1,Yes,60,"50,001–80,000"
V00926,Sedan,6,26461,104,1698,49,13.0,11.11,36,57,Critical,Medium,7,No,60,"50,001–80,000"
V00927,Hatchback,9,153403,110,2588,41,7.1,12.9,44,43,Critical,Medium,8,No,60,"50,001–80,000"
V00928,SUV,8,68648,102,2830,41,10.3,12.21,35,91,Critical,High,1,Yes,40,"25,001–50,000"
V00929,Hatchback,13,195170,89,2991,31,9.4,12.97,34,35,Worn,High,11,Yes,60,"50,001–80,000"
V00930,Hatchback,2,32339,100,1777,28,5.9,12.47,41,97,Good,High,1,No,60,"50,001–80,000"
V00931,Truck,14,87513,85,2124,29,9.8,12.21,38,67,Worn,High,9,No,40,"25,001–50,000"
V00932,Sedan,7,139056,101,1597,48,10.7,11.43,36,75,Moderate,Medium,5,Yes,80,"80,001+"
V00933,Truck,4,199860,102,2366,38,16.0,12.99,32,39,Worn,High,5,Yes,60,"50,001–80,000"
V00934,Hatchback,14,94952,94,2565,24,7.4,11.37,40,43,Critical,High,11,Yes,20,"10,001–25,000"
V00935,Sedan,6,102506,93,1775,28,12.6,12.89,40,76,Good,High,8,Yes,60,"50,001–80,000"
V00936,Hatchback,10,171693,96,2826,35,10.2,11.7,42,108,Moderate,High,7,No,80,"80,001+"
V00937,SUV,6,192172,97,1856,26,15.8,11.4,38,41,Critical,Low,7,Yes,60,"50,001–80,000"
V00938,SUV,1,97799,91,2761,43,12.3,11.52,37,110,Good,High,11,Yes,70,"50,001–80,000"
V00939,Truck,9,162162,107,2309,34,18.8,12.5,35,81,Worn,Medium,10,Yes,70,"50,001–80,000"
V00940,SUV,12,82943,92,1570,31,11.6,12.49,30,88,Moderate,High,8,No,70,"50,001–80,000"
V00941,SUV,8,125567,95,1911,22,15.6,12.03,36,81,Critical,High,6,Yes,40,"25,001–50,000"
V00942,SUV,8,116057,94,1877,45,15.3,12.31,34,108,Critical,Medium,3,Yes,80,"80,001+"
V00943,Sedan,13,72079,90,1845,38,12.2,12.62,39,73,Good,Medium,1,Yes,90,"80,001+"
V00944,Hatchback,14,132571,98,1542,24,15.6,12.18,40,39,Worn,Medium,3,Yes,70,"50,001–80,000"
V00945,Sedan,8,158042,89,2750,46,5.5,11.13,38,64,Worn,High,9,Yes,70,"50,001–80,000"
V00946,Hatchback,8,191669,90,2774,36,14.8,12.21,36,100,Good,Low,11,Yes,90,"80,001+"
V00947,Sedan,2,58221,88,2833,47,12.3,12.02,35,104,Worn,Low,8,No,100,"80,001+"
V00948,Truck,2,36019,104,2265,30,8.2,12.07,39,50,Good,Medium,4,No,80,"80,001+"
V00949,SUV,6,149120,93,1593,22,15.2,11.12,31,70,Good,Medium,1,No,80,"80,001+"
V00950,Hatchback,1,37025,96,2436,22,19.3,12.04,37,97,Worn,Low,6,Yes,80,"80,001+"
V00951,Sedan,5,41555,92,2440,43,12.8,11.43,38,34,Good,High,3,Yes,80,"80,001+"
V00952,SUV,8,92546,92,2365,20,10.7,12.13,35,57,Good,Medium,2,Yes,80,"80,001+"
V00953,Hatchback,9,53470,105,2015,27,19.8,12.25,40,73,Worn,Medium,6,Yes,60,"50,001–80,000"
V00954,Truck,11,195708,90,2000,48,9.3,11.26,37,35,Moderate,Low,10,Yes,80,"80,001+"
V00955,Sedan,9,76774,89,2602,37,17.0,12.76,38,62,Critical,Low,9,No,70,"50,001–80,000"
V00956,Truck,7,135660,87,2709,21,11.2,11.29,31,50,Moderate,Medium,8,Yes,80,"80,001+"
V00957,Truck,1,46787,97,2197,41,19.5,12.22,33,56,Good,Medium,6,No,100,"80,001+"
V00958,Truck,11,44351,108,2833,28,14.5,12.07,30,40,Good,Low,10,No,40,"25,001–50,000"
V00959,Sedan,1,6009,93,2273,45,9.4,11.34,35,86,Good,Low,11,No,90,"80,001+"
V00960,Truck,12,40603,109,2577,29,19.4,12.36,30,83,Worn,Medium,2,No,50,"25,001–50,000"
V00961,Sedan,3,107503,105,1793,45,5.9,12.37,37,87,Critical,High,12,Yes,30,"10,001–25,000"
V00962,Sedan,4,104108,88,2215,43,8.5,12.55,42,110,Moderate,Low,8,No,100,"80,001+"
V00963,Truck,12,164674,94,1835,28,6.7,11.79,32,86,Good,Low,2,No,70,"50,001–80,000"
V00964,SUV,15,17656,90,1506,27,17.1,11.56,36,100,Moderate,Medium,2,No,70,"50,001–80,000"
V00965,SUV,3,60172,88,2555,42,5.5,11.52,43,69,Worn,Low,1,Yes,100,"80,001+"
V00966,SUV,5,153786,101,2274,40,19.9,12.66,45,75,Critical,Medium,4,No,60,"50,001–80,000"
V00967,Sedan,2,177655,109,2738,36,18.5,12.1,31,60,Critical,Medium,5,No,60,"50,001–80,000"
V00968,Sedan,4,157409,103,1968,48,6.6,12.45,30,32,Good,Medium,10,Yes,70,"50,001–80,000"
V00969,SUV,3,163581,96,2984,26,9.2,11.85,30,51,Critical,Low,12,Yes,50,"25,001–50,000"
V00970,SUV,2,71591,92,1786,27,12.8,11.03,41,90,Good,Low,5,Yes,80,"80,001+"
V00971,Truck,15,83829,89,2197,34,16.4,11.72,42,53,Critical,High,5,No,50,"25,001–50,000"
V00972,Sedan,7,60204,88,2933,49,19.1,12.01,32,58,Good,Medium,3,Yes,100,"80,001+"
V00973,Hatchback,4,131229,94,2768,21,13.6,11.25,39,30,Critical,Medium,6,Yes,60,"50,001–80,000"
V00974,SUV,12,79706,98,2681,46,9.5,12.53,40,75,Critical,Low,10,No,60,"50,001–80,000"
V00975,Sedan,10,50207,85,2302,40,12.2,12.41,33,63,Good,Medium,5,Yes,100,"80,001+"
V00976,Truck,10,83738,107,1563,38,5.2,11.99,31,31,Good,Medium,6,Yes,80,"80,001+"
V00977,Truck,14,187270,88,2915,48,7.1,12.92,40,105,Moderate,Low,3,No,90,"80,001+"
V00978,SUV,15,196962,86,1804,39,7.8,12.89,35,57,Moderate,Low,12,No,80,"80,001+"
V00979,Sedan,13,111534,94,1543,38,14.2,11.24,38,82,Moderate,Low,11,Yes,80,"80,001+"
V00980,SUV,11,151981,99,2585,47,7.3,12.27,37,66,Moderate,Medium,11,No,80,"80,001+"
V00981,Hatchback,11,87406,104,2534,44,6.3,11.87,44,40,Good,Medium,6,Yes,70,"50,001–80,000"
V00982,SUV,8,134499,110,2319,43,5.9,11.22,45,35,Good,High,5,Yes,60,"50,001–80,000"
V00983,Hatchback,13,178691,89,2494,20,11.6,11.62,44,99,Worn,Medium,12,Yes,60,"50,001–80,000"
V00984,Truck,9,69213,88,1644,38,7.3,11.56,32,83,Worn,High,3,Yes,80,"80,001+"
V00985,Sedan,3,22316,87,2763,24,9.0,12.21,36,32,Moderate,High,12,Yes,50,"25,001–50,000"
V00986,Hatchback,2,63204,94,2078,26,14.9,12.01,31,68,Worn,Low,11,No,70,"50,001–80,000"
V00987,Hatchback,11,159009,89,2485,33,6.5,12.03,38,66,Moderate,Medium,2,Yes,90,"80,001+"
V00988,Truck,9,118541,86,2642,43,12.5,11.8,39,68,Worn,Low,8,No,100,"80,001+"
V00989,SUV,9,182832,106,1879,20,6.5,12.2,36,36,Good,Medium,1,Yes,60,"50,001–80,000"
V00990,SUV,6,109217,97,2113,28,14.8,12.82,42,75,Critical,High,3,Yes,40,"25,001–50,000"
V00991,Sedan,1,142741,93,2416,32,16.1,11.6,33,64,Worn,Low,6,No,100,"80,001+"
V00992,Truck,13,33513,98,2429,30,18.3,11.57,39,103,Moderate,Low,1,No,90,"80,001+"
V00993,Truck,10,144945,109,2698,23,12.5,11.98,42,31,Moderate,High,6,Yes,40,"25,001–50,000"
V00994,Hatchback,13,175562,109,2954,38,15.4,11.31,37,61,Worn,High,6,No,50,"25,001–50,000"
V00995,Truck,7,79466,93,2563,32,14.3,12.11,37,62,Good,High,5,Yes,80,"80,001+"
V00996,Truck,2,137228,100,2285,29,18.9,11.09,37,88,Moderate,Low,11,Yes,70,"50,001–80,000"
V00997,Hatchback,5,47381,95,2335,38,19.4,11.56,33,76,Worn,Low,10,No,90,"80,001+"
V00998,Hatchback,12,132315,86,1537,44,12.2,11.98,31,72,Worn,High,8,Yes,70,"50,001–80,000"
V00999,Sedan,10,64254,95,2819,32,14.8,12.83,43,110,Worn,High,4,Yes,80,"80,001+"
V01000,SUV,10,15882,107,2466,44,5.6,11.29,35,83,Critical,Low,1,No,60,"50,001–80,000"
V01001,Truck,13,148567,86,1802,23,19.6,12.98,38,70,Good,High,10,Yes,40,"25,001–50,000"
V01002,SUV,9,165384,98,1636,49,19.2,11.26,34,107,Worn,Low,11,Yes,90,"80,001+"
V01003,Truck,6,164056,89,1709,39,8.0,11.65,41,99,Moderate,Low,2,No,100,"80,001+"
V01004,Sedan,1,73361,95,1983,44,10.8,12.84,36,87,Worn,High,10,No,70,"50,001–80,000"
V01005,Hatchback,3,159357,90,2607,26,10.1,11.86,42,105,Critical,Low,6,Yes,60,"50,001–80,000"
V01006,Hatchback,2,68938,89,2132,24,10.2,12.98,36,106,Worn,Medium,8,No,80,"80,001+"
V01007,Hatchback,9,82865,88,2878,48,19.8,11.57,33,48,Worn,High,10,Yes,70,"50,001–80,000"
V01008,SUV,4,42892,96,2214,46,5.0,12.57,33,103,Moderate,Low,1,Yes,100,"80,001+"
V01009,Sedan,6,190698,99,1970,36,15.2,12.24,43,61,Moderate,Medium,9,Yes,90,"80,001+"
V01010,SUV,11,140212,100,2963,21,18.1,11.79,34,56,Critical,Low,4,No,50,"25,001–50,000"
V01011,SUV,8,117229,99,2021,38,11.7,11.32,43,90,Good,High,5,Yes,80,"80,001+"
V01012,Hatchback,2,141778,109,1604,33,17.7,11.91,37,83,Good,Low,4,Yes,80,"80,001+"
V01013,Truck,7,37687,109,1919,39,6.0,12.05,30,58,Moderate,Low,8,No,80,"80,001+"
V01014,Hatchback,14,191107,98,2900,20,12.6,12.14,44,57,Good,High,6,Yes,50,"25,001–50,000"
V01015,Sedan,5,76894,110,2174,40,13.1,11.36,43,103,Worn,High,2,Yes,60,"50,001–80,000"
V01016,Sedan,7,81868,98,2034,47,10.5,11.18,36,75,Good,High,8,No,80,"80,001+"
V01017,SUV,11,12570,91,1667,26,10.1,12.52,40,97,Critical,High,7,Yes,30,"10,001–25,000"
V01018,SUV,5,39577,93,2597,26,17.8,11.33,44,85,Worn,High,12,No,50,"25,001–50,000"
V01019,Sedan,10,104638,86,2419,25,10.9,12.17,35,88,Moderate,Medium,4,No,80,"80,001+"
V01020,Truck,4,115170,87,1974,43,6.1,11.59,34,37,Critical,Medium,10,Yes,70,"50,001–80,000"
V01021,SUV,6,21386,97,2591,30,19.1,12.72,39,66,Moderate,Low,4,No,100,"80,001+"
V01022,Sedan,8,118246,85,2350,26,8.9,11.01,38,63,Moderate,Low,12,Yes,70,"50,001–80,000"
V01023,Hatchback,4,73501,97,1513,49,15.1,12.23,44,107,Good,Low,3,Yes,100,"80,001+"
V01024,Hatchback,5,24643,98,2126,29,16.5,12.61,32,42,Critical,High,2,No,40,"25,001–50,000"
V01025,SUV,9,184436,110,1618,34,12.8,12.3,31,85,Critical,High,7,No,40,"25,001–50,000"
V01026,Truck,2,107327,99,2563,36,12.0,12.64,37,30,Moderate,High,2,Yes,80,"80,001+"
V01027,Truck,9,177523,87,1888,36,14.9,12.38,38,94,Worn,Medium,11,No,90,"80,001+"
V01028,Sedan,2,71073,107,2194,38,13.3,12.87,37,56,Critical,High,8,Yes,40,"25,001–50,000"
V01029,Sedan,12,19314,94,2625,25,7.2,12.31,32,61,Moderate,Medium,3,No,70,"50,001–80,000"
V01030,Hatchback,5,101622,106,2996,43,15.9,11.89,32,50,Critical,Low,2,No,60,"50,001–80,000"
V01031,Sedan,11,68283,96,2706,32,17.6,12.94,31,45,Good,Low,5,No,90,"80,001+"
V01032,Sedan,7,64751,89,2282,34,8.5,12.94,45,69,Good,High,5,Yes,80,"80,001+"
V01033,SUV,4,83807,94,2022,20,7.1,12.84,41,48,Good,Medium,10,Yes,70,"50,001–80,000"
V01034,SUV,3,183868,87,1908,28,12.7,12.29,38,92,Worn,Low,1,No,80,"80,001+"
V01035,Hatchback,11,52718,106,1814,33,11.0,11.54,31,65,Good,High,10,Yes,40,"25,001–50,000"
V01036,Truck,15,150784,92,2121,31,7.1,11.86,34,37,Good,High,7,Yes,70,"50,001–80,000"
V01037,SUV,14,27519,92,2251,50,9.8,12.68,44,86,Good,Low,12,Yes,80,"80,001+"
V01038,Sedan,9,127329,85,2255,30,15.3,12.19,30,44,Good,Medium,8,No,100,"80,001+"
V01039,SUV,13,83781,109,2208,48,12.3,12.59,38,101,Moderate,Low,12,No,60,"50,001–80,000"
V01040,Truck,4,47248,93,1976,42,19.7,12.56,32,108,Moderate,High,2,No,80,"80,001+"
V01041,Truck,9,123461,109,1936,49,9.1,12.42,44,88,Critical,Medium,11,No,50,"25,001–50,000"
V01042,Truck,6,175491,104,2710,28,14.3,12.28,36,33,Good,Medium,10,No,50,"25,001–50,000"
V01043,SUV,10,184449,108,1512,22,14.7,12.05,41,38,Moderate,High,5,No,40,"25,001–50,000"
V01044,Hatchback,12,70240,108,2818,30,8.3,12.97,45,103,Moderate,High,6,Yes,50,"25,001–50,000"
V01045,SUV,2,195543,90,2354,48,13.6,11.15,39,64,Good,High,3,Yes,80,"80,001+"
V01046,SUV,13,126732,99,1793,37,8.3,11.57,37,65,Moderate,High,6,No,70,"50,001–80,000"
V01047,Truck,3,121065,91,2284,21,14.3,11.02,40,99,Moderate,Medium,11,No,70,"50,001–80,000"
V01048,SUV,10,197060,86,2982,25,10.3,11.24,37,53,Good,Low,4,Yes,80,"80,001+"
V01049,Sedan,7,24444,110,2183,41,15.5,11.39,38,73,Worn,Low,10,No,70,"50,001–80,000"
V01050,SUV,6,46025,109,2110,44,7.1,11.31,43,98,Critical,Low,9,Yes,50,"25,001–50,000"
V01051,Hatchback,7,112128,99,2449,38,5.4,11.83,34,42,Good,Low,11,Yes,90,"80,001+"
V01052,SUV,4,199917,110,1767,50,10.0,12.01,38,30,Good,Medium,10,No,70,"50,001–80,000"
V01053,Sedan,7,169857,105,2602,44,15.2,12.87,44,34,Moderate,Low,8,No,80,"80,001+"
V01054,Sedan,1,141406,101,2365,29,13.5,11.5,36,104,Good,High,6,Yes,40,"25,001–50,000"
V01055,Sedan,2,107141,85,2309,46,17.2,12.34,33,38,Good,Medium,6,No,100,"80,001+"
V01056,Sedan,13,26936,91,2478,28,17.6,11.41,40,58,Good,Medium,6,Yes,70,"50,001–80,000"
V01057,Hatchback,13,67925,98,2442,44,7.0,12.32,31,42,Good,High,9,No,60,"50,001–80,000"
V01058,SUV,5,62171,107,1971,32,11.3,12.17,30,76,Moderate,Low,8,Yes,80,"80,001+"
V01059,Hatchback,14,59609,89,2250,37,6.6,12.14,43,83,Worn,High,12,Yes,60,"50,001–80,000"
V01060,Hatchback,14,6384,97,1624,24,9.8,12.66,41,32,Moderate,Low,2,No,70,"50,001–80,000"
V01061,Sedan,1,41133,99,2349,26,16.7,11.98,34,53,Good,Low,4,No,80,"80,001+"
V01062,Sedan,5,183631,87,2441,21,8.5,12.79,32,54,Good,Medium,1,No,80,"80,001+"
V01063,Hatchback,6,90882,95,2742,23,17.5,12.57,37,64,Good,Medium,12,No,70,"50,001–80,000"
V01064,Sedan,14,77222,103,1918,25,17.5,12.89,38,61,Good,High,4,No,30,"10,001–25,000"
V01065,Sedan,6,134676,105,2233,28,8.9,11.35,35,106,Critical,High,1,No,20,"10,001–25,000"
V01066,Sedan,7,40056,101,2365,25,7.6,11.41,42,103,Moderate,Low,9,Yes,50,"25,001–50,000"
V01067,Sedan,10,191989,104,2834,44,5.9,12.79,42,48,Moderate,Low,5,Yes,80,"80,001+"
V01068,Hatchback,11,135677,97,1590,31,7.4,12.41,33,39,Critical,Medium,3,Yes,70,"50,001–80,000"
V01069,Hatchback,10,77047,103,1579,44,16.3,12.97,44,78,Critical,Medium,7,No,60,"50,001–80,000"
V01070,SUV,8,17145,97,2893,47,13.8,12.23,35,46,Critical,Medium,12,Yes,70,"50,001–80,000"
V01071,Truck,7,178385,100,1658,45,18.0,12.57,39,44,Worn,Medium,11,No,90,"80,001+"
V01072,Hatchback,7,118651,92,1625,23,19.4,11.33,34,37,Worn,High,6,Yes,60,"50,001–80,000"
V01073,Hatchback,7,70866,107,2990,49,10.9,12.41,35,81,Worn,High,1,Yes,60,"50,001–80,000"
V01074,Hatchback,14,146700,102,1612,25,14.8,11.36,30,74,Good,High,9,No,20,"10,001–25,000"
V01075,Sedan,13,70794,100,2331,45,15.8,11.62,44,78,Good,Low,1,Yes,90,"80,001+"
V01076,SUV,3,72933,102,2411,37,14.4,12.94,45,64,Good,Low,9,No,70,"50,001–80,000"
V01077,Hatchback,2,146961,105,2310,43,10.4,12.76,33,85,Worn,High,7,Yes,60,"50,001–80,000"
V01078,Truck,12,118754,91,2904,36,10.8,11.08,41,66,Critical,High,11,Yes,40,"25,001–50,000"
V01079,Truck,14,188060,96,1633,24,10.5,11.99,45,69,Critical,Low,3,No,50,"25,001–50,000"
V01080,Truck,2,103093,86,2118,44,17.7,11.09,41,50,Good,High,7,Yes,80,"80,001+"
V01081,SUV,11,182530,96,2663,36,8.1,11.4,39,46,Worn,Low,1,Yes,90,"80,001+"
V01082,Sedan,5,28958,95,1668,49,7.2,12.71,41,48,Worn,Medium,3,No,100,"80,001+"
V01083,Sedan,14,36260,107,2381,24,15.8,11.36,43,45,Moderate,Low,4,Yes,50,"25,001–50,000"
V01084,Hatchback,8,94294,109,2447,37,8.4,12.39,35,32,Good,High,7,No,60,"50,001–80,000"
V01085,Hatchback,5,76698,93,2359,48,15.7,11.61,32,59,Moderate,Low,1,No,100,"80,001+"
V01086,Sedan,7,14727,97,1614,49,13.3,11.76,35,90,Critical,Medium,11,Yes,70,"50,001–80,000"
V01087,Truck,11,30434,101,2382,28,15.9,11.91,34,58,Good,Medium,7,No,50,"25,001–50,000"
V01088,SUV,8,185284,90,2911,26,6.5,12.05,39,81,Worn,High,8,No,60,"50,001–80,000"
V01089,Sedan,15,89774,108,2756,50,13.8,11.42,43,92,Good,Medium,11,No,60,"50,001–80,000"
V01090,Truck,9,165958,88,2937,44,5.2,11.31,40,49,Worn,High,3,Yes,80,"80,001+"
V01091,Hatchback,4,55308,101,2453,46,11.3,12.52,31,41,Critical,Medium,1,No,60,"50,001–80,000"
V01092,SUV,11,185953,98,1640,49,5.2,12.16,39,58,Worn,High,3,No,70,"50,001–80,000"
V01093,Sedan,10,31262,104,2423,30,9.5,11.32,33,64,Good,Low,3,No,80,"80,001+"
V01094,Sedan,1,6494,100,2318,22,9.4,11.32,34,69,Moderate,Low,1,Yes,80,"80,001+"
V01095,SUV,11,182734,97,1791,33,11.7,11.13,41,99,Good,Medium,9,Yes,80,"80,001+"
V01096,Sedan,15,132955,99,2858,45,17.3,12.75,42,62,Worn,Low,8,No,90,"80,001+"
V01097,SUV,13,160582,94,2163,49,9.6,12.25,42,77,Moderate,High,3,Yes,70,"50,001–80,000"
V01098,Hatchback,12,10615,86,2406,45,13.8,11.39,38,58,Critical,Low,2,Yes,70,"50,001–80,000"
V01099,Hatchback,10,128435,99,2309,49,9.9,12.53,39,76,Good,Medium,4,Yes,100,"80,001+"
V01100,Sedan,6,183541,90,2211,30,7.2,12.49,39,73,Worn,Medium,12,No,90,"80,001+"
V01101,Sedan,1,146366,94,2802,48,11.3,12.22,34,69,Worn,Low,1,No,100,"80,001+"
V01102,Sedan,14,82073,98,2335,22,16.9,11.45,34,108,Moderate,Medium,9,Yes,60,"50,001–80,000"
V01103,SUV,10,110556,107,2114,39,6.1,11.27,40,60,Moderate,Low,2,No,80,"80,001+"
V01104,Sedan,14,191259,110,2131,38,6.0,12.75,43,93,Worn,High,5,Yes,50,"25,001–50,000"
V01105,Sedan,15,148685,89,1954,43,18.4,11.95,40,32,Moderate,High,5,No,70,"50,001–80,000"
V01106,Hatchback,15,173724,97,2334,39,18.6,11.8,35,33,Critical,Medium,11,No,60,"50,001–80,000"
V01107,Truck,4,178410,108,2077,26,16.7,12.79,34,75,Worn,High,11,Yes,30,"10,001–25,000"
V01108,Truck,6,136610,97,2595,49,7.3,11.12,35,73,Critical,Low,9,Yes,70,"50,001–80,000"
V01109,Truck,12,58196,102,2325,29,7.6,12.09,33,79,Good,Medium,10,Yes,40,"25,001–50,000"
V01110,Hatchback,5,138988,90,2258,25,17.4,11.96,30,87,Critical,High,5,No,40,"25,001–50,000"
V01111,Sedan,15,87089,86,2525,38,15.1,11.03,39,86,Good,High,4,Yes,70,"50,001–80,000"
V01112,SUV,3,72533,104,2995,21,16.8,11.98,37,56,Good,Low,2,No,60,"50,001–80,000"
V01113,SUV,11,42651,85,2757,45,13.8,11.01,42,100,Good,Low,2,Yes,90,"80,001+"
V01114,Truck,14,13837,110,2948,22,16.0,11.79,40,67,Critical,Low,4,No,30,"10,001–25,000"
V01115,Hatchback,2,73416,96,2434,29,7.8,11.47,44,40,Worn,Medium,4,Yes,80,"80,001+"
V01116,Hatchback,4,179763,110,2606,35,7.9,12.47,40,54,Critical,Medium,3,Yes,60,"50,001–80,000"
V01117,Hatchback,8,113582,99,2062,22,13.1,12.63,42,51,Critical,Low,8,No,60,"50,001–80,000"
V01118,Sedan,4,188284,106,1607,42,7.3,12.03,33,106,Moderate,Low,11,Yes,70,"50,001–80,000"
V01119,Hatchback,9,111279,91,2893,20,12.4,12.11,40,106,Critical,Medium,5,No,60,"50,001–80,000"
V01120,Hatchback,9,77362,106,2549,37,10.1,12.67,35,96,Worn,Medium,7,No,80,"80,001+"
V01121,SUV,3,8299,90,2927,40,19.1,11.39,35,60,Worn,Low,1,Yes,100,"80,001+"
V01122,Sedan,11,142081,92,2555,44,7.2,11.81,39,101,Good,Low,2,No,90,"80,001+"
V01123,Hatchback,12,18257,91,2952,31,14.5,12.83,43,83,Critical,Medium,8,No,70,"50,001–80,000"
V01124,Truck,13,36751,110,2608,31,14.2,12.67,42,77,Critical,High,10,No,20,"10,001–25,000"
V01125,Sedan,4,66232,94,1854,28,9.9,11.79,40,95,Worn,High,8,Yes,60,"50,001–80,000"
V01126,Sedan,9,158639,89,1598,26,11.9,11.3,41,88,Moderate,High,12,Yes,50,"25,001–50,000"
V01127,Truck,14,47987,87,2537,23,17.2,11.64,36,37,Good,Medium,1,No,70,"50,001–80,000"
V01128,SUV,8,71484,106,2605,35,11.8,12.34,37,74,Critical,High,1,Yes,40,"25,001–50,000"
V01129,Sedan,1,39913,100,2446,49,6.9,12.32,43,66,Good,Low,5,No,100,"80,001+"
V01130,SUV,7,14382,101,2347,29,7.8,12.01,45,91,Critical,Low,10,No,30,"10,001–25,000"
V01131,Truck,15,120592,107,1727,29,18.2,11.74,35,55,Moderate,Low,4,No,50,"25,001–50,000"
V01132,SUV,3,45087,102,1556,28,16.7,12.91,39,72,Worn,High,9,No,30,"10,001–25,000"
V01133,Sedan,1,121058,105,2544,49,12.3,11.15,34,44,Good,High,7,Yes,60,"50,001–80,000"
V01134,Truck,9,150335,88,2085,42,10.5,11.27,38,90,Critical,High,2,Yes,60,"50,001–80,000"
V01135,Sedan,2,64161,107,2594,46,14.9,11.02,36,40,Critical,High,2,Yes,40,"25,001–50,000"
V01136,Hatchback,10,91624,100,2388,38,7.6,11.15,41,61,Worn,Low,6,No,100,"80,001+"
V01137,SUV,12,105028,108,2236,35,14.2,11.12,44,95,Worn,Medium,9,No,60,"50,001–80,000"
V01138,SUV,15,147469,110,1563,26,19.1,12.93,31,106,Moderate,Low,7,No,50,"25,001–50,000"
V01139,SUV,6,120399,104,2144,35,6.5,12.07,31,45,Good,High,7,Yes,60,"50,001–80,000"
V01140,Truck,1,69566,103,1542,34,19.6,12.48,30,101,Moderate,Low,10,No,70,"50,001–80,000"
V01141,Hatchback,15,75995,96,2161,43,7.1,11.71,44,56,Critical,High,3,Yes,50,"25,001–50,000"
V01142,SUV,10,126952,96,2323,23,18.5,12.22,30,31,Critical,Low,3,No,60,"50,001–80,000"
V01143,SUV,2,58204,108,2553,35,12.8,11.96,43,109,Good,Medium,9,No,70,"50,001–80,000"
V01144,Hatchback,3,8309,95,2762,46,10.1,12.87,38,84,Moderate,Low,5,No,100,"80,001+"
V01145,Hatchback,3,17585,106,2233,21,9.4,11.12,39,55,Moderate,High,2,No,40,"25,001–50,000"
V01146,SUV,9,160373,94,1622,24,12.6,11.88,39,106,Good,Low,5,Yes,80,"80,001+"
V01147,Truck,13,99806,85,2417,47,13.1,12.38,40,97,Worn,High,11,Yes,60,"50,001–80,000"
V01148,Truck,3,7901,100,2846,42,15.7,11.95,40,43,Good,Low,6,No,100,"80,001+"
V01149,Sedan,10,94541,88,2508,28,12.8,11.21,36,63,Moderate,Medium,12,No,70,"50,001–80,000"
V01150,Truck,6,101634,93,2117,31,10.7,11.28,40,69,Worn,Medium,8,No,100,"80,001+"
V01151,Sedan,13,112220,109,2818,39,12.4,11.53,36,80,Good,Medium,8,Yes,70,"50,001–80,000"
V01152,SUV,14,109997,91,1842,37,8.6,12.92,37,59,Moderate,Low,8,No,90,"80,001+"
V01153,Truck,9,134144,89,1524,21,9.4,11.55,39,38,Moderate,Low,4,Yes,80,"80,001+"
V01154,Sedan,5,145205,96,2323,35,14.3,11.05,37,62,Worn,Low,2,Yes,100,"80,001+"
V01155,Truck,4,108495,85,1512,30,10.1,11.02,32,32,Good,Medium,9,No,90,"80,001+"
V01156,Sedan,9,191896,93,2090,20,9.0,12.17,35,50,Good,Low,7,Yes,80,"80,001+"
V01157,Truck,15,117544,104,1720,47,19.7,12.04,42,107,Worn,High,9,No,40,"25,001–50,000"
V01158,Hatchback,13,23131,96,2929,29,14.4,12.19,35,99,Moderate,High,10,No,40,"25,001–50,000"
V01159,SUV,6,95430,102,2916,35,19.0,12.85,39,58,Worn,Medium,2,No,80,"80,001+"
V01160,Sedan,2,22273,97,2463,46,9.3,11.52,35,73,Worn,High,6,No,80,"80,001+"
V01161,Sedan,2,71755,96,2226,29,5.9,11.06,30,59,Good,High,12,No,50,"25,001–50,000"
V01162,SUV,14,190473,109,2616,38,13.8,11.35,40,61,Good,Low,9,No,60,"50,001–80,000"
V01163,Sedan,6,70138,109,2975,25,15.0,11.89,37,66,Critical,Medium,12,Yes,30,"10,001–25,000"
V01164,Sedan,1,83620,102,2147,29,16.4,11.86,43,76,Worn,Medium,10,No,50,"25,001–50,000"
V01165,Hatchback,1,105255,110,1816,29,12.2,12.77,45,66,Critical,Low,3,Yes,40,"25,001–50,000"
V01166,Hatchback,9,106975,102,2503,27,5.3,12.87,34,33,Good,High,7,No,40,"25,001–50,000"
V01167,SUV,7,131160,107,2278,30,16.8,12.46,33,46,Worn,High,1,No,60,"50,001–80,000"
V01168,Truck,13,161603,100,2386,33,13.6,11.91,30,47,Worn,High,1,Yes,70,"50,001–80,000"
V01169,SUV,3,42311,92,2361,21,17.1,12.89,33,103,Critical,High,9,No,30,"10,001–25,000"
V01170,SUV,11,72126,106,1703,22,17.1,11.41,40,93,Good,Medium,1,No,50,"25,001–50,000"
V01171,SUV,15,49284,87,2760,41,15.8,11.95,35,100,Moderate,High,7,No,70,"50,001–80,000"
V01172,Sedan,4,199860,102,2648,34,6.8,12.6,36,38,Critical,High,4,Yes,40,"25,001–50,000"
V01173,Truck,5,189120,106,2564,39,12.3,12.08,42,62,Critical,Low,9,Yes,50,"25,001–50,000"
V01174,Truck,15,198779,110,1947,38,8.2,12.09,41,87,Worn,Medium,3,No,70,"50,001–80,000"
V01175,Sedan,2,138346,92,2858,20,18.3,12.32,37,60,Moderate,High,2,No,60,"50,001–80,000"
V01176,Truck,2,34306,98,2798,20,10.4,11.28,37,90,Worn,Medium,11,No,70,"50,001–80,000"
V01177,Sedan,3,101800,101,2504,29,14.0,11.12,43,71,Critical,High,7,No,20,"10,001–25,000"
V01178,Hatchback,1,174117,88,2329,49,19.0,12.59,43,106,Moderate,Low,12,Yes,90,"80,001+"
V01179,Sedan,3,143166,107,1891,36,12.1,11.03,37,62,Good,Low,7,No,80,"80,001+"
V01180,Truck,1,166758,99,2542,50,7.3,12.55,34,67,Worn,Low,11,Yes,90,"80,001+"
V01181,Hatchback,2,32794,87,1954,49,19.5,11.54,31,93,Critical,High,10,Yes,50,"25,001–50,000"
V01182,SUV,13,53325,91,2374,33,15.6,12.91,39,38,Good,Low,3,Yes,90,"80,001+"
V01183,Truck,11,53764,100,2542,38,10.2,11.68,31,96,Critical,High,9,No,40,"25,001–50,000"
V01184,Sedan,6,46733,97,2064,38,18.3,11.08,36,89,Good,High,9,No,70,"50,001–80,000"
V01185,SUV,10,15100,91,2126,27,17.2,12.6,35,90,Worn,Low,11,Yes,70,"50,001–80,000"
V01186,Hatchback,13,175656,97,2374,49,19.4,11.32,34,47,Good,High,4,No,70,"50,001–80,000"
V01187,Sedan,7,157996,87,1936,37,13.9,12.61,35,55,Worn,High,1,No,80,"80,001+"
V01188,SUV,5,104482,87,1856,40,16.8,12.28,40,102,Moderate,High,5,Yes,80,"80,001+"
V01189,Hatchback,10,77144,90,1953,21,8.4,12.72,30,71,Worn,High,7,Yes,60,"50,001–80,000"
V01190,SUV,3,157633,94,2638,28,17.6,11.41,32,74,Moderate,High,4,No,60,"50,001–80,000"
V01191,Hatchback,8,167920,92,2362,24,20.0,11.72,35,71,Good,Medium,2,No,80,"80,001+"
V01192,Sedan,2,195235,103,1969,50,18.6,12.3,32,85,Worn,Low,1,No,80,"80,001+"
V01193,Truck,15,71684,110,2290,35,18.2,12.6,38,74,Critical,Low,7,No,50,"25,001–50,000"
V01194,Truck,7,196515,97,2205,35,15.5,12.51,42,91,Worn,High,8,No,80,"80,001+"
V01195,Sedan,6,170437,96,1774,38,8.9,11.32,42,93,Moderate,Low,2,No,100,"80,001+"
V01196,Truck,14,108268,95,2480,43,15.4,12.95,30,75,Critical,Low,7,No,70,"50,001–80,000"
V01197,Hatchback,4,120715,104,2527,32,18.6,11.15,39,30,Critical,Low,9,No,50,"25,001–50,000"
V01198,Hatchback,7,120345,110,2238,34,9.6,12.35,39,74,Good,High,12,Yes,50,"25,001–50,000"
V01199,SUV,5,16988,94,1551,28,11.7,11.67,32,47,Good,Low,4,Yes,80,"80,001+"
V01200,Sedan,1,117875,104,2955,32,12.2,12.15,41,69,Good,Medium,9,Yes,70,"50,001–80,000"
V01201,SUV,12,199574,91,1845,44,14.5,11.42,33,34,Moderate,Medium,10,Yes,80,"80,001+"
V01202,Sedan,12,115865,92,2443,43,11.8,12.21,44,103,Moderate,Low,10,Yes,80,"80,001+"
V01203,SUV,1,84390,97,1972,46,19.8,11.9,32,56,Critical,Low,7,No,80,"80,001+"
V01204,Hatchback,10,175478,90,2961,47,14.3,12.6,45,88,Worn,Medium,12,Yes,90,"80,001+"
V01205,SUV,13,145830,86,2941,41,18.4,11.1,44,68,Good,High,5,Yes,70,"50,001–80,000"
V01206,Hatchback,14,168405,107,2412,31,19.5,12.42,43,49,Worn,Medium,9,No,60,"50,001–80,000"
V01207,Truck,6,29769,89,2472,50,6.7,11.08,41,88,Good,Low,1,Yes,100,"80,001+"
V01208,Hatchback,12,162943,95,2647,50,15.4,12.93,43,95,Worn,Medium,7,Yes,90,"80,001+"
V01209,Hatchback,10,69286,100,1942,27,8.7,12.31,34,103,Worn,High,3,No,60,"50,001–80,000"
V01210,Hatchback,13,25726,109,2426,46,6.3,12.0,36,40,Worn,High,8,No,50,"25,001–50,000"
V01211,Truck,3,163956,107,1867,36,13.9,12.42,30,34,Worn,High,1,No,60,"50,001–80,000"
V01212,SUV,10,16126,110,2636,25,6.0,11.36,34,107,Critical,Medium,5,No,40,"25,001–50,000"
V01213,Sedan,6,25488,86,1672,46,18.9,11.29,41,38,Critical,Medium,11,Yes,70,"50,001–80,000"
V01214,SUV,4,123574,98,2619,21,8.8,11.14,39,67,Critical,High,11,No,30,"10,001–25,000"
V01215,Hatchback,4,84833,85,1907,23,11.6,11.85,41,36,Good,Medium,1,Yes,80,"80,001+"
V01216,SUV,11,79892,96,2561,26,19.0,12.46,33,42,Good,Medium,4,No,70,"50,001–80,000"
V01217,Hatchback,8,139104,91,2357,41,7.5,11.04,30,85,Worn,Low,3,Yes,100,"80,001+"
V01218,Hatchback,5,193275,105,2782,23,8.7,11.88,33,70,Moderate,High,10,No,30,"10,001–25,000"
V01219,Sedan,11,147509,91,2518,25,14.4,11.62,37,85,Moderate,Low,11,Yes,60,"50,001–80,000"
V01220,Truck,15,183472,94,2548,50,13.0,11.44,43,66,Moderate,Medium,11,No,80,"80,001+"
V01221,Hatchback,8,110663,88,2332,38,9.4,11.24,43,39,Moderate,High,1,No,80,"80,001+"
V01222,Hatchback,14,107113,88,2394,45,9.7,12.69,39,51,Moderate,Low,8,No,90,"80,001+"
V01223,Sedan,12,33357,85,2991,43,15.9,12.05,32,46,Good,Medium,10,Yes,80,"80,001+"
V01224,Hatchback,15,169688,90,2556,20,6.5,12.05,42,72,Good,Low,9,Yes,60,"50,001–80,000"
V01225,Hatchback,10,44345,92,2711,40,11.9,12.82,31,64,Worn,Medium,1,Yes,100,"80,001+"
V01226,SUV,10,100154,85,2046,29,9.0,11.93,44,110,Critical,Low,5,No,60,"50,001–80,000"
V01227,Sedan,4,137881,106,2792,40,17.2,11.83,40,91,Critical,Medium,7,No,60,"50,001–80,000"
V01228,SUV,8,135174,98,1531,43,19.7,11.28,40,50,Good,Medium,11,No,90,"80,001+"
V01229,Sedan,1,168794,91,2798,41,13.2,12.97,36,94,Good,High,11,Yes,70,"50,001–80,000"
V01230,Truck,4,166765,87,2367,41,8.7,12.48,34,56,Good,Medium,3,No,100,"80,001+"
V01231,Truck,15,197659,96,2604,20,15.1,11.17,37,68,Good,Low,11,Yes,60,"50,001–80,000"
V01232,SUV,4,46869,89,1801,45,7.7,11.02,41,71,Moderate,Medium,11,No,90,"80,001+"
V01233,Sedan,5,187262,91,2356,24,10.2,11.7,37,100,Moderate,High,3,No,60,"50,001–80,000"
V01234,Truck,6,139817,86,1958,31,19.5,11.38,40,104,Moderate,High,5,Yes,80,"80,001+"
V01235,Hatchback,6,132943,92,1880,32,6.7,12.35,38,53,Good,High,9,Yes,70,"50,001–80,000"
V01236,Hatchback,7,198216,110,2122,36,15.0,11.78,37,74,Moderate,Medium,3,Yes,80,"80,001+"
V01237,Truck,2,63871,89,2661,48,5.7,11.55,42,54,Good,Medium,5,Yes,100,"80,001+"
V01238,Sedan,11,74180,86,2941,48,5.8,12.48,32,97,Moderate,Medium,2,No,90,"80,001+"
V01239,Sedan,11,157799,89,1746,24,13.7,12.14,32,106,Moderate,Medium,3,No,70,"50,001–80,000"
V01240,Sedan,13,186019,104,2076,40,7.7,12.06,32,88,Moderate,Low,1,No,70,"50,001–80,000"
V01241,SUV,9,57654,98,1918,39,5.6,11.99,44,49,Moderate,Low,4,No,100,"80,001+"
V01242,Sedan,11,94140,85,2153,32,6.7,11.71,36,74,Moderate,Medium,6,Yes,90,"80,001+"
V01243,Hatchback,2,38761,106,2626,49,9.1,12.55,32,73,Critical,Low,3,No,60,"50,001–80,000"
V01244,Truck,13,121555,95,2900,46,14.7,12.38,34,58,Worn,Medium,10,No,80,"80,001+"
V01245,Sedan,9,141195,104,2071,28,15.8,12.39,34,97,Moderate,Low,10,No,50,"25,001–50,000"
V01246,Sedan,1,191920,86,1844,39,16.2,12.01,41,66,Moderate,High,1,No,80,"80,001+"
V01247,Sedan,8,71956,94,2315,23,12.5,12.7,37,43,Critical,High,7,No,40,"25,001–50,000"
V01248,Truck,13,49725,88,2888,37,16.8,12.45,42,35,Good,Medium,6,Yes,90,"80,001+"
V01249,Sedan,5,15041,92,1704,40,12.5,11.02,41,108,Good,Low,3,No,100,"80,001+"
V01250,Sedan,13,133509,98,1511,39,9.8,12.04,42,99,Worn,Medium,6,No,90,"80,001+"
V01251,SUV,2,199290,96,1797,34,14.0,12.67,36,49,Worn,Low,8,Yes,100,"80,001+"
V01252,Truck,13,78297,99,2772,27,15.2,11.89,34,62,Good,Low,12,No,60,"50,001–80,000"
V01253,SUV,8,111633,85,1623,38,17.7,11.75,31,72,Moderate,Low,8,No,100,"80,001+"
V01254,Truck,3,107283,90,1921,22,18.5,12.13,34,44,Critical,Low,12,Yes,50,"25,001–50,000"
V01255,Truck,8,76905,98,2210,22,11.2,11.56,42,102,Critical,Low,9,No,50,"25,001–50,000"
V01256,Sedan,13,156794,104,1734,33,18.8,12.86,33,36,Critical,High,11,No,20,"10,001–25,000"
V01257,Sedan,8,110053,86,2070,40,9.6,12.99,40,32,Critical,Medium,8,Yes,80,"80,001+"
V01258,SUV,7,59472,98,2860,35,12.8,12.27,38,107,Good,High,8,No,80,"80,001+"
V01259,Hatchback,1,195720,89,2281,46,17.5,11.34,32,36,Worn,Low,10,No,90,"80,001+"
V01260,Hatchback,7,101837,102,2544,31,10.8,12.36,35,100,Moderate,High,5,No,60,"50,001–80,000"
V01261,SUV,3,43524,100,2995,34,5.1,12.03,36,73,Good,High,1,No,80,"80,001+"
V01262,SUV,10,54345,104,2338,39,15.7,12.56,34,35,Critical,High,4,No,40,"25,001–50,000"
V01263,Truck,14,6533,91,1980,42,13.0,11.55,33,104,Moderate,Low,1,Yes,90,"80,001+"
V01264,Sedan,6,173487,96,2907,36,5.3,11.92,44,76,Moderate,High,12,Yes,70,"50,001–80,000"
V01265,Hatchback,5,67859,110,2411,44,9.3,12.36,44,66,Critical,High,12,No,30,"10,001–25,000"
V01266,Truck,3,87813,98,2129,45,16.2,11.42,36,53,Worn,Low,8,Yes,100,"80,001+"
V01267,Sedan,4,62858,97,2588,33,9.2,11.52,37,110,Critical,High,6,No,60,"50,001–80,000"
V01268,Sedan,2,79646,89,2672,30,9.8,12.21,40,46,Good,Medium,4,Yes,100,"80,001+"
V01269,Hatchback,7,138446,102,2136,40,16.1,12.7,35,108,Good,High,8,No,60,"50,001–80,000"
V01270,Truck,13,68837,95,2868,47,19.8,11.73,36,94,Moderate,Low,5,Yes,90,"80,001+"
V01271,Sedan,9,153824,86,2012,48,12.3,12.35,41,42,Moderate,Medium,1,No,100,"80,001+"
V01272,Truck,1,126598,103,2197,23,6.1,12.94,39,43,Critical,Low,3,Yes,40,"25,001–50,000"
V01273,Sedan,14,154444,93,2817,23,17.2,12.55,40,53,Good,Medium,10,Yes,60,"50,001–80,000"
V01274,Sedan,6,105781,107,2037,39,18.7,11.8,32,85,Worn,Low,12,No,70,"50,001–80,000"
V01275,Sedan,14,117889,85,1983,38,8.8,11.3,30,87,Moderate,Medium,3,Yes,90,"80,001+"
V01276,Sedan,3,49443,94,2607,27,19.9,12.33,43,89,Good,Low,6,No,80,"80,001+"
V01277,Hatchback,10,166489,94,1819,32,8.4,11.24,35,57,Moderate,Medium,8,Yes,100,"80,001+"
V01278,Truck,4,43779,89,2681,31,12.4,12.28,34,62,Moderate,Medium,8,No,100,"80,001+"
V01279,Hatchback,9,47719,106,2595,35,15.8,11.51,39,48,Moderate,High,3,No,60,"50,001–80,000"
V01280,SUV,13,89524,88,2995,26,12.0,12.37,42,50,Critical,Medium,11,Yes,40,"25,001–50,000"
V01281,Sedan,8,34956,105,2605,30,10.3,12.49,45,35,Critical,Low,6,Yes,60,"50,001–80,000"
V01282,Sedan,10,190839,105,2232,22,7.7,12.47,45,69,Moderate,High,9,No,30,"10,001–25,000"
V01283,Truck,10,129350,97,2448,49,6.0,11.81,31,46,Critical,Low,6,Yes,80,"80,001+"
V01284,Truck,12,30344,110,2774,34,5.5,12.16,45,37,Worn,Low,5,Yes,70,"50,001–80,000"
V01285,Truck,4,13259,98,2011,21,10.6,12.04,30,87,Good,Low,11,Yes,70,"50,001–80,000"
V01286,Truck,3,174982,85,1588,46,17.3,11.9,39,61,Moderate,High,4,Yes,80,"80,001+"
V01287,Truck,11,137842,97,2553,32,7.3,11.73,42,50,Moderate,Medium,10,Yes,80,"80,001+"
V01288,Hatchback,11,113847,94,2142,34,16.7,12.52,37,44,Worn,Medium,12,No,80,"80,001+"
V01289,Truck,11,131689,108,2650,45,9.2,12.76,34,82,Moderate,High,8,No,50,"25,001–50,000"
V01290,Sedan,1,105551,98,2833,20,9.9,12.17,43,80,Moderate,Low,11,Yes,70,"50,001–80,000"
V01291,Hatchback,9,187140,87,2195,23,15.1,12.06,32,87,Moderate,High,8,No,60,"50,001–80,000"
V01292,Truck,13,191776,99,1731,28,8.5,12.85,31,67,Good,Low,8,Yes,70,"50,001–80,000"
V01293,Truck,13,91096,89,2641,38,7.5,11.55,40,48,Good,Low,7,No,90,"80,001+"
V01294,Truck,2,22624,87,1777,47,6.5,12.24,39,33,Worn,Medium,3,Yes,100,"80,001+"
V01295,SUV,2,65325,87,2986,41,13.4,12.3,40,107,Critical,Medium,1,Yes,80,"80,001+"
V01296,Sedan,4,158229,97,2919,27,17.5,11.27,35,50,Moderate,Medium,1,Yes,80,"80,001+"
V01297,SUV,7,58340,109,2068,28,10.4,11.45,44,83,Worn,Low,8,Yes,60,"50,001–80,000"
V01298,Sedan,8,19083,91,1572,33,7.8,12.05,41,56,Moderate,High,5,No,80,"80,001+"
V01299,Truck,9,57851,88,1625,30,18.6,11.39,34,53,Critical,Medium,5,No,80,"80,001+"
V01300,Sedan,8,191160,103,1975,49,6.4,11.79,39,82,Worn,Medium,11,Yes,70,"50,001–80,000"
V01301,Sedan,1,5858,101,2251,31,15.2,12.05,36,64,Critical,Low,3,Yes,60,"50,001–80,000"
V01302,SUV,13,35673,102,2032,40,17.2,11.64,43,70,Moderate,Low,6,Yes,70,"50,001–80,000"
V01303,SUV,6,91207,108,1886,24,6.5,11.64,42,102,Moderate,Low,10,No,50,"25,001–50,000"
V01304,Hatchback,5,166833,109,2128,29,12.9,12.36,38,88,Critical,Medium,5,No,40,"25,001–50,000"
V01305,SUV,13,134448,87,2579,47,12.3,12.46,38,38,Moderate,Medium,12,No,80,"80,001+"
V01306,Hatchback,13,159851,101,1925,21,19.6,12.03,39,57,Moderate,Medium,10,No,40,"25,001–50,000"
V01307,SUV,8,50049,96,1778,21,12.3,11.37,34,46,Moderate,Low,6,Yes,80,"80,001+"
V01308,Sedan,1,36916,100,2370,39,6.1,12.33,35,55,Good,Medium,11,Yes,90,"80,001+"
V01309,Hatchback,4,165066,104,1800,40,13.8,12.85,40,110,Moderate,Medium,2,No,80,"80,001+"
V01310,Sedan,8,119221,88,1754,45,19.4,12.08,35,73,Critical,Low,1,No,80,"80,001+"
V01311,SUV,1,88422,89,2418,26,10.6,12.04,41,100,Good,High,5,Yes,60,"50,001–80,000"
V01312,Truck,7,129250,106,1583,25,9.9,12.89,36,64,Worn,High,7,No,40,"25,001–50,000"
V01313,Sedan,9,23546,110,2434,28,9.9,11.62,45,63,Worn,High,9,No,30,"10,001–25,000"
V01314,SUV,10,184641,108,2802,31,19.3,12.77,31,74,Moderate,High,3,Yes,60,"50,001–80,000"
V01315,SUV,3,114872,96,2767,29,7.4,11.84,39,46,Good,Low,12,Yes,70,"50,001–80,000"
V01316,SUV,6,37282,94,1554,49,19.0,12.31,43,59,Critical,Low,2,No,80,"80,001+"
V01317,SUV,13,6299,109,2343,50,12.4,12.74,30,91,Worn,Low,1,No,70,"50,001–80,000"
V01318,Truck,5,65880,90,2326,24,12.0,12.1,44,104,Moderate,Low,1,No,80,"80,001+"
V01319,Truck,1,120513,90,2192,20,18.9,12.47,36,51,Critical,High,7,Yes,40,"25,001–50,000"
V01320,Sedan,10,94459,100,2176,41,5.9,12.22,32,104,Critical,High,3,No,60,"50,001–80,000"
V01321,Hatchback,14,160839,101,1783,43,10.2,11.55,32,67,Moderate,Medium,4,No,70,"50,001–80,000"
V01322,Hatchback,4,114278,103,2862,43,19.1,12.09,37,50,Worn,High,12,Yes,50,"25,001–50,000"
V01323,Sedan,2,80170,92,1984,25,14.9,12.39,41,49,Worn,Low,9,No,70,"50,001–80,000"
V01324,SUV,7,65091,91,1821,40,10.9,12.18,36,41,Moderate,Low,3,No,100,"80,001+"
V01325,Hatchback,9,8516,105,1878,42,11.5,12.15,40,80,Good,Medium,1,No,80,"80,001+"
V01326,Hatchback,6,42812,100,2441,20,18.2,11.25,34,95,Worn,Low,1,Yes,80,"80,001+"
V01327,Sedan,12,137507,101,2239,48,12.0,11.17,38,48,Good,High,7,No,50,"25,001–50,000"
V01328,Hatchback,4,95027,92,2260,30,11.0,11.78,43,33,Worn,Medium,6,No,100,"80,001+"
V01329,Hatchback,9,34366,108,1765,33,8.1,11.54,35,61,Moderate,Low,9,Yes,70,"50,001–80,000"
V01330,Truck,7,108550,96,2463,47,12.8,12.96,31,80,Worn,Low,2,Yes,100,"80,001+"
V01331,Sedan,14,42830,97,2805,48,14.1,11.28,39,62,Critical,Medium,5,Yes,70,"50,001–80,000"
V01332,Truck,3,111706,106,2356,25,7.8,11.45,41,102,Critical,Low,1,Yes,40,"25,001–50,000"
V01333,Truck,1,100084,107,2535,34,11.0,12.54,35,56,Worn,High,11,No,50,"25,001–50,000"
V01334,Hatchback,13,108769,85,2032,32,18.7,12.86,34,48,Worn,Low,3,Yes,90,"80,001+"
V01335,Truck,2,97638,107,2308,22,14.8,12.3,42,41,Moderate,High,11,No,30,"10,001–25,000"
V01336,SUV,4,47509,110,2615,50,7.1,12.53,40,78,Good,Medium,9,No,70,"50,001–80,000"
V01337,Hatchback,10,123087,93,1720,23,11.8,12.17,32,48,Moderate,High,12,Yes,50,"25,001–50,000"
V01338,Hatchback,7,11292,100,1894,37,15.0,12.08,38,38,Worn,Medium,8,No,100,"80,001+"
V01339,Truck,2,67634,103,2358,40,17.2,11.59,30,106,Good,High,2,Yes,60,"50,001–80,000"
V01340,SUV,14,198209,94,2088,46,16.5,11.83,33,30,Moderate,High,10,No,60,"50,001–80,000"
V01341,SUV,13,195282,94,2470,40,12.4,12.12,32,35,Good,Medium,12,Yes,80,"80,001+"
V01342,SUV,14,93861,93,1610,32,7.6,11.75,39,92,Good,Medium,10,No,80,"80,001+"
V01343,Truck,11,40910,107,2853,23,11.4,12.24,43,41,Moderate,High,3,No,30,"10,001–25,000"
V01344,Sedan,9,164097,101,2575,41,13.3,12.31,30,65,Moderate,Low,10,Yes,70,"50,001–80,000"
V01345,Hatchback,1,136354,87,1500,29,15.2,12.78,39,59,Critical,High,9,Yes,30,"10,001–25,000"
V01346,SUV,11,94522,88,2827,33,7.9,12.25,36,33,Worn,Low,11,Yes,80,"80,001+"
V01347,Truck,1,28781,90,1619,38,16.3,12.01,35,93,Worn,Medium,12,No,90,"80,001+"
V01348,Sedan,7,96123,100,2687,43,5.1,12.65,38,82,Worn,Medium,2,Yes,100,"80,001+"
V01349,Hatchback,9,90067,100,2061,31,18.3,12.08,32,92,Moderate,Medium,2,Yes,100,"80,001+"
V01350,Truck,6,101144,97,1786,26,9.0,12.85,31,107,Moderate,Low,10,Yes,70,"50,001–80,000"
V01351,Hatchback,12,47472,106,1748,29,6.1,12.24,33,94,Critical,High,11,No,0,"0–10,000"
V01352,Hatchback,2,11279,104,2989,47,14.3,11.93,43,99,Critical,Low,3,Yes,60,"50,001–80,000"
V01353,Sedan,12,125391,100,1841,45,12.1,11.49,41,31,Good,High,2,No,70,"50,001–80,000"
V01354,Hatchback,3,181202,107,1531,31,13.0,11.58,31,41,Worn,Low,4,Yes,80,"80,001+"
V01355,SUV,3,156925,92,2364,50,14.0,11.5,43,98,Critical,Medium,4,No,80,"80,001+"
V01356,SUV,3,162845,110,2185,34,5.2,11.0,44,71,Worn,Medium,9,No,70,"50,001–80,000"
V01357,Sedan,12,103896,109,2236,40,18.6,11.3,43,80,Critical,Low,1,Yes,50,"25,001–50,000"
V01358,Sedan,9,26449,89,1863,27,17.1,11.84,34,54,Worn,Medium,4,Yes,80,"80,001+"
V01359,Sedan,10,108896,91,1709,21,10.3,11.75,45,79,Critical,High,3,Yes,40,"25,001–50,000"
V01360,Hatchback,9,82581,87,2612,44,9.1,12.51,37,95,Worn,High,8,Yes,80,"80,001+"
V01361,Truck,7,96204,97,1644,47,17.9,12.64,37,84,Critical,Low,12,No,70,"50,001–80,000"
V01362,SUV,2,197093,106,2586,37,5.5,11.67,33,99,Critical,Medium,4,Yes,60,"50,001–80,000"
V01363,Truck,12,175460,91,1701,35,5.1,11.06,39,90,Critical,Medium,1,Yes,70,"50,001–80,000"
V01364,Truck,10,25988,96,2663,36,14.8,11.55,37,52,Critical,High,1,No,60,"50,001–80,000"
V01365,SUV,6,173072,87,2554,50,17.9,12.6,43,58,Moderate,Low,2,No,100,"80,001+"
V01366,Hatchback,15,198737,105,1910,30,9.4,12.08,40,49,Worn,High,3,No,50,"25,001–50,000"
V01367,SUV,5,49394,88,1924,26,14.1,11.68,45,97,Good,Low,9,Yes,70,"50,001–80,000"
V01368,Hatchback,9,193174,95,2904,47,10.3,11.83,43,81,Moderate,Medium,2,No,100,"80,001+"
V01369,Truck,14,36346,87,1758,49,15.5,11.18,36,32,Good,Medium,12,No,80,"80,001+"
V01370,SUV,6,94547,107,1956,41,15.7,11.73,43,46,Moderate,Low,10,No,70,"50,001–80,000"
V01371,Truck,6,105638,87,2982,39,7.3,11.97,32,64,Moderate,Medium,5,Yes,100,"80,001+"
V01372,Hatchback,13,38418,110,1902,30,18.0,12.59,32,36,Good,Medium,2,No,70,"50,001–80,000"
V01373,SUV,7,103536,104,2351,24,13.0,11.72,42,96,Good,Medium,3,No,60,"50,001–80,000"
V01374,Hatchback,7,70779,107,2608,35,7.2,11.02,45,50,Worn,Low,7,Yes,80,"80,001+"
V01375,Hatchback,5,84595,89,2342,36,14.7,11.83,38,65,Moderate,Medium,8,Yes,100,"80,001+"
V01376,Hatchback,5,55424,89,2612,34,17.9,12.96,33,48,Critical,High,8,No,60,"50,001–80,000"
V01377,Truck,11,76761,101,1669,47,13.8,11.36,33,44,Critical,Low,2,No,50,"25,001–50,000"
V01378,SUV,11,34461,101,2493,29,7.8,11.84,31,31,Worn,Medium,10,Yes,40,"25,001–50,000"
V01379,Truck,2,184947,101,1825,31,17.4,11.4,41,107,Worn,Medium,6,No,80,"80,001+"
V01380,Sedan,12,124425,97,2348,40,8.0,11.73,32,88,Worn,Medium,3,No,90,"80,001+"
V01381,SUV,10,108354,110,1768,35,15.2,12.25,33,34,Moderate,High,5,Yes,60,"50,001–80,000"
V01382,Hatchback,12,175937,99,2235,43,19.4,12.27,36,44,Critical,Medium,5,Yes,70,"50,001–80,000"
V01383,Sedan,6,104877,93,2116,47,6.2,11.45,35,89,Worn,Low,3,No,100,"80,001+"
V01384,SUV,14,19153,92,2425,47,8.0,12.01,39,73,Critical,High,3,No,50,"25,001–50,000"
V01385,SUV,9,131111,87,2357,24,7.7,12.13,35,71,Good,High,9,No,50,"25,001–50,000"
V01386,Truck,8,32104,91,1909,27,8.2,11.79,45,30,Worn,Medium,10,No,70,"50,001–80,000"
V01387,SUV,8,37332,103,1584,49,18.2,11.5,45,66,Worn,Low,9,Yes,70,"50,001–80,000"
V01388,Truck,14,42797,110,2806,45,13.6,12.2,33,101,Worn,High,10,No,40,"25,001–50,000"
V01389,SUV,15,26469,101,2582,45,10.4,11.05,35,109,Good,High,11,No,40,"25,001–50,000"
V01390,Sedan,2,152778,108,2182,26,16.1,11.87,32,66,Critical,Low,2,Yes,40,"25,001–50,000"
V01391,Hatchback,11,9420,94,1691,40,15.8,12.05,30,95,Worn,Medium,7,No,90,"80,001+"
V01392,Sedan,11,22651,85,2581,29,19.7,11.47,42,43,Critical,High,2,Yes,30,"10,001–25,000"
V01393,Hatchback,12,47400,104,2934,36,9.8,11.98,44,75,Good,Medium,4,Yes,70,"50,001–80,000"
V01394,Hatchback,4,79382,89,2700,50,9.9,11.24,41,107,Moderate,Medium,6,No,100,"80,001+"
V01395,Hatchback,3,154109,92,1584,41,16.7,11.92,34,74,Critical,Medium,8,No,80,"80,001+"
V01396,Hatchback,9,135996,91,2085,42,11.8,11.93,41,37,Worn,High,6,No,80,"80,001+"
V01397,SUV,13,53339,102,2150,27,11.7,11.16,42,107,Worn,Medium,10,No,40,"25,001–50,000"
V01398,Hatchback,13,88528,93,2841,21,19.8,12.24,32,63,Worn,Low,5,Yes,70,"50,001–80,000"
V01399,Sedan,12,199258,107,2894,47,10.3,11.37,35,102,Moderate,High,5,Yes,50,"25,001–50,000"
V01400,Sedan,5,6490,108,2688,31,5.7,12.94,33,91,Good,Medium,4,No,80,"80,001+"
V01401,Sedan,6,185446,85,2943,46,14.8,11.49,33,103,Critical,Low,8,No,80,"80,001+"
V01402,SUV,10,73742,86,1879,43,7.9,11.87,39,80,Good,Low,9,Yes,90,"80,001+"
V01403,Truck,12,173185,87,3000,34,6.9,11.44,40,58,Worn,High,2,Yes,70,"50,001–80,000"
V01404,Hatchback,7,83839,107,2427,30,7.0,11.11,44,61,Critical,High,10,Yes,30,"10,001–25,000"
V01405,Sedan,15,5110,88,2174,28,16.1,11.17,31,69,Critical,Low,12,No,40,"25,001–50,000"
V01406,SUV,11,86881,100,1661,26,5.1,12.44,30,106,Critical,Medium,7,Yes,50,"25,001–50,000"
V01407,Truck,2,89095,95,2445,45,18.4,11.48,39,47,Good,Low,2,No,100,"80,001+"
V01408,Hatchback,12,38553,87,1523,50,5.5,11.96,42,48,Worn,Low,7,No,90,"80,001+"
V01409,Sedan,7,10199,93,2582,42,18.6,11.98,34,59,Good,Medium,6,No,100,"80,001+"
V01410,SUV,5,131392,90,2136,31,14.8,11.54,34,55,Critical,Medium,12,Yes,70,"50,001–80,000"
V01411,Hatchback,8,112791,86,2851,36,8.4,12.17,38,103,Good,High,9,Yes,70,"50,001–80,000"
V01412,Sedan,8,156303,96,2556,30,17.5,11.55,39,81,Good,High,2,Yes,80,"80,001+"
V01413,Truck,15,36281,89,2921,40,6.3,12.44,41,95,Moderate,High,8,No,70,"50,001–80,000"
V01414,Hatchback,7,21602,105,2489,45,10.2,11.37,45,95,Moderate,Low,10,Yes,70,"50,001–80,000"
V01415,Hatchback,4,60147,103,1587,33,14.0,12.58,43,74,Worn,High,10,No,50,"25,001–50,000"
V01416,Sedan,13,42417,94,2185,30,12.9,12.54,39,91,Worn,Medium,7,No,90,"80,001+"
V01417,Hatchback,14,99469,89,1581,24,12.8,11.13,41,79,Worn,High,12,No,40,"25,001–50,000"
V01418,SUV,12,40264,94,2777,49,12.5,12.57,41,101,Good,Low,2,No,90,"80,001+"
V01419,SUV,12,102461,93,2023,20,11.3,11.09,37,34,Critical,Medium,2,No,50,"25,001–50,000"
V01420,Hatchback,6,64052,105,2624,33,19.1,13.0,43,77,Moderate,Low,9,No,70,"50,001–80,000"
V01421,SUV,6,185978,100,1884,46,6.6,12.7,37,61,Good,Low,3,Yes,100,"80,001+"
V01422,SUV,12,119733,86,2378,29,12.3,11.25,37,95,Moderate,Medium,12,Yes,60,"50,001–80,000"
V01423,Truck,12,16265,110,2745,26,10.4,12.0,44,93,Worn,Medium,4,Yes,50,"25,001–50,000"
V01424,Sedan,12,133166,105,2641,26,15.0,11.19,34,76,Critical,Medium,12,No,20,"10,001–25,000"
V01425,Hatchback,2,22747,108,2374,44,5.5,11.25,45,99,Moderate,Low,8,No,80,"80,001+"
V01426,SUV,10,77849,96,1545,47,6.1,12.88,35,35,Critical,Medium,8,Yes,80,"80,001+"
V01427,Sedan,10,130287,105,2495,33,18.8,12.07,43,75,Worn,Low,11,Yes,70,"50,001–80,000"
V01428,Truck,14,72078,91,2433,42,14.0,12.76,32,96,Moderate,High,11,No,60,"50,001–80,000"
V01429,Truck,6,123868,107,1795,27,17.1,12.57,45,33,Moderate,Low,2,Yes,60,"50,001–80,000"
V01430,Hatchback,10,135596,98,1642,38,19.0,11.05,41,75,Worn,Medium,9,Yes,90,"80,001+"
V01431,Sedan,5,101370,97,2026,22,19.8,12.59,37,97,Moderate,Medium,6,Yes,80,"80,001+"
V01432,Sedan,8,195652,108,2802,22,15.9,11.14,30,49,Critical,High,4,Yes,20,"10,001–25,000"
V01433,Hatchback,10,188957,101,1686,44,17.4,11.19,39,76,Worn,Low,1,No,80,"80,001+"
V01434,SUV,15,116113,89,2905,33,9.0,12.52,42,108,Critical,Medium,6,No,70,"50,001–80,000"
V01435,SUV,9,69227,101,2548,46,8.5,11.6,37,42,Moderate,Low,1,Yes,80,"80,001+"
V01436,SUV,10,167126,88,2836,35,17.0,11.71,30,60,Good,High,5,Yes,80,"80,001+"
V01437,Truck,5,83682,88,2709,21,13.1,12.83,31,34,Good,Low,5,Yes,80,"80,001+"
V01438,SUV,12,58445,88,2558,38,8.4,12.08,45,75,Moderate,High,12,Yes,60,"50,001–80,000"
V01439,SUV,9,98553,99,2204,34,17.7,11.12,40,65,Good,Medium,2,Yes,100,"80,001+"
V01440,Truck,6,16668,108,1530,43,10.2,11.74,35,84,Good,Low,6,No,80,"80,001+"
V01441,Sedan,2,15405,96,2680,37,8.9,12.61,37,95,Critical,High,7,No,60,"50,001–80,000"
V01442,Truck,11,174776,110,2137,47,6.3,11.08,36,105,Worn,Medium,11,No,60,"50,001–80,000"
V01443,Truck,9,79303,86,1918,50,6.5,12.82,41,32,Worn,High,11,No,70,"50,001–80,000"
V01444,Truck,10,170209,89,1504,49,17.9,12.79,40,108,Worn,Low,1,No,100,"80,001+"
V01445,Truck,14,123432,97,2495,29,16.6,12.66,42,105,Critical,High,3,No,30,"10,001–25,000"
V01446,Truck,1,32584,92,1782,30,12.1,12.23,44,100,Good,High,6,Yes,80,"80,001+"
V01447,Truck,4,122401,91,2903,25,16.0,11.74,38,35,Moderate,Low,5,No,80,"80,001+"
V01448,Hatchback,3,137993,87,2083,31,17.7,11.88,31,67,Critical,High,3,No,60,"50,001–80,000"
V01449,Sedan,3,62417,109,1965,44,17.2,11.33,36,52,Critical,High,5,No,40,"25,001–50,000"
V01450,Truck,14,69387,87,2978,43,17.4,11.23,38,84,Worn,Low,11,No,80,"80,001+"
V01451,SUV,6,105134,96,2409,32,19.4,11.69,31,94,Critical,Low,12,Yes,70,"50,001–80,000"
V01452,Truck,6,16493,95,2913,32,9.1,12.78,38,79,Moderate,Medium,7,Yes,100,"80,001+"
V01453,Truck,2,33714,110,2638,25,6.3,11.4,35,70,Good,High,11,No,30,"10,001–25,000"
V01454,Hatchback,3,52657,93,1616,39,18.2,11.41,34,76,Worn,High,2,No,80,"80,001+"
V01455,Hatchback,1,144960,86,1965,31,16.9,12.13,42,31,Good,Low,1,No,100,"80,001+"
V01456,Hatchback,15,49215,101,2688,44,11.5,11.33,31,78,Moderate,Medium,1,Yes,70,"50,001–80,000"
V01457,Sedan,6,67393,104,1508,31,15.6,12.15,41,78,Worn,Medium,10,No,70,"50,001–80,000"
V01458,Hatchback,4,68203,105,2150,31,18.1,11.48,33,34,Worn,Medium,6,Yes,80,"80,001+"
V01459,Truck,8,182767,105,2242,29,14.4,11.08,36,31,Good,Medium,6,Yes,60,"50,001–80,000"
V01460,SUV,12,132084,90,2528,32,7.2,12.33,44,65,Critical,High,12,No,40,"25,001–50,000"
V01461,Hatchback,6,126840,85,2965,24,7.9,11.13,35,75,Good,Medium,4,No,80,"80,001+"
V01462,SUV,10,44483,91,2769,47,6.1,12.23,41,94,Critical,High,12,Yes,50,"25,001–50,000"
V01463,SUV,6,33251,109,1996,23,6.1,11.45,35,101,Critical,Medium,8,Yes,40,"25,001–50,000"
V01464,SUV,11,73308,101,2838,41,6.0,12.33,37,52,Worn,Medium,1,Yes,70,"50,001–80,000"
V01465,Hatchback,13,40025,93,2692,31,11.7,12.98,40,59,Worn,High,9,No,60,"50,001–80,000"
V01466,SUV,7,109935,104,2610,21,18.2,11.87,34,58,Critical,High,10,No,10,"0–10,000"
V01467,SUV,15,20753,89,2662,35,9.4,12.0,43,41,Critical,Medium,11,No,60,"50,001–80,000"
V01468,Truck,12,22605,86,1565,42,15.8,12.14,41,104,Worn,Low,5,No,90,"80,001+"
V01469,SUV,14,144584,97,2277,47,10.6,11.37,41,54,Good,Medium,4,No,90,"80,001+"
V01470,SUV,9,121074,85,2217,50,11.0,12.45,41,81,Moderate,High,8,No,80,"80,001+"
V01471,Sedan,13,147024,104,2740,37,17.6,12.39,44,58,Good,Medium,2,Yes,70,"50,001–80,000"
V01472,Hatchback,10,43831,99,2361,22,7.0,11.6,42,79,Good,Medium,5,Yes,80,"80,001+"
V01473,Truck,4,122410,103,2607,41,12.9,11.71,31,107,Good,Medium,11,Yes,70,"50,001–80,000"
V01474,Truck,9,31755,108,1861,47,6.0,11.93,30,104,Moderate,Medium,2,Yes,80,"80,001+"
V01475,Hatchback,7,150546,99,1921,37,15.3,12.96,38,78,Worn,Low,6,Yes,100,"80,001+"
V01476,Truck,10,116152,109,2819,46,7.1,11.98,36,88,Good,High,8,No,60,"50,001–80,000"
V01477,Hatchback,3,89478,97,1727,38,12.3,11.01,37,53,Worn,High,6,Yes,80,"80,001+"
V01478,Truck,9,24599,96,2723,43,16.7,11.79,30,97,Critical,Medium,3,Yes,80,"80,001+"
V01479,Truck,13,89006,85,2034,41,14.5,11.94,35,48,Worn,High,9,No,60,"50,001–80,000"
V01480,Hatchback,9,39808,92,2588,36,14.0,11.39,31,76,Moderate,Medium,12,Yes,90,"80,001+"
V01481,Sedan,3,131032,105,2817,37,15.8,12.07,30,85,Worn,Low,8,No,80,"80,001+"
V01482,Hatchback,2,61449,87,2417,28,15.7,12.14,33,57,Good,Medium,1,Yes,80,"80,001+"
V01483,Sedan,1,55469,108,2964,20,19.6,11.15,31,46,Critical,High,2,No,20,"10,001–25,000"
V01484,Sedan,13,141951,98,1566,38,14.5,12.55,34,84,Good,Low,3,No,90,"80,001+"
V01485,Hatchback,13,56199,94,2033,35,7.8,12.32,40,99,Good,Medium,8,Yes,90,"80,001+"
V01486,Sedan,4,89111,107,2610,34,5.7,11.98,43,49,Moderate,Low,9,No,70,"50,001–80,000"
V01487,Hatchback,3,134891,89,2685,36,7.9,12.0,44,41,Critical,Low,5,Yes,80,"80,001+"
V01488,Truck,5,109215,104,2764,39,13.5,11.35,38,101,Good,High,12,No,50,"25,001–50,000"
V01489,SUV,5,19244,85,1799,20,17.6,11.62,44,51,Critical,Medium,12,Yes,50,"25,001–50,000"
V01490,SUV,7,158875,98,2499,21,10.9,11.47,33,30,Critical,High,11,Yes,30,"10,001–25,000"
V01491,Truck,12,29388,95,1599,38,13.3,12.1,33,101,Good,High,12,No,60,"50,001–80,000"
V01492,Sedan,8,113591,88,1609,23,11.1,11.98,40,32,Moderate,Low,11,Yes,70,"50,001–80,000"
V01493,Truck,5,124486,86,1503,20,5.5,12.09,43,55,Worn,Low,1,No,80,"80,001+"
V01494,Truck,5,5181,104,1957,23,17.9,11.17,34,70,Worn,Low,12,Yes,50,"25,001–50,000"
V01495,SUV,14,9246,98,2710,36,11.6,11.52,43,92,Critical,Low,5,Yes,70,"50,001–80,000"
V01496,Truck,3,106722,107,2643,49,12.8,11.9,45,62,Moderate,High,5,Yes,60,"50,001–80,000"
V01497,Truck,13,66817,92,1760,41,6.2,11.38,36,105,Moderate,Medium,12,Yes,80,"80,001+"
V01498,SUV,13,47587,105,1508,42,15.2,12.85,43,65,Good,Low,12,No,60,"50,001–80,000"
V01499,SUV,13,72237,95,2333,28,15.7,11.04,31,65,Moderate,Low,9,No,60,"50,001–80,000"
V01500,Sedan,10,126310,98,1850,42,14.9,12.82,41,106,Worn,Low,5,No,100,"80,001+"
V01501,Hatchback,13,143567,87,2195,24,19.7,12.93,45,64,Moderate,High,11,No,40,"25,001–50,000"
V01502,Truck,7,103588,95,2392,38,13.0,12.06,40,70,Good,Medium,5,Yes,100,"80,001+"
V01503,Truck,14,7888,92,2962,43,10.9,11.82,37,108,Critical,High,3,No,50,"25,001–50,000"
V01504,Truck,5,51279,104,2010,48,13.4,12.4,35,90,Critical,Low,11,No,50,"25,001–50,000"
V01505,SUV,3,14924,90,2118,20,10.6,12.41,31,92,Moderate,Medium,5,No,80,"80,001+"
V01506,Truck,5,60178,90,1690,22,6.6,12.78,37,52,Good,Low,1,Yes,80,"80,001+"
V01507,Truck,7,28200,107,2196,38,8.4,11.05,36,58,Critical,Medium,2,No,60,"50,001–80,000"
V01508,Sedan,14,104655,110,2988,30,19.8,12.62,45,79,Moderate,High,7,Yes,50,"25,001–50,000"
V01509,SUV,5,37816,96,2744,33,12.2,12.59,41,40,Good,Low,9,Yes,90,"80,001+"
V01510,Sedan,10,125571,94,3000,45,14.8,12.49,37,102,Good,High,9,Yes,70,"50,001–80,000"
V01511,SUV,1,76387,95,2294,22,9.8,12.27,37,43,Worn,High,7,Yes,60,"50,001–80,000"
V01512,SUV,3,79784,109,2214,21,13.5,11.76,38,63,Moderate,High,3,Yes,40,"25,001–50,000"
V01513,Truck,15,173718,102,2796,41,9.6,12.28,32,48,Good,High,12,No,40,"25,001–50,000"
V01514,Sedan,9,89524,89,2648,34,9.9,12.55,30,78,Critical,High,11,No,50,"25,001–50,000"
V01515,Hatchback,1,32604,105,2759,22,9.4,12.78,31,70,Critical,Medium,10,No,30,"10,001–25,000"
V01516,SUV,3,39370,85,1642,42,13.3,11.49,31,110,Worn,High,4,Yes,80,"80,001+"
V01517,SUV,15,10674,106,2175,26,13.3,12.89,34,96,Good,Medium,10,No,40,"25,001–50,000"
V01518,Sedan,2,156822,100,1990,33,19.9,11.17,32,59,Critical,Low,12,No,70,"50,001–80,000"
V01519,SUV,8,155417,94,2174,21,11.3,11.44,45,110,Worn,High,9,Yes,50,"25,001–50,000"
V01520,Sedan,1,125411,92,2347,28,8.9,12.7,40,78,Moderate,High,11,No,50,"25,001–50,000"
V01521,Hatchback,1,89920,106,2625,35,15.6,12.24,43,74,Moderate,Low,9,Yes,70,"50,001–80,000"
V01522,Truck,1,140892,94,2655,25,13.1,11.67,31,101,Moderate,Low,1,No,80,"80,001+"
V01523,Hatchback,10,119099,91,2855,44,19.2,11.37,40,99,Critical,Medium,6,Yes,80,"80,001+"
V01524,Hatchback,15,63076,109,1634,37,10.4,11.53,32,99,Worn,High,4,No,50,"25,001–50,000"
V01525,SUV,6,14332,86,2402,25,8.9,12.17,32,100,Critical,High,11,Yes,30,"10,001–25,000"
V01526,Hatchback,7,125652,96,1738,26,17.6,11.68,34,44,Worn,High,10,No,50,"25,001–50,000"
V01527,Sedan,11,56913,100,2229,27,6.9,12.11,33,44,Worn,High,3,Yes,50,"25,001–50,000"
V01528,Hatchback,12,191944,107,2398,29,8.5,11.94,39,30,Good,Medium,12,Yes,40,"25,001–50,000"
V01529,Sedan,1,64051,94,1560,23,17.5,12.43,37,73,Good,Medium,5,No,80,"80,001+"
V01530,Hatchback,4,35759,90,2493,44,14.3,12.99,40,49,Good,High,8,Yes,80,"80,001+"
V01531,Truck,9,48682,107,2302,25,14.7,11.16,38,60,Critical,Low,11,Yes,30,"10,001–25,000"
V01532,SUV,8,97765,90,2257,45,10.8,11.1,36,35,Good,High,2,Yes,80,"80,001+"
V01533,Truck,6,57815,98,1637,36,13.6,12.26,44,108,Critical,Medium,6,No,80,"80,001+"
V01534,Sedan,4,192274,95,2570,38,16.4,11.37,32,85,Critical,High,7,Yes,60,"50,001–80,000"
V01535,Hatchback,5,35868,105,2830,38,14.7,12.09,45,62,Good,Medium,2,Yes,80,"80,001+"
V01536,Hatchback,12,33520,106,2573,49,16.6,12.18,40,39,Moderate,Medium,4,Yes,70,"50,001–80,000"
V01537,Hatchback,13,85046,87,1886,39,15.3,11.56,45,35,Good,High,5,No,70,"50,001–80,000"
V01538,Sedan,3,126121,109,2177,29,12.4,12.77,42,92,Moderate,Medium,4,No,60,"50,001–80,000"
V01539,SUV,11,119310,89,1598,30,11.2,11.18,30,81,Critical,Medium,2,Yes,70,"50,001–80,000"
V01540,SUV,14,143026,104,2938,31,10.7,12.65,33,76,Critical,Medium,4,No,50,"25,001–50,000"
V01541,SUV,14,166705,85,2384,31,11.1,11.5,38,54,Critical,Medium,1,Yes,70,"50,001–80,000"
V01542,Sedan,7,153491,99,1932,46,18.9,11.68,33,96,Worn,Low,4,No,100,"80,001+"
V01543,Sedan,9,170853,104,1979,49,11.5,11.2,42,42,Critical,High,1,Yes,40,"25,001–50,000"
V01544,Hatchback,13,174178,106,2807,48,5.6,12.18,41,79,Worn,Medium,11,No,60,"50,001–80,000"
V01545,SUV,4,197419,85,2289,21,9.2,12.76,31,84,Worn,Medium,10,No,70,"50,001–80,000"
V01546,SUV,13,117435,92,2778,46,10.4,12.76,44,63,Good,Medium,10,Yes,80,"80,001+"
V01547,Hatchback,9,9885,96,2477,42,9.2,12.05,33,59,Moderate,Medium,8,No,100,"80,001+"
V01548,Hatchback,8,100822,100,2386,39,7.0,11.05,35,68,Good,High,8,Yes,80,"80,001+"
V01549,Sedan,8,137371,96,2704,45,5.7,12.4,32,41,Good,Medium,4,No,100,"80,001+"
V01550,Hatchback,7,45046,98,2928,38,6.5,12.19,40,97,Good,High,3,No,80,"80,001+"
V01551,Sedan,1,160739,96,1530,23,6.7,11.94,38,37,Good,Low,11,Yes,70,"50,001–80,000"
V01552,Sedan,5,135516,100,2564,32,15.1,12.02,35,106,Moderate,High,9,Yes,70,"50,001–80,000"
V01553,Sedan,11,107801,104,2820,34,17.3,11.01,33,60,Worn,Medium,7,No,70,"50,001–80,000"
V01554,Sedan,15,84209,90,2546,38,6.2,11.68,33,104,Critical,Medium,1,Yes,70,"50,001–80,000"
V01555,Sedan,4,134128,95,1664,23,10.6,12.58,42,40,Worn,Medium,6,Yes,80,"80,001+"
V01556,Sedan,4,143401,103,2510,27,17.6,12.88,44,88,Moderate,Medium,4,Yes,60,"50,001–80,000"
V01557,SUV,4,31452,88,2915,32,11.5,12.84,43,88,Moderate,Medium,7,No,100,"80,001+"
V01558,Hatchback,2,198201,100,1768,30,16.0,12.57,32,92,Moderate,Low,12,Yes,90,"80,001+"
V01559,SUV,5,162016,101,2671,24,10.3,11.94,36,33,Worn,Low,6,Yes,60,"50,001–80,000"
V01560,Truck,7,152236,97,1547,41,19.0,12.21,36,53,Critical,Low,12,Yes,70,"50,001–80,000"
V01561,Sedan,14,85805,86,1813,50,15.5,12.04,42,106,Worn,Low,6,No,90,"80,001+"
V01562,SUV,5,153975,109,2945,27,11.5,11.65,32,80,Moderate,Low,2,Yes,60,"50,001–80,000"
V01563,SUV,2,117522,107,2881,37,12.9,12.5,34,99,Good,High,10,Yes,50,"25,001–50,000"
V01564,SUV,3,73787,90,2767,30,16.5,12.06,42,87,Critical,Low,5,No,80,"80,001+"
V01565,Truck,13,34918,92,2367,48,19.4,11.63,42,65,Worn,Medium,1,Yes,90,"80,001+"
V01566,SUV,5,72162,98,2693,45,17.8,11.56,36,92,Good,Low,6,No,100,"80,001+"
V01567,Sedan,5,130458,103,2068,42,15.2,12.64,41,102,Worn,High,10,No,50,"25,001–50,000"
V01568,Hatchback,6,196296,107,2313,23,16.7,12.89,43,81,Critical,Low,1,Yes,40,"25,001–50,000"
V01569,Truck,11,115374,86,2903,39,11.1,12.65,35,50,Worn,High,1,No,70,"50,001–80,000"
V01570,Hatchback,7,131578,89,2751,35,11.5,12.0,31,104,Worn,High,4,No,80,"80,001+"
V01571,Hatchback,9,140465,85,2892,43,19.0,12.18,39,92,Critical,Medium,7,No,80,"80,001+"
V01572,SUV,6,53772,101,2858,44,12.0,11.9,42,99,Critical,High,6,No,40,"25,001–50,000"
V01573,Truck,2,95851,105,2839,33,10.0,12.25,42,60,Worn,High,1,Yes,60,"50,001–80,000"
V01574,Hatchback,12,86588,94,1761,31,10.7,11.2,35,85,Moderate,High,6,Yes,70,"50,001–80,000"
V01575,Sedan,7,90838,100,2035,39,16.5,11.03,33,110,Worn,High,11,Yes,70,"50,001–80,000"
V01576,Hatchback,5,81237,101,2987,34,8.4,11.71,40,58,Critical,High,4,Yes,40,"25,001–50,000"
V01577,SUV,5,137775,106,2742,36,8.3,11.96,31,60,Worn,Medium,9,Yes,70,"50,001–80,000"
V01578,Truck,13,120614,107,1524,22,13.9,12.09,32,39,Critical,High,1,No,10,"0–10,000"
V01579,Hatchback,1,168444,109,1644,46,18.3,12.95,38,98,Moderate,High,9,Yes,50,"25,001–50,000"
V01580,Truck,2,157794,94,1966,46,10.1,11.41,39,45,Good,Low,3,Yes,100,"80,001+"
V01581,Truck,11,88542,109,1845,23,18.6,11.81,30,104,Good,Medium,5,Yes,50,"25,001–50,000"
V01582,Truck,13,58070,90,2300,42,11.8,11.95,31,69,Good,Medium,7,Yes,90,"80,001+"
V01583,SUV,2,84182,99,2173,28,10.3,11.03,32,70,Critical,Low,11,No,50,"25,001–50,000"
V01584,Hatchback,6,34432,86,2482,31,11.8,11.74,35,79,Critical,Medium,9,No,70,"50,001–80,000"
V01585,Hatchback,14,31726,85,2626,24,8.2,12.13,34,38,Worn,High,4,Yes,50,"25,001–50,000"
V01586,Sedan,3,61286,102,1551,35,11.6,11.12,39,38,Moderate,High,9,No,50,"25,001–50,000"
V01587,Sedan,6,154850,104,2389,20,14.8,11.5,45,94,Worn,Low,2,No,60,"50,001–80,000"
V01588,Sedan,13,153553,101,2699,50,18.2,11.88,33,82,Critical,Medium,10,No,40,"25,001–50,000"
V01589,Sedan,3,93605,93,2338,26,16.5,12.43,34,108,Good,Medium,10,No,70,"50,001–80,000"
V01590,Hatchback,14,145144,92,1585,33,5.2,12.23,43,74,Worn,Medium,4,Yes,90,"80,001+"
V01591,Hatchback,6,111488,110,2442,50,5.3,12.76,40,36,Critical,Low,2,No,60,"50,001–80,000"
V01592,Truck,1,91254,105,2862,28,11.9,11.48,45,71,Moderate,High,8,No,40,"25,001–50,000"
V01593,SUV,6,38129,90,2526,34,5.6,11.98,37,102,Critical,Low,8,Yes,80,"80,001+"
V01594,Sedan,11,126274,102,1832,30,19.8,11.04,31,92,Moderate,Medium,11,No,60,"50,001–80,000"
V01595,Hatchback,10,109054,90,2128,34,15.8,11.96,34,74,Moderate,High,1,No,80,"80,001+"
V01596,Truck,14,153140,105,2767,40,19.6,12.05,42,99,Worn,High,9,Yes,40,"25,001–50,000"
V01597,Truck,12,98922,109,2049,31,12.9,11.0,45,46,Good,Low,8,Yes,70,"50,001–80,000"
V01598,Truck,11,81857,91,1550,31,19.2,12.92,32,71,Critical,High,3,Yes,50,"25,001–50,000"
V01599,Sedan,1,125545,89,2201,49,16.7,11.16,41,101,Good,High,5,Yes,80,"80,001+"
V01600,Hatchback,7,40299,85,2617,25,15.2,12.8,32,84,Worn,Low,7,Yes,80,"80,001+"
V01601,Hatchback,15,119148,98,2692,23,12.0,12.21,36,48,Worn,Medium,10,Yes,60,"50,001–80,000"
V01602,Sedan,9,137064,89,1533,28,16.4,11.63,31,67,Moderate,Low,12,No,70,"50,001–80,000"
V01603,Truck,11,190460,104,2374,25,10.9,12.59,34,82,Critical,Medium,4,Yes,30,"10,001–25,000"
V01604,Hatchback,8,24923,94,2098,26,10.5,11.26,38,104,Worn,High,11,Yes,50,"25,001–50,000"
V01605,Sedan,12,70250,95,2441,39,12.1,12.19,38,88,Worn,Low,7,Yes,90,"80,001+"
V01606,Hatchback,13,45326,89,1891,40,19.7,11.71,37,76,Critical,Low,6,Yes,70,"50,001–80,000"
V01607,SUV,15,92242,93,1686,20,19.3,11.39,35,45,Good,Medium,12,No,60,"50,001–80,000"
V01608,Truck,6,17105,91,1554,28,12.8,11.18,41,107,Moderate,Low,3,Yes,80,"80,001+"
V01609,Sedan,14,140499,101,2575,23,9.0,12.41,38,90,Moderate,Low,6,Yes,50,"25,001–50,000"
V01610,Hatchback,5,192028,106,2286,23,17.3,11.3,41,103,Moderate,High,4,No,40,"25,001–50,000"
V01611,Sedan,9,55142,95,1520,35,15.0,12.96,33,67,Good,Low,9,Yes,90,"80,001+"
V01612,Truck,9,159144,102,1795,45,15.6,12.64,34,99,Critical,Medium,3,No,60,"50,001–80,000"
V01613,Truck,3,91324,101,2293,37,16.8,12.26,37,60,Good,Medium,9,Yes,70,"50,001–80,000"
V01614,Hatchback,8,195733,103,2489,43,14.9,11.06,44,36,Moderate,Medium,5,No,80,"80,001+"
V01615,Hatchback,2,7047,94,2812,48,7.0,12.85,36,59,Moderate,High,6,Yes,80,"80,001+"
V01616,Hatchback,15,59119,88,2937,35,14.6,11.09,37,110,Good,Low,9,Yes,80,"80,001+"
V01617,Truck,15,172693,87,2457,36,7.9,11.7,41,71,Worn,Medium,11,No,80,"80,001+"
V01618,SUV,11,157720,110,1608,44,15.5,12.14,34,34,Moderate,Low,4,No,70,"50,001–80,000"
V01619,Sedan,6,109404,87,2236,40,18.3,11.33,34,71,Critical,Medium,10,No,70,"50,001–80,000"
V01620,SUV,3,81957,90,2204,32,8.0,11.82,32,79,Worn,High,7,Yes,80,"80,001+"
V01621,SUV,11,125462,95,2786,22,19.6,12.41,44,88,Good,High,6,Yes,50,"25,001–50,000"
V01622,Truck,15,20851,90,2446,48,8.8,11.18,36,85,Moderate,High,5,No,70,"50,001–80,000"
V01623,Truck,13,30876,95,2434,47,12.3,12.5,37,104,Good,High,5,Yes,70,"50,001–80,000"
V01624,Truck,14,5003,107,2276,47,5.8,12.49,42,83,Moderate,Medium,1,No,70,"50,001–80,000"
V01625,Truck,10,81963,88,2331,43,7.0,12.96,45,31,Critical,Medium,7,Yes,80,"80,001+"
V01626,Sedan,9,198906,109,2888,29,19.6,12.7,45,80,Good,High,3,Yes,40,"25,001–50,000"
V01627,Hatchback,1,32173,101,1802,37,10.0,11.65,43,42,Worn,Medium,1,No,80,"80,001+"
V01628,Truck,2,152716,105,2118,23,7.8,12.57,42,89,Critical,Medium,3,Yes,40,"25,001–50,000"
V01629,Truck,14,65116,88,1656,20,10.7,12.15,41,107,Worn,Medium,12,No,60,"50,001–80,000"
V01630,SUV,8,116003,91,2295,48,6.1,11.66,33,55,Critical,Medium,7,Yes,80,"80,001+"
V01631,SUV,9,54938,103,2909,41,14.2,11.88,39,69,Good,Low,4,No,80,"80,001+"
V01632,Hatchback,13,61268,94,2082,49,13.2,12.4,45,43,Good,Low,10,No,80,"80,001+"
V01633,Hatchback,15,195658,107,2083,45,11.4,12.89,45,34,Good,Low,11,No,60,"50,001–80,000"
V01634,Sedan,14,63393,101,1569,35,19.0,12.26,31,56,Good,Medium,12,Yes,60,"50,001–80,000"
V01635,SUV,12,107919,86,2348,25,9.4,11.62,45,55,Worn,Low,11,Yes,60,"50,001–80,000"
V01636,SUV,10,191054,92,2820,45,12.3,11.97,41,37,Critical,High,7,Yes,60,"50,001–80,000"
V01637,Hatchback,10,177046,96,2346,25,9.4,11.61,31,79,Moderate,Medium,7,No,80,"80,001+"
V01638,Hatchback,4,18248,89,2643,27,7.3,12.45,36,95,Critical,Medium,6,No,60,"50,001–80,000"
V01639,Hatchback,10,183675,109,2172,31,17.2,11.91,42,45,Good,Low,4,Yes,80,"80,001+"
V01640,SUV,4,148196,97,2648,44,5.8,11.13,45,74,Critical,High,1,Yes,60,"50,001–80,000"
V01641,Sedan,9,174157,88,2936,34,13.5,12.03,40,65,Good,Medium,7,No,100,"80,001+"
V01642,Sedan,7,76048,86,2833,26,6.4,11.46,44,74,Good,Low,12,No,70,"50,001–80,000"
V01643,SUV,5,116511,101,2138,20,19.0,11.58,37,72,Good,Medium,11,Yes,50,"25,001–50,000"
V01644,Truck,14,105573,101,2935,42,5.1,12.08,32,42,Moderate,Medium,4,Yes,70,"50,001–80,000"
V01645,SUV,7,142241,100,1668,22,10.7,12.03,38,79,Good,Medium,3,Yes,80,"80,001+"
V01646,SUV,12,16437,94,2835,38,17.5,12.43,42,34,Good,High,3,Yes,70,"50,001–80,000"
V01647,Hatchback,12,146569,93,2197,49,10.2,11.75,39,92,Critical,High,12,Yes,40,"25,001–50,000"
V01648,SUV,4,125509,86,2694,30,17.5,11.15,38,78,Good,Low,3,No,100,"80,001+"
V01649,SUV,14,47506,105,1754,26,16.8,12.59,41,66,Critical,Low,4,No,30,"10,001–25,000"
V01650,Hatchback,15,186633,103,2001,47,17.7,12.62,36,80,Good,High,5,Yes,50,"25,001–50,000"
V01651,SUV,13,195161,89,2490,26,15.9,11.88,43,102,Worn,High,10,Yes,40,"25,001–50,000"
V01652,SUV,2,134876,87,2543,23,15.4,12.13,38,49,Moderate,Low,2,No,80,"80,001+"
V01653,SUV,12,7607,101,2697,22,15.5,12.8,33,60,Critical,Medium,2,Yes,30,"10,001–25,000"
V01654,Truck,5,113526,103,2304,50,16.5,11.88,44,72,Moderate,High,2,No,60,"50,001–80,000"
V01655,SUV,10,199326,99,2346,40,5.5,12.29,42,38,Worn,Low,6,Yes,100,"80,001+"
V01656,Sedan,14,157889,110,2565,34,5.7,12.09,43,65,Moderate,High,2,No,50,"25,001–50,000"
V01657,Truck,11,60460,101,1920,26,17.4,12.19,38,65,Moderate,Low,7,Yes,50,"25,001–50,000"
V01658,SUV,3,134719,106,2344,50,6.2,12.7,44,68,Worn,Medium,1,Yes,80,"80,001+"
V01659,Truck,1,86312,85,2618,35,18.1,12.22,31,83,Critical,Medium,6,No,80,"80,001+"
V01660,SUV,12,69227,105,1618,43,15.0,12.98,39,50,Good,Medium,8,Yes,70,"50,001–80,000"
V01661,SUV,4,171276,95,1672,20,17.9,12.61,33,76,Good,Medium,11,Yes,70,"50,001–80,000"
V01662,Sedan,3,138733,110,2421,29,5.4,11.03,40,49,Good,Low,11,Yes,50,"25,001–50,000"
V01663,Sedan,9,179706,98,1548,37,11.8,11.59,38,43,Critical,Medium,5,No,80,"80,001+"
V01664,SUV,15,8860,87,2529,20,14.5,12.33,45,61,Critical,High,12,Yes,20,"10,001–25,000"
V01665,Sedan,7,196716,95,2505,32,8.9,11.8,43,109,Good,Medium,11,No,90,"80,001+"
V01666,Hatchback,1,120107,93,2953,38,15.5,12.37,32,44,Worn,High,10,Yes,70,"50,001–80,000"
V01667,Truck,2,15464,90,2550,50,18.1,11.3,33,47,Worn,High,4,No,80,"80,001+"
V01668,Sedan,8,102267,87,2369,41,11.0,11.13,37,65,Moderate,High,12,No,70,"50,001–80,000"
V01669,Truck,15,125585,88,2998,41,15.8,11.9,35,61,Worn,Medium,6,No,90,"80,001+"
V01670,Hatchback,8,67355,103,1578,41,9.7,12.19,44,71,Moderate,Low,2,Yes,80,"80,001+"
V01671,Sedan,2,157234,91,2839,22,14.4,11.6,30,101,Moderate,Low,8,No,80,"80,001+"
V01672,Truck,2,110324,92,2778,43,18.3,12.42,39,102,Worn,Medium,11,Yes,90,"80,001+"
V01673,Sedan,10,151682,87,1772,44,17.1,12.23,30,42,Moderate,Medium,12,Yes,90,"80,001+"
V01674,Sedan,13,109490,85,2131,22,18.7,12.13,41,85,Good,Medium,4,Yes,70,"50,001–80,000"
V01675,SUV,8,139442,110,1763,40,11.3,12.08,30,83,Moderate,Medium,6,No,80,"80,001+"
V01676,SUV,8,181439,92,2235,36,11.7,12.03,33,110,Good,Low,10,Yes,90,"80,001+"
V01677,Sedan,7,195500,89,1686,29,14.8,11.32,44,109,Good,High,8,Yes,60,"50,001–80,000"
V01678,Hatchback,4,132317,86,1932,29,10.1,12.82,39,57,Moderate,Medium,2,Yes,80,"80,001+"
V01679,Sedan,11,25785,91,2984,39,13.6,11.34,44,95,Critical,Medium,8,No,70,"50,001–80,000"
V01680,Truck,2,82662,90,1609,35,7.1,12.73,32,103,Critical,High,12,No,50,"25,001–50,000"
V01681,SUV,11,104317,91,1543,38,9.2,12.45,43,64,Worn,High,4,Yes,70,"50,001–80,000"
V01682,Sedan,9,65878,92,2810,39,16.7,11.03,34,65,Moderate,Medium,6,No,100,"80,001+"
V01683,Sedan,6,197147,97,1661,23,18.2,11.84,39,87,Good,Low,5,No,80,"80,001+"
V01684,Sedan,1,175567,90,2927,33,6.9,12.99,36,61,Critical,Medium,5,No,80,"80,001+"
V01685,SUV,2,15373,106,2983,34,16.5,11.71,43,102,Moderate,High,12,Yes,50,"25,001–50,000"
V01686,Hatchback,5,133549,86,2057,48,9.0,12.85,39,100,Worn,High,1,Yes,80,"80,001+"
V01687,SUV,2,27087,100,1610,49,11.7,11.2,43,76,Worn,Low,11,Yes,90,"80,001+"
V01688,Hatchback,14,173628,99,1627,26,12.0,12.32,39,48,Good,Medium,11,Yes,60,"50,001–80,000"
V01689,Hatchback,10,42331,100,2006,39,17.6,12.72,36,75,Moderate,Medium,1,No,100,"80,001+"
V01690,Hatchback,11,171662,105,2963,39,11.9,11.07,45,34,Worn,Medium,2,No,70,"50,001–80,000"
V01691,Sedan,3,93590,109,2598,23,19.5,12.1,32,94,Critical,Low,2,No,40,"25,001–50,000"
V01692,Truck,3,143588,86,1837,47,17.1,11.32,33,60,Good,Low,8,Yes,100,"80,001+"
V01693,Hatchback,7,59693,97,2125,30,18.6,11.5,43,109,Critical,Medium,12,Yes,70,"50,001–80,000"
V01694,Hatchback,14,7660,104,1649,25,7.0,12.85,35,40,Critical,High,2,No,10,"0–10,000"
V01695,Truck,14,172200,103,1879,25,19.5,11.07,41,39,Worn,Medium,8,Yes,50,"25,001–50,000"
V01696,Sedan,8,10513,87,2536,39,9.4,12.91,34,58,Good,High,11,Yes,70,"50,001–80,000"
V01697,Sedan,4,81696,91,2131,41,18.8,11.11,44,77,Moderate,Medium,8,No,100,"80,001+"
V01698,Sedan,3,44262,89,1906,43,12.1,11.34,44,62,Worn,Low,4,No,100,"80,001+"
V01699,Sedan,9,31226,95,2295,22,7.9,11.48,42,88,Good,High,8,Yes,60,"50,001–80,000"
V01700,SUV,13,80040,100,2318,21,14.6,12.23,42,56,Critical,High,6,Yes,30,"10,001–25,000"
V01701,Hatchback,12,111374,88,2884,38,16.4,12.82,40,98,Critical,Medium,9,Yes,60,"50,001–80,000"
V01702,Sedan,4,59684,98,1646,21,19.0,12.01,41,32,Critical,Low,7,No,60,"50,001–80,000"
V01703,Truck,9,60377,93,1560,49,15.4,12.9,39,97,Moderate,Low,10,Yes,90,"80,001+"
V01704,Sedan,12,92754,98,2852,20,6.0,11.11,37,69,Critical,Medium,12,No,40,"25,001–50,000"
V01705,Sedan,6,98306,104,2399,43,16.4,12.15,30,50,Worn,Medium,9,No,70,"50,001–80,000"
V01706,Sedan,5,88302,95,1664,41,10.1,11.98,34,57,Worn,High,5,Yes,80,"80,001+"
V01707,Truck,1,65779,102,1683,42,15.0,12.4,33,56,Worn,Low,1,No,80,"80,001+"
V01708,Truck,11,30476,91,2665,40,9.4,12.17,40,81,Worn,High,3,Yes,70,"50,001–80,000"
V01709,Truck,9,128575,95,2157,45,6.1,11.22,34,67,Good,Medium,9,Yes,90,"80,001+"
V01710,SUV,14,114188,106,2041,29,13.6,11.03,34,54,Critical,Low,1,No,30,"10,001–25,000"
V01711,Hatchback,6,81191,89,2730,45,17.9,11.06,45,61,Worn,Medium,5,No,100,"80,001+"
V01712,SUV,11,170325,87,1929,40,7.4,12.52,41,80,Good,Medium,7,Yes,90,"80,001+"
V01713,Truck,10,160825,87,2719,48,13.9,12.19,44,46,Critical,High,3,Yes,60,"50,001–80,000"
V01714,Truck,4,16209,89,2124,41,12.9,12.31,37,97,Good,High,11,No,70,"50,001–80,000"
V01715,Hatchback,14,8875,98,2284,29,15.6,11.52,38,52,Good,Medium,5,No,70,"50,001–80,000"
V01716,Truck,5,171963,87,2628,20,14.6,12.39,33,93,Moderate,High,9,Yes,50,"25,001–50,000"
V01717,Truck,8,174907,106,2089,30,5.1,11.13,42,57,Worn,High,1,Yes,60,"50,001–80,000"
V01718,SUV,10,157032,105,2704,22,19.3,12.56,44,103,Moderate,Medium,11,No,50,"25,001–50,000"
V01719,Sedan,9,168629,95,2163,33,16.3,11.78,45,80,Good,Low,3,No,100,"80,001+"
V01720,Hatchback,12,7991,99,2258,30,14.6,11.37,35,79,Moderate,Medium,4,Yes,90,"80,001+"
V01721,SUV,14,35817,108,1630,41,10.0,11.67,37,36,Critical,High,5,Yes,30,"10,001–25,000"
V01722,SUV,5,187388,110,2213,34,19.5,11.38,32,78,Critical,Low,10,Yes,50,"25,001–50,000"
V01723,Sedan,8,43628,108,2256,40,16.3,11.59,32,83,Critical,Low,6,Yes,60,"50,001–80,000"
V01724,Sedan,9,104940,105,1874,33,18.4,11.28,36,40,Good,High,12,Yes,50,"25,001–50,000"
V01725,Hatchback,4,145510,100,2441,49,8.5,12.81,36,64,Moderate,Medium,7,No,100,"80,001+"
V01726,Sedan,2,6432,102,1580,25,19.4,11.15,31,73,Moderate,Medium,8,Yes,60,"50,001–80,000"
V01727,Hatchback,3,69401,101,2684,42,8.9,11.37,33,52,Moderate,Medium,5,Yes,80,"80,001+"
V01728,Sedan,2,140901,100,2682,32,8.9,12.3,45,85,Critical,Low,6,No,80,"80,001+"
V01729,SUV,13,138292,105,2582,20,14.4,12.93,40,45,Critical,Medium,6,Yes,30,"10,001–25,000"
V01730,Hatchback,13,124035,107,1649,32,13.7,12.82,33,75,Worn,Low,9,No,60,"50,001–80,000"
V01731,SUV,9,43880,92,2102,24,8.8,11.09,37,106,Moderate,Medium,11,Yes,70,"50,001–80,000"
V01732,SUV,14,103134,86,2880,42,17.4,12.0,43,36,Worn,High,9,No,60,"50,001–80,000"
V01733,Sedan,8,46461,99,1805,46,16.0,12.39,41,58,Good,High,10,Yes,70,"50,001–80,000"
V01734,Sedan,5,184309,90,1555,40,18.0,11.21,30,39,Worn,Low,10,No,90,"80,001+"
V01735,SUV,2,154650,103,1967,34,6.0,12.36,42,44,Moderate,Medium,9,Yes,70,"50,001–80,000"
V01736,Sedan,6,171524,104,1710,26,11.2,11.89,41,47,Good,High,9,No,30,"10,001–25,000"
V01737,SUV,13,72649,102,2520,29,12.5,11.7,41,64,Good,High,2,No,30,"10,001–25,000"
V01738,Sedan,3,186890,91,2461,28,6.8,12.83,30,98,Good,High,1,No,60,"50,001–80,000"
V01739,Truck,5,88277,92,1819,22,12.4,11.07,34,41,Critical,Low,9,Yes,50,"25,001–50,000"
V01740,Truck,11,38876,92,2137,33,9.5,12.85,35,94,Good,Low,12,No,80,"80,001+"
V01741,Truck,12,133431,97,2272,50,10.7,12.85,43,54,Worn,Medium,5,Yes,90,"80,001+"
V01742,Hatchback,2,38066,89,1955,50,16.4,11.64,45,36,Critical,Low,8,No,80,"80,001+"
V01743,Hatchback,3,103342,97,2156,44,6.3,11.02,37,41,Good,Low,4,Yes,100,"80,001+"
V01744,Truck,6,60759,90,2603,35,10.5,12.48,31,72,Good,Low,10,Yes,90,"80,001+"
V01745,SUV,4,145698,104,2623,33,13.3,12.57,30,52,Good,Medium,5,Yes,80,"80,001+"
V01746,Hatchback,7,90762,88,2970,49,16.2,11.71,36,42,Critical,Medium,11,No,70,"50,001–80,000"
V01747,Sedan,6,115438,92,1815,29,12.7,12.1,44,59,Moderate,Low,8,Yes,80,"80,001+"
V01748,Truck,10,117107,94,2562,35,16.6,12.12,35,59,Good,Low,1,No,100,"80,001+"
V01749,Truck,12,92908,91,1677,30,15.0,12.25,44,91,Moderate,Medium,6,Yes,90,"80,001+"
V01750,SUV,3,166089,110,2686,27,8.0,11.59,43,103,Good,Low,2,No,60,"50,001–80,000"
V01751,Truck,9,40292,94,2128,22,14.5,11.28,30,107,Critical,Medium,4,Yes,60,"50,001–80,000"
V01752,Sedan,5,63985,96,2333,33,12.8,11.82,38,97,Good,Low,11,No,90,"80,001+"
V01753,Sedan,15,38253,98,2615,35,16.3,11.26,45,92,Moderate,Medium,4,Yes,90,"80,001+"
V01754,Sedan,7,12585,86,2938,47,13.8,12.38,40,56,Moderate,High,3,Yes,80,"80,001+"
V01755,Sedan,1,172024,99,2717,42,10.0,12.43,35,63,Moderate,Medium,11,Yes,90,"80,001+"
V01756,Hatchback,14,36889,101,2324,49,16.8,11.47,36,30,Critical,Medium,6,Yes,50,"25,001–50,000"
V01757,Sedan,13,95971,105,2830,47,13.6,11.44,39,73,Critical,High,4,Yes,30,"10,001–25,000"
V01758,Hatchback,7,96392,107,2731,39,15.1,11.29,41,108,Critical,Low,9,No,50,"25,001–50,000"
V01759,SUV,10,68785,90,2830,41,8.7,11.71,32,92,Critical,Medium,6,Yes,80,"80,001+"
V01760,Truck,8,71618,102,2416,34,14.8,12.1,34,51,Good,Low,7,No,80,"80,001+"
V01761,SUV,11,75649,103,1767,42,15.8,12.81,40,83,Moderate,Medium,7,No,70,"50,001–80,000"
V01762,SUV,1,86900,98,1673,44,9.9,11.65,33,91,Worn,Medium,10,Yes,90,"80,001+"
V01763,Hatchback,10,160638,107,2436,33,11.0,11.68,37,84,Moderate,Medium,9,Yes,70,"50,001–80,000"
V01764,Sedan,3,7347,91,1985,26,8.0,12.58,36,69,Critical,High,5,No,40,"25,001–50,000"
V01765,Sedan,6,9374,110,1516,25,9.3,11.86,33,98,Moderate,High,10,No,30,"10,001–25,000"
V01766,SUV,3,116944,110,1904,29,13.2,11.86,41,46,Moderate,Medium,10,No,50,"25,001–50,000"
V01767,Sedan,6,57149,109,2053,28,9.9,11.51,37,96,Moderate,High,5,No,40,"25,001–50,000"
V01768,Sedan,5,176022,108,1745,24,11.4,12.13,30,85,Moderate,High,5,No,40,"25,001–50,000"
V01769,Sedan,15,87274,91,1734,25,18.9,11.16,37,56,Moderate,High,6,No,50,"25,001–50,000"
V01770,Truck,13,84002,89,2762,32,10.9,12.82,31,105,Moderate,High,2,Yes,70,"50,001–80,000"
V01771,Sedan,12,176867,89,1785,28,17.4,11.65,45,102,Worn,Low,2,No,70,"50,001–80,000"
V01772,Truck,10,48849,89,2785,21,8.5,11.1,36,58,Worn,Medium,8,Yes,80,"80,001+"
V01773,Truck,2,156469,107,2001,32,8.4,11.94,30,100,Good,Medium,7,No,80,"80,001+"
V01774,Hatchback,9,77651,94,2679,48,16.6,11.45,39,83,Worn,High,7,Yes,80,"80,001+"
V01775,SUV,12,135301,98,2947,33,11.0,11.63,39,93,Critical,Low,10,No,60,"50,001–80,000"
V01776,SUV,6,43663,103,2359,35,11.1,11.22,30,93,Critical,Low,3,No,60,"50,001–80,000"
V01777,Hatchback,10,160889,96,2415,39,11.5,11.76,37,48,Worn,High,11,No,70,"50,001–80,000"
V01778,Truck,4,9768,107,2490,26,13.8,12.34,30,106,Good,Medium,7,Yes,60,"50,001–80,000"
V01779,Sedan,1,186967,87,2479,40,10.0,12.19,43,90,Worn,Low,5,Yes,100,"80,001+"
V01780,Truck,2,198695,104,1865,27,10.6,11.49,35,106,Good,High,4,Yes,40,"25,001–50,000"
V01781,SUV,4,145390,107,1857,34,12.9,11.43,36,55,Moderate,Medium,6,Yes,80,"80,001+"
V01782,Hatchback,3,103413,96,1876,44,12.1,12.9,30,40,Worn,High,10,Yes,70,"50,001–80,000"
V01783,SUV,8,18373,104,1838,37,6.1,12.71,38,52,Worn,High,5,Yes,60,"50,001–80,000"
V01784,Hatchback,5,135508,105,2945,49,7.8,11.7,37,91,Critical,Low,9,No,50,"25,001–50,000"
V01785,Hatchback,15,83157,89,2440,24,6.9,12.95,43,32,Good,Medium,12,Yes,60,"50,001–80,000"
V01786,Sedan,13,150475,90,1579,25,18.7,11.55,33,53,Good,High,1,Yes,50,"25,001–50,000"
V01787,Hatchback,1,65344,91,2897,33,8.6,12.91,44,76,Moderate,Low,10,No,90,"80,001+"
V01788,SUV,1,59133,96,1832,30,8.9,12.23,43,89,Critical,High,10,No,50,"25,001–50,000"
V01789,Hatchback,7,153179,90,2700,27,18.8,11.81,41,42,Critical,Low,12,Yes,50,"25,001–50,000"
V01790,Hatchback,8,143036,98,1648,21,17.1,11.27,32,88,Moderate,Medium,5,Yes,80,"80,001+"
V01791,Hatchback,7,131408,104,2881,38,12.0,12.54,30,87,Good,Medium,5,Yes,80,"80,001+"
V01792,SUV,10,7668,90,2047,29,16.0,11.94,38,45,Worn,Medium,2,No,80,"80,001+"
V01793,Truck,10,118937,87,2760,37,9.0,12.95,37,56,Worn,Low,6,No,100,"80,001+"
V01794,Truck,1,90949,105,2381,50,6.8,11.01,30,87,Moderate,Medium,1,No,80,"80,001+"
V01795,Truck,2,92543,101,2688,50,12.0,11.1,34,48,Moderate,Low,8,Yes,80,"80,001+"
V01796,SUV,10,179008,100,2902,23,19.7,12.61,39,98,Critical,High,8,Yes,40,"25,001–50,000"
V01797,Truck,13,85507,89,2891,28,18.9,12.33,32,86,Worn,Medium,12,No,60,"50,001–80,000"
V01798,SUV,13,6376,99,2196,40,14.9,11.97,33,42,Worn,High,12,Yes,60,"50,001–80,000"
V01799,Sedan,11,63280,93,2130,46,19.2,12.88,40,40,Critical,Medium,3,Yes,70,"50,001–80,000"
V01800,SUV,2,38795,99,1581,30,8.7,12.5,45,76,Moderate,Low,10,No,90,"80,001+"
V01801,Hatchback,4,83284,93,2366,22,6.0,12.12,35,85,Good,Low,3,No,80,"80,001+"
V01802,SUV,8,139876,110,2579,50,9.1,11.71,34,55,Critical,Medium,10,Yes,50,"25,001–50,000"
V01803,Sedan,9,127463,94,1969,37,9.0,11.74,32,40,Good,High,11,No,70,"50,001–80,000"
V01804,SUV,9,138843,88,2000,42,17.5,12.86,31,105,Good,Low,2,Yes,100,"80,001+"
V01805,Truck,9,19047,97,2944,42,19.3,12.37,44,63,Good,High,9,No,70,"50,001–80,000"
V01806,Truck,8,132416,94,1680,26,13.7,12.6,36,55,Moderate,Low,5,Yes,80,"80,001+"
V01807,SUV,14,172390,98,2853,49,16.7,12.56,30,108,Good,Medium,1,Yes,90,"80,001+"
V01808,Truck,6,51919,101,2013,44,17.4,11.14,30,43,Moderate,High,4,Yes,60,"50,001–80,000"
V01809,SUV,8,78372,88,2152,49,15.5,11.74,35,79,Moderate,Low,4,No,100,"80,001+"
V01810,Truck,14,48235,102,2119,31,5.3,12.37,34,82,Moderate,High,1,No,50,"25,001–50,000"
V01811,SUV,11,59103,95,2656,21,9.0,11.89,32,34,Critical,Medium,3,Yes,50,"25,001–50,000"
V01812,Hatchback,5,84021,97,2614,23,15.6,12.3,36,97,Good,Medium,1,No,80,"80,001+"
V01813,Sedan,3,13017,110,2921,29,14.5,11.43,43,104,Worn,High,6,No,40,"25,001–50,000"
V01814,SUV,2,142484,109,2529,26,14.4,12.03,44,37,Moderate,High,4,No,40,"25,001–50,000"
V01815,Hatchback,6,72856,87,2404,43,16.9,12.9,40,62,Critical,Medium,9,No,70,"50,001–80,000"
V01816,SUV,3,188648,100,2590,37,12.4,12.84,38,84,Good,Medium,11,Yes,90,"80,001+"
V01817,Hatchback,2,144009,98,2474,44,5.3,11.43,30,52,Moderate,High,7,No,80,"80,001+"
V01818,Truck,1,121680,109,1665,27,13.6,11.8,42,89,Critical,High,2,Yes,20,"10,001–25,000"
V01819,Truck,11,104042,101,2294,47,14.0,12.06,33,101,Critical,High,7,Yes,30,"10,001–25,000"
V01820,Sedan,14,92987,106,1852,49,16.6,11.07,32,85,Critical,Medium,5,No,50,"25,001–50,000"
V01821,SUV,15,99155,94,2731,42,13.8,12.7,34,92,Good,Medium,11,Yes,80,"80,001+"
V01822,SUV,12,120911,94,1854,35,14.4,11.56,33,35,Moderate,Low,11,Yes,80,"80,001+"
V01823,Truck,5,197836,87,2006,27,15.5,11.26,43,39,Moderate,Low,10,Yes,70,"50,001–80,000"
V01824,Truck,13,164360,101,2332,43,5.4,12.55,36,92,Moderate,Low,7,No,70,"50,001–80,000"
V01825,Sedan,2,21552,107,2809,39,19.2,11.27,38,69,Critical,Medium,3,Yes,60,"50,001–80,000"
V01826,Truck,15,183885,102,1840,37,8.6,11.42,44,87,Moderate,High,1,Yes,50,"25,001–50,000"
V01827,Hatchback,1,115910,95,2272,42,15.2,11.2,43,84,Moderate,Low,7,No,100,"80,001+"
V01828,Hatchback,13,10644,104,2016,50,16.5,11.47,45,89,Worn,Medium,4,Yes,70,"50,001–80,000"
V01829,SUV,14,119458,110,1848,47,5.3,11.51,35,44,Worn,High,11,Yes,40,"25,001–50,000"
V01830,Hatchback,15,174866,89,1819,31,12.5,11.84,35,35,Critical,High,4,No,50,"25,001–50,000"
V01831,Truck,4,135075,88,2386,23,13.7,11.53,44,86,Critical,High,4,No,40,"25,001–50,000"
V01832,Hatchback,2,89339,107,2387,42,12.2,12.6,40,64,Moderate,High,8,No,60,"50,001–80,000"
V01833,Sedan,12,121677,95,1936,30,15.5,11.22,33,49,Worn,High,7,Yes,70,"50,001–80,000"
V01834,Hatchback,8,20497,96,1968,24,10.9,12.57,30,67,Critical,Medium,3,Yes,60,"50,001–80,000"
V01835,SUV,3,17054,101,1728,39,9.1,12.06,40,92,Moderate,High,6,No,60,"50,001–80,000"
V01836,SUV,5,156947,102,1551,42,8.2,12.06,44,83,Worn,High,4,No,60,"50,001–80,000"
V01837,Sedan,14,11733,98,2183,22,10.7,12.99,37,60,Critical,Low,12,Yes,40,"25,001–50,000"
V01838,SUV,3,60359,94,2278,38,10.9,12.84,40,109,Critical,Low,1,Yes,80,"80,001+"
V01839,Truck,9,103193,97,1623,20,16.7,12.32,42,52,Good,Low,11,No,70,"50,001–80,000"
V01840,Hatchback,15,127628,90,2779,29,5.1,12.17,42,52,Worn,High,9,No,40,"25,001–50,000"
V01841,Hatchback,13,42678,106,2724,31,19.3,12.52,43,100,Critical,Medium,12,No,40,"25,001–50,000"
V01842,Truck,4,138464,97,1759,23,6.7,12.83,45,38,Moderate,Medium,6,Yes,80,"80,001+"
V01843,Hatchback,5,81097,103,2273,22,6.2,11.21,40,69,Moderate,High,3,Yes,40,"25,001–50,000"
V01844,Truck,1,80904,108,2825,50,5.3,12.15,35,89,Good,Low,12,No,70,"50,001–80,000"
V01845,Hatchback,2,188855,104,1805,40,5.9,12.47,43,65,Critical,High,7,No,40,"25,001–50,000"
V01846,Hatchback,4,10790,109,2711,43,7.0,11.48,31,70,Good,Low,4,Yes,80,"80,001+"
V01847,Truck,4,60235,94,1839,40,12.5,12.7,44,87,Moderate,High,6,Yes,80,"80,001+"
V01848,Sedan,11,38049,102,2723,34,11.7,12.02,32,109,Moderate,Medium,5,No,70,"50,001–80,000"
V01849,Sedan,2,192469,109,2879,21,11.2,12.86,31,110,Critical,Medium,8,No,40,"25,001–50,000"
V01850,Sedan,7,192273,108,1761,37,9.7,12.45,37,83,Moderate,Low,1,Yes,80,"80,001+"
V01851,Sedan,3,189416,105,1529,23,15.2,11.8,38,49,Good,Medium,4,Yes,60,"50,001–80,000"
V01852,Hatchback,4,71660,101,1541,45,6.0,11.25,39,85,Moderate,High,9,Yes,50,"25,001–50,000"
V01853,Sedan,15,104244,89,2575,27,12.9,12.05,33,60,Critical,High,4,Yes,30,"10,001–25,000"
V01854,Hatchback,7,84353,103,1600,28,14.1,12.31,42,87,Moderate,Medium,2,No,60,"50,001–80,000"
V01855,Truck,11,138931,109,1712,37,12.0,12.95,30,57,Moderate,Low,11,Yes,60,"50,001–80,000"
V01856,SUV,2,47004,110,2255,39,12.0,11.98,44,106,Good,High,2,No,60,"50,001–80,000"
V01857,Truck,7,153851,103,2864,45,11.8,12.93,30,62,Critical,Medium,6,No,60,"50,001–80,000"
V01858,Sedan,12,174800,85,2876,43,18.5,12.03,34,66,Worn,High,12,No,60,"50,001–80,000"
V01859,Truck,9,199827,90,2766,45,13.1,11.04,30,52,Worn,Medium,7,Yes,100,"80,001+"
V01860,SUV,4,163083,87,1722,41,17.6,12.14,41,76,Moderate,Medium,2,Yes,100,"80,001+"
V01861,Truck,11,34362,97,1815,37,13.7,12.31,32,83,Worn,High,9,No,60,"50,001–80,000"
V01862,Sedan,7,136891,106,2265,33,5.1,11.32,30,97,Good,Medium,8,Yes,80,"80,001+"
V01863,Hatchback,5,135210,110,1503,29,19.1,11.99,34,60,Good,Low,8,No,60,"50,001–80,000"
V01864,Truck,4,169941,99,2399,40,13.3,12.67,35,30,Worn,Medium,8,Yes,100,"80,001+"
V01865,SUV,13,165354,102,2413,44,10.0,12.57,39,44,Good,Low,4,Yes,70,"50,001–80,000"
V01866,Sedan,13,76077,98,1788,44,10.8,12.72,39,77,Good,Low,3,No,90,"80,001+"
V01867,Sedan,14,50737,85,1690,48,8.4,11.89,31,49,Moderate,Medium,12,No,80,"80,001+"
V01868,SUV,3,63534,100,1926,23,10.3,12.1,31,82,Good,High,5,Yes,60,"50,001–80,000"
V01869,Hatchback,5,44726,85,2623,38,19.8,11.33,41,85,Moderate,Medium,4,Yes,100,"80,001+"
V01870,Truck,4,158455,91,1576,30,11.1,12.71,32,56,Critical,Low,10,No,70,"50,001–80,000"
V01871,SUV,12,140254,106,1666,23,10.9,12.83,42,90,Good,High,1,Yes,30,"10,001–25,000"
V01872,Truck,14,125798,92,1743,32,18.6,11.62,40,56,Moderate,High,1,Yes,70,"50,001–80,000"
V01873,Truck,10,77298,87,2544,23,9.6,12.08,43,104,Critical,High,4,Yes,40,"25,001–50,000"
V01874,Sedan,11,91161,101,2506,27,17.8,11.68,34,45,Critical,High,10,No,0,"0–10,000"
V01875,Hatchback,5,105948,85,1965,44,16.9,12.74,31,96,Critical,High,11,Yes,50,"25,001–50,000"
V01876,Hatchback,9,97264,101,2041,43,12.3,12.38,33,100,Worn,Low,3,Yes,80,"80,001+"
V01877,Sedan,7,26467,96,2376,44,12.6,11.88,35,55,Good,High,12,Yes,70,"50,001–80,000"
V01878,Sedan,8,117254,109,2214,25,5.6,11.49,37,66,Good,Medium,11,No,50,"25,001–50,000"
V01879,Truck,14,21452,109,2159,40,5.3,12.06,42,67,Moderate,Low,5,No,70,"50,001–80,000"
V01880,Sedan,13,76311,86,2432,36,17.2,12.66,44,65,Critical,Low,7,No,70,"50,001–80,000"
V01881,Sedan,3,89773,98,2084,39,17.1,11.61,31,60,Moderate,Medium,11,Yes,90,"80,001+"
V01882,Hatchback,9,11584,93,2112,42,19.0,12.27,37,44,Worn,Low,5,No,100,"80,001+"
V01883,Sedan,6,63716,88,2039,24,8.1,12.54,44,87,Good,High,7,Yes,60,"50,001–80,000"
V01884,Hatchback,11,45651,106,2737,41,15.3,12.64,40,66,Critical,High,1,No,30,"10,001–25,000"
V01885,Hatchback,7,25772,85,2151,49,16.3,11.46,33,57,Good,High,6,Yes,80,"80,001+"
V01886,Hatchback,12,90440,88,2560,33,18.2,11.63,41,101,Critical,Low,11,No,60,"50,001–80,000"
V01887,SUV,4,98140,98,2876,48,9.8,11.3,41,100,Good,High,2,Yes,80,"80,001+"
V01888,Truck,12,61005,107,2009,30,15.9,11.33,45,90,Critical,Low,1,Yes,50,"25,001–50,000"
V01889,SUV,5,96749,107,1603,45,11.3,11.18,42,98,Good,Medium,8,Yes,80,"80,001+"
V01890,SUV,9,170752,97,2312,43,11.0,12.98,36,88,Critical,Low,11,No,70,"50,001–80,000"
V01891,Hatchback,9,13952,95,2998,42,12.5,11.95,36,79,Good,Medium,12,No,90,"80,001+"
V01892,Hatchback,7,58574,100,1827,42,5.8,12.72,42,71,Worn,Low,2,No,100,"80,001+"
V01893,Truck,6,25981,108,1708,23,7.6,11.19,34,85,Worn,Low,11,Yes,50,"25,001–50,000"
V01894,Hatchback,11,181181,109,2786,47,15.7,12.09,40,62,Worn,Low,11,No,60,"50,001–80,000"
V01895,Hatchback,8,21864,110,1860,35,14.9,12.41,34,55,Critical,Medium,5,Yes,60,"50,001–80,000"
V01896,Hatchback,3,140566,94,2208,31,17.8,11.4,44,82,Moderate,High,2,No,80,"80,001+"
V01897,Truck,11,134226,92,1770,46,15.9,12.71,43,90,Worn,Low,11,Yes,80,"80,001+"
V01898,Sedan,1,13994,91,2777,47,18.9,12.14,31,95,Worn,Medium,11,Yes,90,"80,001+"
V01899,Sedan,3,29662,94,2474,21,9.3,11.62,42,88,Critical,Medium,6,Yes,60,"50,001–80,000"
V01900,Hatchback,4,89179,88,2512,37,18.4,12.04,40,110,Moderate,Low,6,Yes,100,"80,001+"
V01901,SUV,10,50160,86,2974,35,12.3,11.82,32,38,Moderate,Low,9,Yes,90,"80,001+"
V01902,SUV,13,129441,97,2867,31,5.9,12.01,35,84,Worn,High,8,Yes,70,"50,001–80,000"
V01903,SUV,6,164673,97,1781,49,16.2,11.64,31,72,Worn,Low,8,No,100,"80,001+"
V01904,Truck,9,106676,94,2921,41,12.6,12.36,37,99,Worn,Low,7,No,100,"80,001+"
V01905,Sedan,4,54022,87,2166,42,19.5,12.95,45,48,Worn,Medium,2,Yes,100,"80,001+"
V01906,SUV,12,135339,109,2404,50,11.0,11.29,42,73,Good,Low,4,Yes,70,"50,001–80,000"
V01907,Sedan,5,22079,86,2559,29,6.9,12.1,43,60,Critical,High,2,Yes,40,"25,001–50,000"
V01908,SUV,2,107736,106,2926,35,10.1,11.99,33,63,Worn,High,4,Yes,60,"50,001–80,000"
V01909,Sedan,9,117850,100,2470,41,16.2,11.73,30,47,Worn,High,11,No,70,"50,001–80,000"
V01910,Sedan,15,19377,110,2798,49,15.0,12.63,40,99,Critical,High,3,Yes,30,"10,001–25,000"
V01911,Hatchback,6,61789,98,1876,47,19.5,12.13,45,33,Worn,High,8,Yes,80,"80,001+"
V01912,SUV,9,42062,94,2233,28,5.9,12.93,30,94,Good,High,4,Yes,60,"50,001–80,000"
V01913,SUV,3,45422,95,2671,29,5.1,12.18,45,31,Worn,High,1,Yes,60,"50,001–80,000"
V01914,Truck,12,14203,88,2037,38,17.7,11.01,44,75,Moderate,Low,5,Yes,90,"80,001+"
V01915,Sedan,3,60233,107,2375,24,17.6,11.19,39,86,Good,Low,7,Yes,60,"50,001–80,000"
V01916,SUV,12,58494,101,1745,35,17.4,11.16,31,65,Moderate,Medium,8,No,70,"50,001–80,000"
V01917,SUV,10,37219,110,1887,23,13.0,11.02,37,102,Good,Low,6,No,60,"50,001–80,000"
V01918,SUV,15,76815,90,1895,27,17.2,11.68,34,84,Worn,Low,4,Yes,70,"50,001–80,000"
V01919,Truck,12,165855,95,1843,33,16.2,11.74,36,98,Worn,Medium,2,Yes,90,"80,001+"
V01920,Hatchback,12,69557,90,2839,33,17.5,12.37,33,103,Critical,Medium,4,No,70,"50,001–80,000"
V01921,Hatchback,8,133457,88,1831,24,7.1,11.55,38,90,Critical,Medium,8,Yes,60,"50,001–80,000"
V01922,Hatchback,1,72944,87,1702,21,8.1,12.62,45,103,Critical,Low,7,Yes,60,"50,001–80,000"
V01923,Hatchback,1,132609,96,1853,40,12.3,11.59,31,109,Worn,Medium,1,No,100,"80,001+"
V01924,Truck,4,40876,97,2624,40,16.1,11.98,44,109,Worn,Medium,10,Yes,90,"80,001+"
V01925,Truck,7,196598,100,1854,37,9.8,11.74,34,31,Good,Low,11,No,90,"80,001+"
V01926,Truck,15,111435,88,1859,50,9.6,11.56,30,110,Moderate,High,9,Yes,60,"50,001–80,000"
V01927,Truck,14,174022,86,2858,46,13.5,12.7,42,42,Moderate,Low,2,No,90,"80,001+"
V01928,Sedan,14,191106,107,2468,39,18.5,12.69,33,70,Moderate,Low,10,Yes,60,"50,001–80,000"
V01929,Sedan,8,98519,107,1710,45,15.8,11.63,35,49,Good,Medium,7,No,80,"80,001+"
V01930,Hatchback,14,75102,103,2301,38,5.7,12.77,35,31,Critical,Low,6,Yes,50,"25,001–50,000"
V01931,Hatchback,15,64693,89,1937,31,15.4,12.11,35,50,Moderate,High,10,No,60,"50,001–80,000"
V01932,Hatchback,1,38819,106,2208,39,17.8,12.53,43,52,Worn,High,2,No,60,"50,001–80,000"
V01933,Sedan,9,99167,103,1884,35,18.9,11.77,41,47,Moderate,High,1,No,60,"50,001–80,000"
V01934,Truck,13,33870,85,2226,26,11.9,12.17,30,56,Critical,High,5,No,30,"10,001–25,000"
V01935,Truck,1,188242,86,2796,42,14.0,11.51,45,92,Moderate,Low,7,Yes,100,"80,001+"
V01936,Hatchback,6,12679,106,1963,36,14.9,11.4,43,48,Moderate,Medium,8,Yes,80,"80,001+"
V01937,Truck,11,153911,92,1567,50,17.3,12.42,43,49,Good,Low,4,Yes,90,"80,001+"
V01938,Truck,1,162332,103,1759,23,8.0,12.54,41,87,Moderate,High,3,No,40,"25,001–50,000"
V01939,Hatchback,11,52961,86,2153,45,9.1,12.76,45,65,Critical,High,8,No,50,"25,001–50,000"
V01940,Hatchback,12,84954,88,2518,45,13.4,12.99,32,34,Moderate,High,11,Yes,60,"50,001–80,000"
V01941,SUV,5,138680,101,1598,24,15.2,11.52,36,44,Worn,High,3,No,40,"25,001–50,000"
V01942,Hatchback,2,56982,89,1901,44,12.1,11.46,33,59,Worn,Medium,1,Yes,100,"80,001+"
V01943,SUV,13,74388,107,2401,28,6.0,11.28,41,63,Critical,Low,7,Yes,30,"10,001–25,000"
V01944,Truck,7,115056,106,1693,48,12.4,11.45,32,71,Worn,Medium,3,Yes,80,"80,001+"
V01945,Sedan,12,179634,107,1657,24,9.2,12.94,31,72,Good,Medium,5,No,50,"25,001–50,000"
V01946,Sedan,6,30174,88,2589,33,19.3,12.61,39,99,Good,High,2,Yes,80,"80,001+"
V01947,SUV,13,36376,97,1552,23,11.1,11.71,35,45,Worn,High,6,Yes,50,"25,001–50,000"
V01948,Hatchback,12,91242,94,1623,38,6.2,12.11,37,88,Good,Medium,12,No,80,"80,001+"
V01949,Truck,11,196380,107,1512,22,18.1,12.94,41,90,Critical,Medium,7,Yes,30,"10,001–25,000"
V01950,Hatchback,10,187884,85,1866,27,13.2,11.44,42,40,Good,Medium,10,No,70,"50,001–80,000"
V01951,SUV,10,123034,106,1629,24,8.7,11.85,44,33,Good,High,11,Yes,30,"10,001–25,000"
V01952,Sedan,3,169558,88,2054,30,6.2,11.81,32,39,Good,Medium,3,No,100,"80,001+"
V01953,Sedan,9,129703,90,2684,27,10.0,11.38,40,36,Good,High,6,Yes,60,"50,001–80,000"
V01954,Truck,15,190651,108,2234,24,14.4,12.0,44,68,Worn,High,6,No,30,"10,001–25,000"
V01955,Sedan,12,129239,110,2121,30,11.0,12.09,38,35,Critical,High,4,No,30,"10,001–25,000"
V01956,Sedan,1,122276,93,2740,47,8.4,12.11,35,64,Worn,High,2,No,80,"80,001+"
V01957,Hatchback,10,23595,109,1783,21,14.4,11.62,44,88,Good,Low,11,Yes,50,"25,001–50,000"
V01958,Truck,4,33591,96,1525,50,17.4,12.78,36,66,Moderate,Low,8,Yes,100,"80,001+"
V01959,SUV,6,47140,94,1982,46,8.5,11.76,45,46,Critical,Low,6,Yes,80,"80,001+"
V01960,Truck,3,64951,98,2236,46,19.3,12.76,41,72,Good,High,12,No,70,"50,001–80,000"
V01961,Sedan,7,29861,100,1590,41,19.3,11.02,38,96,Critical,High,8,Yes,60,"50,001–80,000"
V01962,SUV,1,34323,100,1886,27,8.8,12.45,42,41,Moderate,Low,7,Yes,80,"80,001+"
V01963,Sedan,12,116651,106,2597,31,6.8,11.1,40,73,Worn,Low,1,Yes,70,"50,001–80,000"
V01964,Sedan,1,191954,106,2311,25,18.4,12.52,42,34,Worn,Medium,4,No,60,"50,001–80,000"
V01965,Truck,11,142924,108,2148,43,19.1,11.58,30,105,Worn,High,1,Yes,50,"25,001–50,000"
V01966,Truck,9,193690,90,2956,28,9.8,12.45,38,86,Worn,Medium,5,No,80,"80,001+"
V01967,SUV,5,50590,104,1761,50,16.9,12.86,30,37,Critical,High,12,No,30,"10,001–25,000"
V01968,SUV,5,62507,88,2299,30,12.2,12.2,43,85,Critical,High,8,Yes,60,"50,001–80,000"
V01969,SUV,2,99706,85,2343,33,15.6,12.62,43,79,Moderate,Medium,7,No,100,"80,001+"
V01970,Hatchback,9,20937,96,1698,49,11.7,12.71,38,36,Moderate,Low,1,Yes,100,"80,001+"
V01971,SUV,1,48807,85,2780,28,17.9,12.18,35,60,Worn,High,5,No,60,"50,001–80,000"
V01972,Sedan,7,169427,95,2589,47,6.8,12.47,40,94,Worn,Low,5,No,100,"80,001+"
V01973,SUV,4,78673,94,2383,44,13.1,11.27,30,85,Moderate,Low,1,Yes,100,"80,001+"
V01974,Truck,15,173398,110,2871,34,8.6,12.91,44,35,Good,High,6,Yes,50,"25,001–50,000"
V01975,Truck,14,121247,93,1712,47,18.5,11.51,35,109,Moderate,Medium,12,Yes,80,"80,001+"
V01976,Sedan,6,148986,102,2340,32,7.6,11.87,38,65,Good,High,1,No,60,"50,001–80,000"
V01977,Sedan,4,13569,88,1573,49,9.1,11.62,37,55,Moderate,Low,10,No,90,"80,001+"
V01978,SUV,6,77870,99,2898,25,6.8,12.95,34,38,Moderate,High,8,No,60,"50,001–80,000"
V01979,Truck,4,52194,90,1702,43,8.7,11.9,32,43,Good,High,11,No,70,"50,001–80,000"
V01980,SUV,1,161842,105,1679,43,18.4,11.8,38,49,Moderate,Medium,9,Yes,70,"50,001–80,000"
V01981,Truck,1,98105,108,1710,49,7.5,12.68,35,69,Critical,High,9,No,30,"10,001–25,000"
V01982,Sedan,6,38996,103,1985,25,18.4,12.38,33,44,Moderate,Medium,12,Yes,50,"25,001–50,000"
V01983,Hatchback,8,199045,92,2002,31,6.2,11.81,31,76,Worn,Low,1,Yes,100,"80,001+"
V01984,Hatchback,1,160808,98,2488,31,17.0,12.32,38,32,Worn,Low,5,Yes,100,"80,001+"
V01985,Hatchback,8,10971,103,2956,21,16.5,11.81,32,82,Moderate,High,2,No,40,"25,001–50,000"
V01986,Sedan,11,57698,90,2790,22,6.1,12.44,44,46,Worn,Medium,9,No,60,"50,001–80,000"
V01987,SUV,7,146085,104,2029,37,11.2,11.85,40,98,Worn,Medium,11,Yes,70,"50,001–80,000"
V01988,SUV,1,192302,90,2232,31,14.8,11.83,32,63,Critical,Low,9,Yes,70,"50,001–80,000"
V01989,Truck,10,71485,110,1524,26,7.7,11.08,37,48,Critical,Medium,8,Yes,40,"25,001–50,000"
V01990,Sedan,7,130058,94,2604,45,13.6,11.29,45,80,Moderate,Low,12,Yes,90,"80,001+"
V01991,Hatchback,5,184387,94,2254,43,18.4,11.54,42,40,Worn,Low,3,No,100,"80,001+"
V01992,SUV,9,117776,98,2206,20,9.7,12.05,40,76,Good,Low,2,Yes,80,"80,001+"
V01993,SUV,12,54965,89,1548,30,15.5,12.75,36,44,Good,Low,4,No,90,"80,001+"
V01994,Sedan,3,131036,104,2414,35,14.6,11.94,43,94,Worn,High,3,No,60,"50,001–80,000"
V01995,Hatchback,9,171701,85,2878,34,15.4,11.81,32,55,Good,High,9,No,70,"50,001–80,000"
V01996,SUV,5,178165,102,1566,42,19.1,12.31,37,93,Critical,High,7,No,40,"25,001–50,000"
V01997,SUV,5,76528,87,2114,43,14.0,12.07,40,43,Moderate,High,1,Yes,80,"80,001+"
V01998,Truck,8,190305,87,2283,27,7.0,12.49,45,67,Worn,High,11,No,50,"25,001–50,000"
V01999,Hatchback,12,90308,100,1911,28,6.5,12.02,43,63,Good,High,12,No,40,"25,001–50,000"
V02000,Truck,10,74942,104,2171,27,11.1,12.52,38,51,Good,Low,10,Yes,50,"25,001–50,000"
V02001,Truck,14,74342,98,2236,25,6.0,12.3,42,84,Good,Medium,7,No,70,"50,001–80,000"
V02002,SUV,3,59578,87,2269,41,13.9,12.0,38,87,Good,Low,10,Yes,90,"80,001+"
V02003,Sedan,2,199136,93,1525,24,13.2,11.65,33,108,Good,Medium,4,Yes,80,"80,001+"
V02004,Sedan,11,122619,106,2843,27,7.7,11.18,31,40,Critical,Medium,1,Yes,30,"10,001–25,000"
V02005,SUV,8,72194,99,2916,47,11.5,12.64,39,56,Worn,Medium,4,Yes,100,"80,001+"
V02006,Sedan,7,170832,96,1673,25,10.3,11.24,40,82,Good,High,8,Yes,60,"50,001–80,000"
V02007,Truck,1,188615,89,2413,46,17.0,11.31,39,83,Moderate,Medium,7,No,100,"80,001+"
V02008,Truck,6,165549,89,2905,21,10.9,12.8,44,102,Good,Medium,5,No,80,"80,001+"
V02009,Truck,6,101721,90,2939,24,17.9,12.28,31,108,Worn,Low,6,No,80,"80,001+"
V02010,Hatchback,10,110083,103,2065,24,14.6,12.35,39,96,Critical,Low,7,Yes,40,"25,001–50,000"
V02011,Hatchback,15,39765,94,2088,28,8.1,12.28,33,105,Good,High,9,Yes,40,"25,001–50,000"
V02012,Truck,1,181716,98,2618,44,13.0,12.33,35,61,Moderate,Low,7,Yes,100,"80,001+"
V02013,Sedan,9,153367,101,2024,46,13.0,11.68,36,65,Good,High,8,No,60,"50,001–80,000"
V02014,Sedan,12,132216,109,2433,41,8.1,12.19,37,77,Critical,High,6,Yes,30,"10,001–25,000"
V02015,Hatchback,10,111353,108,1855,41,10.8,11.28,33,69,Good,High,12,Yes,50,"25,001–50,000"
V02016,Truck,8,102223,99,1843,48,7.0,12.44,42,93,Moderate,Low,2,No,100,"80,001+"
V02017,Truck,11,101828,102,2116,21,12.1,12.34,36,83,Moderate,Low,5,Yes,50,"25,001–50,000"
V02018,SUV,13,26963,95,1611,21,7.9,11.59,30,42,Moderate,Medium,2,No,70,"50,001–80,000"
V02019,Sedan,7,130122,107,1642,30,8.7,12.57,37,105,Worn,High,3,Yes,60,"50,001–80,000"
V02020,SUV,14,63249,102,2382,43,12.0,12.03,39,83,Moderate,Low,11,Yes,60,"50,001–80,000"
V02021,SUV,5,111629,85,1730,44,11.0,12.41,32,71,Critical,Medium,6,Yes,80,"80,001+"
V02022,Sedan,2,51816,93,2871,35,19.0,11.27,33,58,Worn,High,1,Yes,80,"80,001+"
V02023,SUV,3,175556,85,1817,36,13.2,12.72,38,30,Critical,Low,11,No,70,"50,001–80,000"
V02024,Hatchback,3,18597,99,2637,38,8.6,11.44,39,101,Good,Low,8,No,100,"80,001+"
V02025,SUV,4,130276,110,1514,34,10.3,11.15,42,96,Critical,Medium,4,No,60,"50,001–80,000"
V02026,Truck,8,126744,94,2350,33,5.6,12.41,31,101,Critical,Low,9,Yes,70,"50,001–80,000"
V02027,Sedan,7,8217,108,2206,35,12.8,12.12,38,41,Good,Low,1,No,80,"80,001+"
V02028,SUV,12,72093,108,2017,37,11.3,12.87,36,89,Critical,Medium,6,No,50,"25,001–50,000"
V02029,Sedan,6,18160,95,2097,35,18.3,11.49,34,79,Worn,Medium,4,Yes,100,"80,001+"
V02030,Sedan,13,117941,94,1893,43,15.8,11.5,31,44,Critical,Low,10,Yes,60,"50,001–80,000"
V02031,SUV,9,31004,94,1741,21,14.3,11.72,35,92,Critical,Medium,3,No,60,"50,001–80,000"
V02032,Sedan,5,111521,91,1648,26,18.0,12.18,37,105,Moderate,High,6,No,60,"50,001–80,000"
V02033,Sedan,9,186229,92,1579,45,13.5,11.82,45,110,Moderate,High,9,Yes,70,"50,001–80,000"
V02034,SUV,10,74437,100,2552,40,6.3,11.54,40,65,Worn,Medium,3,No,100,"80,001+"
V02035,Truck,12,141577,110,2986,30,13.8,12.99,45,92,Good,High,3,Yes,50,"25,001–50,000"
V02036,Sedan,8,74821,100,2041,25,18.7,12.04,41,108,Moderate,Low,3,No,80,"80,001+"
V02037,Hatchback,5,85147,101,2111,42,10.4,12.09,31,49,Critical,High,9,No,30,"10,001–25,000"
V02038,Sedan,11,165458,106,2628,38,9.9,13.0,37,88,Critical,High,11,Yes,20,"10,001–25,000"
V02039,SUV,15,188815,108,2910,43,12.8,11.15,33,104,Moderate,High,9,No,40,"25,001–50,000"
V02040,SUV,2,147693,96,2332,38,7.4,12.68,32,48,Good,High,8,Yes,80,"80,001+"
V02041,SUV,12,18777,95,2186,45,16.8,11.36,32,76,Good,Medium,8,Yes,90,"80,001+"
V02042,Hatchback,13,73885,99,1929,34,13.9,12.26,31,96,Critical,High,3,No,50,"25,001–50,000"
V02043,Sedan,7,52482,92,2408,36,16.5,11.56,40,73,Worn,High,2,Yes,80,"80,001+"
V02044,Hatchback,1,160728,105,1658,44,17.8,11.68,34,109,Moderate,Medium,10,Yes,70,"50,001–80,000"
V02045,SUV,12,129166,90,1738,25,8.8,12.4,42,101,Moderate,Medium,8,No,70,"50,001–80,000"
V02046,Hatchback,3,193361,104,2461,50,8.9,11.91,44,39,Good,Medium,12,Yes,70,"50,001–80,000"
V02047,Sedan,6,33239,94,2818,24,6.0,11.56,44,71,Worn,Low,5,No,80,"80,001+"
V02048,Sedan,15,33222,109,2736,46,14.6,11.78,39,82,Critical,High,2,Yes,30,"10,001–25,000"
V02049,Hatchback,1,41321,104,2178,26,12.0,12.96,44,71,Good,Medium,3,Yes,60,"50,001–80,000"
V02050,Hatchback,3,58863,90,2783,21,11.6,12.07,34,81,Worn,Low,5,No,80,"80,001+"
V02051,Sedan,10,157842,85,1984,46,13.1,11.03,35,108,Good,Medium,1,Yes,100,"80,001+"
V02052,SUV,5,42511,99,1878,44,9.2,12.73,39,103,Critical,Medium,5,No,80,"80,001+"
V02053,Hatchback,9,17109,95,1766,44,16.1,12.15,35,77,Good,Medium,9,Yes,90,"80,001+"
V02054,Sedan,7,76911,96,2366,24,19.5,12.64,32,104,Worn,High,7,Yes,60,"50,001–80,000"
V02055,Truck,2,165878,86,2977,46,11.0,12.21,31,68,Good,Low,1,Yes,100,"80,001+"
V02056,Hatchback,6,68628,94,2119,33,14.8,12.7,44,45,Good,High,10,No,70,"50,001–80,000"
V02057,Sedan,12,183244,102,2348,26,18.4,11.31,42,96,Good,Low,8,No,50,"25,001–50,000"
V02058,Truck,13,118387,110,2808,44,14.7,12.12,36,105,Moderate,Low,4,No,70,"50,001–80,000"
V02059,Hatchback,13,67518,103,2829,32,12.1,11.83,38,93,Critical,Medium,6,Yes,50,"25,001–50,000"
V02060,Sedan,10,134503,94,1909,31,15.6,11.35,32,104,Worn,Medium,1,No,100,"80,001+"
V02061,Sedan,14,151954,108,1871,28,16.3,12.65,37,55,Critical,High,9,No,0,"0–10,000"
V02062,Truck,1,63479,104,2197,50,15.1,11.28,33,30,Critical,High,2,No,40,"25,001–50,000"
V02063,Truck,7,187351,85,2834,41,14.5,11.17,43,75,Worn,Low,11,No,90,"80,001+"
V02064,Sedan,6,177348,96,1736,22,10.3,12.61,45,58,Good,High,12,Yes,50,"25,001–50,000"
V02065,SUV,3,97223,90,1763,30,15.2,12.89,34,72,Good,Medium,3,No,100,"80,001+"
V02066,Hatchback,5,174961,86,2382,46,19.8,11.98,36,48,Good,High,7,No,80,"80,001+"
V02067,SUV,3,100557,109,2873,39,13.0,12.36,45,63,Moderate,Medium,7,Yes,80,"80,001+"
V02068,Sedan,1,44387,99,1733,32,9.6,12.22,37,95,Good,Medium,12,Yes,90,"80,001+"
V02069,Sedan,2,54661,87,1737,47,11.0,12.6,39,73,Good,Low,11,No,90,"80,001+"
V02070,Sedan,15,80328,96,1536,40,10.1,11.19,34,83,Worn,Medium,1,No,90,"80,001+"
V02071,Truck,11,87255,92,2187,30,14.0,11.92,34,62,Good,Medium,3,No,90,"80,001+"
V02072,Sedan,8,156956,90,2538,36,12.1,11.02,34,92,Good,Medium,4,No,100,"80,001+"
V02073,Hatchback,9,55957,95,2585,50,7.4,12.45,37,75,Good,Low,8,Yes,100,"80,001+"
V02074,Hatchback,11,87408,98,1700,30,14.6,11.15,41,43,Worn,High,1,No,70,"50,001–80,000"
V02075,Hatchback,6,151920,99,1965,39,5.3,12.04,35,64,Moderate,High,1,Yes,80,"80,001+"
V02076,Truck,13,50217,105,2826,43,11.3,12.99,30,108,Good,Medium,7,No,70,"50,001–80,000"
V02077,Truck,5,89029,86,2108,23,19.6,11.51,45,102,Moderate,Low,11,Yes,70,"50,001–80,000"
V02078,Truck,10,40308,98,1776,22,5.8,11.62,31,93,Critical,Low,7,Yes,60,"50,001–80,000"
V02079,Sedan,1,43842,105,2414,20,9.8,11.93,32,73,Good,Medium,6,No,60,"50,001–80,000"
V02080,Truck,3,84293,90,2058,45,9.4,11.94,41,98,Worn,Medium,1,No,100,"80,001+"
V02081,SUV,15,110505,96,1657,35,11.3,11.84,43,61,Critical,Medium,9,No,60,"50,001–80,000"
V02082,Sedan,4,21391,89,1808,26,13.2,12.6,35,31,Critical,High,3,Yes,40,"25,001–50,000"
V02083,Sedan,7,76878,109,1874,36,11.3,11.83,43,67,Moderate,Low,7,No,80,"80,001+"
V02084,SUV,3,51715,107,1974,32,8.8,11.08,41,87,Moderate,Low,5,Yes,80,"80,001+"
V02085,Truck,7,18729,87,1698,33,11.1,11.79,30,52,Moderate,Low,11,No,90,"80,001+"
V02086,Truck,14,167183,102,2425,39,15.7,11.42,37,87,Critical,Low,8,No,50,"25,001–50,000"
V02087,Sedan,14,129483,95,1624,22,11.7,12.18,34,81,Worn,Low,9,Yes,60,"50,001–80,000"
V02088,Sedan,1,164360,101,2616,40,16.4,11.12,31,61,Good,Medium,3,No,80,"80,001+"
V02089,Hatchback,6,189156,94,1595,26,12.1,12.9,33,44,Good,Medium,7,Yes,80,"80,001+"
V02090,Hatchback,4,199390,99,2725,37,10.3,12.42,43,64,Moderate,High,6,Yes,80,"80,001+"
V02091,SUV,1,90017,98,2108,36,12.8,12.21,42,105,Good,Low,8,No,100,"80,001+"
V02092,Hatchback,12,133822,97,2672,39,11.8,12.11,35,66,Good,High,1,No,70,"50,001–80,000"
V02093,Sedan,5,80311,106,2897,32,10.3,12.78,44,108,Good,High,5,Yes,60,"50,001–80,000"
V02094,Sedan,1,141397,103,2078,37,11.8,11.04,43,67,Critical,Medium,1,Yes,60,"50,001–80,000"
V02095,Truck,9,60728,94,2982,37,16.4,12.28,40,73,Good,Medium,7,Yes,100,"80,001+"
V02096,SUV,6,169632,92,2116,50,17.7,11.32,39,102,Worn,Medium,3,No,100,"80,001+"
V02097,Sedan,8,54373,88,2310,43,9.5,11.86,33,53,Critical,Medium,1,No,80,"80,001+"
V02098,Sedan,15,59116,106,1512,31,5.7,12.8,39,61,Critical,Low,11,Yes,40,"25,001–50,000"
V02099,Truck,9,42927,97,2585,43,10.4,12.33,35,63,Worn,Low,10,Yes,90,"80,001+"
V02100,Truck,8,160552,103,2453,26,18.8,11.8,35,36,Good,High,1,Yes,40,"25,001–50,000"
V02101,Truck,5,169527,85,2020,22,10.1,11.77,37,92,Moderate,High,9,Yes,50,"25,001–50,000"
V02102,SUV,9,139895,104,1678,26,19.6,12.31,42,82,Moderate,High,1,No,40,"25,001–50,000"
V02103,SUV,15,153669,97,1736,35,5.2,11.26,41,43,Worn,High,1,Yes,70,"50,001–80,000"
V02104,Truck,9,20702,108,1767,40,10.4,11.24,40,34,Critical,Medium,8,No,60,"50,001–80,000"
V02105,Sedan,14,141680,88,2665,29,15.6,12.97,34,35,Critical,Low,7,Yes,50,"25,001–50,000"
V02106,Sedan,7,151775,101,2667,35,15.6,11.92,30,46,Critical,Low,7,No,60,"50,001–80,000"
V02107,Hatchback,3,147982,95,2799,48,11.7,11.92,33,55,Moderate,High,4,No,80,"80,001+"
V02108,Sedan,15,170702,99,2232,44,10.3,12.74,31,91,Moderate,Medium,11,No,80,"80,001+"
V02109,Hatchback,7,21348,88,2120,23,12.3,11.49,34,108,Critical,Medium,5,Yes,60,"50,001–80,000"
V02110,Hatchback,12,126420,94,1991,24,12.1,12.15,44,98,Good,Low,8,No,70,"50,001–80,000"
V02111,Truck,11,152903,110,1817,37,12.7,11.13,32,52,Critical,Low,9,Yes,40,"25,001–50,000"
V02112,Sedan,2,7143,100,1650,20,18.8,11.71,38,49,Worn,High,8,No,60,"50,001–80,000"
V02113,Hatchback,7,8353,99,2874,40,7.9,12.3,30,82,Moderate,High,3,No,80,"80,001+"
V02114,SUV,4,104097,89,2396,25,17.0,12.69,42,34,Critical,High,11,No,30,"10,001–25,000"
V02115,SUV,14,113631,106,2640,45,15.9,11.05,31,57,Moderate,Low,6,No,70,"50,001–80,000"
V02116,SUV,7,65813,107,2445,42,12.3,12.49,38,80,Worn,Low,1,Yes,80,"80,001+"
V02117,Sedan,3,115707,94,2937,46,15.5,12.35,41,85,Moderate,High,1,Yes,80,"80,001+"
V02118,Truck,11,193440,103,2431,23,11.1,11.47,44,86,Moderate,High,7,No,30,"10,001–25,000"
V02119,Sedan,13,124542,98,2219,47,13.1,12.05,36,105,Critical,Medium,1,No,70,"50,001–80,000"
V02120,SUV,12,177710,91,2571,29,6.7,12.99,33,89,Worn,Medium,6,Yes,70,"50,001–80,000"
V02121,Hatchback,10,66267,95,1704,28,15.4,11.64,40,89,Worn,Medium,9,No,70,"50,001–80,000"
V02122,SUV,4,178148,93,2205,49,5.1,12.59,40,45,Moderate,High,4,Yes,80,"80,001+"
V02123,Sedan,5,108352,106,1620,35,14.4,12.25,42,69,Worn,Medium,5,Yes,80,"80,001+"
V02124,Hatchback,5,115382,95,2899,32,7.0,11.34,31,71,Good,Low,3,No,100,"80,001+"
V02125,Sedan,7,15483,98,2559,31,7.8,12.71,37,78,Worn,Medium,10,No,90,"80,001+"
V02126,Hatchback,12,131449,91,1546,25,5.1,12.59,40,96,Good,Medium,2,Yes,70,"50,001–80,000"
V02127,SUV,10,109705,88,2090,41,10.9,12.53,35,92,Critical,High,5,No,60,"50,001–80,000"
V02128,Hatchback,5,56465,87,1727,34,10.0,11.31,35,89,Moderate,Medium,1,Yes,100,"80,001+"
V02129,Hatchback,5,199709,88,1801,24,9.7,11.55,38,73,Good,High,10,No,50,"25,001–50,000"
V02130,SUV,8,61623,96,1687,21,17.5,11.12,30,84,Good,Low,10,Yes,70,"50,001–80,000"
V02131,Truck,3,59301,99,1839,43,18.4,11.05,40,38,Critical,High,3,No,60,"50,001–80,000"
V02132,Hatchback,7,59236,99,2541,38,19.7,11.76,42,105,Critical,Medium,8,No,80,"80,001+"
V02133,SUV,9,190878,99,1800,47,17.4,12.35,34,56,Critical,Medium,1,Yes,80,"80,001+"
V02134,Hatchback,7,76915,86,2564,27,14.1,12.6,40,82,Worn,High,4,Yes,60,"50,001–80,000"
V02135,SUV,8,67855,98,1639,20,16.9,11.64,42,58,Critical,High,7,No,40,"25,001–50,000"
V02136,Sedan,13,68004,104,2664,31,5.6,11.33,34,54,Critical,Medium,1,No,50,"25,001–50,000"
V02137,SUV,6,100488,102,2576,45,8.7,12.75,40,72,Worn,Low,11,No,70,"50,001–80,000"
V02138,SUV,10,192155,103,2147,41,11.9,12.09,30,30,Moderate,Medium,1,Yes,80,"80,001+"
V02139,Hatchback,5,168631,92,1594,45,12.9,11.89,36,93,Moderate,High,8,Yes,80,"80,001+"
V02140,Sedan,1,69935,95,2286,24,11.1,12.33,37,47,Worn,Medium,4,Yes,80,"80,001+"
V02141,Sedan,13,25904,93,2426,45,14.2,11.54,40,43,Moderate,Medium,7,No,90,"80,001+"
V02142,Hatchback,7,121566,105,1934,26,7.3,12.43,40,83,Critical,Medium,1,No,40,"25,001–50,000"
V02143,Truck,2,7948,97,2846,47,12.3,12.07,31,92,Moderate,High,3,Yes,80,"80,001+"
V02144,Truck,12,45099,86,1764,23,15.3,11.9,42,37,Good,Low,2,Yes,70,"50,001–80,000"
V02145,Truck,8,54520,86,1929,25,11.8,11.04,39,31,Critical,Low,1,No,60,"50,001–80,000"
V02146,Truck,12,29620,102,2055,48,6.0,12.73,33,93,Critical,Medium,4,No,50,"25,001–50,000"
V02147,Sedan,2,57094,100,2412,36,19.9,12.66,30,75,Moderate,Medium,2,No,100,"80,001+"
V02148,Hatchback,4,104088,105,1764,20,14.7,12.29,30,92,Critical,Medium,5,No,40,"25,001–50,000"
V02149,SUV,3,156792,96,2912,22,5.7,12.02,41,95,Good,High,8,Yes,60,"50,001–80,000"
V02150,SUV,13,79759,100,1890,44,15.2,12.08,45,60,Worn,Low,1,Yes,90,"80,001+"
V02151,Truck,1,143963,104,2317,33,15.0,11.08,44,38,Moderate,Medium,8,Yes,80,"80,001+"
V02152,Hatchback,6,129761,90,2524,24,11.8,11.14,42,96,Moderate,Low,9,No,70,"50,001–80,000"
V02153,Sedan,4,28087,104,2100,48,9.5,12.42,36,83,Worn,High,11,No,50,"25,001–50,000"
V02154,Sedan,15,99861,106,2555,35,17.2,12.95,30,98,Critical,Low,10,Yes,40,"25,001–50,000"
V02155,Truck,11,19778,88,2887,39,15.0,12.74,45,74,Critical,High,7,No,50,"25,001–50,000"
V02156,SUV,7,177552,85,2655,45,16.1,11.15,36,63,Good,High,10,Yes,70,"50,001–80,000"
V02157,Hatchback,7,64617,86,2444,38,6.0,11.87,33,93,Good,Low,10,Yes,90,"80,001+"
V02158,Hatchback,2,64946,86,2809,35,5.3,12.44,41,77,Moderate,Medium,7,No,100,"80,001+"
V02159,Truck,9,31151,99,2584,39,17.9,11.91,38,54,Moderate,High,2,Yes,80,"80,001+"
V02160,SUV,15,38280,93,2773,20,8.0,11.62,36,47,Good,High,3,No,50,"25,001–50,000"
V02161,Hatchback,14,86994,103,2492,45,17.7,12.08,30,84,Worn,High,5,No,50,"25,001–50,000"
V02162,Sedan,1,165916,107,2743,49,10.3,11.42,43,33,Critical,Medium,6,Yes,60,"50,001–80,000"
V02163,SUV,4,98430,98,1983,24,15.2,12.81,30,74,Moderate,Low,8,Yes,80,"80,001+"
V02164,Hatchback,1,12673,97,2636,21,13.2,12.59,41,59,Moderate,Low,7,Yes,80,"80,001+"
V02165,Truck,14,19683,98,2609,24,8.4,11.44,39,36,Worn,High,11,No,40,"25,001–50,000"
V02166,Hatchback,1,164688,93,1758,34,19.6,11.41,41,72,Moderate,High,9,Yes,70,"50,001–80,000"
V02167,SUV,13,67146,88,2627,36,12.9,11.14,39,63,Critical,Medium,9,Yes,60,"50,001–80,000"
V02168,Truck,10,128325,97,1635,37,14.6,12.4,44,108,Worn,Medium,1,Yes,100,"80,001+"
V02169,SUV,15,81243,102,1593,41,11.0,12.78,39,99,Good,Medium,8,No,70,"50,001–80,000"
V02170,Hatchback,9,198413,100,1927,26,13.4,11.33,39,43,Good,Low,2,No,80,"80,001+"
V02171,Hatchback,4,40075,104,1871,43,17.3,11.27,44,106,Moderate,Low,6,Yes,80,"80,001+"
V02172,SUV,11,31865,102,2490,44,17.1,13.0,33,81,Good,Low,8,No,70,"50,001–80,000"
V02173,Truck,13,171204,86,2373,25,15.7,12.29,32,91,Critical,High,3,No,30,"10,001–25,000"
V02174,Hatchback,3,5062,98,2265,50,17.3,12.34,44,54,Critical,High,4,No,60,"50,001–80,000"
V02175,SUV,13,143058,100,2877,41,17.6,12.37,45,79,Worn,Low,9,Yes,80,"80,001+"
V02176,Truck,12,72318,96,2588,20,12.4,12.94,30,30,Worn,High,11,No,40,"25,001–50,000"
V02177,Truck,5,73869,93,1693,34,5.9,12.58,32,92,Critical,Medium,10,Yes,70,"50,001–80,000"
V02178,Truck,5,105552,101,2382,39,14.3,11.19,32,38,Worn,Medium,2,Yes,80,"80,001+"
V02179,SUV,8,188857,103,2869,41,10.0,11.1,39,80,Worn,Medium,5,No,80,"80,001+"
V02180,Hatchback,9,191310,86,1664,25,8.9,11.98,35,99,Moderate,Medium,2,No,80,"80,001+"
V02181,Sedan,9,138337,87,1868,38,19.1,12.01,44,94,Good,Medium,4,Yes,100,"80,001+"
V02182,Truck,13,131100,93,2087,28,6.4,12.63,31,67,Moderate,High,5,No,50,"25,001–50,000"
V02183,Sedan,6,135980,97,2035,33,7.9,11.74,35,72,Worn,Medium,12,No,90,"80,001+"
V02184,SUV,13,32292,103,2522,47,8.7,11.07,45,71,Critical,Medium,4,No,50,"25,001–50,000"
V02185,SUV,2,33883,92,2363,36,17.2,12.34,30,68,Worn,Low,12,Yes,90,"80,001+"
V02186,Hatchback,14,44333,101,2641,37,8.6,12.3,32,90,Moderate,High,5,No,50,"25,001–50,000"
V02187,SUV,4,11320,96,1568,39,13.1,11.17,41,94,Moderate,High,6,Yes,80,"80,001+"
V02188,SUV,12,34782,101,2940,23,8.9,12.07,30,91,Worn,Low,8,No,50,"25,001–50,000"
V02189,Truck,4,198334,88,2843,28,12.6,11.31,45,104,Critical,High,9,No,30,"10,001–25,000"
V02190,Truck,13,162119,107,2600,42,14.6,11.22,32,106,Worn,High,1,No,50,"25,001–50,000"
V02191,SUV,12,159441,100,2187,36,10.7,11.19,33,99,Critical,Medium,4,Yes,70,"50,001–80,000"
V02192,SUV,12,140479,109,1936,49,13.4,12.04,30,75,Good,High,8,Yes,50,"25,001–50,000"
V02193,Sedan,13,94293,89,2616,35,14.2,11.5,34,67,Moderate,Medium,4,No,90,"80,001+"
V02194,SUV,13,57840,98,2088,43,12.8,12.25,44,36,Moderate,Low,9,Yes,80,"80,001+"
V02195,SUV,6,107970,88,2021,30,15.9,12.86,33,62,Critical,Medium,7,No,80,"80,001+"
V02196,Truck,3,117785,86,1777,23,10.6,12.86,36,98,Critical,Low,11,No,50,"25,001–50,000"
V02197,SUV,7,105922,108,2998,47,6.1,12.72,32,89,Good,Low,2,Yes,80,"80,001+"
V02198,Truck,10,30696,106,2150,50,10.2,12.14,31,54,Worn,Medium,6,Yes,80,"80,001+"
V02199,Truck,3,63164,94,2903,33,19.9,11.19,43,32,Moderate,High,1,Yes,80,"80,001+"
V02200,Sedan,14,56101,104,2548,30,17.6,12.06,43,31,Worn,Low,11,Yes,60,"50,001–80,000"
V02201,SUV,12,135391,104,2069,35,10.2,11.14,37,80,Good,High,10,No,40,"25,001–50,000"
V02202,Truck,15,15899,96,1910,50,11.5,11.36,41,79,Good,High,12,No,60,"50,001–80,000"
V02203,Sedan,11,34032,97,2756,38,8.0,11.91,43,56,Worn,High,10,No,60,"50,001–80,000"
V02204,Truck,1,10430,103,2366,49,16.7,12.95,45,100,Moderate,High,4,Yes,60,"50,001–80,000"
V02205,SUV,15,57809,109,2002,36,16.8,12.82,38,68,Critical,Low,8,Yes,50,"25,001–50,000"
V02206,SUV,15,24196,86,2621,20,15.2,11.47,39,64,Critical,Medium,3,Yes,50,"25,001–50,000"
V02207,Hatchback,13,42143,100,2256,36,13.4,11.74,40,66,Critical,Medium,12,Yes,60,"50,001–80,000"
V02208,Truck,12,158801,85,2691,35,12.7,11.02,35,50,Good,Low,6,Yes,90,"80,001+"
V02209,Sedan,9,121808,97,1613,44,17.3,11.52,45,42,Moderate,Low,8,No,100,"80,001+"
V02210,SUV,6,156627,99,2035,40,18.9,11.62,37,105,Critical,High,9,Yes,50,"25,001–50,000"
V02211,SUV,15,150073,108,1853,28,9.1,12.08,45,89,Worn,Medium,1,Yes,50,"25,001–50,000"
V02212,Sedan,13,102788,110,2509,37,17.5,12.81,35,56,Good,Medium,4,Yes,70,"50,001–80,000"
V02213,Hatchback,15,181163,93,1842,37,6.3,12.99,37,106,Critical,Low,5,Yes,70,"50,001–80,000"
V02214,Sedan,12,68254,93,2749,40,19.3,11.22,34,79,Critical,High,1,Yes,50,"25,001–50,000"
V02215,Truck,12,144956,101,2109,29,12.2,11.02,37,60,Good,Medium,6,No,50,"25,001–50,000"
V02216,SUV,5,179212,108,1902,25,6.8,12.64,35,34,Worn,High,11,Yes,30,"10,001–25,000"
V02217,Truck,5,85991,96,2800,25,18.1,12.33,42,81,Moderate,High,3,Yes,60,"50,001–80,000"
V02218,Sedan,9,178597,93,2768,23,16.8,12.85,43,90,Worn,High,9,No,50,"25,001–50,000"
V02219,Truck,14,89236,94,1850,23,10.0,11.89,44,33,Critical,High,4,Yes,30,"10,001–25,000"
V02220,SUV,12,58972,89,2106,27,16.9,11.44,40,30,Worn,High,7,No,50,"25,001–50,000"
V02221,Sedan,8,83496,107,2697,39,8.0,12.27,43,91,Critical,Medium,10,Yes,50,"25,001–50,000"
V02222,Truck,10,79557,99,2874,35,12.7,12.91,45,65,Critical,Low,12,No,70,"50,001–80,000"
V02223,Sedan,12,166302,107,2031,24,19.7,11.47,41,35,Critical,High,6,No,10,"0–10,000"
V02224,SUV,13,160952,92,1641,26,15.1,11.99,40,105,Worn,Low,11,No,60,"50,001–80,000"
V02225,SUV,13,87649,101,1666,25,5.4,12.33,36,32,Critical,Medium,3,Yes,30,"10,001–25,000"
V02226,Hatchback,2,84752,92,1947,34,19.1,12.34,36,95,Moderate,Low,12,Yes,90,"80,001+"
V02227,SUV,2,168279,91,1878,21,6.2,12.15,34,53,Critical,Low,5,No,60,"50,001–80,000"
V02228,SUV,12,162534,102,2885,33,10.1,11.74,44,94,Critical,Medium,7,No,50,"25,001–50,000"
V02229,Hatchback,7,125401,95,1934,33,16.9,12.03,45,66,Good,High,6,No,80,"80,001+"
V02230,Sedan,11,95873,94,2000,27,13.8,12.31,36,32,Moderate,Medium,2,No,70,"50,001–80,000"
V02231,SUV,12,63528,97,1765,35,11.5,12.28,37,96,Moderate,High,7,No,70,"50,001–80,000"
V02232,Truck,3,112895,109,2041,45,16.9,12.68,42,99,Good,High,1,Yes,60,"50,001–80,000"
V02233,SUV,9,81525,103,2760,31,11.0,13.0,30,79,Good,High,10,No,50,"25,001–50,000"
V02234,Hatchback,8,103804,102,2687,44,11.5,12.69,40,47,Moderate,Low,1,Yes,80,"80,001+"
V02235,Sedan,12,9537,108,1819,20,10.3,11.34,31,106,Critical,High,3,No,10,"0–10,000"
V02236,Sedan,3,99966,93,2356,32,10.2,12.79,41,107,Critical,High,2,No,60,"50,001–80,000"
V02237,SUV,13,117979,106,1508,38,8.4,11.44,33,76,Critical,Medium,8,Yes,50,"25,001–50,000"
V02238,SUV,3,100010,87,1791,41,8.4,12.59,40,105,Critical,Medium,8,No,80,"80,001+"
V02239,Sedan,9,108655,98,2459,22,10.7,12.66,34,57,Good,High,11,Yes,50,"25,001–50,000"
V02240,Sedan,5,134508,102,2638,26,17.4,11.68,44,60,Moderate,Low,6,No,60,"50,001–80,000"
V02241,SUV,8,59860,99,2656,36,9.6,11.95,33,51,Worn,High,5,Yes,80,"80,001+"
V02242,Sedan,1,159261,93,2009,27,7.1,11.88,32,73,Good,Low,3,No,80,"80,001+"
V02243,Sedan,1,82318,105,2827,32,16.6,11.45,39,108,Critical,Low,8,No,60,"50,001–80,000"
V02244,Hatchback,5,66361,92,2357,25,19.0,12.78,43,50,Worn,High,3,No,60,"50,001–80,000"
V02245,Truck,15,76490,108,1551,33,8.4,11.63,33,93,Worn,Low,10,Yes,60,"50,001–80,000"
V02246,Truck,3,79579,95,1795,35,13.0,11.52,39,63,Worn,High,2,No,80,"80,001+"
V02247,Truck,5,42235,88,2097,47,14.0,12.44,35,91,Moderate,Medium,6,No,100,"80,001+"
V02248,Hatchback,3,72436,99,2201,30,6.2,11.35,41,86,Moderate,Low,10,No,90,"80,001+"
V02249,Truck,2,126339,108,2433,27,12.5,11.61,33,101,Critical,Low,10,No,30,"10,001–25,000"
V02250,SUV,15,154380,92,2268,46,12.5,12.67,36,100,Critical,Medium,4,Yes,70,"50,001–80,000"
V02251,Sedan,5,45632,90,2290,23,18.7,11.66,41,39,Moderate,Low,1,No,80,"80,001+"
V02252,SUV,13,43229,91,2829,48,10.4,11.48,43,81,Worn,High,9,Yes,60,"50,001–80,000"
V02253,Hatchback,11,178399,104,2483,26,14.3,12.67,33,44,Critical,High,12,Yes,0,"0–10,000"
V02254,Truck,7,91986,103,2463,23,14.1,11.9,38,66,Critical,High,5,No,20,"10,001–25,000"
V02255,Sedan,1,92209,101,2542,28,11.4,11.4,45,84,Critical,Low,7,No,40,"25,001–50,000"
V02256,Hatchback,2,132151,103,2683,49,18.9,11.47,45,35,Moderate,Low,11,Yes,70,"50,001–80,000"
V02257,Sedan,1,84142,98,2738,44,5.3,11.89,39,37,Moderate,Medium,5,No,100,"80,001+"
V02258,SUV,13,199081,88,1947,45,9.8,11.1,37,53,Moderate,High,9,Yes,60,"50,001–80,000"
V02259,Truck,11,29198,90,1720,40,15.9,11.19,42,65,Moderate,Low,1,No,90,"80,001+"
V02260,Sedan,12,132354,89,1980,47,8.1,11.52,40,38,Worn,High,4,No,70,"50,001–80,000"
V02261,Hatchback,13,152651,110,1857,31,12.9,11.03,39,86,Worn,High,9,Yes,40,"25,001–50,000"
V02262,SUV,8,37128,110,1856,28,13.0,11.72,35,36,Moderate,Medium,9,Yes,50,"25,001–50,000"
V02263,Hatchback,12,149704,108,2876,32,8.2,12.14,43,75,Critical,Medium,2,No,50,"25,001–50,000"
V02264,Truck,12,182572,101,1766,42,16.9,11.79,40,93,Moderate,Medium,5,No,70,"50,001–80,000"
V02265,SUV,14,61375,86,2175,41,12.4,11.76,44,42,Critical,High,3,No,50,"25,001–50,000"
V02266,SUV,9,105912,93,2728,45,16.6,11.21,31,91,Worn,Low,7,No,100,"80,001+"
V02267,Hatchback,1,150560,90,1982,25,15.9,12.4,30,44,Critical,Medium,5,Yes,60,"50,001–80,000"
V02268,Hatchback,13,139410,97,2394,38,9.6,11.26,38,78,Moderate,High,4,No,70,"50,001–80,000"
V02269,Truck,3,26389,105,2920,32,17.9,11.86,43,93,Critical,Low,12,No,50,"25,001–50,000"
V02270,SUV,13,7381,109,1927,30,9.2,11.88,34,63,Good,High,7,Yes,50,"25,001–50,000"
V02271,Truck,10,139084,89,2953,24,13.0,12.0,43,81,Critical,Low,4,No,60,"50,001–80,000"
V02272,Sedan,8,118075,109,1656,49,12.8,12.61,31,88,Critical,High,5,Yes,40,"25,001–50,000"
V02273,Truck,11,150372,91,1784,47,13.9,12.35,43,39,Good,Medium,8,Yes,90,"80,001+"
V02274,Hatchback,3,5590,90,2747,26,12.0,11.64,36,73,Moderate,Low,3,No,80,"80,001+"
V02275,Hatchback,13,59546,88,1716,23,16.3,11.27,45,101,Moderate,Low,9,No,60,"50,001–80,000"
V02276,Truck,14,75859,89,1748,29,12.7,12.57,44,101,Critical,Medium,4,No,50,"25,001–50,000"
V02277,Sedan,6,194538,93,1546,47,14.2,11.74,37,47,Moderate,Low,5,No,100,"80,001+"
V02278,Hatchback,9,165895,106,1875,35,8.5,12.28,32,84,Worn,Medium,10,Yes,70,"50,001–80,000"
V02279,Sedan,7,93759,108,2520,36,15.8,11.55,32,40,Moderate,High,5,No,60,"50,001–80,000"
V02280,Truck,13,133190,101,2547,22,16.7,11.86,39,110,Moderate,High,6,No,30,"10,001–25,000"
V02281,Sedan,2,22256,104,2191,22,12.0,12.98,36,86,Worn,High,12,Yes,30,"10,001–25,000"
V02282,Sedan,9,167192,86,2203,50,5.4,11.86,45,67,Good,Medium,2,No,100,"80,001+"
V02283,Truck,14,76639,92,1600,50,15.9,11.31,31,101,Good,Medium,2,No,90,"80,001+"
V02284,Sedan,10,92850,101,1559,41,19.9,11.5,38,54,Worn,Medium,1,Yes,80,"80,001+"
V02285,SUV,5,137597,88,2437,36,16.7,11.01,41,109,Critical,Medium,6,No,80,"80,001+"
V02286,Truck,10,120680,90,2917,29,14.0,11.82,41,104,Worn,Medium,8,No,80,"80,001+"
V02287,Hatchback,2,60356,90,2173,38,19.4,11.11,40,34,Worn,Low,8,No,100,"80,001+"
V02288,Hatchback,11,169460,110,2805,47,8.6,11.79,34,34,Worn,Low,9,Yes,60,"50,001–80,000"
V02289,SUV,9,58269,87,2918,30,13.5,12.54,41,85,Critical,Low,8,No,80,"80,001+"
V02290,Sedan,13,25370,110,1656,32,16.4,11.77,30,54,Critical,High,6,Yes,30,"10,001–25,000"
V02291,SUV,8,162430,108,2364,38,7.3,11.56,40,93,Worn,Low,3,No,80,"80,001+"
V02292,Hatchback,13,65446,86,1897,25,5.4,12.37,44,98,Good,Medium,8,Yes,70,"50,001–80,000"
V02293,SUV,11,7190,94,2423,47,5.4,11.81,36,77,Critical,Medium,2,No,70,"50,001–80,000"
V02294,SUV,12,80479,105,2215,26,9.7,11.48,41,87,Critical,High,6,Yes,10,"0–10,000"
V02295,SUV,7,142998,105,2760,45,11.5,11.94,35,72,Critical,Low,8,No,60,"50,001–80,000"
V02296,SUV,10,51729,93,1681,35,14.7,11.25,41,102,Moderate,Medium,8,Yes,100,"80,001+"
V02297,Truck,10,188506,105,2544,26,11.5,12.68,44,67,Moderate,Low,12,No,50,"25,001–50,000"
V02298,Sedan,12,19515,92,2711,34,13.4,11.54,35,96,Worn,Low,12,No,80,"80,001+"
V02299,Sedan,11,115607,96,2209,46,14.0,11.03,32,44,Moderate,High,5,Yes,70,"50,001–80,000"
V02300,Hatchback,11,156599,107,1659,47,15.9,12.68,44,52,Critical,High,1,Yes,30,"10,001–25,000"
V02301,Hatchback,12,11096,102,2201,23,12.2,12.29,39,93,Worn,Low,11,Yes,40,"25,001–50,000"
V02302,Sedan,2,25061,86,2565,23,15.0,12.5,34,30,Good,High,3,No,60,"50,001–80,000"
V02303,Sedan,6,111204,104,1889,23,19.6,12.87,35,30,Good,High,11,No,30,"10,001–25,000"
V02304,SUV,7,65114,93,2500,27,8.4,11.72,45,71,Good,Low,4,No,80,"80,001+"
V02305,Hatchback,11,69537,94,2309,35,18.9,11.36,35,32,Good,Low,4,Yes,90,"80,001+"
V02306,SUV,5,155991,105,2882,22,18.7,12.44,43,107,Critical,High,1,No,20,"10,001–25,000"
V02307,SUV,9,149578,103,2961,41,7.1,11.45,43,62,Good,High,12,Yes,50,"25,001–50,000"
V02308,Truck,12,78614,88,2043,50,14.6,12.16,37,109,Moderate,Medium,10,No,80,"80,001+"
V02309,SUV,1,139229,95,2778,20,7.3,11.7,39,71,Moderate,High,3,No,60,"50,001–80,000"
V02310,Truck,12,195078,104,2780,39,13.4,11.37,43,63,Moderate,Medium,3,Yes,70,"50,001–80,000"
V02311,Hatchback,10,149528,85,2451,23,7.4,11.18,45,44,Moderate,Medium,10,No,70,"50,001–80,000"
V02312,Sedan,5,183719,105,2221,37,18.2,11.39,38,61,Good,Medium,12,No,70,"50,001–80,000"
V02313,Truck,5,119194,91,1722,29,5.4,12.67,40,59,Worn,High,1,Yes,60,"50,001–80,000"
V02314,Sedan,6,129656,107,2091,22,14.1,11.88,41,75,Moderate,High,8,No,40,"25,001–50,000"
V02315,Truck,2,136165,107,2844,25,12.7,12.0,36,107,Good,High,9,No,30,"10,001–25,000"
V02316,Truck,10,51571,87,2549,39,19.9,12.99,31,107,Worn,Medium,11,No,90,"80,001+"
V02317,Truck,15,176187,104,2113,27,14.6,11.98,32,88,Critical,Medium,9,Yes,20,"10,001–25,000"
V02318,SUV,15,73463,96,2186,22,18.1,11.16,43,30,Good,Medium,10,No,60,"50,001–80,000"
V02319,Truck,1,17425,101,1708,29,10.5,12.29,36,87,Moderate,Medium,6,No,60,"50,001–80,000"
V02320,Truck,1,167119,103,1721,28,17.9,11.27,37,79,Worn,High,9,No,30,"10,001–25,000"
V02321,Sedan,3,70900,105,2942,50,6.9,11.49,43,62,Worn,Low,12,Yes,70,"50,001–80,000"
V02322,Truck,7,197530,92,2374,50,6.7,11.56,45,97,Worn,Medium,1,Yes,100,"80,001+"
V02323,SUV,1,24762,110,2922,30,7.6,12.71,34,80,Moderate,High,2,Yes,60,"50,001–80,000"
V02324,Sedan,4,20674,95,1765,35,16.8,11.6,38,85,Moderate,Medium,5,No,100,"80,001+"
V02325,Sedan,2,198684,86,2217,24,11.0,12.33,44,59,Critical,High,8,No,40,"25,001–50,000"
V02326,Hatchback,8,19512,92,1918,35,12.3,12.92,36,50,Critical,Medium,8,No,80,"80,001+"
V02327,Hatchback,1,199956,110,2022,42,16.3,12.53,44,59,Moderate,High,6,Yes,60,"50,001–80,000"
V02328,Sedan,11,129072,108,2950,25,10.3,12.95,41,49,Moderate,Low,11,Yes,40,"25,001–50,000"
V02329,Truck,1,169514,96,1846,26,8.9,12.82,34,101,Critical,High,7,No,40,"25,001–50,000"
V02330,Sedan,11,31101,97,2976,27,18.3,12.23,38,86,Good,High,7,Yes,50,"25,001–50,000"
V02331,Sedan,6,8156,102,2509,37,13.0,11.95,41,42,Critical,High,8,No,40,"25,001–50,000"
V02332,Truck,1,113266,88,2066,34,9.3,11.22,45,56,Good,High,10,Yes,70,"50,001–80,000"
V02333,Hatchback,8,150610,91,2844,24,14.4,11.3,34,99,Critical,Medium,9,No,50,"25,001–50,000"
V02334,Truck,11,194568,93,2477,43,15.1,12.39,30,57,Good,High,7,Yes,70,"50,001–80,000"
V02335,Sedan,6,120734,90,2136,47,14.6,11.42,34,36,Good,Low,8,Yes,100,"80,001+"
V02336,SUV,8,120539,109,2525,24,14.2,11.59,39,37,Critical,High,3,No,20,"10,001–25,000"
V02337,Hatchback,10,57062,98,1869,38,18.4,12.4,45,83,Moderate,High,11,No,70,"50,001–80,000"
V02338,Truck,13,192220,98,1883,22,8.1,11.5,31,43,Good,High,7,No,50,"25,001–50,000"
V02339,Sedan,1,6284,106,2801,41,10.1,12.59,32,98,Moderate,High,3,No,60,"50,001–80,000"
V02340,SUV,6,183573,94,1739,44,18.7,12.82,34,45,Worn,Medium,2,No,100,"80,001+"
V02341,Hatchback,13,153407,103,2870,39,10.0,11.69,37,77,Critical,High,5,No,30,"10,001–25,000"
V02342,Truck,13,92878,95,2108,29,18.0,12.1,38,103,Worn,Medium,6,No,70,"50,001–80,000"
V02343,Hatchback,4,112236,88,2352,42,19.5,12.49,30,34,Moderate,Medium,1,No,100,"80,001+"
V02344,Sedan,10,111117,104,2166,34,8.4,12.71,38,64,Critical,Medium,9,Yes,50,"25,001–50,000"
V02345,Truck,4,139742,94,2020,38,18.3,11.79,43,100,Good,High,4,No,80,"80,001+"
V02346,Hatchback,12,20963,88,1719,22,13.3,11.43,31,84,Critical,Medium,12,No,40,"25,001–50,000"
V02347,SUV,12,184823,110,2942,41,8.6,12.77,43,99,Critical,Medium,7,No,50,"25,001–50,000"
V02348,Hatchback,3,103010,89,2736,47,18.8,11.84,39,72,Worn,High,6,No,80,"80,001+"
V02349,Hatchback,6,60022,104,2379,33,14.4,11.28,35,78,Good,High,7,No,60,"50,001–80,000"
V02350,Truck,4,160981,95,2632,48,19.7,12.04,42,56,Worn,Low,9,No,90,"80,001+"
V02351,SUV,5,54856,98,2447,20,5.3,12.34,35,68,Moderate,Medium,9,Yes,70,"50,001–80,000"
V02352,SUV,11,35339,110,1748,31,5.6,11.66,35,75,Moderate,Medium,1,No,70,"50,001–80,000"
V02353,SUV,7,178733,92,2298,27,9.0,11.1,31,77,Critical,Low,5,No,60,"50,001–80,000"
V02354,SUV,8,91828,100,2327,25,5.4,11.99,35,48,Good,Low,5,No,80,"80,001+"
V02355,Truck,3,54538,102,2876,48,18.2,12.78,35,91,Critical,High,4,Yes,40,"25,001–50,000"
V02356,Hatchback,12,38618,85,2395,32,9.9,11.2,34,63,Worn,High,9,No,60,"50,001–80,000"
V02357,Truck,4,138515,106,2410,49,17.8,12.72,38,34,Critical,Low,12,No,50,"25,001–50,000"
V02358,Truck,9,22843,104,1568,36,16.7,11.86,39,80,Moderate,Low,1,No,80,"80,001+"
V02359,Hatchback,13,122553,96,2789,37,17.8,12.05,32,55,Good,Low,9,Yes,80,"80,001+"
V02360,Hatchback,5,77016,101,1654,43,12.8,11.91,38,68,Good,Low,1,No,80,"80,001+"
V02361,Sedan,7,7370,99,2015,43,8.5,11.37,40,76,Moderate,High,4,No,80,"80,001+"
V02362,SUV,4,149835,87,2190,31,13.9,11.39,43,60,Critical,Medium,4,Yes,80,"80,001+"
V02363,SUV,10,97880,110,2888,27,9.7,12.64,38,101,Worn,Low,9,No,50,"25,001–50,000"
V02364,SUV,3,47772,103,1508,50,16.5,11.14,33,54,Moderate,High,8,No,60,"50,001–80,000"
V02365,Truck,14,197181,95,2499,28,7.6,11.9,38,58,Moderate,Medium,5,Yes,70,"50,001–80,000"
V02366,Hatchback,4,172933,101,1545,43,19.4,11.16,38,94,Critical,High,8,No,40,"25,001–50,000"
V02367,SUV,1,92958,109,1805,36,13.0,12.74,43,77,Critical,Low,2,Yes,60,"50,001–80,000"
V02368,Truck,7,116230,102,2880,48,9.2,12.15,44,79,Worn,High,9,Yes,50,"25,001–50,000"
V02369,SUV,15,7108,101,2074,21,18.4,12.98,39,30,Critical,Medium,12,No,20,"10,001–25,000"
V02370,Truck,12,47342,96,1780,43,5.0,12.94,38,101,Moderate,Low,9,No,80,"80,001+"
V02371,SUV,8,24102,105,1982,49,13.7,12.16,37,95,Critical,High,12,No,30,"10,001–25,000"
V02372,SUV,2,188830,94,2304,42,10.7,12.74,33,73,Worn,High,1,No,80,"80,001+"
V02373,SUV,12,102169,98,1650,37,6.1,11.31,42,80,Moderate,Medium,10,Yes,80,"80,001+"
V02374,Sedan,14,47642,93,2649,49,17.8,11.01,32,81,Moderate,High,11,Yes,60,"50,001–80,000"
V02375,Sedan,1,40556,104,2072,32,10.6,12.56,45,39,Good,Medium,12,No,70,"50,001–80,000"
V02376,Sedan,3,50489,109,2398,22,18.2,11.42,35,93,Worn,Medium,7,No,60,"50,001–80,000"
V02377,Truck,1,166249,102,1706,30,14.9,11.48,32,76,Good,Medium,11,Yes,70,"50,001–80,000"
V02378,SUV,10,162062,110,2330,24,6.7,11.64,40,36,Critical,High,7,No,20,"10,001–25,000"
V02379,Sedan,9,153085,108,2286,49,14.3,12.83,31,77,Good,High,12,No,50,"25,001–50,000"
V02380,Hatchback,12,155867,86,1736,40,15.7,11.44,41,68,Good,Medium,5,No,90,"80,001+"
V02381,Hatchback,14,123600,97,1810,22,11.7,12.46,38,49,Moderate,Low,7,No,70,"50,001–80,000"
V02382,SUV,7,136039,107,1716,48,16.2,11.45,39,53,Moderate,High,4,Yes,60,"50,001–80,000"
V02383,SUV,12,63583,92,2450,33,17.3,11.11,43,109,Critical,High,11,Yes,40,"25,001–50,000"
V02384,Hatchback,4,41809,94,1991,36,14.7,12.74,33,59,Critical,Low,4,Yes,80,"80,001+"
V02385,Truck,11,106713,98,1952,37,18.2,12.19,42,43,Worn,Low,5,No,90,"80,001+"
V02386,Truck,8,188859,97,2791,42,16.3,11.88,41,45,Good,High,2,No,80,"80,001+"
V02387,Sedan,4,20043,89,1651,24,15.7,11.8,44,80,Worn,Medium,1,Yes,80,"80,001+"
V02388,Hatchback,6,27964,90,2116,29,7.5,12.75,37,45,Worn,High,2,Yes,60,"50,001–80,000"
V02389,SUV,9,71745,107,1535,48,7.8,12.29,40,65,Good,Medium,10,No,70,"50,001–80,000"
V02390,Truck,5,176108,90,2133,49,11.5,12.54,38,89,Worn,Medium,10,No,90,"80,001+"
V02391,Hatchback,12,183816,98,1814,27,6.9,12.62,45,41,Moderate,High,7,No,50,"25,001–50,000"
V02392,SUV,8,115784,102,2634,37,6.2,11.57,37,35,Good,High,6,Yes,60,"50,001–80,000"
V02393,Hatchback,15,28975,109,1618,42,11.6,12.39,43,52,Moderate,High,2,Yes,50,"25,001–50,000"
V02394,Hatchback,9,55629,107,1808,38,18.9,12.56,31,43,Good,Medium,2,No,80,"80,001+"
V02395,Sedan,2,42025,99,1789,40,12.0,11.85,41,88,Good,High,6,Yes,80,"80,001+"
V02396,Sedan,14,69228,97,2903,44,15.9,12.69,30,37,Moderate,Low,8,Yes,90,"80,001+"
V02397,Sedan,8,37559,88,1957,28,14.5,12.56,36,83,Worn,High,6,No,60,"50,001–80,000"
V02398,Sedan,11,142716,98,2807,46,15.7,11.75,43,60,Critical,Low,7,Yes,70,"50,001–80,000"
V02399,SUV,4,33336,104,2642,37,5.7,12.06,33,100,Critical,High,5,Yes,40,"25,001–50,000"
V02400,Sedan,5,13946,96,2806,39,7.9,12.82,41,81,Critical,Low,10,Yes,70,"50,001–80,000"
V02401,SUV,8,149759,98,1986,48,6.3,11.84,45,34,Critical,Low,7,Yes,80,"80,001+"
V02402,SUV,8,124490,100,2563,32,15.0,12.21,38,50,Worn,Medium,10,Yes,90,"80,001+"
V02403,Truck,10,162741,101,1781,33,14.0,11.21,31,88,Critical,Low,2,Yes,60,"50,001–80,000"
V02404,Hatchback,7,59353,104,1894,22,12.6,12.09,39,101,Worn,Medium,11,No,50,"25,001–50,000"
V02405,Hatchback,15,105982,93,2743,21,13.2,12.66,37,57,Worn,High,9,No,40,"25,001–50,000"
V02406,SUV,11,13554,95,2311,31,11.1,11.54,38,97,Critical,Medium,4,No,70,"50,001–80,000"
V02407,Sedan,4,118588,95,2711,37,9.8,12.17,38,40,Worn,High,6,Yes,80,"80,001+"
V02408,Truck,2,50643,99,2500,37,11.1,11.94,30,48,Moderate,Medium,8,Yes,100,"80,001+"
V02409,Sedan,9,184445,110,1610,40,12.4,11.27,34,50,Worn,Low,4,Yes,80,"80,001+"
V02410,SUV,5,27981,102,2610,42,6.0,11.07,37,83,Critical,Medium,1,Yes,60,"50,001–80,000"
V02411,SUV,6,120565,98,2206,33,13.2,11.14,36,103,Worn,Low,2,No,100,"80,001+"
V02412,SUV,4,45244,110,1557,27,6.1,12.94,41,99,Critical,Medium,6,Yes,40,"25,001–50,000"
V02413,Truck,1,175652,87,2083,37,11.6,11.01,36,95,Worn,Medium,10,Yes,90,"80,001+"
V02414,Truck,4,132980,108,2130,46,7.6,11.97,42,68,Critical,Low,10,Yes,50,"25,001–50,000"
V02415,Hatchback,14,106489,88,1717,26,17.0,12.72,40,72,Good,High,7,No,50,"25,001–50,000"
V02416,Sedan,7,149069,101,2131,30,9.8,11.04,33,104,Critical,Medium,8,No,60,"50,001–80,000"
V02417,Hatchback,11,21483,95,2117,45,13.7,11.67,31,75,Critical,Low,10,No,60,"50,001–80,000"
V02418,Sedan,1,33340,99,2863,27,14.2,12.23,40,45,Worn,High,3,No,60,"50,001–80,000"
V02419,Hatchback,4,91835,97,2560,26,8.1,11.1,32,32,Worn,Medium,7,No,80,"80,001+"
V02420,SUV,5,135519,97,2833,37,16.2,12.32,38,57,Worn,Low,1,No,100,"80,001+"
V02421,SUV,8,94121,90,1724,27,19.9,12.08,30,105,Good,High,7,No,60,"50,001–80,000"
V02422,Hatchback,7,73306,95,1911,26,11.4,12.86,32,92,Worn,Medium,8,No,80,"80,001+"
V02423,Sedan,2,153076,95,2784,20,12.0,12.42,31,65,Moderate,High,9,Yes,50,"25,001–50,000"
V02424,Truck,3,44638,103,2185,34,11.1,11.33,38,86,Good,High,9,No,50,"25,001–50,000"
V02425,Truck,5,66262,87,1702,23,9.2,11.21,32,85,Worn,High,10,No,50,"25,001–50,000"
V02426,Hatchback,12,105336,92,2919,49,5.5,12.44,31,98,Worn,Medium,11,Yes,80,"80,001+"
V02427,Hatchback,9,49445,94,2262,46,11.8,11.7,44,106,Critical,High,9,Yes,50,"25,001–50,000"
V02428,Truck,11,54588,87,2733,43,14.4,11.99,30,90,Moderate,Low,11,Yes,80,"80,001+"
V02429,Truck,4,10662,109,1596,46,12.7,11.79,39,30,Worn,Medium,10,No,70,"50,001–80,000"
V02430,SUV,1,57041,88,2480,45,19.0,11.01,40,66,Good,Medium,10,No,90,"80,001+"
V02431,Truck,5,70419,96,2130,32,15.5,12.53,43,82,Good,High,6,No,80,"80,001+"
V02432,Truck,13,86558,94,1711,28,12.1,12.28,45,110,Good,High,3,Yes,50,"25,001–50,000"
V02433,Sedan,5,124325,89,2766,35,10.8,12.78,34,61,Moderate,Low,10,No,90,"80,001+"
V02434,Sedan,14,189013,104,2157,33,19.6,11.73,35,89,Good,Medium,8,No,70,"50,001–80,000"
V02435,SUV,3,69784,99,1624,38,14.3,11.48,38,30,Moderate,High,9,Yes,70,"50,001–80,000"
V02436,Hatchback,10,185601,107,2396,32,7.0,12.0,31,94,Worn,Low,5,Yes,80,"80,001+"
V02437,SUV,8,113755,103,1858,44,8.9,12.04,36,35,Critical,High,2,Yes,40,"25,001–50,000"
V02438,Sedan,10,197365,89,1581,48,12.9,11.41,32,65,Good,High,1,No,80,"80,001+"
V02439,Hatchback,2,197017,99,2246,37,5.2,11.9,45,100,Moderate,Medium,12,No,90,"80,001+"
V02440,SUV,1,154896,86,2499,42,9.4,12.4,44,58,Worn,Low,3,No,100,"80,001+"
V02441,SUV,12,77059,110,2421,49,6.4,11.96,40,47,Critical,High,10,Yes,20,"10,001–25,000"
V02442,SUV,1,196879,103,2462,36,5.0,11.11,42,69,Moderate,High,4,Yes,60,"50,001–80,000"
V02443,Truck,14,191155,104,1643,44,9.1,12.66,39,49,Good,Low,1,Yes,70,"50,001–80,000"
V02444,Truck,5,174624,91,2558,48,13.7,11.13,35,83,Good,Medium,11,Yes,90,"80,001+"
V02445,Hatchback,10,176210,109,1721,39,16.6,11.1,34,96,Critical,Low,7,No,60,"50,001–80,000"
V02446,Hatchback,13,102604,102,2131,42,9.3,11.37,39,48,Good,Medium,7,No,70,"50,001–80,000"
V02447,Hatchback,14,181164,91,1578,44,9.3,11.26,38,48,Moderate,Low,3,Yes,90,"80,001+"
V02448,Truck,5,103608,110,2234,29,18.1,12.84,32,70,Worn,Low,4,No,60,"50,001–80,000"
V02449,Truck,1,32682,96,2228,21,6.9,11.28,31,81,Worn,Low,2,Yes,80,"80,001+"
V02450,SUV,13,198683,110,1795,34,9.6,11.73,30,51,Worn,Low,4,No,70,"50,001–80,000"
V02451,Sedan,11,48324,104,1821,23,12.3,12.38,36,92,Good,Medium,3,No,50,"25,001–50,000"
V02452,Hatchback,6,153551,109,2823,44,13.1,11.71,33,91,Good,Medium,7,No,80,"80,001+"
V02453,SUV,8,178806,101,1948,21,13.8,12.95,35,110,Worn,Low,12,Yes,50,"25,001–50,000"
V02454,SUV,6,20486,100,2444,21,11.4,11.07,38,83,Critical,Medium,12,Yes,50,"25,001–50,000"
V02455,SUV,11,178929,107,1872,20,12.6,11.74,31,67,Good,Low,2,No,50,"25,001–50,000"
V02456,Hatchback,12,140227,101,2644,35,14.1,12.17,40,40,Critical,Low,9,No,40,"25,001–50,000"
V02457,SUV,13,179662,110,2380,29,10.4,12.99,34,55,Critical,Medium,10,No,20,"10,001–25,000"
V02458,Sedan,6,84589,104,2213,42,10.4,11.58,35,104,Worn,Low,10,Yes,70,"50,001–80,000"
V02459,Hatchback,9,105471,98,2682,24,18.9,11.45,37,82,Moderate,High,10,No,50,"25,001–50,000"
V02460,Hatchback,4,40328,92,2445,28,18.1,11.34,43,46,Good,High,5,No,60,"50,001–80,000"
V02461,Sedan,6,37371,92,2270,37,16.5,12.31,39,55,Moderate,High,10,Yes,70,"50,001–80,000"
V02462,Sedan,13,76614,90,2663,44,19.4,12.98,38,33,Critical,Low,2,No,70,"50,001–80,000"
V02463,SUV,2,99832,101,2823,46,9.6,11.02,38,105,Good,Low,4,No,80,"80,001+"
V02464,Sedan,3,124614,98,1717,45,8.9,11.21,39,92,Worn,Low,7,No,100,"80,001+"
V02465,Truck,2,110545,91,1703,34,14.7,11.86,41,106,Critical,Low,1,No,80,"80,001+"
V02466,SUV,12,17328,108,1761,30,18.3,11.44,45,86,Good,High,6,No,50,"25,001–50,000"
V02467,Truck,10,123391,85,1542,35,14.1,11.09,42,60,Moderate,High,10,No,70,"50,001–80,000"
V02468,Truck,12,31943,109,2376,41,15.9,11.73,40,38,Good,Low,1,Yes,70,"50,001–80,000"
V02469,Hatchback,1,146470,97,2500,48,8.8,12.13,33,63,Critical,Medium,10,Yes,70,"50,001–80,000"
V02470,Sedan,12,32545,91,1661,22,19.4,12.21,32,37,Moderate,High,2,Yes,50,"25,001–50,000"
V02471,Sedan,11,128710,95,2555,38,15.0,12.13,42,107,Worn,Low,9,Yes,80,"80,001+"
V02472,Sedan,2,50952,101,2965,43,7.3,11.9,32,60,Worn,Medium,4,Yes,80,"80,001+"
V02473,Sedan,13,77375,98,2955,43,9.2,12.2,38,98,Critical,Medium,3,Yes,70,"50,001–80,000"
V02474,Hatchback,10,121820,98,1812,23,19.8,12.71,41,77,Critical,High,6,No,40,"25,001–50,000"
V02475,Truck,3,121348,94,2202,40,5.7,12.32,38,39,Critical,Low,9,No,70,"50,001–80,000"
V02476,Sedan,12,119310,110,2150,28,18.7,12.42,30,102,Critical,Low,4,Yes,30,"10,001–25,000"
V02477,Sedan,7,139926,103,1592,42,19.9,12.86,30,82,Critical,Medium,6,No,60,"50,001–80,000"
V02478,Sedan,11,189348,96,2379,25,6.2,11.49,41,66,Moderate,High,5,No,50,"25,001–50,000"
V02479,SUV,7,94536,97,1574,37,14.8,11.99,41,36,Critical,Medium,6,Yes,80,"80,001+"
V02480,Sedan,7,172328,92,1702,28,6.3,12.73,41,41,Moderate,Medium,10,No,70,"50,001–80,000"
V02481,SUV,11,121297,102,1781,44,15.5,12.74,42,48,Moderate,Low,4,Yes,70,"50,001–80,000"
V02482,Sedan,2,133333,86,2800,44,9.1,12.7,44,92,Worn,Low,1,Yes,100,"80,001+"
V02483,Sedan,12,170019,110,2618,48,5.8,11.43,40,35,Moderate,High,5,No,50,"25,001–50,000"
V02484,Hatchback,8,167151,95,1935,44,14.2,11.39,32,33,Moderate,High,7,No,80,"80,001+"
V02485,Hatchback,7,44401,95,2237,25,8.2,12.18,36,36,Worn,Low,1,Yes,80,"80,001+"
V02486,SUV,13,36962,109,2739,50,9.3,12.0,30,81,Moderate,High,12,Yes,40,"25,001–50,000"
V02487,Truck,1,23489,95,1523,49,7.9,11.37,37,86,Critical,Medium,3,No,80,"80,001+"
V02488,Truck,9,95299,106,1769,34,8.9,11.74,33,106,Worn,High,7,Yes,60,"50,001–80,000"
V02489,Sedan,14,20071,100,2653,46,18.1,11.35,38,36,Worn,Low,7,No,90,"80,001+"
V02490,Sedan,9,75535,105,1595,27,5.1,11.47,30,34,Critical,High,10,No,10,"0–10,000"
V02491,SUV,5,118513,89,1873,20,7.3,11.22,41,34,Critical,Medium,3,Yes,60,"50,001–80,000"
V02492,SUV,4,152576,88,1717,22,16.3,11.16,32,40,Critical,Low,2,Yes,60,"50,001–80,000"
V02493,Hatchback,7,47219,102,2237,42,16.8,11.69,41,63,Worn,High,10,Yes,50,"25,001–50,000"
V02494,Sedan,14,115362,105,1727,49,16.3,12.39,32,75,Moderate,Medium,5,No,70,"50,001–80,000"
V02495,SUV,6,27583,90,1695,32,14.8,12.33,41,39,Critical,High,3,No,60,"50,001–80,000"
V02496,Hatchback,9,26737,85,2745,33,7.7,11.3,41,69,Good,Low,5,Yes,100,"80,001+"
V02497,Truck,4,195780,93,2565,24,17.7,11.95,38,93,Worn,Medium,7,Yes,80,"80,001+"
V02498,Sedan,13,77781,90,1785,24,7.0,12.27,36,59,Moderate,High,8,Yes,50,"25,001–50,000"
V02499,Hatchback,15,163543,94,2986,37,10.7,12.26,35,94,Moderate,Medium,12,Yes,80,"80,001+"
V02500,Sedan,5,192803,87,2306,50,14.9,12.65,30,44,Worn,Medium,11,Yes,90,"80,001+"
V02501,Truck,8,81613,103,2192,27,14.5,12.23,31,104,Worn,Low,12,No,50,"25,001–50,000"
V02502,SUV,6,45807,90,2093,21,19.2,12.82,33,63,Worn,High,4,Yes,60,"50,001–80,000"
V02503,Truck,14,56699,105,2918,39,18.2,12.8,40,47,Critical,High,2,No,30,"10,001–25,000"
V02504,Hatchback,3,14361,85,2092,24,13.5,12.96,30,40,Critical,Low,3,Yes,60,"50,001–80,000"
V02505,Hatchback,4,79816,86,1640,42,14.9,12.58,30,75,Worn,Low,12,Yes,90,"80,001+"
V02506,Sedan,13,153174,98,2283,32,15.3,11.91,38,66,Good,Low,4,No,90,"80,001+"
V02507,Sedan,14,195370,96,2011,27,7.2,12.16,43,105,Worn,High,1,Yes,50,"25,001–50,000"
V02508,Hatchback,7,106180,91,2528,36,7.7,12.77,40,97,Moderate,Low,11,No,90,"80,001+"
V02509,Truck,3,122081,88,1625,21,6.0,11.21,31,79,Moderate,Low,9,No,70,"50,001–80,000"
V02510,Truck,3,87278,89,2099,25,13.1,12.89,43,96,Moderate,Medium,7,Yes,80,"80,001+"
V02511,Truck,11,21470,106,2885,43,6.4,12.46,32,102,Worn,Low,12,No,60,"50,001–80,000"
V02512,Truck,9,31765,105,2627,30,17.7,12.48,39,88,Worn,Low,7,No,80,"80,001+"
V02513,Sedan,13,182954,110,2100,33,12.6,11.31,40,35,Moderate,Medium,11,No,60,"50,001–80,000"
V02514,Sedan,12,109865,93,2266,34,18.4,11.53,31,103,Moderate,High,5,Yes,70,"50,001–80,000"
V02515,Hatchback,9,128354,85,2846,33,8.2,12.34,33,30,Critical,High,1,Yes,60,"50,001–80,000"
V02516,Sedan,8,118311,92,1796,27,11.3,11.35,45,105,Worn,Medium,6,Yes,80,"80,001+"
V02517,Sedan,11,98752,100,1813,23,12.1,11.12,31,66,Critical,Low,4,Yes,50,"25,001–50,000"
V02518,SUV,14,8817,95,1574,44,18.3,12.69,31,31,Moderate,Medium,8,Yes,90,"80,001+"
V02519,Sedan,12,12801,105,2177,35,9.9,11.36,40,50,Good,Medium,9,Yes,60,"50,001–80,000"
V02520,Sedan,15,193382,96,2113,41,18.9,11.01,34,93,Good,High,8,No,70,"50,001–80,000"
V02521,Truck,10,179330,86,2442,22,9.2,12.31,33,90,Moderate,Low,7,No,80,"80,001+"
V02522,Hatchback,5,101445,103,1874,21,5.6,11.71,37,97,Good,Medium,5,Yes,60,"50,001–80,000"
V02523,Hatchback,5,122935,101,2384,40,15.2,11.01,34,42,Critical,Medium,5,Yes,60,"50,001–80,000"
V02524,Truck,7,93888,86,1820,42,7.9,11.93,45,89,Moderate,High,4,Yes,80,"80,001+"
V02525,Hatchback,6,46038,100,2896,26,17.5,12.4,32,61,Critical,Medium,3,Yes,60,"50,001–80,000"
V02526,Sedan,5,23778,101,2789,38,15.7,11.96,34,32,Moderate,Low,9,No,70,"50,001–80,000"
V02527,Hatchback,9,186984,85,2069,26,5.9,11.82,34,34,Worn,Medium,7,No,80,"80,001+"
V02528,Sedan,6,154203,99,1952,23,10.7,12.13,35,49,Good,Medium,5,Yes,80,"80,001+"
V02529,Truck,4,108963,87,2344,26,7.8,11.28,45,43,Critical,Medium,7,No,60,"50,001–80,000"
V02530,SUV,10,174659,99,2810,32,6.6,11.94,37,95,Worn,Medium,4,Yes,100,"80,001+"
V02531,Hatchback,8,168292,89,1959,23,11.1,11.6,35,55,Moderate,Medium,2,Yes,80,"80,001+"
V02532,Hatchback,14,11128,91,1891,33,10.8,12.64,42,68,Good,Medium,11,No,80,"80,001+"
V02533,Sedan,2,5530,110,2883,36,16.4,12.18,37,96,Critical,Low,12,No,50,"25,001–50,000"
V02534,SUV,14,19793,88,2143,31,18.8,12.82,43,59,Good,Low,1,No,90,"80,001+"
V02535,SUV,4,164422,96,1975,43,12.6,12.01,32,98,Worn,High,11,No,70,"50,001–80,000"
V02536,SUV,8,129714,108,1683,43,14.2,12.58,41,104,Good,Medium,1,Yes,80,"80,001+"
V02537,SUV,14,90890,110,2885,43,15.2,12.31,44,36,Good,High,8,No,50,"25,001–50,000"
V02538,Hatchback,4,42083,103,2797,30,7.7,11.34,40,81,Moderate,High,11,No,50,"25,001–50,000"
V02539,Hatchback,8,47626,98,2492,42,7.5,12.12,40,49,Worn,High,11,Yes,70,"50,001–80,000"
V02540,SUV,7,59385,107,2564,20,13.8,12.07,44,41,Good,Medium,5,Yes,60,"50,001–80,000"
V02541,Hatchback,3,161910,90,1858,29,12.7,11.36,32,71,Worn,Medium,6,Yes,80,"80,001+"
V02542,SUV,6,146501,92,2847,25,15.4,11.67,39,36,Worn,High,4,No,60,"50,001–80,000"
V02543,Truck,14,50458,91,2252,27,16.3,12.98,39,60,Critical,High,8,Yes,30,"10,001–25,000"
V02544,Sedan,6,67257,103,2554,33,10.8,11.11,42,30,Critical,Medium,11,Yes,50,"25,001–50,000"
V02545,Truck,13,25594,88,1905,26,13.2,12.13,34,59,Good,Medium,12,Yes,60,"50,001–80,000"
V02546,Sedan,4,75652,85,2219,36,10.8,12.47,30,46,Worn,High,11,No,70,"50,001–80,000"
V02547,Truck,14,45168,90,2908,50,17.1,12.19,38,104,Good,High,8,No,70,"50,001–80,000"
V02548,Truck,2,110389,103,2013,34,9.8,11.65,31,82,Critical,High,11,Yes,30,"10,001–25,000"
V02549,Hatchback,1,170414,105,2435,41,7.5,12.95,34,51,Critical,Low,5,No,60,"50,001–80,000"
V02550,SUV,9,116096,101,1727,20,10.0,11.64,38,96,Worn,High,11,Yes,30,"10,001–25,000"
V02551,Truck,5,55556,101,1621,37,13.3,12.17,33,71,Good,High,10,No,50,"25,001–50,000"
V02552,Truck,15,112653,103,1530,32,17.3,12.82,33,99,Critical,Low,12,Yes,40,"25,001–50,000"
V02553,Hatchback,12,44842,95,1501,27,10.6,11.63,38,57,Moderate,Medium,9,Yes,60,"50,001–80,000"
V02554,Hatchback,8,5615,107,2990,34,5.5,11.05,45,74,Worn,High,1,No,60,"50,001–80,000"
V02555,Sedan,10,147119,93,2929,48,11.1,12.65,44,36,Critical,Low,3,Yes,80,"80,001+"
V02556,SUV,7,46321,88,1762,25,19.1,12.11,42,85,Worn,Medium,11,No,70,"50,001–80,000"
V02557,Hatchback,6,152112,99,1633,35,14.3,11.7,43,30,Worn,High,11,No,70,"50,001–80,000"
V02558,Sedan,4,80647,91,1715,23,15.9,11.01,38,32,Good,Medium,4,No,80,"80,001+"
V02559,SUV,2,138229,99,1596,27,19.1,11.74,30,90,Good,High,1,Yes,60,"50,001–80,000"
V02560,Truck,6,131131,102,2216,37,19.2,11.48,42,99,Good,High,5,Yes,60,"50,001–80,000"
V02561,Truck,14,17787,108,1668,44,5.4,11.86,30,105,Critical,Low,9,Yes,40,"25,001–50,000"
V02562,Sedan,15,191919,88,2785,41,5.1,12.07,34,31,Critical,Medium,8,Yes,70,"50,001–80,000"
V02563,Hatchback,9,12576,89,2432,24,17.6,11.16,35,60,Good,High,9,No,50,"25,001–50,000"
V02564,Truck,9,166918,88,2886,22,8.4,11.66,38,99,Worn,High,2,No,60,"50,001–80,000"
V02565,Truck,15,127441,99,2835,38,18.7,12.22,45,57,Critical,High,3,Yes,50,"25,001–50,000"
V02566,Truck,4,32524,95,2321,37,11.9,11.05,31,67,Worn,Medium,3,Yes,100,"80,001+"
V02567,Hatchback,14,134523,109,2764,40,18.3,12.75,34,59,Worn,Low,1,No,70,"50,001–80,000"
V02568,Sedan,15,37570,108,2153,46,19.7,11.7,32,80,Critical,Medium,8,No,50,"25,001–50,000"
V02569,Truck,8,99379,101,2716,23,12.7,11.86,39,79,Moderate,High,5,No,40,"25,001–50,000"
V02570,Sedan,8,7367,96,1930,48,19.5,12.22,34,103,Worn,Low,8,Yes,100,"80,001+"
V02571,SUV,8,169941,89,1997,39,16.8,12.2,45,82,Good,High,4,No,80,"80,001+"
V02572,Sedan,12,74546,100,2347,42,18.7,12.94,41,81,Good,Medium,11,Yes,80,"80,001+"
V02573,Truck,3,16948,105,2501,27,13.0,12.95,34,74,Worn,Low,5,Yes,60,"50,001–80,000"
V02574,SUV,10,132863,104,2233,45,14.5,11.75,31,110,Critical,Medium,9,Yes,50,"25,001–50,000"
V02575,SUV,3,20374,88,2795,47,18.0,12.33,39,64,Worn,High,11,Yes,70,"50,001–80,000"
V02576,Sedan,15,25356,108,2630,35,12.9,11.53,39,73,Good,Medium,5,No,70,"50,001–80,000"
V02577,Sedan,3,183223,109,1642,23,11.8,12.38,43,107,Worn,Medium,8,Yes,60,"50,001–80,000"
V02578,Sedan,10,142916,93,2747,41,12.7,11.68,33,98,Moderate,Low,12,Yes,90,"80,001+"
V02579,Truck,1,58202,101,2864,44,14.0,11.95,38,85,Worn,Medium,1,Yes,80,"80,001+"
V02580,Hatchback,2,46852,103,2419,29,19.1,12.35,37,35,Moderate,High,10,No,30,"10,001–25,000"
V02581,Sedan,6,88177,103,2086,40,16.1,11.76,39,94,Moderate,Medium,12,No,70,"50,001–80,000"
V02582,Sedan,9,161994,93,2989,45,8.6,12.29,35,47,Moderate,Low,7,Yes,100,"80,001+"
V02583,Hatchback,9,21413,109,1587,47,19.8,11.34,36,94,Critical,Medium,11,Yes,50,"25,001–50,000"
V02584,Truck,3,55938,100,2554,25,19.3,11.11,45,72,Good,Low,8,Yes,80,"80,001+"
V02585,Sedan,1,183888,91,1782,20,18.7,12.27,44,46,Moderate,High,4,No,60,"50,001–80,000"
V02586,Hatchback,6,48188,88,2816,28,10.1,11.33,33,56,Moderate,Low,7,No,80,"80,001+"
V02587,Sedan,5,25790,101,2141,21,19.2,11.6,35,36,Moderate,Medium,11,No,50,"25,001–50,000"
V02588,SUV,6,5993,99,1666,47,14.7,11.96,39,84,Good,Medium,3,Yes,100,"80,001+"
V02589,Sedan,1,109449,92,2974,35,13.4,11.43,31,61,Worn,High,3,Yes,80,"80,001+"
V02590,Hatchback,2,118999,91,2495,24,18.9,12.69,39,52,Critical,Low,2,Yes,60,"50,001–80,000"
V02591,Truck,3,121482,102,2526,30,18.0,12.6,45,99,Moderate,Low,8,Yes,80,"80,001+"
V02592,Hatchback,12,109708,93,2625,34,5.4,11.46,44,81,Moderate,High,5,No,70,"50,001–80,000"
V02593,Sedan,7,182409,110,2792,46,18.7,11.91,35,94,Critical,Medium,3,Yes,60,"50,001–80,000"
V02594,SUV,1,31734,105,2294,40,10.7,11.48,39,78,Critical,Low,8,No,60,"50,001–80,000"
V02595,Sedan,4,131145,100,2015,26,17.3,11.4,45,106,Critical,Medium,3,Yes,60,"50,001–80,000"
V02596,Truck,6,111480,96,1908,40,15.9,13.0,30,85,Moderate,Low,5,No,100,"80,001+"
V02597,Sedan,4,114883,90,2156,25,9.2,11.4,33,84,Worn,High,9,No,50,"25,001–50,000"
V02598,Sedan,12,97485,102,2190,45,10.6,11.05,35,33,Good,Low,7,No,70,"50,001–80,000"
V02599,Hatchback,11,19174,85,1744,30,6.9,11.18,41,31,Worn,Low,8,No,90,"80,001+"
V02600,Sedan,11,42909,109,1803,29,16.7,12.21,34,93,Moderate,Low,12,Yes,40,"25,001–50,000"
V02601,Truck,12,17624,89,2988,48,5.7,12.55,41,55,Moderate,Medium,9,Yes,80,"80,001+"
V02602,Hatchback,12,162129,109,1949,45,6.1,12.91,30,79,Worn,Low,4,Yes,70,"50,001–80,000"
V02603,Truck,9,180773,87,2679,33,17.7,11.94,41,55,Moderate,Medium,5,No,100,"80,001+"
V02604,Truck,5,170417,106,2520,38,6.6,12.76,41,108,Worn,Medium,11,No,70,"50,001–80,000"
V02605,SUV,14,181032,102,1541,26,14.9,12.96,30,96,Worn,High,12,No,20,"10,001–25,000"
V02606,Hatchback,4,31096,103,1608,48,13.0,12.03,40,78,Worn,Low,11,No,70,"50,001–80,000"
V02607,SUV,10,88417,93,2090,34,8.2,11.41,30,102,Worn,High,12,No,70,"50,001–80,000"
V02608,Hatchback,5,109264,85,1662,25,5.7,12.69,44,104,Good,Low,6,Yes,80,"80,001+"
V02609,Sedan,14,105783,85,2955,36,7.1,12.46,33,57,Critical,Low,10,Yes,60,"50,001–80,000"
V02610,Sedan,12,116105,88,2010,23,9.3,12.05,44,107,Moderate,Medium,5,No,70,"50,001–80,000"
V02611,SUV,14,55075,86,2695,30,14.5,12.76,38,89,Good,High,9,Yes,60,"50,001–80,000"
V02612,Hatchback,12,108294,89,2043,37,9.5,11.44,37,101,Critical,Medium,3,Yes,70,"50,001–80,000"
V02613,SUV,3,25347,92,2951,40,16.6,11.85,43,108,Moderate,Low,3,Yes,100,"80,001+"
V02614,Truck,11,87893,101,2830,28,9.2,12.84,42,109,Worn,Low,4,No,50,"25,001–50,000"
V02615,Sedan,8,44228,91,1630,48,6.8,12.85,39,103,Moderate,Low,2,No,100,"80,001+"
V02616,Sedan,12,55722,85,1564,28,19.0,12.33,42,35,Good,High,7,Yes,50,"25,001–50,000"
V02617,Sedan,6,45407,110,2420,39,9.5,11.64,39,74,Moderate,Low,1,Yes,80,"80,001+"
V02618,SUV,10,189107,110,2070,20,8.2,11.92,40,44,Critical,Low,1,No,40,"25,001–50,000"
V02619,Sedan,15,130389,96,1575,28,7.9,11.68,38,81,Worn,Medium,6,No,70,"50,001–80,000"
V02620,Truck,9,33491,90,1941,27,19.9,12.2,40,75,Critical,High,1,Yes,40,"25,001–50,000"
V02621,SUV,11,138889,95,2949,43,18.6,12.31,44,37,Worn,High,6,Yes,70,"50,001–80,000"
V02622,Hatchback,15,154542,106,2483,38,7.8,12.22,31,62,Worn,Medium,5,Yes,70,"50,001–80,000"
V02623,Sedan,13,20858,90,2972,21,6.3,11.4,42,107,Good,Medium,11,Yes,60,"50,001–80,000"
V02624,Sedan,4,20305,94,1934,41,8.6,12.19,40,104,Good,Low,1,Yes,100,"80,001+"
V02625,SUV,14,78500,100,2865,27,17.8,12.47,45,63,Critical,Medium,4,No,50,"25,001–50,000"
V02626,Truck,2,73739,110,2980,23,16.2,11.87,42,30,Moderate,Low,6,Yes,60,"50,001–80,000"
V02627,Sedan,8,54527,94,1934,29,9.2,11.74,45,57,Critical,Low,11,Yes,50,"25,001–50,000"
V02628,Hatchback,14,116802,106,1840,39,19.8,11.53,37,106,Moderate,Low,11,No,60,"50,001–80,000"
V02629,Truck,14,147013,105,1618,31,14.4,12.13,34,89,Moderate,Medium,7,Yes,70,"50,001–80,000"
V02630,Truck,4,78850,92,2988,24,18.2,11.46,32,90,Moderate,Medium,12,No,70,"50,001–80,000"
V02631,Hatchback,1,67267,102,2436,25,8.9,12.02,32,76,Moderate,Low,6,Yes,60,"50,001–80,000"
V02632,Sedan,2,20559,105,2411,22,13.8,12.24,32,37,Moderate,Medium,11,No,50,"25,001–50,000"
V02633,Hatchback,5,93822,85,2072,37,19.7,12.17,30,47,Critical,Medium,1,Yes,80,"80,001+"
V02634,Sedan,7,134503,96,2458,29,14.3,12.22,32,52,Worn,Medium,11,No,70,"50,001–80,000"
V02635,Truck,8,88152,97,2138,23,17.6,12.44,30,100,Critical,Medium,11,Yes,50,"25,001–50,000"
V02636,Hatchback,8,131717,110,2898,47,16.8,11.12,34,55,Critical,Low,9,No,50,"25,001–50,000"
V02637,Truck,4,44581,99,2033,22,19.6,11.23,45,33,Good,High,8,No,60,"50,001–80,000"
V02638,Hatchback,12,146408,98,2796,34,14.9,12.22,32,45,Critical,High,10,Yes,40,"25,001–50,000"
V02639,Sedan,13,175556,88,2705,27,15.4,12.58,31,103,Moderate,Low,10,No,60,"50,001–80,000"
V02640,Sedan,14,23557,91,2604,31,9.1,11.14,33,81,Good,Low,3,No,90,"80,001+"
V02641,Sedan,4,162066,102,2416,47,17.4,12.95,42,93,Moderate,Medium,4,No,80,"80,001+"
V02642,SUV,15,148654,107,1529,24,17.0,11.39,38,100,Critical,High,11,No,0,"0–10,000"
V02643,Truck,3,186130,89,2925,32,15.3,11.96,42,50,Moderate,Low,5,No,100,"80,001+"
V02644,Truck,12,23322,106,2688,21,15.8,12.05,41,34,Good,Low,8,Yes,50,"25,001–50,000"
V02645,Sedan,11,173240,100,2092,38,6.8,11.39,35,100,Moderate,Medium,4,No,90,"80,001+"
V02646,Sedan,3,60040,105,1771,22,6.0,11.09,44,96,Critical,High,12,Yes,10,"0–10,000"
V02647,SUV,14,118816,95,2512,20,18.2,11.91,41,69,Moderate,High,10,No,40,"25,001–50,000"
V02648,Hatchback,4,165246,99,1890,40,9.2,12.48,37,46,Critical,Low,1,No,80,"80,001+"
V02649,Truck,11,80717,108,1870,27,19.6,11.71,37,50,Good,Low,9,Yes,40,"25,001–50,000"
V02650,SUV,4,73743,100,2692,30,16.7,11.24,36,47,Good,High,3,Yes,80,"80,001+"
V02651,Hatchback,13,51002,86,1953,23,17.5,11.23,43,71,Moderate,Medium,4,No,70,"50,001–80,000"
V02652,Truck,1,93815,108,2019,38,17.9,11.9,36,30,Critical,Low,1,No,60,"50,001–80,000"
V02653,Hatchback,4,133761,92,1824,36,9.2,11.41,38,35,Critical,Medium,11,No,70,"50,001–80,000"
V02654,SUV,14,69387,101,2883,30,17.1,11.31,36,100,Critical,High,6,No,30,"10,001–25,000"
V02655,Truck,15,148071,95,2862,49,5.8,11.27,43,53,Worn,Low,4,Yes,90,"80,001+"
V02656,Sedan,12,34425,89,2748,31,18.7,11.49,40,36,Good,Medium,6,No,90,"80,001+"
V02657,SUV,9,21186,106,2990,23,10.0,11.2,37,63,Worn,Low,8,Yes,60,"50,001–80,000"
V02658,SUV,4,178115,87,1506,39,13.2,12.4,41,37,Moderate,Low,5,Yes,100,"80,001+"
V02659,Hatchback,13,121747,87,1522,48,19.8,11.87,32,89,Worn,Medium,9,Yes,80,"80,001+"
V02660,Truck,4,6902,105,2174,42,7.5,11.13,37,31,Moderate,Low,10,Yes,70,"50,001–80,000"
V02661,Sedan,10,99250,105,2847,36,17.3,12.84,44,67,Critical,High,5,No,40,"25,001–50,000"
V02662,Hatchback,1,51960,99,1932,36,6.9,12.4,32,41,Moderate,High,4,Yes,80,"80,001+"
V02663,Sedan,11,83649,88,1625,36,5.9,11.2,32,101,Good,Medium,9,Yes,80,"80,001+"
V02664,SUV,10,166364,100,2242,40,11.4,11.31,37,91,Moderate,Low,3,Yes,100,"80,001+"
V02665,Truck,7,186196,89,2310,43,17.6,12.12,45,95,Moderate,Medium,10,No,90,"80,001+"
V02666,Sedan,2,188066,105,1814,39,17.8,12.22,41,31,Moderate,High,3,No,60,"50,001–80,000"
V02667,SUV,4,47961,109,1835,47,13.9,11.18,45,101,Moderate,Medium,10,Yes,70,"50,001–80,000"
V02668,SUV,14,18169,92,2136,36,17.0,12.06,34,82,Critical,Medium,5,No,70,"50,001–80,000"
V02669,Sedan,11,127466,85,2334,24,7.7,12.16,37,102,Moderate,High,10,No,40,"25,001–50,000"
V02670,Sedan,5,34211,86,1697,40,9.4,12.84,39,89,Good,Low,11,Yes,90,"80,001+"
V02671,Hatchback,5,148934,100,2835,46,17.8,12.92,40,86,Moderate,Medium,5,Yes,100,"80,001+"
V02672,Truck,6,80876,95,2008,41,7.4,11.43,34,42,Critical,Medium,8,No,80,"80,001+"
V02673,Hatchback,1,165502,95,1572,35,12.4,12.72,43,69,Good,Low,4,No,100,"80,001+"
V02674,SUV,2,86413,101,1704,44,13.8,11.37,38,51,Good,High,5,No,60,"50,001–80,000"
V02675,Hatchback,6,92576,85,2505,32,9.6,12.09,38,59,Critical,High,5,Yes,60,"50,001–80,000"
V02676,Sedan,14,153664,110,1783,28,10.3,12.43,36,93,Critical,Medium,8,No,30,"10,001–25,000"
V02677,Sedan,8,65190,95,2622,22,5.8,11.06,44,70,Moderate,Medium,8,No,80,"80,001+"
V02678,Truck,15,81488,109,1880,31,18.8,11.36,43,106,Critical,High,5,No,30,"10,001–25,000"
V02679,Truck,13,5507,104,1841,22,11.9,12.17,33,78,Good,Medium,4,No,50,"25,001–50,000"
V02680,Sedan,15,24644,108,2682,25,12.5,11.06,38,59,Critical,Medium,9,Yes,20,"10,001–25,000"
V02681,Truck,9,8627,101,1739,46,9.9,11.56,40,57,Critical,Low,6,No,60,"50,001–80,000"
V02682,SUV,9,36232,110,2382,22,5.0,11.0,45,100,Critical,High,5,Yes,20,"10,001–25,000"
V02683,Truck,5,199534,102,1608,27,5.3,12.99,34,48,Worn,Low,3,Yes,60,"50,001–80,000"
V02684,Hatchback,5,80886,85,2005,36,14.3,12.28,41,39,Good,Low,5,No,100,"80,001+"
V02685,Sedan,4,32212,106,2622,33,5.8,11.32,43,76,Good,Low,9,No,70,"50,001–80,000"
V02686,SUV,7,63337,103,2866,36,6.5,12.77,38,84,Moderate,Medium,11,Yes,70,"50,001–80,000"
V02687,Hatchback,2,78572,88,1723,36,8.0,11.8,36,109,Good,Medium,11,No,90,"80,001+"
V02688,SUV,11,83480,88,2082,23,6.6,12.48,34,87,Good,Medium,12,No,60,"50,001–80,000"
V02689,SUV,10,84690,108,2199,38,10.9,12.24,31,42,Worn,Low,12,No,70,"50,001–80,000"
V02690,SUV,15,169967,103,2966,41,16.3,12.48,31,32,Critical,Medium,1,No,50,"25,001–50,000"
V02691,Hatchback,6,160083,101,2352,41,19.2,12.55,38,59,Worn,Low,7,Yes,80,"80,001+"
V02692,Hatchback,6,156392,110,1569,24,19.3,12.66,41,109,Critical,High,8,No,20,"10,001–25,000"
V02693,Truck,8,175960,106,2496,37,6.3,12.14,45,54,Moderate,High,2,No,60,"50,001–80,000"
V02694,Sedan,7,104665,101,2244,24,16.9,12.6,45,46,Moderate,Medium,4,No,60,"50,001–80,000"
V02695,SUV,1,37946,99,1938,31,19.7,12.41,34,33,Worn,High,7,Yes,80,"80,001+"
V02696,Truck,4,164036,90,2416,30,15.5,12.65,38,43,Moderate,High,1,No,80,"80,001+"
V02697,Hatchback,3,171128,92,2664,34,6.8,12.93,33,31,Good,Medium,5,No,100,"80,001+"
V02698,SUV,13,90310,97,2527,32,8.4,11.07,35,73,Good,Medium,2,Yes,90,"80,001+"
V02699,Hatchback,8,88794,99,1705,36,11.4,11.88,45,37,Good,Low,5,No,100,"80,001+"
V02700,Truck,12,78978,86,1826,49,5.8,11.97,44,53,Good,Low,5,No,90,"80,001+"
V02701,Truck,11,68825,93,2689,43,14.0,12.69,43,103,Good,Medium,1,No,90,"80,001+"
V02702,SUV,14,196931,105,2179,50,8.9,11.16,38,70,Critical,Medium,7,No,50,"25,001–50,000"
V02703,SUV,3,117194,88,1513,30,13.2,11.52,39,53,Critical,High,5,Yes,60,"50,001–80,000"
V02704,SUV,9,46234,105,1973,23,14.6,12.66,32,50,Moderate,Medium,1,Yes,60,"50,001–80,000"
V02705,SUV,12,156160,104,2497,34,6.4,11.57,33,79,Worn,High,6,No,50,"25,001–50,000"
V02706,Hatchback,13,187065,89,2287,28,10.9,11.17,37,73,Good,Medium,3,Yes,70,"50,001–80,000"
V02707,Sedan,9,59101,92,2019,44,8.3,11.46,35,75,Moderate,Medium,1,Yes,100,"80,001+"
V02708,Truck,2,128983,86,2954,46,13.5,12.38,37,60,Worn,High,11,Yes,70,"50,001–80,000"
V02709,SUV,2,24460,87,1963,42,16.7,12.93,35,109,Good,Low,6,No,100,"80,001+"
V02710,Sedan,2,70563,105,2521,47,8.7,11.91,35,32,Moderate,High,2,No,60,"50,001–80,000"
V02711,SUV,2,196584,89,2818,44,14.5,11.64,38,83,Moderate,Low,10,No,90,"80,001+"
V02712,Truck,5,131562,106,1896,39,15.4,11.39,43,60,Worn,High,8,No,60,"50,001–80,000"
V02713,SUV,5,63069,102,1726,26,17.9,11.63,32,104,Good,Medium,3,No,60,"50,001–80,000"
V02714,Truck,10,63770,109,2468,37,15.6,12.15,40,97,Worn,High,1,Yes,60,"50,001–80,000"
V02715,Sedan,1,197411,102,1762,40,15.5,11.67,35,56,Worn,High,1,Yes,60,"50,001–80,000"
V02716,Hatchback,15,142628,86,1895,43,5.9,12.86,31,89,Moderate,High,2,No,70,"50,001–80,000"
V02717,Hatchback,13,9628,85,2524,26,16.7,11.71,40,81,Critical,Low,2,Yes,50,"25,001–50,000"
V02718,Truck,12,86443,89,1792,49,9.6,11.09,30,81,Moderate,High,1,No,70,"50,001–80,000"
V02719,SUV,10,152077,93,2557,49,6.0,12.14,35,33,Moderate,High,2,Yes,80,"80,001+"
V02720,Truck,7,96096,104,2332,20,14.8,11.35,34,47,Good,Medium,8,No,60,"50,001–80,000"
V02721,Sedan,5,51390,90,2516,33,14.5,12.81,44,62,Critical,Low,8,Yes,80,"80,001+"
V02722,Hatchback,10,75780,88,2809,49,18.6,12.45,40,82,Worn,Low,12,No,90,"80,001+"
V02723,SUV,8,50873,93,2489,37,17.4,12.82,39,58,Worn,Low,6,Yes,100,"80,001+"
V02724,Hatchback,2,111952,107,1677,35,11.7,12.71,41,62,Good,Medium,11,No,70,"50,001–80,000"
V02725,Hatchback,6,65138,87,2052,42,12.7,12.69,31,79,Good,Low,7,Yes,100,"80,001+"
V02726,Hatchback,3,95478,91,2892,43,9.7,12.74,31,73,Moderate,Low,2,Yes,100,"80,001+"
V02727,SUV,8,56732,95,2181,45,7.7,12.9,39,66,Worn,Medium,11,No,90,"80,001+"
V02728,Truck,1,117468,106,2831,43,9.6,12.31,42,68,Worn,Medium,9,No,70,"50,001–80,000"
V02729,Truck,14,89252,99,2311,43,18.2,11.9,45,103,Worn,High,12,Yes,60,"50,001–80,000"
V02730,SUV,10,147586,92,1794,34,11.8,11.32,33,92,Worn,High,3,Yes,80,"80,001+"
V02731,Hatchback,4,120448,102,1581,34,13.2,11.08,43,47,Worn,High,10,No,50,"25,001–50,000"
V02732,SUV,5,60279,96,1570,34,18.6,11.01,37,110,Good,Medium,11,Yes,90,"80,001+"
V02733,SUV,12,58468,102,2739,48,19.4,11.04,44,103,Critical,High,7,Yes,30,"10,001–25,000"
V02734,Hatchback,12,53306,93,2554,41,19.6,11.6,37,102,Critical,Low,11,No,60,"50,001–80,000"
V02735,Truck,10,194252,86,1908,37,12.3,11.76,32,32,Good,Medium,3,No,100,"80,001+"
V02736,Sedan,9,159065,86,1651,39,17.6,12.57,33,53,Critical,High,10,Yes,50,"25,001–50,000"
V02737,Truck,6,65385,100,2484,38,6.0,11.05,30,108,Critical,Medium,7,No,80,"80,001+"
V02738,Hatchback,15,116142,108,2345,50,7.6,11.85,38,108,Critical,Low,10,No,40,"25,001–50,000"
V02739,SUV,9,140394,96,2995,36,6.1,11.24,35,91,Critical,High,2,Yes,60,"50,001–80,000"
V02740,Truck,15,144519,94,2571,38,5.7,11.26,37,103,Critical,Medium,8,No,70,"50,001–80,000"
V02741,SUV,7,52033,101,2395,33,12.9,11.04,37,63,Moderate,Medium,7,Yes,80,"80,001+"
V02742,Hatchback,11,103558,85,1570,25,12.7,11.39,35,89,Critical,Low,5,No,50,"25,001–50,000"
V02743,SUV,6,9861,106,2044,31,11.8,11.14,34,58,Moderate,Low,8,No,80,"80,001+"
V02744,Sedan,9,110996,99,2105,45,9.2,11.95,41,90,Critical,High,9,Yes,50,"25,001–50,000"
V02745,Hatchback,2,195195,85,2525,33,20.0,12.53,33,43,Critical,Medium,12,No,70,"50,001–80,000"
V02746,Hatchback,14,15436,101,2253,24,6.7,12.57,40,35,Good,Medium,6,No,50,"25,001–50,000"
V02747,Truck,2,148359,94,1566,44,5.3,12.8,35,49,Moderate,Low,12,Yes,90,"80,001+"
V02748,Hatchback,7,69470,99,2353,25,16.2,12.79,33,88,Moderate,High,12,Yes,50,"25,001–50,000"
V02749,Truck,10,105892,92,2570,46,5.3,12.89,44,80,Moderate,Low,1,No,100,"80,001+"
V02750,Truck,2,22177,110,2137,38,9.0,11.76,41,39,Critical,High,10,No,30,"10,001–25,000"
V02751,Hatchback,5,176932,92,2714,29,7.1,11.66,40,62,Worn,High,3,No,60,"50,001–80,000"
V02752,Truck,2,118104,89,1701,30,14.8,12.8,32,84,Critical,Medium,6,Yes,80,"80,001+"
V02753,Truck,5,135588,107,1698,36,17.2,11.57,32,89,Worn,Medium,7,Yes,80,"80,001+"
V02754,Truck,12,144667,93,2676,26,14.5,12.45,40,42,Good,Medium,10,No,60,"50,001–80,000"
V02755,Hatchback,7,73642,109,2978,27,9.8,12.02,36,55,Worn,Low,4,No,60,"50,001–80,000"
V02756,Hatchback,8,58318,94,1789,43,18.7,11.01,33,59,Moderate,Medium,9,Yes,90,"80,001+"
V02757,Sedan,3,195882,105,2397,42,9.5,12.35,30,64,Critical,Medium,5,No,60,"50,001–80,000"
V02758,Sedan,7,163505,86,2130,30,7.3,11.79,44,68,Moderate,Medium,4,No,100,"80,001+"
V02759,Hatchback,5,56798,89,2459,40,6.0,12.64,44,36,Critical,High,3,Yes,60,"50,001–80,000"
V02760,Sedan,2,194196,86,1924,31,18.0,12.63,37,43,Worn,High,3,No,80,"80,001+"
V02761,Truck,8,174952,105,2004,37,6.1,12.97,37,63,Worn,High,11,Yes,50,"25,001–50,000"
V02762,Hatchback,9,121227,108,2837,29,10.6,11.99,31,64,Critical,High,1,Yes,20,"10,001–25,000"
V02763,SUV,5,55715,89,2804,42,11.0,12.44,37,54,Good,Medium,10,Yes,90,"80,001+"
V02764,SUV,12,148621,101,1622,29,8.5,11.64,42,56,Critical,Low,7,No,30,"10,001–25,000"
V02765,Hatchback,14,108610,109,1971,25,6.2,11.82,45,62,Moderate,High,12,Yes,20,"10,001–25,000"
V02766,Hatchback,9,118934,100,2836,27,8.5,11.08,45,91,Worn,Low,10,Yes,70,"50,001–80,000"
V02767,SUV,3,125033,97,2120,28,9.2,12.42,35,63,Good,Medium,4,Yes,80,"80,001+"
V02768,SUV,8,153348,110,1730,37,10.3,11.87,38,96,Critical,High,9,No,30,"10,001–25,000"
V02769,Sedan,14,105074,87,2237,40,5.2,12.36,31,39,Critical,Low,4,No,70,"50,001–80,000"
V02770,Truck,4,6950,94,1625,39,8.7,12.35,35,65,Moderate,High,9,No,70,"50,001–80,000"
V02771,Truck,1,142927,89,2990,36,7.9,12.88,34,65,Good,High,6,Yes,80,"80,001+"
V02772,Truck,10,169638,102,2749,23,8.6,12.21,30,62,Critical,Low,8,No,40,"25,001–50,000"
V02773,SUV,6,147118,90,2681,36,10.3,12.25,44,68,Good,Low,9,No,90,"80,001+"
V02774,Hatchback,4,92526,96,1674,21,9.3,12.65,42,75,Moderate,Low,7,No,80,"80,001+"
V02775,SUV,11,198368,106,2151,39,15.0,11.79,44,67,Good,Medium,12,Yes,60,"50,001–80,000"
V02776,Hatchback,9,153715,90,2216,39,6.3,12.03,32,93,Moderate,Low,7,Yes,100,"80,001+"
V02777,Sedan,14,85306,110,2872,23,19.7,11.23,39,63,Good,High,4,No,30,"10,001–25,000"
V02778,Hatchback,14,129429,97,2492,42,18.1,12.77,39,31,Critical,High,9,Yes,40,"25,001–50,000"
V02779,Hatchback,10,147494,95,2486,46,17.1,12.66,43,45,Worn,Medium,9,No,90,"80,001+"
V02780,Hatchback,3,74629,97,2598,47,11.4,12.84,40,87,Worn,Low,5,No,100,"80,001+"
V02781,Sedan,10,128050,97,2561,25,11.2,11.99,43,35,Good,High,7,Yes,60,"50,001–80,000"
V02782,Hatchback,12,51211,102,2917,26,7.3,11.05,40,41,Critical,Medium,9,No,20,"10,001–25,000"
V02783,Hatchback,9,142321,96,2560,34,8.2,11.96,44,98,Worn,Low,3,No,100,"80,001+"
V02784,Truck,13,6491,100,2221,24,18.3,11.53,42,85,Critical,Low,3,No,50,"25,001–50,000"
V02785,Sedan,15,45113,100,1851,27,17.5,12.51,30,69,Critical,High,1,Yes,30,"10,001–25,000"
V02786,Hatchback,9,66493,107,2839,42,7.7,12.6,30,91,Worn,Low,12,Yes,70,"50,001–80,000"
V02787,Truck,9,61527,102,2264,31,9.9,11.18,38,85,Good,Low,9,No,70,"50,001–80,000"
V02788,SUV,11,55417,102,2514,47,13.9,12.68,33,101,Moderate,High,10,No,40,"25,001–50,000"
V02789,Sedan,9,167961,109,2296,39,17.4,11.55,45,87,Worn,High,4,No,60,"50,001–80,000"
V02790,Sedan,13,153153,105,2622,35,12.3,12.18,45,47,Moderate,Medium,4,No,70,"50,001–80,000"
V02791,Truck,6,117113,97,2451,43,12.9,11.72,37,105,Worn,Low,12,No,90,"80,001+"
V02792,SUV,15,152452,90,2010,36,6.9,11.57,31,101,Good,Low,4,No,90,"80,001+"
V02793,Hatchback,15,175558,107,1790,26,14.7,12.1,30,61,Good,Low,12,Yes,40,"25,001–50,000"
V02794,Truck,7,74795,105,2804,28,14.3,12.38,45,65,Worn,Low,10,No,50,"25,001–50,000"
V02795,Sedan,13,16708,86,1820,24,7.0,11.22,44,38,Critical,Low,2,Yes,50,"25,001–50,000"
V02796,SUV,6,126642,88,2371,20,17.8,11.56,32,78,Worn,High,3,Yes,60,"50,001–80,000"
V02797,Sedan,4,87851,86,1991,42,19.3,12.18,43,59,Good,High,3,No,80,"80,001+"
V02798,Truck,14,174153,86,2004,23,17.0,12.21,42,45,Good,Low,6,No,70,"50,001–80,000"
V02799,Truck,3,119814,91,2857,45,9.6,11.64,42,73,Critical,Low,6,No,80,"80,001+"
V02800,Hatchback,1,180005,100,2736,50,6.1,11.15,31,76,Worn,Medium,9,No,90,"80,001+"
V02801,Hatchback,8,9048,107,2551,39,13.4,11.95,36,100,Moderate,Medium,3,Yes,80,"80,001+"
V02802,Truck,10,197704,101,2693,44,11.8,12.15,39,77,Worn,Low,7,Yes,80,"80,001+"
V02803,Hatchback,11,185302,86,2381,39,9.9,11.11,40,74,Good,High,1,Yes,70,"50,001–80,000"
V02804,Sedan,13,55621,103,2381,36,5.2,12.17,40,30,Critical,High,4,Yes,30,"10,001–25,000"
V02805,Sedan,7,82915,93,2448,27,10.7,12.63,38,103,Critical,High,12,Yes,30,"10,001–25,000"
V02806,Sedan,9,66847,101,1928,37,14.3,12.22,44,67,Good,High,10,No,50,"25,001–50,000"
V02807,Sedan,15,44941,96,2591,43,12.9,12.0,41,45,Worn,Low,9,No,80,"80,001+"
V02808,Sedan,3,88005,86,1969,25,14.6,11.09,34,110,Critical,Low,9,Yes,50,"25,001–50,000"
V02809,Hatchback,14,38886,92,1556,48,5.6,12.92,38,35,Good,Medium,12,No,80,"80,001+"
V02810,Sedan,1,64051,96,2800,34,14.4,11.57,33,74,Moderate,High,12,No,70,"50,001–80,000"
V02811,SUV,1,161770,91,2342,28,14.2,12.24,43,109,Critical,High,11,Yes,30,"10,001–25,000"
V02812,Sedan,2,74744,98,2462,44,6.9,11.37,41,90,Worn,High,7,No,80,"80,001+"
V02813,Hatchback,12,47364,85,1666,47,14.3,12.73,43,98,Worn,Medium,7,Yes,90,"80,001+"
V02814,Sedan,10,116509,101,1687,44,6.1,12.73,41,94,Good,Medium,6,No,80,"80,001+"
V02815,Truck,6,123556,109,1712,23,15.1,11.22,40,69,Moderate,High,10,Yes,30,"10,001–25,000"
V02816,Truck,7,109348,106,2030,23,7.8,12.93,35,31,Moderate,Medium,11,Yes,50,"25,001–50,000"
V02817,Hatchback,9,86588,95,1678,23,9.0,11.75,31,44,Worn,High,3,No,60,"50,001–80,000"
V02818,Sedan,7,159166,86,2927,20,12.4,12.17,41,44,Worn,Medium,7,Yes,80,"80,001+"
V02819,Truck,12,117748,110,2002,47,6.3,12.28,37,32,Moderate,Low,1,Yes,70,"50,001–80,000"
V02820,SUV,8,109029,91,2498,33,7.5,12.83,37,61,Good,Low,7,Yes,100,"80,001+"
V02821,SUV,2,12702,106,2015,30,13.1,12.65,37,101,Worn,High,7,Yes,60,"50,001–80,000"
V02822,Truck,2,72528,106,2066,40,12.3,12.71,43,96,Good,Low,2,No,80,"80,001+"
V02823,Truck,4,53814,103,2478,49,9.8,12.83,32,93,Good,Medium,3,No,80,"80,001+"
V02824,Hatchback,13,14897,99,2078,42,9.5,11.05,33,107,Moderate,Medium,12,Yes,80,"80,001+"
V02825,Hatchback,14,165587,99,2744,20,10.1,12.41,35,67,Worn,Medium,7,Yes,70,"50,001–80,000"
V02826,SUV,9,31971,90,2910,45,8.7,12.27,44,42,Critical,Low,11,Yes,70,"50,001–80,000"
V02827,Hatchback,7,148775,87,2323,31,16.7,12.73,36,38,Moderate,Low,3,Yes,100,"80,001+"
V02828,Truck,10,52231,96,1764,22,18.7,11.68,30,65,Good,Medium,1,No,80,"80,001+"
V02829,Truck,7,139041,97,2853,33,13.5,11.18,42,108,Good,Medium,1,Yes,100,"80,001+"
V02830,Sedan,11,198968,101,1773,36,15.7,11.76,35,34,Good,High,8,No,50,"25,001–50,000"
V02831,Truck,11,191519,98,2698,50,14.5,11.84,39,56,Good,Medium,6,Yes,90,"80,001+"
V02832,SUV,2,103671,96,1804,34,12.3,11.83,39,73,Critical,Low,12,No,70,"50,001–80,000"
V02833,Hatchback,1,37888,96,2041,31,15.4,12.26,34,103,Good,High,5,Yes,80,"80,001+"
V02834,Hatchback,9,12570,99,2692,43,7.7,11.33,41,79,Worn,High,7,Yes,80,"80,001+"
V02835,Sedan,8,41482,97,2822,24,18.6,11.15,38,100,Moderate,High,8,Yes,60,"50,001–80,000"
V02836,Truck,11,59015,87,2585,37,17.9,12.71,39,44,Worn,Low,9,Yes,80,"80,001+"
V02837,Truck,6,175857,98,2422,32,18.0,12.79,31,82,Critical,High,10,No,50,"25,001–50,000"
V02838,Truck,7,126374,100,2426,35,7.9,11.04,35,88,Moderate,Low,8,No,100,"80,001+"
V02839,Sedan,14,45356,100,1651,32,12.3,12.23,40,79,Good,High,12,No,60,"50,001–80,000"
V02840,Truck,13,22567,99,2449,47,12.0,12.8,39,40,Critical,Medium,11,No,60,"50,001–80,000"
V02841,Truck,13,60632,99,2873,26,17.2,11.78,43,99,Worn,Low,6,Yes,70,"50,001–80,000"
V02842,Truck,4,166064,85,1743,46,6.1,11.67,39,79,Critical,Low,7,Yes,80,"80,001+"
V02843,Hatchback,7,59043,90,2779,30,15.9,11.03,32,71,Worn,Medium,1,No,100,"80,001+"
V02844,Truck,11,106045,100,2117,25,17.9,11.83,45,68,Critical,Low,6,No,50,"25,001–50,000"
V02845,Truck,6,128543,93,1909,30,12.6,11.13,32,86,Worn,Low,11,No,90,"80,001+"
V02846,Sedan,5,40958,96,2774,47,10.2,11.26,36,65,Worn,Medium,3,Yes,100,"80,001+"
V02847,SUV,15,168661,88,2003,31,16.6,12.44,39,30,Critical,Medium,10,No,60,"50,001–80,000"
V02848,Sedan,14,128270,108,2077,25,5.4,12.85,40,67,Good,High,8,Yes,30,"10,001–25,000"
V02849,SUV,2,101771,109,2313,23,9.0,11.16,38,38,Worn,Medium,3,No,60,"50,001–80,000"
V02850,Hatchback,4,43194,109,1938,23,17.0,11.97,33,71,Critical,Low,2,Yes,40,"25,001–50,000"
V02851,Hatchback,3,158757,92,2923,23,11.6,11.66,39,99,Moderate,Low,11,No,70,"50,001–80,000"
V02852,Hatchback,3,132175,92,1926,42,14.8,12.68,34,45,Worn,Low,12,No,90,"80,001+"
V02853,SUV,1,101830,105,2550,31,6.6,12.94,40,57,Critical,Medium,8,Yes,60,"50,001–80,000"
V02854,Hatchback,3,130639,102,2159,21,18.5,11.89,32,90,Worn,Low,8,Yes,60,"50,001–80,000"
V02855,SUV,14,29704,87,1593,23,5.8,12.88,42,95,Worn,High,2,No,50,"25,001–50,000"
V02856,Truck,5,55778,90,2723,42,15.1,12.23,42,58,Good,Low,12,Yes,90,"80,001+"
V02857,Hatchback,4,117186,86,1733,46,18.4,11.13,42,104,Critical,Low,9,Yes,70,"50,001–80,000"
V02858,SUV,3,24810,87,2043,39,6.4,12.63,40,108,Worn,Medium,5,Yes,100,"80,001+"
V02859,Sedan,6,34149,107,2525,49,9.9,12.33,38,39,Critical,Low,9,Yes,50,"25,001–50,000"
V02860,Hatchback,3,43706,107,2613,40,5.9,12.89,32,51,Critical,Medium,5,No,60,"50,001–80,000"
V02861,SUV,3,75949,98,2339,29,7.4,12.21,31,90,Critical,High,7,No,40,"25,001–50,000"
V02862,Hatchback,2,12276,96,2719,45,13.7,11.8,41,110,Good,High,12,No,70,"50,001–80,000"
V02863,Sedan,9,142978,89,2212,34,15.7,11.07,31,109,Worn,Medium,6,Yes,100,"80,001+"
V02864,SUV,9,94669,100,2507,36,7.0,12.79,42,39,Worn,Medium,8,No,100,"80,001+"
V02865,SUV,5,65555,96,2546,23,8.7,12.56,40,47,Worn,High,7,Yes,60,"50,001–80,000"
V02866,Hatchback,1,110000,103,2625,25,13.5,12.02,38,110,Critical,Medium,7,Yes,40,"25,001–50,000"
V02867,Truck,15,58271,94,1649,33,15.5,11.69,34,77,Moderate,Medium,2,Yes,90,"80,001+"
V02868,Sedan,13,39945,89,2995,50,8.6,12.22,38,90,Moderate,High,1,No,70,"50,001–80,000"
V02869,Hatchback,8,54915,106,2735,30,16.1,11.09,40,62,Worn,High,9,No,50,"25,001–50,000"
V02870,Sedan,12,88170,94,1886,29,19.2,12.59,30,79,Worn,Medium,1,Yes,70,"50,001–80,000"
V02871,Truck,12,37676,109,1548,39,16.1,11.81,39,93,Moderate,Medium,6,No,70,"50,001–80,000"
V02872,Truck,5,183517,110,2047,30,17.5,12.5,35,91,Good,High,10,Yes,50,"25,001–50,000"
V02873,Sedan,14,195198,88,1711,22,11.7,12.77,33,93,Moderate,High,9,Yes,40,"25,001–50,000"
V02874,Sedan,13,14744,98,2700,37,8.2,12.89,37,40,Moderate,High,2,No,70,"50,001–80,000"
V02875,SUV,11,79700,90,2294,21,13.1,11.56,31,40,Moderate,Low,12,Yes,60,"50,001–80,000"
V02876,SUV,1,83277,109,2893,20,19.6,11.77,30,96,Worn,High,3,Yes,40,"25,001–50,000"
V02877,SUV,11,33051,88,2629,46,12.7,12.0,36,51,Moderate,Medium,8,Yes,90,"80,001+"
V02878,Hatchback,2,40951,108,2167,41,16.1,11.78,43,88,Critical,Medium,8,No,60,"50,001–80,000"
V02879,Sedan,15,86446,89,2691,43,19.3,11.51,39,57,Worn,Medium,12,No,80,"80,001+"
V02880,Truck,7,125385,105,2318,35,6.7,12.43,40,51,Moderate,Medium,2,Yes,80,"80,001+"
V02881,Hatchback,2,192873,91,2184,30,17.5,11.69,45,72,Moderate,High,2,No,80,"80,001+"
V02882,Hatchback,9,7699,89,2967,49,11.7,12.34,35,83,Good,High,5,No,80,"80,001+"
V02883,Sedan,7,86964,93,1913,50,5.8,12.68,41,97,Moderate,High,8,No,80,"80,001+"
V02884,Truck,15,136418,106,1688,28,19.7,12.45,31,97,Critical,High,2,Yes,10,"0–10,000"
V02885,SUV,5,103176,92,2324,23,18.4,12.2,36,36,Worn,High,9,No,50,"25,001–50,000"
V02886,Truck,3,164795,85,2343,29,16.9,12.35,35,65,Moderate,Medium,11,No,70,"50,001–80,000"
V02887,Truck,2,110013,92,1803,47,12.6,12.89,41,39,Moderate,Low,11,Yes,90,"80,001+"
V02888,Sedan,7,112216,91,2357,25,14.4,12.64,30,85,Worn,High,8,No,60,"50,001–80,000"
V02889,Sedan,12,167566,92,1891,36,11.6,12.42,45,33,Worn,Low,9,No,80,"80,001+"
V02890,Sedan,2,106734,110,2085,28,14.9,12.31,37,95,Worn,Low,2,No,60,"50,001–80,000"
V02891,Hatchback,13,154421,108,2129,25,16.3,11.57,35,108,Good,Medium,6,No,50,"25,001–50,000"
V02892,Sedan,5,148938,100,1843,39,13.8,11.89,36,50,Good,Medium,5,No,100,"80,001+"
V02893,Hatchback,13,11367,109,2356,37,19.9,11.33,38,101,Critical,Medium,9,No,40,"25,001–50,000"
V02894,Truck,3,46852,91,2209,41,19.4,12.65,32,57,Moderate,Low,2,No,100,"80,001+"
V02895,Sedan,14,161156,99,1828,28,14.9,12.23,45,104,Worn,High,11,No,40,"25,001–50,000"
V02896,SUV,10,38895,103,2737,44,6.7,11.62,42,99,Moderate,High,10,No,50,"25,001–50,000"
V02897,SUV,9,19924,89,1779,48,13.9,11.36,40,50,Critical,Low,12,Yes,70,"50,001–80,000"
V02898,SUV,3,130394,99,2698,45,9.0,11.48,39,51,Critical,High,2,Yes,60,"50,001–80,000"
V02899,SUV,6,57499,103,1985,31,18.1,12.96,34,81,Worn,High,10,No,50,"25,001–50,000"
V02900,Hatchback,15,69771,106,1649,48,11.8,11.14,40,54,Good,Low,8,No,70,"50,001–80,000"
V02901,SUV,14,151887,105,2400,45,18.9,12.2,45,79,Good,Low,12,Yes,60,"50,001–80,000"
V02902,Hatchback,9,106509,103,1616,36,6.2,12.22,35,51,Critical,Medium,6,Yes,60,"50,001–80,000"
V02903,SUV,15,40042,98,1949,48,16.4,11.22,45,36,Worn,Medium,1,No,90,"80,001+"
V02904,Hatchback,1,17128,97,1589,44,6.6,12.78,34,80,Moderate,High,5,Yes,80,"80,001+"
V02905,Truck,7,8837,103,2557,23,7.2,12.34,38,59,Good,High,1,No,40,"25,001–50,000"
V02906,Sedan,12,30780,88,1563,46,8.8,12.76,39,60,Worn,Low,4,No,90,"80,001+"
V02907,Sedan,3,137565,108,2834,41,9.1,12.02,31,42,Good,Medium,12,No,70,"50,001–80,000"
V02908,SUV,2,183770,87,2463,42,7.4,12.02,39,77,Critical,Medium,5,Yes,80,"80,001+"
V02909,Hatchback,4,56019,110,2329,41,18.5,11.39,41,40,Moderate,Low,12,Yes,70,"50,001–80,000"
V02910,SUV,14,109383,108,2294,35,11.4,11.96,33,64,Critical,Medium,7,Yes,50,"25,001–50,000"
V02911,SUV,9,145984,92,1567,35,10.0,11.32,31,31,Worn,Medium,2,No,100,"80,001+"
V02912,Truck,6,59927,86,2311,33,6.2,11.28,30,44,Good,Low,9,No,90,"80,001+"
V02913,Sedan,15,8669,85,2350,43,6.3,11.34,40,52,Critical,Low,8,Yes,70,"50,001–80,000"
V02914,Hatchback,5,131584,106,2707,27,14.0,12.7,44,106,Moderate,Low,2,No,60,"50,001–80,000"
V02915,SUV,6,38412,92,2334,22,19.9,11.22,42,34,Critical,Low,12,No,50,"25,001–50,000"
V02916,Truck,3,183720,106,2635,47,8.2,12.42,37,43,Critical,High,10,Yes,30,"10,001–25,000"
V02917,SUV,15,59228,90,2126,45,19.5,12.09,36,93,Critical,High,11,No,40,"25,001–50,000"
V02918,Hatchback,2,22192,96,2162,25,14.1,11.36,40,55,Good,Medium,11,Yes,70,"50,001–80,000"
V02919,Hatchback,15,96811,95,1766,48,10.3,11.96,33,105,Critical,High,3,No,50,"25,001–50,000"
V02920,Sedan,13,58186,104,1788,34,8.7,12.31,30,82,Moderate,Low,7,Yes,70,"50,001–80,000"
V02921,Hatchback,15,139891,99,1966,48,11.5,12.18,45,103,Critical,Low,8,Yes,70,"50,001–80,000"
V02922,Hatchback,6,158743,106,2702,41,6.5,11.64,34,73,Good,Low,7,Yes,80,"80,001+"
V02923,Hatchback,5,162976,107,2931,49,15.6,11.02,35,64,Worn,Low,1,Yes,80,"80,001+"
V02924,Truck,9,16055,85,1524,40,9.9,12.49,31,34,Worn,Medium,4,No,100,"80,001+"
V02925,SUV,10,40934,90,2582,33,16.9,11.11,36,77,Critical,High,11,No,50,"25,001–50,000"
V02926,Hatchback,7,120952,100,2738,20,16.5,12.19,40,62,Worn,Low,4,No,80,"80,001+"
V02927,Sedan,14,148765,103,2344,34,12.9,13.0,39,65,Critical,Medium,2,Yes,50,"25,001–50,000"
V02928,Hatchback,3,158276,98,1674,28,5.1,11.25,32,37,Good,Low,5,No,80,"80,001+"
V02929,Hatchback,4,185836,87,2317,28,19.5,11.31,40,88,Good,High,10,No,50,"25,001–50,000"
V02930,SUV,13,134757,109,2845,34,17.3,11.59,45,77,Good,Low,4,No,70,"50,001–80,000"
V02931,Hatchback,9,42897,106,1695,20,9.3,12.78,44,34,Moderate,Medium,5,Yes,60,"50,001–80,000"
V02932,SUV,2,47977,89,2368,39,10.0,12.2,45,47,Good,High,8,Yes,80,"80,001+"
V02933,SUV,9,198046,98,2212,39,12.6,12.47,40,50,Critical,High,4,Yes,60,"50,001–80,000"
V02934,SUV,6,119419,98,2700,49,16.4,11.62,38,100,Critical,Medium,12,Yes,70,"50,001–80,000"
V02935,Truck,4,100013,92,2043,29,10.8,12.51,31,54,Worn,Medium,11,No,70,"50,001–80,000"
V02936,SUV,10,140745,101,2528,31,10.4,11.73,43,74,Critical,Low,1,Yes,60,"50,001–80,000"
V02937,Truck,5,166385,99,2940,29,11.1,11.02,34,76,Good,Medium,2,No,80,"80,001+"
V02938,SUV,15,19071,85,2845,47,8.5,12.23,36,106,Critical,Low,1,No,70,"50,001–80,000"
V02939,Hatchback,4,115826,98,2625,28,8.5,12.89,39,106,Moderate,Low,7,No,80,"80,001+"
V02940,Hatchback,1,18135,99,2407,49,13.2,11.48,31,34,Moderate,Low,8,No,100,"80,001+"
V02941,Hatchback,1,188744,102,2581,39,17.8,12.68,33,55,Critical,Low,2,Yes,60,"50,001–80,000"
V02942,Sedan,13,121228,90,1590,23,9.8,11.17,42,58,Critical,Low,9,No,40,"25,001–50,000"
V02943,Hatchback,10,12010,99,2259,21,10.6,12.76,30,80,Moderate,Medium,5,Yes,80,"80,001+"
V02944,SUV,8,156847,90,2195,44,16.2,11.95,39,35,Worn,High,9,No,70,"50,001–80,000"
V02945,Truck,9,191126,100,2228,50,5.8,11.71,36,54,Worn,High,12,Yes,70,"50,001–80,000"
V02946,Hatchback,8,54055,104,1617,36,19.0,12.35,43,30,Good,Medium,3,No,80,"80,001+"
V02947,Truck,13,103266,104,2341,39,9.3,11.43,43,88,Good,Medium,10,Yes,60,"50,001–80,000"
V02948,Truck,4,164427,103,2793,42,13.2,12.9,30,30,Worn,High,5,Yes,60,"50,001–80,000"
V02949,SUV,15,16691,87,2819,30,19.2,12.58,36,68,Worn,Medium,5,Yes,90,"80,001+"
V02950,Sedan,3,92678,89,2795,50,16.4,12.49,43,39,Moderate,Low,9,No,90,"80,001+"
V02951,Hatchback,15,149437,110,2094,24,11.0,12.76,35,35,Worn,Medium,1,Yes,50,"25,001–50,000"
V02952,SUV,1,51946,105,2664,44,13.2,12.85,34,90,Worn,Medium,12,No,70,"50,001–80,000"
V02953,Sedan,8,80353,93,1718,35,9.6,12.99,40,44,Good,Low,3,Yes,100,"80,001+"
V02954,Hatchback,5,109515,107,2190,46,5.6,12.64,42,36,Critical,Medium,5,Yes,60,"50,001–80,000"
V02955,Sedan,7,189628,88,1780,25,7.3,12.54,42,48,Critical,Low,3,No,60,"50,001–80,000"
V02956,Sedan,6,75173,107,2029,39,6.2,12.65,39,82,Critical,Medium,2,No,60,"50,001–80,000"
V02957,Hatchback,2,62704,105,2550,40,19.2,11.11,33,98,Critical,High,5,Yes,40,"25,001–50,000"
V02958,SUV,6,65715,107,1843,42,17.2,12.27,37,107,Worn,Medium,3,Yes,80,"80,001+"
V02959,Hatchback,12,67696,90,2702,37,18.4,12.27,31,40,Moderate,Medium,5,No,90,"80,001+"
V02960,Truck,8,193252,105,2602,33,6.3,11.22,44,83,Good,Low,5,Yes,80,"80,001+"
V02961,Truck,15,135937,86,2805,33,11.4,11.05,36,93,Good,Low,2,No,90,"80,001+"
V02962,Truck,12,75389,99,1582,23,12.4,12.4,31,48,Worn,Low,2,Yes,70,"50,001–80,000"
V02963,Sedan,14,154696,97,2533,38,6.1,11.03,34,76,Worn,Low,6,Yes,90,"80,001+"
V02964,SUV,2,100947,87,2304,42,19.2,12.51,37,83,Moderate,Low,4,No,100,"80,001+"
V02965,Hatchback,13,24232,89,1992,22,5.4,11.85,34,64,Good,Low,3,Yes,70,"50,001–80,000"
V02966,Truck,6,163508,93,2326,48,18.3,11.47,37,42,Moderate,Medium,7,Yes,100,"80,001+"
V02967,Hatchback,15,143218,92,1928,22,13.5,11.8,40,47,Worn,Low,3,Yes,70,"50,001–80,000"
V02968,Sedan,6,183486,97,2017,24,15.7,12.27,31,33,Worn,Low,9,No,70,"50,001–80,000"
V02969,SUV,6,31360,104,2280,35,12.1,12.9,44,82,Good,Medium,8,No,80,"80,001+"
V02970,SUV,14,128711,90,2858,37,19.9,12.26,42,46,Critical,Low,9,Yes,60,"50,001–80,000"
V02971,SUV,14,107566,94,1655,25,17.8,12.97,42,99,Critical,Medium,6,No,50,"25,001–50,000"
V02972,SUV,1,109380,101,2267,43,7.2,11.76,30,42,Good,Low,1,No,80,"80,001+"
V02973,SUV,12,150623,85,2653,25,16.3,12.03,36,40,Good,High,10,No,40,"25,001–50,000"
V02974,Sedan,7,39805,92,1713,21,7.5,11.22,33,37,Good,Low,3,Yes,80,"80,001+"
V02975,SUV,8,133094,102,2250,21,12.3,12.74,45,33,Moderate,Low,4,Yes,60,"50,001–80,000"
V02976,Sedan,6,36734,110,2201,28,8.5,12.04,30,57,Worn,High,7,Yes,40,"25,001–50,000"
V02977,Truck,1,94182,106,1962,36,19.3,12.88,35,108,Worn,Medium,11,Yes,70,"50,001–80,000"
V02978,Sedan,10,122843,101,2508,47,7.6,11.81,35,75,Critical,Low,10,No,50,"25,001–50,000"
V02979,Sedan,5,83411,104,2883,20,8.3,12.58,41,109,Critical,High,6,No,20,"10,001–25,000"
V02980,SUV,4,46834,105,2854,39,16.1,12.93,36,110,Critical,Low,12,No,50,"25,001–50,000"
V02981,Truck,2,186305,95,2360,36,7.6,11.08,45,49,Moderate,High,10,No,70,"50,001–80,000"
V02982,Truck,15,54687,97,2799,27,10.2,12.7,30,34,Moderate,High,6,No,50,"25,001–50,000"
V02983,Truck,6,122260,92,1545,34,8.8,11.61,33,72,Critical,Low,10,Yes,70,"50,001–80,000"
V02984,Hatchback,5,28358,104,2346,37,8.3,12.6,32,63,Critical,Medium,10,No,50,"25,001–50,000"
V02985,Truck,12,15715,91,2835,20,7.3,12.79,31,56,Good,High,3,Yes,50,"25,001–50,000"
V02986,Sedan,8,130210,108,2416,40,11.8,11.5,41,61,Moderate,Medium,4,Yes,80,"80,001+"
V02987,SUV,7,183191,97,2001,31,15.4,12.88,36,66,Moderate,Medium,4,No,100,"80,001+"
V02988,SUV,10,131566,88,1741,46,17.6,12.02,39,95,Worn,Low,11,No,90,"80,001+"
V02989,Hatchback,6,25236,102,2344,30,13.6,12.1,39,56,Good,High,3,Yes,60,"50,001–80,000"
V02990,Hatchback,5,51163,100,1672,37,8.3,11.76,39,110,Worn,Medium,7,Yes,100,"80,001+"
V02991,Sedan,5,119023,91,2206,43,5.5,12.86,34,55,Worn,Medium,8,Yes,100,"80,001+"
V02992,Sedan,14,83452,103,2552,20,11.2,12.75,43,67,Moderate,Medium,10,Yes,40,"25,001–50,000"
V02993,SUV,12,193105,92,1619,24,14.1,11.77,45,60,Worn,High,8,No,50,"25,001–50,000"
V02994,SUV,5,72616,103,2169,32,6.8,12.03,39,84,Good,Low,7,Yes,80,"80,001+"
V02995,Hatchback,12,185248,96,1511,30,11.9,11.99,34,77,Worn,Low,6,Yes,90,"80,001+"
V02996,Truck,5,148903,95,2592,22,18.0,11.58,33,60,Critical,Medium,8,No,60,"50,001–80,000"
V02997,Hatchback,9,137805,86,2193,29,5.1,12.96,40,70,Moderate,High,7,No,60,"50,001–80,000"
V02998,Truck,2,90794,106,1693,40,14.0,12.77,34,99,Critical,Medium,1,Yes,60,"50,001–80,000"
V02999,SUV,12,45623,97,2069,38,10.1,11.14,42,50,Critical,Medium,9,No,60,"50,001–80,000"
V03000,Truck,13,117338,99,2472,34,18.6,11.61,45,109,Worn,Medium,8,Yes,90,"80,001+"
V03001,SUV,14,8003,87,2042,31,5.3,12.96,44,45,Moderate,Low,4,Yes,90,"80,001+"
V03002,SUV,12,191942,88,1851,36,12.3,11.81,32,34,Worn,Low,8,No,90,"80,001+"
V03003,Sedan,8,89854,92,1692,20,18.0,12.94,34,50,Moderate,Low,10,No,70,"50,001–80,000"
V03004,Hatchback,10,199357,95,1903,21,9.8,11.67,37,94,Good,High,11,No,50,"25,001–50,000"
V03005,Hatchback,13,10869,87,2819,28,14.7,12.62,41,37,Moderate,Medium,1,No,70,"50,001–80,000"
V03006,Hatchback,7,56722,104,2601,38,19.9,12.67,35,69,Worn,Medium,5,Yes,80,"80,001+"
V03007,Truck,9,137849,88,2691,44,16.2,11.51,37,52,Good,High,8,No,80,"80,001+"
V03008,Truck,7,102757,105,2865,47,12.2,12.79,33,71,Good,Low,8,Yes,80,"80,001+"
V03009,Hatchback,6,183649,109,2993,28,8.7,12.26,42,33,Worn,Low,5,Yes,60,"50,001–80,000"
V03010,SUV,1,64555,110,2963,39,8.1,12.26,43,62,Critical,Low,9,Yes,50,"25,001–50,000"
V03011,Hatchback,13,34612,94,2975,42,17.1,11.49,30,60,Moderate,Low,7,Yes,90,"80,001+"
V03012,Sedan,9,127551,93,2424,32,14.4,11.5,38,78,Critical,Medium,8,Yes,80,"80,001+"
V03013,Hatchback,14,121605,87,1678,23,14.0,11.86,36,80,Good,High,1,Yes,50,"25,001–50,000"
V03014,SUV,9,41364,101,2570,34,10.8,11.37,37,36,Critical,Low,7,Yes,60,"50,001–80,000"
V03015,Hatchback,11,154695,103,2462,25,7.4,12.25,33,86,Worn,Low,7,Yes,50,"25,001–50,000"
V03016,Sedan,11,82802,90,2307,24,11.4,12.72,41,52,Worn,Low,8,No,70,"50,001–80,000"
V03017,Truck,4,166292,108,1944,50,12.5,12.59,34,48,Good,High,12,Yes,50,"25,001–50,000"
V03018,Truck,7,171060,103,1895,33,6.2,11.65,38,103,Worn,Medium,2,No,80,"80,001+"
V03019,Truck,9,85663,99,1551,39,16.1,12.29,43,72,Critical,Low,3,No,80,"80,001+"
V03020,SUV,4,58682,99,1925,42,15.0,11.66,39,59,Good,High,1,No,80,"80,001+"
V03021,SUV,14,42292,95,1602,35,8.7,11.2,34,76,Moderate,Low,8,No,90,"80,001+"
V03022,SUV,3,101012,99,2092,36,16.1,12.84,38,62,Moderate,Medium,3,No,100,"80,001+"
V03023,Hatchback,6,185964,96,1981,36,7.0,12.56,33,73,Worn,Medium,5,No,100,"80,001+"
V03024,Hatchback,10,126737,106,2742,33,5.4,12.19,45,106,Good,Low,5,Yes,80,"80,001+"
V03025,Hatchback,15,101219,87,2690,28,8.2,12.67,30,95,Worn,Medium,12,No,60,"50,001–80,000"
V03026,Truck,8,84677,103,1583,33,12.5,12.58,44,64,Moderate,Low,3,No,80,"80,001+"
V03027,Truck,15,71600,101,2469,34,15.9,11.61,36,45,Critical,Low,8,Yes,50,"25,001–50,000"
V03028,Hatchback,7,24722,94,2458,44,9.1,11.48,33,79,Critical,Low,8,Yes,80,"80,001+"
V03029,SUV,12,78280,90,2208,20,17.7,12.05,36,75,Worn,High,8,No,50,"25,001–50,000"
V03030,Truck,6,42216,100,2859,42,18.8,12.56,45,96,Good,Low,5,Yes,100,"80,001+"
V03031,Hatchback,2,102319,94,1748,42,9.8,11.18,33,35,Moderate,Medium,11,No,90,"80,001+"
V03032,Hatchback,12,88613,108,2116,49,6.2,11.31,39,89,Good,High,2,Yes,50,"25,001–50,000"
V03033,Hatchback,13,99546,104,2737,34,6.8,11.53,42,89,Critical,High,12,No,20,"10,001–25,000"
V03034,SUV,4,102102,110,2483,49,17.0,11.83,36,84,Worn,High,2,No,60,"50,001–80,000"
V03035,Truck,10,47529,94,1970,20,11.6,12.98,45,49,Worn,Medium,4,Yes,80,"80,001+"
V03036,SUV,7,83859,95,2935,26,10.7,12.33,35,87,Moderate,High,8,Yes,60,"50,001–80,000"
V03037,Hatchback,4,107640,98,1903,39,10.1,12.95,42,104,Good,Medium,6,No,100,"80,001+"
V03038,Truck,2,164080,97,2730,36,5.4,11.39,41,71,Critical,Medium,3,Yes,80,"80,001+"
V03039,Sedan,3,115974,103,2426,21,8.5,12.87,42,106,Critical,Medium,9,No,30,"10,001–25,000"
V03040,Hatchback,2,53693,97,2346,20,10.9,11.3,39,70,Critical,Low,2,No,60,"50,001–80,000"
V03041,Hatchback,5,73779,103,1579,27,12.7,11.71,36,57,Worn,High,1,No,40,"25,001–50,000"
V03042,Truck,9,192547,104,2106,46,10.3,11.64,36,54,Critical,Medium,1,No,60,"50,001–80,000"
V03043,SUV,15,5203,94,1922,30,14.9,12.49,39,77,Worn,Medium,2,Yes,90,"80,001+"
V03044,SUV,15,128283,105,1822,23,8.4,12.75,38,109,Moderate,Low,9,No,40,"25,001–50,000"
V03045,Hatchback,14,187284,93,1636,21,11.6,11.99,41,86,Worn,Low,10,Yes,60,"50,001–80,000"
V03046,SUV,11,73856,109,1784,41,17.5,11.11,41,52,Worn,High,3,Yes,50,"25,001–50,000"
V03047,SUV,3,25862,97,1658,41,6.8,12.17,37,90,Good,Low,7,Yes,100,"80,001+"
V03048,Hatchback,7,93352,110,1628,41,6.3,12.33,31,75,Critical,High,3,Yes,40,"25,001–50,000"
V03049,Truck,2,48651,85,1514,43,11.2,12.89,42,104,Critical,Low,6,No,80,"80,001+"
V03050,Sedan,5,199777,89,2707,41,12.0,11.98,35,89,Critical,Medium,5,No,80,"80,001+"
V03051,Hatchback,13,124307,94,2723,30,16.2,12.45,31,39,Good,Medium,12,No,80,"80,001+"
V03052,Hatchback,6,55271,93,2723,31,11.5,12.75,44,90,Critical,Low,9,No,70,"50,001–80,000"
V03053,Truck,10,162270,105,2788,38,15.4,11.69,34,47,Critical,Low,9,No,50,"25,001–50,000"
V03054,SUV,12,45008,106,2622,30,7.5,12.88,38,64,Worn,Medium,6,No,70,"50,001–80,000"
V03055,Sedan,10,165484,105,2809,45,8.9,12.2,33,39,Critical,Low,3,Yes,60,"50,001–80,000"
V03056,Truck,6,28707,97,2222,39,20.0,12.16,39,84,Moderate,High,5,No,80,"80,001+"
V03057,Hatchback,6,94516,85,1516,35,13.6,12.89,30,38,Worn,High,8,No,80,"80,001+"
V03058,Hatchback,4,191322,100,2520,43,10.2,12.25,40,49,Critical,Low,6,Yes,80,"80,001+"
V03059,SUV,8,117600,102,2375,42,9.7,12.02,31,97,Critical,Medium,12,Yes,50,"25,001–50,000"
V03060,SUV,12,195675,103,1845,29,19.8,12.61,40,101,Moderate,Medium,7,No,50,"25,001–50,000"
V03061,SUV,13,6018,90,2297,32,19.5,11.19,42,41,Good,High,9,No,60,"50,001–80,000"
V03062,Sedan,12,194057,92,1956,50,16.8,12.82,40,40,Critical,High,12,Yes,40,"25,001–50,000"
V03063,Hatchback,13,109458,92,2526,42,12.5,12.13,42,101,Critical,Low,1,Yes,70,"50,001–80,000"
V03064,SUV,8,163073,85,2952,22,16.3,11.15,38,86,Critical,Medium,5,No,60,"50,001–80,000"
V03065,Truck,5,139664,92,1675,22,15.7,11.32,33,71,Critical,Low,3,No,60,"50,001–80,000"
V03066,Truck,14,15631,85,2669,21,19.9,11.46,36,94,Good,Low,9,No,60,"50,001–80,000"
V03067,Truck,8,63959,93,2811,25,16.9,12.8,31,77,Worn,High,12,No,50,"25,001–50,000"
V03068,Truck,10,151323,109,2645,28,15.4,11.3,33,80,Critical,Low,5,Yes,40,"25,001–50,000"
V03069,Hatchback,10,85594,108,2740,44,9.1,12.44,30,75,Critical,High,2,No,40,"25,001–50,000"
V03070,SUV,6,153234,98,1835,26,17.8,12.35,31,36,Good,Medium,6,No,80,"80,001+"
V03071,Truck,8,189129,97,2928,39,13.8,11.9,31,49,Moderate,Low,11,No,90,"80,001+"
V03072,Sedan,4,24756,86,2571,41,19.3,11.51,44,80,Critical,Low,3,Yes,80,"80,001+"
V03073,Truck,5,151480,107,2295,40,15.5,11.69,43,71,Critical,Medium,5,No,60,"50,001–80,000"
V03074,Hatchback,15,169486,104,1561,32,12.4,12.04,44,34,Worn,High,9,No,40,"25,001–50,000"
V03075,Hatchback,3,26316,95,1964,47,6.2,11.0,31,93,Good,High,7,Yes,80,"80,001+"
V03076,SUV,12,74053,106,2824,21,8.0,11.38,35,75,Moderate,Medium,8,Yes,50,"25,001–50,000"
V03077,Hatchback,12,199113,107,1711,32,12.3,11.4,42,70,Worn,Low,11,Yes,60,"50,001–80,000"
V03078,SUV,1,59820,108,1883,45,11.2,12.21,42,38,Good,Medium,2,No,80,"80,001+"
V03079,Hatchback,8,18697,93,2371,50,17.4,12.35,39,103,Worn,High,6,No,80,"80,001+"
V03080,Truck,7,192216,101,1628,38,14.5,12.37,32,86,Critical,Medium,2,No,60,"50,001–80,000"
V03081,Truck,15,151689,95,2782,20,5.3,12.37,35,87,Moderate,High,6,No,50,"25,001–50,000"
V03082,Sedan,8,90617,99,2507,32,14.6,12.33,43,44,Good,Medium,7,Yes,100,"80,001+"
V03083,Hatchback,6,163461,90,1886,24,18.8,12.69,34,67,Critical,Medium,5,Yes,60,"50,001–80,000"
V03084,Sedan,15,188318,85,2447,47,10.2,12.36,35,96,Good,High,7,Yes,70,"50,001–80,000"
V03085,Sedan,11,6453,93,2307,33,15.9,11.85,37,36,Critical,High,11,No,40,"25,001–50,000"
V03086,SUV,14,21010,88,2659,25,5.7,11.46,30,44,Critical,High,10,No,20,"10,001–25,000"
V03087,SUV,4,197043,107,1600,40,18.2,12.31,38,45,Moderate,Low,1,Yes,80,"80,001+"
V03088,Truck,11,23341,100,2509,30,13.9,12.87,37,96,Good,High,4,Yes,70,"50,001–80,000"
V03089,Sedan,12,131299,105,1794,45,12.7,12.59,34,44,Critical,High,8,Yes,30,"10,001–25,000"
V03090,Hatchback,7,33561,91,1718,24,10.0,12.24,40,43,Worn,High,5,No,60,"50,001–80,000"
V03091,Hatchback,12,143315,90,2432,34,10.4,11.95,40,46,Critical,Medium,2,No,70,"50,001–80,000"
V03092,Truck,4,12917,103,2056,26,9.3,12.74,32,91,Moderate,Low,10,No,50,"25,001–50,000"
V03093,Hatchback,4,195947,93,2438,27,11.0,11.66,31,47,Critical,Medium,7,No,60,"50,001–80,000"
V03094,Sedan,11,198759,91,1675,36,6.3,11.1,30,53,Critical,High,9,Yes,40,"25,001–50,000"
V03095,Sedan,1,47870,85,2983,48,16.2,12.22,30,44,Good,Medium,12,Yes,90,"80,001+"
V03096,Truck,8,27740,85,2356,50,16.6,12.74,42,98,Critical,High,4,No,60,"50,001–80,000"
V03097,Sedan,8,95437,102,2352,24,18.6,12.31,33,73,Moderate,High,9,Yes,30,"10,001–25,000"
V03098,Hatchback,4,78723,86,2888,43,17.8,12.97,35,54,Critical,Low,4,Yes,80,"80,001+"
V03099,Sedan,11,69679,95,2124,41,5.7,11.35,31,91,Moderate,Medium,7,Yes,90,"80,001+"
V03100,Truck,6,136740,106,2918,35,14.0,12.32,44,107,Moderate,Medium,7,Yes,80,"80,001+"
V03101,Truck,7,65265,105,1569,47,19.5,11.64,43,81,Moderate,High,1,No,60,"50,001–80,000"
V03102,SUV,1,23517,93,1956,43,11.5,11.53,44,107,Critical,Low,5,No,80,"80,001+"
V03103,SUV,7,198904,91,1511,49,11.3,12.75,32,39,Critical,High,5,Yes,60,"50,001–80,000"
V03104,SUV,2,58432,90,1761,22,9.1,12.71,32,46,Critical,Medium,7,No,60,"50,001–80,000"
V03105,Truck,12,128922,106,2372,22,12.1,12.78,41,101,Good,High,4,Yes,30,"10,001–25,000"
V03106,Truck,6,41184,101,2313,29,7.2,11.52,36,69,Worn,Low,12,No,50,"25,001–50,000"
V03107,Hatchback,5,86855,110,2303,45,16.7,12.42,39,89,Moderate,Medium,11,No,70,"50,001–80,000"
V03108,Truck,1,67681,87,2597,50,7.4,11.73,35,38,Critical,Low,6,No,80,"80,001+"
V03109,SUV,4,197282,110,2798,42,16.3,11.19,33,106,Moderate,High,10,Yes,50,"25,001–50,000"
V03110,Hatchback,13,38497,108,2486,26,13.2,11.02,42,30,Critical,High,11,Yes,0,"0–10,000"
V03111,Hatchback,4,55834,91,1602,40,10.6,11.31,38,89,Moderate,Low,9,No,90,"80,001+"
V03112,Hatchback,10,19844,102,2384,33,17.8,11.18,43,89,Critical,Medium,10,No,50,"25,001–50,000"
V03113,Sedan,5,12561,97,2531,26,17.9,11.07,34,84,Good,Low,5,No,80,"80,001+"
V03114,Truck,13,41016,90,1569,21,7.9,12.71,44,91,Worn,High,7,Yes,50,"25,001–50,000"
V03115,Truck,1,94953,98,2455,24,9.1,12.67,41,57,Critical,High,6,Yes,40,"25,001–50,000"
V03116,Sedan,13,128074,96,2359,45,16.0,11.88,32,31,Worn,Medium,9,No,80,"80,001+"
V03117,Hatchback,3,57165,100,2863,50,16.0,12.71,38,91,Critical,Medium,7,No,80,"80,001+"
V03118,Hatchback,3,16288,102,2343,33,13.3,11.28,34,41,Good,High,2,Yes,60,"50,001–80,000"
V03119,SUV,4,41504,102,1679,26,7.0,11.36,41,50,Critical,Low,7,Yes,40,"25,001–50,000"
V03120,Sedan,6,14592,95,1839,39,13.5,12.94,37,98,Good,Low,4,Yes,100,"80,001+"
V03121,Hatchback,5,38837,94,1706,28,15.8,12.84,37,58,Critical,High,3,No,40,"25,001–50,000"
V03122,Truck,12,62378,109,2873,24,7.2,12.9,42,92,Worn,Medium,6,Yes,50,"25,001–50,000"
V03123,SUV,10,83699,94,2738,32,10.4,12.03,45,94,Good,Medium,2,No,100,"80,001+"
V03124,Truck,11,171519,104,2390,49,5.9,12.09,36,76,Critical,High,4,No,30,"10,001–25,000"
V03125,Hatchback,3,30207,94,2514,21,15.5,12.52,32,53,Critical,Medium,2,Yes,60,"50,001–80,000"
V03126,Sedan,6,43139,89,1737,27,11.3,12.68,38,101,Good,Low,5,No,80,"80,001+"
V03127,Hatchback,1,9290,90,2112,47,7.3,11.79,37,80,Moderate,Medium,11,Yes,90,"80,001+"
V03128,SUV,8,51308,90,1761,43,14.6,11.88,35,108,Good,High,9,No,70,"50,001–80,000"
V03129,Hatchback,7,191078,96,2670,44,7.8,11.83,35,54,Moderate,Medium,1,Yes,100,"80,001+"
V03130,Sedan,5,94138,106,1535,20,17.0,11.71,32,61,Moderate,Low,7,Yes,60,"50,001–80,000"
V03131,Truck,14,93004,109,1833,50,9.0,11.56,43,68,Worn,Low,2,Yes,70,"50,001–80,000"
V03132,Hatchback,13,154311,99,1960,40,19.4,11.9,37,103,Good,Low,11,No,80,"80,001+"
V03133,SUV,4,157493,95,1641,50,17.3,11.69,44,94,Good,High,3,No,80,"80,001+"
V03134,SUV,14,199524,85,2837,21,19.7,12.02,31,71,Good,Medium,12,Yes,60,"50,001–80,000"
V03135,Truck,5,136783,91,1666,24,6.1,12.34,30,67,Good,Medium,4,No,80,"80,001+"
V03136,Hatchback,13,29931,103,2520,50,10.2,11.06,32,56,Moderate,High,3,No,50,"25,001–50,000"
V03137,Sedan,1,18707,102,1986,49,13.0,11.64,35,50,Moderate,Low,5,No,80,"80,001+"
V03138,SUV,14,103698,108,1573,28,19.2,12.24,36,62,Moderate,High,7,Yes,30,"10,001–25,000"
V03139,Hatchback,15,7981,107,1912,34,11.3,12.48,33,54,Good,High,2,Yes,50,"25,001–50,000"
V03140,Truck,2,86789,110,1697,50,6.4,11.1,42,103,Good,Low,5,No,80,"80,001+"
V03141,Sedan,9,104192,104,2813,27,11.6,11.45,37,77,Moderate,Low,10,No,50,"25,001–50,000"
V03142,Hatchback,10,72116,105,2115,41,16.1,11.98,45,61,Moderate,Medium,4,Yes,80,"80,001+"
V03143,Sedan,7,50498,88,1814,23,7.4,12.73,36,43,Worn,Medium,4,Yes,80,"80,001+"
V03144,Truck,15,32940,97,2802,43,14.9,12.16,37,75,Moderate,Medium,8,No,90,"80,001+"
V03145,Sedan,11,57771,93,2285,27,11.3,11.98,30,110,Moderate,High,10,Yes,40,"25,001–50,000"
V03146,Sedan,1,166901,102,2004,31,11.4,11.61,39,56,Critical,Low,5,Yes,60,"50,001–80,000"
V03147,SUV,13,144270,96,2744,23,16.9,12.91,37,51,Worn,High,5,No,50,"25,001–50,000"
V03148,Hatchback,6,63057,93,2113,28,9.1,11.69,44,71,Critical,Medium,11,Yes,50,"25,001–50,000"
V03149,Truck,6,177866,104,2042,33,19.9,12.61,44,33,Worn,Medium,5,Yes,80,"80,001+"
V03150,Hatchback,6,198518,110,2601,42,10.0,11.48,31,107,Critical,Low,2,Yes,60,"50,001–80,000"
V03151,SUV,7,172416,93,2570,34,19.7,11.95,32,109,Moderate,Medium,6,Yes,100,"80,001+"
V03152,Sedan,2,109530,85,2784,27,10.4,12.9,41,79,Worn,High,3,Yes,60,"50,001–80,000"
V03153,Truck,4,55035,95,2712,38,6.2,12.98,45,37,Good,Low,9,Yes,90,"80,001+"
V03154,SUV,11,107801,96,1507,35,7.3,12.67,42,36,Moderate,Low,6,No,90,"80,001+"
V03155,Truck,6,122215,98,2675,28,12.2,11.14,32,49,Moderate,Medium,9,No,70,"50,001–80,000"
V03156,SUV,5,176689,109,1672,47,14.3,11.39,44,100,Worn,High,8,No,60,"50,001–80,000"
V03157,Hatchback,7,171278,102,2134,39,7.7,11.53,38,75,Worn,Low,7,No,80,"80,001+"
V03158,Hatchback,15,73596,103,2842,26,17.0,12.53,39,86,Moderate,High,1,No,30,"10,001–25,000"
V03159,Hatchback,10,24283,110,1991,44,11.6,12.73,30,82,Good,Low,8,Yes,80,"80,001+"
V03160,Sedan,3,178677,91,1961,41,8.8,11.87,30,48,Worn,High,6,No,80,"80,001+"
V03161,Truck,9,52569,90,2635,26,10.6,11.31,40,31,Moderate,High,11,No,50,"25,001–50,000"
V03162,Truck,2,156536,95,2234,40,18.9,11.15,39,87,Moderate,Low,8,Yes,100,"80,001+"
V03163,Truck,3,151545,89,1593,44,13.2,11.98,45,72,Critical,Medium,5,No,80,"80,001+"
V03164,SUV,11,154388,95,1604,21,14.0,11.77,37,81,Good,Low,6,Yes,70,"50,001–80,000"
V03165,Truck,12,137601,108,2919,25,9.4,12.59,33,40,Worn,Medium,11,Yes,40,"25,001–50,000"
V03166,Sedan,1,170489,94,2134,50,7.5,11.45,38,109,Moderate,Medium,3,No,100,"80,001+"
V03167,Truck,9,42827,101,2091,21,6.4,11.38,35,78,Good,Medium,10,No,50,"25,001–50,000"
V03168,Truck,9,193408,94,2128,40,6.3,12.41,44,85,Moderate,Low,2,No,100,"80,001+"
V03169,Truck,10,197727,109,1994,45,8.2,11.84,42,107,Critical,High,8,No,40,"25,001–50,000"
V03170,Truck,14,168341,101,1549,34,18.5,12.7,40,46,Good,Low,9,Yes,60,"50,001–80,000"
V03171,Truck,9,192392,90,2342,50,12.6,12.37,39,38,Critical,Medium,7,Yes,80,"80,001+"
V03172,SUV,2,164622,93,2363,36,13.1,12.04,44,49,Critical,Low,2,No,80,"80,001+"
V03173,SUV,5,27850,85,2628,32,17.1,12.72,35,44,Worn,Low,5,Yes,100,"80,001+"
V03174,Truck,6,122152,86,2717,48,11.4,11.62,31,53,Critical,High,8,Yes,60,"50,001–80,000"
V03175,Truck,14,26391,103,1947,21,10.6,12.63,30,56,Good,Medium,9,No,40,"25,001–50,000"
V03176,SUV,5,190445,105,2128,32,16.2,11.98,39,93,Moderate,Low,8,Yes,80,"80,001+"
V03177,SUV,2,126019,108,2732,46,7.3,12.94,31,47,Moderate,High,4,Yes,60,"50,001–80,000"
V03178,Sedan,13,26271,97,2851,49,17.2,12.15,36,105,Worn,Medium,8,No,90,"80,001+"
V03179,Sedan,11,45556,89,2228,44,9.4,12.89,33,73,Worn,High,3,Yes,70,"50,001–80,000"
V03180,SUV,5,179370,109,2242,49,18.0,12.55,37,48,Moderate,Medium,7,Yes,80,"80,001+"
V03181,SUV,12,135696,105,1506,32,17.4,12.37,30,56,Critical,Low,4,Yes,50,"25,001–50,000"
V03182,SUV,15,95187,100,1847,31,14.9,12.33,42,95,Good,Medium,8,No,90,"80,001+"
V03183,Sedan,7,197487,91,1961,22,18.8,12.74,44,54,Worn,Low,4,No,80,"80,001+"
V03184,Hatchback,8,29607,102,2723,43,5.8,11.94,31,32,Critical,Medium,5,No,60,"50,001–80,000"
V03185,Sedan,4,27718,99,2880,49,13.9,12.19,38,55,Moderate,High,10,No,70,"50,001–80,000"
V03186,Sedan,9,153262,95,2315,24,18.8,11.77,45,109,Worn,Medium,3,Yes,80,"80,001+"
V03187,Truck,3,9547,88,2790,24,16.8,12.92,45,36,Moderate,Medium,6,No,80,"80,001+"
V03188,SUV,2,18162,85,2723,48,6.7,11.11,45,108,Moderate,Medium,8,Yes,100,"80,001+"
V03189,Truck,9,48215,102,2847,32,11.8,11.15,39,79,Critical,Low,11,Yes,50,"25,001–50,000"
V03190,Truck,1,125143,94,1856,45,8.2,12.74,36,73,Good,High,11,Yes,70,"50,001–80,000"
V03191,Truck,9,147699,106,2105,48,6.4,11.44,43,102,Worn,Low,1,No,80,"80,001+"
V03192,Sedan,8,139149,102,1972,28,14.8,12.31,44,37,Good,Low,4,Yes,60,"50,001–80,000"
V03193,Sedan,9,195287,96,1985,25,13.7,11.2,31,98,Worn,Low,4,No,80,"80,001+"
V03194,Sedan,7,167955,100,2709,29,14.6,11.01,32,46,Worn,High,11,No,50,"25,001–50,000"
V03195,Sedan,15,177110,87,1537,36,16.2,12.49,37,73,Moderate,Medium,6,No,90,"80,001+"
V03196,Hatchback,12,51969,90,2115,23,11.3,11.8,39,76,Critical,High,11,No,20,"10,001–25,000"
V03197,Hatchback,11,19614,107,2272,32,14.8,11.6,31,80,Critical,Low,2,No,50,"25,001–50,000"
V03198,Truck,3,176629,110,2568,27,11.8,11.73,40,83,Worn,Low,1,No,60,"50,001–80,000"
V03199,Sedan,5,18457,85,2184,25,5.8,11.04,44,97,Worn,Medium,7,No,80,"80,001+"
V03200,Hatchback,6,42748,90,1707,29,6.1,11.86,34,33,Worn,Low,5,Yes,80,"80,001+"
V03201,Truck,2,178282,97,2474,31,13.6,11.77,40,48,Critical,High,9,Yes,50,"25,001–50,000"
V03202,Hatchback,12,43219,93,1804,48,5.5,12.8,35,60,Moderate,High,8,Yes,70,"50,001–80,000"
V03203,Truck,4,163464,102,2564,32,16.7,12.4,41,56,Moderate,High,9,No,50,"25,001–50,000"
V03204,Hatchback,1,86569,94,2470,46,10.4,11.96,43,98,Worn,Low,3,Yes,100,"80,001+"
V03205,SUV,3,74470,101,1696,29,11.1,12.48,39,48,Good,Low,2,No,60,"50,001–80,000"
V03206,Truck,9,75587,93,1813,30,8.7,11.02,39,75,Worn,Low,2,Yes,100,"80,001+"
V03207,SUV,3,54873,90,2836,50,11.8,11.69,42,77,Moderate,High,12,Yes,70,"50,001–80,000"
V03208,Hatchback,7,85155,97,2109,22,15.4,12.89,30,57,Moderate,High,7,No,60,"50,001–80,000"
V03209,Truck,3,198285,106,2825,21,5.1,11.6,33,79,Moderate,Low,4,Yes,60,"50,001–80,000"
V03210,Truck,5,78811,90,2373,50,19.7,12.67,37,92,Moderate,Medium,7,Yes,100,"80,001+"
V03211,Hatchback,6,13250,98,2201,28,10.3,11.48,32,65,Critical,Medium,2,No,60,"50,001–80,000"
V03212,Truck,2,13056,89,2565,38,9.6,11.64,38,76,Good,Medium,12,Yes,90,"80,001+"
V03213,Truck,6,173446,101,2616,35,6.9,12.96,38,72,Good,Low,2,No,80,"80,001+"
V03214,SUV,3,17631,95,1861,28,12.8,12.62,44,51,Worn,Low,9,No,70,"50,001–80,000"
V03215,Hatchback,2,42892,94,2885,28,8.3,11.8,41,43,Good,Medium,2,Yes,80,"80,001+"
V03216,SUV,8,147762,108,2992,20,5.2,12.49,33,87,Worn,Medium,8,No,60,"50,001–80,000"
V03217,Truck,4,77650,104,2581,23,14.3,12.22,41,66,Moderate,High,11,Yes,30,"10,001–25,000"
V03218,Hatchback,2,156614,106,1942,45,16.3,11.29,36,75,Critical,Low,1,No,60,"50,001–80,000"
V03219,Sedan,4,187834,96,2012,22,5.5,11.63,32,85,Critical,High,9,Yes,30,"10,001–25,000"
V03220,Hatchback,15,133327,106,2271,37,17.6,12.64,44,52,Worn,High,2,Yes,50,"25,001–50,000"
V03221,SUV,11,163215,102,2402,47,9.7,12.04,32,96,Good,High,4,No,50,"25,001–50,000"
V03222,Sedan,10,32744,93,1605,37,10.3,12.05,35,65,Good,High,2,Yes,80,"80,001+"
V03223,Hatchback,15,139015,94,2030,31,16.4,12.35,31,82,Good,Low,9,Yes,80,"80,001+"
V03224,Sedan,2,138370,105,2886,20,7.4,11.69,41,101,Good,Low,7,No,60,"50,001–80,000"
V03225,Sedan,2,142872,110,2486,43,10.5,12.08,40,96,Critical,Medium,5,No,60,"50,001–80,000"
V03226,SUV,7,106926,86,2758,36,13.5,11.83,32,31,Worn,High,4,No,80,"80,001+"
V03227,Sedan,6,137418,102,2220,23,13.3,12.77,33,108,Good,Medium,9,No,50,"25,001–50,000"
V03228,Hatchback,15,114660,100,2157,29,14.7,11.17,38,83,Worn,High,7,No,50,"25,001–50,000"
V03229,Sedan,3,79352,87,2758,41,14.5,11.71,39,47,Moderate,High,5,Yes,80,"80,001+"
V03230,Sedan,4,59272,100,2511,50,9.1,11.42,31,35,Critical,High,5,No,60,"50,001–80,000"
V03231,SUV,9,19683,106,2573,33,11.9,11.46,35,50,Worn,Medium,11,Yes,70,"50,001–80,000"
V03232,SUV,14,36336,92,1617,32,6.0,12.57,35,96,Good,High,12,No,60,"50,001–80,000"
V03233,Hatchback,6,84010,92,2686,22,17.7,12.56,36,34,Worn,Low,3,No,80,"80,001+"
V03234,Hatchback,3,94604,90,1575,26,19.3,11.47,44,84,Critical,High,2,No,40,"25,001–50,000"
V03235,Truck,10,36204,91,2018,45,12.4,11.42,42,106,Good,Medium,1,No,100,"80,001+"
V03236,Hatchback,4,60643,90,1516,46,14.6,11.09,41,99,Good,Low,11,Yes,90,"80,001+"
V03237,Truck,1,107029,89,1541,20,7.2,12.71,39,100,Critical,Medium,11,No,50,"25,001–50,000"
V03238,SUV,7,21529,100,2225,42,5.4,12.1,33,108,Worn,Medium,12,Yes,90,"80,001+"
V03239,Hatchback,3,36461,91,1705,44,12.7,12.99,38,78,Critical,High,1,No,60,"50,001–80,000"
V03240,Hatchback,7,100734,110,1523,39,19.5,12.48,39,94,Critical,Medium,10,Yes,50,"25,001–50,000"
V03241,Sedan,13,134442,109,1866,36,6.1,11.91,39,85,Good,Medium,8,Yes,70,"50,001–80,000"
V03242,Truck,12,88489,85,2635,29,16.9,12.45,44,63,Moderate,High,10,No,40,"25,001–50,000"
V03243,SUV,9,32912,92,2298,45,16.7,11.53,31,42,Worn,Low,9,Yes,90,"80,001+"
V03244,Hatchback,12,49063,91,2043,41,17.7,12.46,33,90,Critical,High,5,Yes,50,"25,001–50,000"
V03245,SUV,4,176686,92,2113,38,17.4,12.53,31,103,Good,High,8,Yes,80,"80,001+"
V03246,SUV,12,153347,101,2272,23,15.9,11.76,44,86,Worn,High,9,Yes,20,"10,001–25,000"
V03247,Truck,13,188813,106,1574,26,15.2,12.36,37,108,Moderate,High,10,Yes,20,"10,001–25,000"
V03248,Hatchback,1,133854,109,1770,25,8.4,12.06,32,67,Critical,Low,2,No,40,"25,001–50,000"
V03249,Hatchback,6,149616,85,2008,49,12.7,12.53,39,59,Good,Low,8,No,100,"80,001+"
V03250,Hatchback,1,180462,98,2910,36,9.7,12.02,44,90,Good,High,4,No,80,"80,001+"
V03251,Sedan,7,51475,110,2337,34,14.1,12.94,43,70,Critical,Low,4,No,60,"50,001–80,000"
V03252,Truck,1,57799,85,1981,26,13.6,12.51,35,109,Worn,Low,2,No,80,"80,001+"
V03253,Sedan,6,87239,99,2178,27,11.4,11.29,45,53,Worn,Medium,2,No,80,"80,001+"
V03254,SUV,13,152238,94,2318,45,7.3,12.45,40,97,Worn,High,8,No,70,"50,001–80,000"
V03255,Sedan,3,71846,89,1719,41,16.7,12.32,39,74,Good,Medium,8,Yes,100,"80,001+"
V03256,Hatchback,1,85779,98,1653,37,10.4,11.98,44,104,Worn,Medium,8,No,100,"80,001+"
V03257,SUV,7,76826,92,2682,33,17.5,11.05,44,85,Good,Low,10,Yes,90,"80,001+"
V03258,Truck,13,43153,108,1958,34,5.9,11.97,38,47,Critical,Medium,10,Yes,40,"25,001–50,000"
V03259,Truck,14,44267,102,2520,39,14.2,11.6,37,52,Worn,Low,6,Yes,70,"50,001–80,000"
V03260,Sedan,11,31619,87,2613,41,18.0,12.49,44,99,Worn,Medium,2,Yes,90,"80,001+"
V03261,Hatchback,5,139778,98,1785,20,16.9,12.21,40,103,Moderate,Medium,9,No,70,"50,001–80,000"
V03262,SUV,3,116866,87,1527,46,6.6,12.75,40,104,Critical,High,4,No,60,"50,001–80,000"
V03263,Hatchback,3,147301,110,2975,27,19.6,11.85,42,68,Moderate,High,3,Yes,40,"25,001–50,000"
V03264,Truck,14,83973,100,2617,40,6.8,12.92,43,72,Moderate,High,12,Yes,60,"50,001–80,000"
V03265,SUV,11,193882,94,1702,48,19.5,12.16,31,31,Worn,High,11,No,60,"50,001–80,000"
V03266,Sedan,4,31230,103,2740,24,11.7,11.71,45,108,Good,Medium,4,Yes,60,"50,001–80,000"
V03267,Hatchback,1,147302,91,2598,32,16.7,12.97,44,91,Critical,High,1,Yes,60,"50,001–80,000"
V03268,Sedan,1,57700,92,2300,43,7.6,11.66,44,107,Worn,Medium,3,Yes,100,"80,001+"
V03269,SUV,12,86778,107,2061,21,16.4,12.44,35,34,Worn,Medium,10,Yes,40,"25,001–50,000"
V03270,Hatchback,12,178685,91,1791,27,19.7,12.24,43,33,Moderate,Low,7,No,70,"50,001–80,000"
V03271,SUV,6,27236,93,2151,21,5.6,12.92,34,47,Good,Low,11,Yes,70,"50,001–80,000"
V03272,Truck,15,82523,89,2649,30,13.4,12.65,43,78,Critical,Low,10,Yes,60,"50,001–80,000"
V03273,SUV,5,41285,106,2291,50,9.1,12.79,39,105,Worn,Low,6,Yes,80,"80,001+"
V03274,Sedan,5,39656,93,1770,44,11.9,12.43,31,76,Critical,Low,7,Yes,80,"80,001+"
V03275,Truck,8,23047,106,2242,47,16.4,11.21,38,80,Good,Low,8,No,80,"80,001+"
V03276,SUV,2,49071,103,1603,23,17.5,11.24,42,76,Moderate,Low,3,Yes,60,"50,001–80,000"
V03277,Truck,14,161493,96,2688,49,13.9,11.44,42,80,Moderate,Low,4,Yes,90,"80,001+"
V03278,SUV,3,199613,100,1845,49,7.2,12.64,42,76,Good,Medium,5,Yes,100,"80,001+"
V03279,Hatchback,7,6693,101,2755,29,10.8,11.1,35,87,Moderate,Low,8,Yes,60,"50,001–80,000"
V03280,Hatchback,7,83607,103,2692,38,14.7,12.01,30,74,Critical,Low,9,No,50,"25,001–50,000"
V03281,Truck,15,195926,100,1637,23,18.6,12.71,31,74,Moderate,High,9,Yes,40,"25,001–50,000"
V03282,SUV,9,149131,108,1574,33,10.8,12.84,32,57,Worn,Medium,8,No,80,"80,001+"
V03283,Sedan,15,61581,107,1613,21,7.1,12.79,33,84,Moderate,Medium,3,No,50,"25,001–50,000"
V03284,SUV,6,85804,109,1828,25,9.4,11.26,35,75,Good,High,11,Yes,30,"10,001–25,000"
V03285,SUV,7,78471,98,1512,29,11.5,12.21,35,78,Critical,Low,11,No,50,"25,001–50,000"
V03286,Sedan,14,104918,108,1998,48,19.8,11.76,34,44,Moderate,Low,12,No,60,"50,001–80,000"
V03287,Sedan,15,57371,98,1570,28,5.1,11.14,45,71,Critical,Low,2,No,50,"25,001–50,000"
V03288,SUV,7,187240,99,2525,44,17.3,11.53,41,41,Critical,Low,2,Yes,80,"80,001+"
V03289,Hatchback,3,41077,108,1990,50,13.7,12.21,42,101,Good,Low,2,No,80,"80,001+"
V03290,Sedan,3,54787,87,2148,36,15.1,11.29,32,67,Moderate,High,5,Yes,80,"80,001+"
V03291,Sedan,15,122183,87,1546,43,10.9,12.72,32,76,Worn,High,2,Yes,70,"50,001–80,000"
V03292,SUV,5,132250,98,1810,27,18.9,11.3,36,90,Moderate,High,7,Yes,60,"50,001–80,000"
V03293,SUV,3,192792,87,2085,49,17.0,11.34,36,30,Good,Medium,10,Yes,90,"80,001+"
V03294,SUV,9,33723,104,1936,27,13.1,11.67,36,51,Moderate,Medium,11,No,50,"25,001–50,000"
V03295,Hatchback,14,103543,104,2726,34,17.7,11.67,43,31,Moderate,Low,2,No,70,"50,001–80,000"
V03296,Hatchback,10,96031,85,2358,29,9.9,12.5,31,89,Worn,Medium,5,Yes,80,"80,001+"
V03297,Truck,3,13260,91,2657,36,10.8,12.36,36,81,Moderate,Medium,6,No,100,"80,001+"
V03298,Truck,5,161865,97,2156,37,18.9,12.06,43,81,Worn,Medium,10,Yes,90,"80,001+"
V03299,Sedan,13,90117,105,2028,25,8.2,11.35,44,70,Critical,Low,3,No,30,"10,001–25,000"
V03300,Sedan,3,118680,93,2395,33,9.0,12.0,31,92,Moderate,Medium,10,Yes,90,"80,001+"
V03301,Hatchback,10,192779,85,2377,37,16.8,12.74,38,109,Critical,Medium,5,Yes,80,"80,001+"
V03302,SUV,9,11916,104,2747,28,11.4,11.5,30,100,Critical,High,11,No,10,"0–10,000"
V03303,Hatchback,9,75133,100,1872,22,18.2,11.36,36,98,Critical,High,8,Yes,40,"25,001–50,000"
V03304,SUV,10,58323,89,2467,33,9.4,11.7,32,49,Worn,Medium,1,Yes,100,"80,001+"
V03305,Sedan,4,103793,102,2528,35,19.5,12.4,33,57,Moderate,Medium,4,No,80,"80,001+"
V03306,Sedan,4,148279,100,1755,42,15.9,11.94,33,38,Moderate,Medium,6,No,100,"80,001+"
V03307,SUV,5,78959,99,2717,48,12.6,12.29,38,93,Worn,High,3,Yes,80,"80,001+"
V03308,SUV,14,56836,103,2952,50,7.4,12.89,39,90,Moderate,High,7,Yes,50,"25,001–50,000"
V03309,Sedan,4,24453,93,2429,49,18.1,12.34,31,65,Worn,Medium,10,No,90,"80,001+"
V03310,Truck,8,162431,90,2649,47,19.6,11.83,34,106,Good,Low,4,No,100,"80,001+"
V03311,Truck,8,179462,101,2721,48,7.2,12.9,40,85,Good,Low,10,Yes,70,"50,001–80,000"
V03312,Hatchback,12,8724,94,1614,50,15.7,11.08,44,41,Moderate,Medium,5,Yes,90,"80,001+"
V03313,Sedan,14,154258,102,1878,24,9.4,11.81,32,70,Critical,Medium,11,Yes,20,"10,001–25,000"
V03314,Sedan,15,164580,88,2745,33,10.3,12.49,31,35,Moderate,Low,7,Yes,90,"80,001+"
V03315,SUV,9,55356,106,2548,39,16.9,11.41,42,105,Critical,High,3,No,40,"25,001–50,000"
V03316,Sedan,14,55708,107,1560,24,19.7,11.48,42,98,Moderate,Low,11,No,40,"25,001–50,000"
V03317,SUV,1,151168,101,2632,23,10.0,11.41,34,41,Critical,Medium,8,Yes,40,"25,001–50,000"
V03318,Hatchback,8,41118,110,2914,24,7.2,11.7,30,44,Critical,Medium,7,No,40,"25,001–50,000"
V03319,Hatchback,10,102830,110,2498,49,15.3,11.87,32,39,Good,Medium,9,No,70,"50,001–80,000"
V03320,Sedan,9,93691,101,1828,46,12.7,11.18,43,36,Good,Low,4,No,80,"80,001+"
V03321,SUV,15,36400,109,2892,28,13.7,12.19,36,88,Good,Medium,1,No,50,"25,001–50,000"
V03322,Truck,9,87678,100,2696,45,7.6,11.46,44,74,Critical,Medium,7,Yes,80,"80,001+"
V03323,Truck,14,154088,107,2283,37,5.3,12.17,33,63,Moderate,Medium,7,Yes,70,"50,001–80,000"
V03324,Sedan,15,36762,85,1646,23,18.4,11.94,44,73,Critical,Medium,9,Yes,40,"25,001–50,000"
V03325,Hatchback,12,16194,92,2797,31,9.8,12.44,45,72,Worn,Low,5,No,90,"80,001+"
V03326,SUV,8,35625,108,2596,26,6.9,12.91,40,95,Good,Low,11,No,50,"25,001–50,000"
V03327,Hatchback,6,142089,90,2677,26,8.4,12.57,30,69,Good,Medium,12,Yes,70,"50,001–80,000"
V03328,Truck,10,33758,97,1506,42,18.2,11.31,36,64,Moderate,Medium,7,Yes,100,"80,001+"
V03329,Hatchback,11,48296,87,2767,44,8.6,11.49,42,34,Worn,Low,12,No,80,"80,001+"
V03330,Hatchback,12,40305,97,2823,23,15.8,12.93,45,87,Good,Low,5,Yes,70,"50,001–80,000"
V03331,Truck,15,167947,100,2936,31,12.4,11.25,34,53,Good,High,4,Yes,70,"50,001–80,000"
V03332,Sedan,13,121310,101,1839,37,6.6,11.77,30,38,Worn,Low,11,Yes,60,"50,001–80,000"
V03333,SUV,2,101718,87,2665,48,18.0,11.25,35,100,Good,Medium,12,Yes,90,"80,001+"
V03334,SUV,15,124565,106,1749,24,16.5,12.37,45,91,Critical,Low,9,No,20,"10,001–25,000"
V03335,Hatchback,15,50752,90,2162,22,15.0,11.14,37,46,Moderate,Low,2,No,70,"50,001–80,000"
V03336,SUV,9,157199,108,2020,38,8.6,11.36,44,76,Moderate,High,11,No,50,"25,001–50,000"
V03337,Sedan,8,150888,109,2833,38,12.3,11.58,38,52,Good,Medium,10,No,70,"50,001–80,000"
V03338,Hatchback,4,39437,103,1745,20,13.2,11.72,30,79,Worn,High,11,No,30,"10,001–25,000"
V03339,SUV,13,198900,101,1858,23,12.8,12.06,38,48,Moderate,High,5,No,30,"10,001–25,000"
V03340,Hatchback,13,174993,98,2381,39,10.3,11.62,39,44,Moderate,Medium,9,Yes,80,"80,001+"
V03341,Truck,12,15334,90,2009,40,9.9,11.3,34,49,Moderate,Medium,1,Yes,90,"80,001+"
V03342,Hatchback,3,172819,96,2579,44,16.5,12.31,34,99,Good,Medium,9,No,90,"80,001+"
V03343,Truck,10,7507,87,1920,33,12.4,12.43,38,107,Critical,Medium,10,Yes,70,"50,001–80,000"
V03344,Hatchback,3,75437,98,1845,49,15.3,12.03,35,79,Critical,High,7,No,60,"50,001–80,000"
V03345,SUV,9,35061,98,1730,45,7.0,11.27,32,97,Good,High,1,Yes,80,"80,001+"
V03346,Truck,12,143923,93,2723,26,15.7,11.11,32,106,Good,Medium,8,No,70,"50,001–80,000"
V03347,SUV,11,93650,101,1738,25,16.7,11.04,33,101,Critical,Low,8,Yes,30,"10,001–25,000"
V03348,SUV,11,159550,100,1775,39,6.6,11.4,41,31,Moderate,Medium,9,Yes,80,"80,001+"
V03349,Sedan,9,126475,102,2515,26,8.7,12.28,35,36,Good,Low,7,Yes,60,"50,001–80,000"
V03350,Hatchback,9,135806,109,2597,39,17.4,11.35,33,54,Good,Low,8,No,80,"80,001+"
V03351,Hatchback,1,104544,100,2385,27,5.8,12.92,36,81,Good,High,11,Yes,50,"25,001–50,000"
V03352,Hatchback,2,42741,87,2174,40,13.1,12.23,40,74,Critical,High,7,Yes,60,"50,001–80,000"
V03353,SUV,5,120950,110,2118,44,7.9,12.46,43,104,Moderate,Medium,11,Yes,70,"50,001–80,000"
V03354,SUV,8,147855,91,2270,26,11.6,11.28,45,70,Critical,High,9,No,30,"10,001–25,000"
V03355,Hatchback,7,53525,91,1749,37,15.7,11.82,42,37,Good,Low,1,Yes,100,"80,001+"
V03356,Truck,5,74328,102,2326,21,13.4,12.11,43,68,Critical,Medium,10,No,30,"10,001–25,000"
V03357,Truck,1,168176,100,2089,28,19.5,12.98,32,32,Worn,Medium,11,No,70,"50,001–80,000"
V03358,Sedan,8,102818,91,1637,21,8.2,11.98,32,73,Good,Medium,3,Yes,80,"80,001+"
V03359,Hatchback,2,199527,88,2431,30,6.2,12.98,36,84,Moderate,High,7,No,80,"80,001+"
V03360,Truck,13,91051,87,2232,39,7.9,11.62,31,41,Good,Medium,9,No,80,"80,001+"
V03361,Sedan,6,176083,102,2267,21,8.0,11.95,42,68,Good,High,2,No,40,"25,001–50,000"
V03362,Hatchback,14,112665,95,2125,36,10.8,12.95,38,33,Moderate,High,11,No,60,"50,001–80,000"
V03363,Sedan,15,75461,109,2834,26,7.6,12.3,38,105,Good,High,7,No,30,"10,001–25,000"
V03364,Sedan,5,170275,97,1654,32,16.4,12.4,35,38,Worn,Medium,10,Yes,90,"80,001+"
V03365,Truck,12,120723,109,2044,21,9.1,11.53,33,50,Good,Medium,10,No,40,"25,001–50,000"
V03366,Truck,6,70123,107,2561,22,15.8,11.72,45,61,Worn,High,10,Yes,30,"10,001–25,000"
V03367,Sedan,1,169653,99,2295,31,9.3,11.77,36,79,Worn,Medium,9,Yes,90,"80,001+"
V03368,Sedan,10,136871,110,1821,47,11.6,11.82,36,100,Good,Low,2,No,80,"80,001+"
V03369,Sedan,9,136027,103,1573,22,7.6,11.38,37,101,Critical,Low,7,No,40,"25,001–50,000"
V03370,SUV,1,92768,101,1802,41,5.2,12.95,33,43,Moderate,High,2,Yes,60,"50,001–80,000"
V03371,Sedan,9,162416,90,1593,25,5.5,12.38,37,42,Good,High,6,Yes,60,"50,001–80,000"
V03372,SUV,1,24179,90,2232,39,17.2,11.38,32,88,Worn,High,5,Yes,80,"80,001+"
V03373,Truck,2,43805,97,2482,36,20.0,11.3,33,99,Worn,Medium,11,Yes,90,"80,001+"
V03374,SUV,12,26642,100,2760,30,17.9,11.45,33,97,Good,Low,11,No,80,"80,001+"
V03375,Hatchback,7,66461,108,1725,49,10.3,12.34,33,69,Critical,Medium,9,No,50,"25,001–50,000"
V03376,Sedan,4,81797,104,1965,35,18.9,12.9,41,45,Critical,Medium,8,Yes,60,"50,001–80,000"
V03377,Truck,3,158933,97,2473,47,18.1,11.16,38,57,Moderate,Medium,1,Yes,100,"80,001+"
V03378,Truck,5,76843,97,2096,50,14.0,12.36,40,34,Moderate,High,1,No,80,"80,001+"
V03379,Hatchback,13,172063,110,2487,44,19.6,12.15,31,89,Worn,High,8,Yes,50,"25,001–50,000"
V03380,Sedan,5,20630,97,2661,48,8.4,11.04,34,92,Moderate,Low,3,Yes,100,"80,001+"
V03381,Sedan,2,23948,87,2389,46,14.0,12.68,37,89,Worn,High,1,No,80,"80,001+"
V03382,Truck,14,86686,104,2137,35,9.0,11.09,37,74,Moderate,High,9,Yes,40,"25,001–50,000"
V03383,Sedan,12,198485,98,2672,30,17.9,12.96,32,33,Good,Medium,5,Yes,90,"80,001+"
V03384,Truck,15,111814,101,2042,28,18.4,11.79,37,37,Critical,Medium,7,Yes,30,"10,001–25,000"
V03385,Hatchback,15,154971,99,2051,47,11.4,11.29,41,100,Critical,Medium,5,No,70,"50,001–80,000"
V03386,SUV,5,47565,87,2736,50,20.0,12.24,30,94,Worn,Medium,10,Yes,90,"80,001+"
V03387,SUV,3,147607,101,2954,23,12.1,11.33,35,65,Good,Medium,2,No,60,"50,001–80,000"
V03388,Sedan,15,48838,90,2388,35,11.7,12.04,38,107,Moderate,Low,2,Yes,90,"80,001+"
V03389,SUV,11,26567,91,2546,39,17.8,11.63,43,105,Worn,High,8,Yes,70,"50,001–80,000"
V03390,Hatchback,4,7571,85,2185,41,11.6,11.46,39,107,Worn,Low,6,Yes,100,"80,001+"
V03391,SUV,13,108935,103,2910,34,9.4,12.32,44,105,Moderate,Medium,10,No,60,"50,001–80,000"
V03392,SUV,2,63524,105,1531,43,5.1,12.17,36,62,Worn,Low,9,Yes,70,"50,001–80,000"
V03393,Sedan,8,81356,97,2609,24,8.8,12.2,36,107,Moderate,High,11,No,50,"25,001–50,000"
V03394,Sedan,12,113022,104,2829,26,7.3,11.17,30,109,Moderate,High,1,No,30,"10,001–25,000"
V03395,Hatchback,10,194953,100,2644,48,7.1,12.98,35,31,Good,Low,1,Yes,100,"80,001+"
V03396,Truck,9,48560,89,2997,30,6.3,11.58,39,103,Good,Low,8,No,100,"80,001+"
V03397,Truck,15,86262,110,1633,40,15.3,11.48,45,86,Worn,High,2,Yes,50,"25,001–50,000"
V03398,SUV,10,192200,103,2113,49,6.5,12.35,42,43,Critical,High,9,Yes,30,"10,001–25,000"
V03399,Hatchback,8,46488,92,1605,40,8.5,12.31,34,31,Critical,Low,7,Yes,80,"80,001+"
V03400,Sedan,4,52811,89,2506,37,16.9,12.03,30,52,Critical,Medium,11,No,70,"50,001–80,000"
V03401,Truck,11,25869,88,2460,49,12.4,12.18,45,57,Critical,Low,12,Yes,60,"50,001–80,000"
V03402,Truck,4,143357,106,2020,26,5.1,12.9,43,82,Critical,Low,6,Yes,40,"25,001–50,000"
V03403,Hatchback,6,114682,96,2756,38,13.3,12.05,32,61,Good,High,8,Yes,80,"80,001+"
V03404,Truck,2,92026,108,2047,36,7.4,11.42,37,89,Critical,High,10,No,30,"10,001–25,000"
V03405,Hatchback,5,175092,95,2323,42,13.4,11.13,31,77,Good,Medium,4,Yes,100,"80,001+"
V03406,Sedan,6,49167,90,1769,23,9.0,11.06,35,36,Moderate,Low,6,No,80,"80,001+"
V03407,Truck,4,18339,109,1518,35,12.4,12.68,39,67,Critical,Medium,12,Yes,50,"25,001–50,000"
V03408,Hatchback,10,72339,91,1890,50,8.8,12.22,41,90,Good,Low,9,Yes,90,"80,001+"
V03409,Truck,7,151127,110,2625,28,12.3,12.84,37,85,Worn,High,8,Yes,40,"25,001–50,000"
V03410,Truck,5,184606,93,2807,45,5.0,11.26,31,65,Moderate,Low,8,No,100,"80,001+"
V03411,Truck,11,31446,96,2704,43,19.2,12.99,32,102,Worn,Medium,7,Yes,90,"80,001+"
V03412,Hatchback,9,32353,96,2997,33,7.1,11.95,44,78,Worn,Low,4,No,100,"80,001+"
V03413,Sedan,14,187904,99,1679,33,15.5,11.22,39,86,Moderate,High,1,No,70,"50,001–80,000"
V03414,Truck,1,52961,110,2038,49,19.7,12.59,40,55,Worn,Medium,12,Yes,70,"50,001–80,000"
V03415,Truck,15,191456,96,1977,34,6.2,12.66,41,100,Moderate,High,10,Yes,60,"50,001–80,000"
V03416,Sedan,1,20136,99,1948,20,12.4,12.49,40,63,Critical,High,9,No,30,"10,001–25,000"
V03417,Sedan,1,108811,92,2661,38,10.6,12.98,34,88,Critical,Medium,8,No,80,"80,001+"
V03418,Truck,7,143241,86,2182,42,9.5,12.06,42,62,Moderate,Medium,6,No,100,"80,001+"
V03419,SUV,6,11248,106,2038,20,16.0,11.15,44,45,Critical,High,5,Yes,20,"10,001–25,000"
V03420,Truck,4,192196,94,2033,32,6.3,11.14,33,98,Good,High,8,No,80,"80,001+"
V03421,Hatchback,13,164826,90,2056,27,10.5,11.9,43,103,Good,Medium,12,No,60,"50,001–80,000"
V03422,Hatchback,3,122012,90,1851,49,14.4,12.24,35,96,Worn,Low,6,No,100,"80,001+"
V03423,Sedan,11,169067,103,2172,32,16.8,12.82,38,82,Critical,Low,3,Yes,50,"25,001–50,000"
V03424,Truck,6,151251,97,1751,21,12.8,11.02,40,80,Worn,High,8,Yes,60,"50,001–80,000"
V03425,Hatchback,15,179922,101,1667,41,6.9,12.58,37,83,Critical,Low,1,No,50,"25,001–50,000"
V03426,Sedan,15,25436,98,1761,37,14.6,12.11,45,94,Good,High,7,No,70,"50,001–80,000"
V03427,Truck,7,166328,96,2003,21,12.2,11.11,39,96,Good,Low,5,Yes,80,"80,001+"
V03428,Sedan,8,10778,91,2109,42,10.1,12.6,30,72,Worn,Medium,10,No,90,"80,001+"
V03429,Hatchback,1,5505,88,2121,29,16.2,11.95,41,51,Worn,High,11,Yes,50,"25,001–50,000"
V03430,SUV,11,45243,96,2296,23,8.8,11.78,34,46,Critical,High,12,Yes,20,"10,001–25,000"
V03431,SUV,9,57414,94,2313,25,10.5,12.19,37,40,Critical,Low,5,Yes,60,"50,001–80,000"
V03432,SUV,4,194980,104,2834,30,16.2,11.35,42,63,Moderate,Low,4,Yes,80,"80,001+"
V03433,Hatchback,4,128864,86,2218,29,10.6,11.58,40,108,Critical,High,6,No,40,"25,001–50,000"
V03434,Truck,15,30277,104,2643,22,14.8,12.18,40,62,Worn,Medium,12,No,40,"25,001–50,000"
V03435,Truck,14,104159,102,1561,20,10.4,12.7,34,46,Worn,Medium,4,No,50,"25,001–50,000"
V03436,Sedan,11,14229,90,2307,31,17.8,11.72,37,107,Moderate,Low,4,Yes,90,"80,001+"
V03437,Hatchback,9,47797,97,2604,22,19.0,12.25,35,92,Worn,Low,12,Yes,70,"50,001–80,000"
V03438,Truck,1,155156,100,2853,47,18.3,12.24,30,40,Moderate,Low,1,No,100,"80,001+"
V03439,Truck,3,188807,97,2328,48,15.9,11.99,41,71,Critical,High,10,No,50,"25,001–50,000"
V03440,Truck,14,124281,106,2268,40,17.3,12.77,32,74,Moderate,Medium,1,Yes,70,"50,001–80,000"
V03441,SUV,15,186895,90,2308,30,10.0,12.39,40,89,Worn,Medium,3,No,90,"80,001+"
V03442,Hatchback,15,117960,96,2001,42,19.3,12.24,36,31,Critical,Medium,4,No,70,"50,001–80,000"
V03443,Hatchback,8,20282,104,2908,41,12.1,12.49,30,101,Critical,Low,7,No,60,"50,001–80,000"
V03444,Sedan,10,80641,90,2064,47,8.7,11.26,33,32,Good,Medium,7,No,100,"80,001+"
V03445,Sedan,2,143682,95,2956,48,17.8,11.54,40,54,Moderate,Low,3,Yes,100,"80,001+"
V03446,Sedan,11,119323,101,1653,46,19.9,12.0,39,39,Good,High,10,Yes,40,"25,001–50,000"
V03447,SUV,10,195826,106,2811,47,15.8,11.8,31,84,Moderate,High,3,Yes,60,"50,001–80,000"
V03448,Truck,3,34683,96,1613,31,10.7,12.02,42,91,Worn,High,11,No,70,"50,001–80,000"
V03449,Truck,4,159066,99,2448,50,10.1,11.65,33,82,Worn,Low,1,Yes,100,"80,001+"
V03450,Truck,14,110082,90,2679,28,15.0,11.67,44,49,Critical,Low,1,No,50,"25,001–50,000"
V03451,SUV,11,67523,105,2852,48,12.9,12.21,30,93,Worn,Low,3,Yes,70,"50,001–80,000"
V03452,Truck,2,198668,93,1867,28,19.1,12.36,43,86,Moderate,High,10,No,50,"25,001–50,000"
V03453,Truck,13,20456,107,2355,38,11.8,11.75,43,45,Moderate,High,7,No,50,"25,001–50,000"
V03454,SUV,2,50995,101,2782,23,17.1,11.42,44,73,Good,High,4,No,40,"25,001–50,000"
V03455,Sedan,13,13485,94,1580,43,10.2,11.31,42,33,Moderate,Medium,1,No,90,"80,001+"
V03456,Truck,13,16044,88,2152,35,10.4,11.22,34,72,Critical,Medium,3,Yes,70,"50,001–80,000"
V03457,Truck,1,190337,103,1700,30,11.2,11.38,43,60,Worn,Medium,1,Yes,80,"80,001+"
V03458,Sedan,7,191729,109,2610,50,18.5,12.39,31,39,Good,High,3,No,60,"50,001–80,000"
V03459,Sedan,1,159735,93,2712,46,10.9,11.5,36,86,Critical,Low,5,No,80,"80,001+"
V03460,Sedan,9,32960,96,2966,32,14.4,11.57,32,35,Moderate,High,4,No,80,"80,001+"
V03461,Truck,13,119842,96,2000,21,10.2,11.78,39,79,Good,High,2,No,50,"25,001–50,000"
V03462,SUV,1,96019,103,1759,27,13.8,12.94,39,47,Worn,Medium,4,Yes,60,"50,001–80,000"
V03463,SUV,11,181539,99,2598,48,18.2,12.14,33,68,Worn,Low,8,Yes,90,"80,001+"
V03464,Truck,7,15085,89,2864,22,9.0,12.72,43,97,Worn,Medium,6,No,80,"80,001+"
V03465,Sedan,11,74611,110,2171,28,5.0,12.05,31,48,Worn,Low,8,No,50,"25,001–50,000"
V03466,Truck,8,187852,92,2432,32,8.5,12.47,39,85,Worn,Medium,11,No,90,"80,001+"
V03467,SUV,13,64275,99,2805,32,5.2,12.26,42,110,Good,Medium,2,No,90,"80,001+"
V03468,SUV,1,61701,107,2983,40,15.7,12.91,40,75,Worn,High,12,No,50,"25,001–50,000"
V03469,Hatchback,9,37895,95,2413,23,14.1,12.9,36,60,Moderate,Low,12,Yes,70,"50,001–80,000"
V03470,Hatchback,9,42204,92,2287,36,18.7,11.36,37,74,Good,Medium,4,Yes,100,"80,001+"
V03471,Sedan,9,147130,95,2183,40,5.1,11.96,43,80,Critical,Medium,12,No,70,"50,001–80,000"
V03472,SUV,6,197381,106,2215,34,11.1,12.79,35,42,Critical,Low,2,Yes,60,"50,001–80,000"
V03473,Truck,6,150362,107,1906,32,18.5,12.7,35,45,Good,Low,1,No,80,"80,001+"
V03474,Sedan,14,10995,97,1739,50,12.1,11.59,32,37,Critical,High,3,Yes,50,"25,001–50,000"
V03475,Truck,7,157522,88,1967,42,19.7,12.1,44,100,Moderate,Medium,4,Yes,100,"80,001+"
V03476,Hatchback,13,187477,103,2534,37,16.0,12.47,39,31,Worn,High,4,Yes,50,"25,001–50,000"
V03477,SUV,14,97408,103,2963,46,6.8,11.62,40,31,Worn,Low,3,Yes,70,"50,001–80,000"
V03478,Sedan,11,154861,87,2952,44,18.6,11.08,32,101,Worn,Low,6,No,90,"80,001+"
V03479,Truck,7,129203,106,2341,34,9.0,11.8,40,92,Moderate,Low,11,Yes,70,"50,001–80,000"
V03480,Truck,13,84135,105,2642,44,13.8,11.95,44,84,Good,High,2,No,50,"25,001–50,000"
V03481,Truck,4,45950,93,1772,33,8.5,12.16,36,83,Critical,High,6,Yes,60,"50,001–80,000"
V03482,Hatchback,14,19369,103,2091,47,14.6,12.67,35,32,Good,Low,11,Yes,60,"50,001–80,000"
V03483,Sedan,1,12910,102,2402,28,11.8,12.53,40,66,Moderate,Medium,12,Yes,50,"25,001–50,000"
V03484,Sedan,11,165862,90,2110,45,18.1,11.13,40,79,Moderate,High,6,Yes,70,"50,001–80,000"
V03485,Truck,11,182998,100,1998,22,18.5,11.41,38,94,Good,High,2,No,50,"25,001–50,000"
V03486,Sedan,1,75838,96,2323,30,19.8,11.07,44,82,Worn,Medium,12,Yes,90,"80,001+"
V03487,SUV,8,161586,92,2416,38,13.6,12.28,42,110,Critical,Low,12,No,70,"50,001–80,000"
V03488,Hatchback,11,199207,87,2933,31,17.0,12.95,45,66,Moderate,High,8,Yes,70,"50,001–80,000"
V03489,Hatchback,14,76512,88,2448,33,19.5,13.0,43,86,Moderate,Medium,11,No,80,"80,001+"
V03490,Sedan,5,107540,106,2446,41,16.9,12.56,42,71,Worn,High,11,No,50,"25,001–50,000"
V03491,SUV,3,190477,90,1994,50,14.1,12.76,30,49,Critical,Medium,2,No,80,"80,001+"
V03492,SUV,5,159887,97,2485,28,9.5,11.45,38,100,Good,Low,2,Yes,80,"80,001+"
V03493,Truck,9,22006,100,2635,32,18.8,13.0,41,71,Worn,High,8,No,80,"80,001+"
V03494,Sedan,5,180135,100,2723,48,11.5,12.4,34,39,Critical,Low,4,Yes,80,"80,001+"
V03495,SUV,7,120583,85,2896,28,18.6,12.31,37,100,Worn,Medium,3,No,80,"80,001+"
V03496,Sedan,14,25337,109,2768,21,9.7,12.25,40,39,Good,Medium,12,No,40,"25,001–50,000"
V03497,Hatchback,7,9962,95,2060,50,6.7,12.21,39,32,Critical,High,7,Yes,60,"50,001–80,000"
V03498,SUV,9,51516,104,2745,47,7.7,12.5,34,104,Critical,Low,2,Yes,60,"50,001–80,000"
V03499,Sedan,9,166759,105,2988,26,8.6,12.89,38,75,Good,Medium,3,Yes,60,"50,001–80,000"
V03500,SUV,9,12891,85,1830,28,9.2,12.26,38,88,Good,High,10,No,50,"25,001–50,000"
V03501,SUV,10,119014,96,2294,25,19.8,12.03,39,101,Good,High,7,No,60,"50,001–80,000"
V03502,Truck,7,155462,88,1893,49,7.0,11.57,44,67,Moderate,High,4,Yes,80,"80,001+"
V03503,Sedan,1,153390,94,2258,37,7.6,12.99,32,92,Good,High,3,No,80,"80,001+"
V03504,SUV,3,80353,96,1786,27,19.3,11.49,33,79,Critical,Medium,2,Yes,60,"50,001–80,000"
V03505,Hatchback,4,164721,100,1791,44,13.5,12.85,44,41,Worn,Low,11,No,90,"80,001+"
V03506,Truck,3,6473,95,2675,26,19.8,12.74,45,37,Good,Low,10,No,70,"50,001–80,000"
V03507,SUV,13,16046,88,2970,24,5.9,12.46,39,30,Moderate,High,3,No,50,"25,001–50,000"
V03508,SUV,12,169158,93,1998,31,19.3,11.82,30,91,Good,Low,3,Yes,90,"80,001+"
V03509,Sedan,14,7663,96,1972,43,9.6,11.62,41,107,Worn,High,8,No,70,"50,001–80,000"
V03510,Truck,13,12396,108,2946,35,18.2,11.27,41,57,Worn,Low,1,Yes,70,"50,001–80,000"
V03511,Truck,2,58083,107,2744,23,16.8,11.43,39,63,Worn,Medium,1,No,60,"50,001–80,000"
V03512,SUV,10,182021,110,2500,26,15.8,12.25,39,109,Good,High,7,No,40,"25,001–50,000"
V03513,SUV,12,113400,102,2465,49,19.2,12.84,34,48,Good,Low,8,Yes,70,"50,001–80,000"
V03514,SUV,1,82471,89,1691,26,8.9,11.13,30,82,Worn,Medium,8,No,80,"80,001+"
V03515,Truck,13,64134,91,2888,27,8.7,12.3,35,73,Critical,Medium,2,No,50,"25,001–50,000"
V03516,Hatchback,5,197106,100,2103,24,8.6,11.87,42,85,Worn,High,1,No,60,"50,001–80,000"
V03517,Hatchback,9,85878,100,2715,50,7.6,12.75,32,100,Good,High,7,Yes,80,"80,001+"
V03518,SUV,1,39645,85,2019,20,9.0,12.98,42,104,Critical,Medium,6,No,60,"50,001–80,000"
V03519,Hatchback,1,145641,91,2908,23,15.3,11.78,30,55,Critical,High,12,No,30,"10,001–25,000"
V03520,Truck,2,30544,89,2421,39,11.8,11.06,35,79,Critical,High,12,Yes,50,"25,001–50,000"
V03521,SUV,6,57768,109,2469,28,6.5,12.06,36,109,Critical,High,2,No,20,"10,001–25,000"
V03522,Hatchback,12,125617,103,1590,44,18.7,12.53,34,35,Good,Low,3,No,70,"50,001–80,000"
V03523,Sedan,5,119699,107,2626,26,17.0,11.13,32,64,Critical,Medium,8,No,40,"25,001–50,000"
V03524,Sedan,9,74065,104,2727,26,7.5,12.1,36,100,Good,Medium,4,No,60,"50,001–80,000"
V03525,Hatchback,9,25802,98,1683,45,15.6,12.52,40,37,Critical,Low,6,Yes,80,"80,001+"
V03526,SUV,10,6042,107,2275,24,5.8,12.46,44,40,Worn,Low,1,No,60,"50,001–80,000"
V03527,Hatchback,14,159381,106,2020,27,17.0,11.41,42,39,Moderate,Medium,11,Yes,40,"25,001–50,000"
V03528,Sedan,7,189645,105,2555,40,18.0,12.52,34,31,Moderate,Low,10,Yes,70,"50,001–80,000"
V03529,Sedan,11,190791,87,2605,43,10.7,11.09,38,103,Good,Medium,4,No,90,"80,001+"
V03530,Sedan,3,71581,102,1837,40,7.0,12.58,33,68,Moderate,High,6,Yes,60,"50,001–80,000"
V03531,Hatchback,6,175322,94,1595,22,17.7,11.49,31,47,Critical,High,2,No,40,"25,001–50,000"
V03532,Truck,3,36223,101,2153,50,9.0,11.76,37,32,Good,Medium,5,Yes,80,"80,001+"
V03533,Hatchback,8,176504,101,1955,44,16.9,12.93,42,33,Moderate,High,2,No,60,"50,001–80,000"
V03534,Sedan,6,139755,94,2970,50,11.5,12.43,34,39,Moderate,Medium,5,No,100,"80,001+"
V03535,Truck,12,62962,104,1920,26,14.2,12.16,34,76,Worn,Low,1,Yes,50,"25,001–50,000"
V03536,Hatchback,3,26301,87,1991,46,9.9,11.94,44,104,Good,High,2,No,80,"80,001+"
V03537,Sedan,14,142097,94,1504,27,15.9,12.58,32,45,Moderate,High,4,Yes,50,"25,001–50,000"
V03538,Sedan,7,18380,86,2945,34,7.2,11.88,38,39,Moderate,Low,5,No,100,"80,001+"
V03539,Hatchback,8,123290,97,2454,28,14.6,11.71,40,39,Moderate,Medium,2,No,80,"80,001+"
V03540,Hatchback,11,14169,110,2349,22,15.9,12.9,41,105,Moderate,High,5,No,30,"10,001–25,000"
V03541,Sedan,3,78169,92,2884,27,9.3,11.17,40,72,Critical,High,8,Yes,40,"25,001–50,000"
V03542,Hatchback,12,111689,89,1989,48,18.7,11.71,36,34,Moderate,High,11,Yes,60,"50,001–80,000"
V03543,Truck,15,139486,105,2150,31,14.2,12.13,40,77,Good,Medium,4,Yes,70,"50,001–80,000"
V03544,Hatchback,9,55199,104,1761,33,17.3,11.58,38,72,Good,Low,2,No,80,"80,001+"
V03545,Hatchback,3,154938,105,2686,20,12.9,11.33,43,88,Critical,High,10,No,10,"0–10,000"
V03546,Truck,6,7547,97,2108,48,19.4,12.16,45,42,Good,Low,5,Yes,100,"80,001+"
V03547,Truck,11,36094,97,1770,34,16.1,11.03,38,54,Worn,Medium,9,No,80,"80,001+"
V03548,Hatchback,11,108559,89,1698,44,12.6,12.74,41,85,Good,High,6,Yes,70,"50,001–80,000"
V03549,Truck,14,16581,93,2864,24,5.3,11.79,41,70,Worn,Low,7,Yes,70,"50,001–80,000"
V03550,SUV,12,105744,109,1903,43,10.1,12.46,45,84,Moderate,Low,8,Yes,70,"50,001–80,000"
V03551,Hatchback,7,40592,88,2071,49,14.3,12.78,43,57,Worn,Medium,10,Yes,90,"80,001+"
V03552,Hatchback,7,42127,96,2348,26,8.7,11.98,41,101,Moderate,High,5,No,60,"50,001–80,000"
V03553,Sedan,10,64034,96,2830,37,12.4,12.74,45,62,Critical,Low,12,Yes,70,"50,001–80,000"
V03554,SUV,7,20303,91,2213,34,14.4,11.82,38,46,Good,High,12,Yes,70,"50,001–80,000"
V03555,Sedan,12,20213,85,1970,50,8.7,11.57,31,104,Critical,Medium,7,No,70,"50,001–80,000"
V03556,Truck,2,55438,108,2719,29,9.3,11.8,37,73,Moderate,High,6,Yes,40,"25,001–50,000"
V03557,SUV,15,175154,88,2001,27,19.1,12.52,40,88,Good,Medium,5,No,70,"50,001–80,000"
V03558,Truck,15,73716,88,1605,50,17.1,12.12,45,103,Worn,High,8,Yes,70,"50,001–80,000"
V03559,Sedan,12,81973,97,2370,46,6.0,12.26,37,83,Critical,Medium,4,No,70,"50,001–80,000"
V03560,Sedan,13,76909,103,1638,31,7.0,11.17,34,68,Good,Medium,11,No,60,"50,001–80,000"
V03561,SUV,11,117712,94,2563,50,8.1,11.77,32,78,Moderate,Low,7,No,90,"80,001+"
V03562,SUV,6,19140,90,2099,39,7.2,12.67,32,97,Critical,High,5,Yes,60,"50,001–80,000"
V03563,Hatchback,7,134745,91,2031,31,19.3,12.98,41,63,Worn,Medium,6,Yes,100,"80,001+"
V03564,Sedan,2,111116,103,2994,41,11.9,11.81,30,83,Critical,Medium,1,No,60,"50,001–80,000"
V03565,Hatchback,7,182102,105,2952,24,12.1,11.36,45,56,Critical,Medium,12,No,30,"10,001–25,000"
V03566,Truck,14,147492,108,1715,22,16.4,12.46,37,59,Critical,Low,1,Yes,30,"10,001–25,000"
V03567,Sedan,10,57905,102,2703,49,14.9,12.27,30,64,Worn,Medium,1,No,80,"80,001+"
V03568,Sedan,7,76784,104,1924,23,6.1,12.41,42,51,Worn,Medium,3,No,60,"50,001–80,000"
V03569,Hatchback,5,34754,100,1761,39,13.2,11.55,33,67,Moderate,Medium,7,No,100,"80,001+"
V03570,Truck,2,61378,102,2772,43,5.2,11.13,36,103,Moderate,Low,9,Yes,70,"50,001–80,000"
V03571,Truck,8,70435,89,1876,23,14.7,12.2,36,98,Moderate,High,8,Yes,60,"50,001–80,000"
V03572,Hatchback,14,68532,96,2729,42,9.2,12.18,39,97,Moderate,High,3,Yes,70,"50,001–80,000"
V03573,Truck,15,133468,97,2650,49,6.2,12.32,34,92,Critical,Medium,8,No,70,"50,001–80,000"
V03574,SUV,7,197561,85,2224,34,17.1,12.77,37,98,Worn,High,5,No,80,"80,001+"
V03575,SUV,6,178672,92,2148,25,8.9,12.85,38,109,Critical,Medium,12,Yes,50,"25,001–50,000"
V03576,Hatchback,4,194896,107,2452,36,17.4,11.62,38,40,Critical,Low,4,No,60,"50,001–80,000"
V03577,Hatchback,2,11966,98,2758,37,16.7,11.75,40,68,Moderate,Low,11,No,90,"80,001+"
V03578,Sedan,11,9407,102,2985,36,14.1,12.07,34,52,Moderate,Medium,4,Yes,70,"50,001–80,000"
V03579,Truck,15,69450,98,2365,42,6.2,12.17,42,69,Good,High,4,Yes,70,"50,001–80,000"
V03580,SUV,8,174697,110,1727,38,12.0,12.97,44,86,Good,Low,9,Yes,70,"50,001–80,000"
V03581,Hatchback,7,15043,93,2988,50,9.0,12.02,38,30,Critical,High,2,No,60,"50,001–80,000"
V03582,SUV,15,6830,100,1780,43,9.2,12.62,35,34,Worn,Medium,4,Yes,90,"80,001+"
V03583,Hatchback,15,51372,104,2426,25,13.8,12.36,43,42,Critical,Medium,4,Yes,30,"10,001–25,000"
V03584,Hatchback,8,22778,93,2260,45,15.4,11.77,35,104,Good,High,7,No,80,"80,001+"
V03585,SUV,11,98243,97,2981,46,15.7,12.33,38,71,Worn,High,2,No,70,"50,001–80,000"
V03586,Sedan,8,117714,85,1910,47,13.6,11.78,44,33,Critical,Medium,9,No,70,"50,001–80,000"
V03587,Hatchback,3,185736,103,2187,27,7.1,11.52,38,75,Worn,High,1,Yes,40,"25,001–50,000"
V03588,SUV,7,111441,104,2922,35,14.5,11.45,36,60,Moderate,High,11,Yes,50,"25,001–50,000"
V03589,SUV,12,39285,100,1805,31,17.4,11.37,40,93,Good,Medium,12,No,80,"80,001+"
V03590,Hatchback,12,181926,86,2333,37,18.2,12.33,32,103,Worn,Low,12,No,80,"80,001+"
V03591,Truck,10,186732,96,1518,22,5.7,12.21,30,94,Good,Medium,1,No,80,"80,001+"
V03592,SUV,10,104754,109,1849,42,17.1,12.64,32,88,Worn,Low,12,No,70,"50,001–80,000"
V03593,Hatchback,4,110171,102,2173,22,13.9,11.91,39,47,Worn,Medium,4,Yes,60,"50,001–80,000"
V03594,Hatchback,11,115608,88,2547,35,14.5,11.38,39,41,Moderate,Medium,12,No,80,"80,001+"
V03595,Hatchback,11,190348,85,2289,49,17.6,12.28,39,69,Critical,Low,11,Yes,60,"50,001–80,000"
V03596,Hatchback,8,49835,109,1770,37,13.9,12.46,34,109,Critical,Low,3,No,60,"50,001–80,000"
V03597,Truck,15,129892,97,2379,37,16.1,12.5,36,54,Worn,High,12,No,60,"50,001–80,000"
V03598,Sedan,14,54546,88,2512,37,8.9,11.93,33,97,Good,High,7,No,70,"50,001–80,000"
V03599,Sedan,12,10003,103,2282,45,19.6,12.91,37,71,Moderate,High,3,No,50,"25,001–50,000"
V03600,Truck,6,132104,100,2609,47,7.1,11.6,41,108,Worn,High,6,No,80,"80,001+"
V03601,Sedan,9,76535,107,2466,41,15.0,12.39,39,94,Good,High,4,No,60,"50,001–80,000"
V03602,Sedan,5,21314,101,2505,24,8.4,11.26,36,107,Moderate,Medium,7,Yes,60,"50,001–80,000"
V03603,Truck,2,111851,97,2131,22,16.7,11.58,42,55,Critical,Low,1,No,60,"50,001–80,000"
V03604,Truck,1,174545,103,2145,32,18.3,11.83,33,58,Moderate,High,7,No,60,"50,001–80,000"
V03605,Sedan,14,178557,100,2792,24,17.0,11.3,42,82,Critical,Low,3,No,50,"25,001–50,000"
V03606,Hatchback,5,18065,98,1596,38,7.9,11.08,40,52,Worn,High,1,No,80,"80,001+"
V03607,Truck,1,18890,94,2275,32,10.6,12.82,45,103,Moderate,Low,11,Yes,90,"80,001+"
V03608,Hatchback,14,6905,110,2056,47,19.9,11.52,37,69,Moderate,High,10,No,40,"25,001–50,000"
V03609,Hatchback,14,70318,110,1969,47,19.4,12.48,41,36,Worn,Medium,11,No,60,"50,001–80,000"
V03610,Sedan,5,61324,87,2576,34,12.9,11.63,38,99,Worn,High,9,Yes,70,"50,001–80,000"
V03611,Hatchback,13,172685,85,2018,46,16.0,11.13,44,46,Moderate,Medium,2,Yes,90,"80,001+"
V03612,SUV,13,180774,103,2291,24,12.9,11.12,30,75,Worn,High,9,No,20,"10,001–25,000"
V03613,SUV,7,19525,85,2816,25,8.1,12.17,33,90,Moderate,Low,1,Yes,80,"80,001+"
V03614,Hatchback,3,34414,106,2484,28,18.9,11.05,36,35,Critical,Low,6,No,40,"25,001–50,000"
V03615,Truck,2,174624,97,2944,32,12.9,11.71,40,63,Good,Low,6,Yes,100,"80,001+"
V03616,Truck,9,97532,101,2668,49,9.2,11.08,33,101,Worn,Low,4,Yes,80,"80,001+"
V03617,Sedan,13,68680,100,2622,38,10.3,11.53,43,57,Good,High,8,No,70,"50,001–80,000"
V03618,Sedan,4,81379,108,2953,40,16.4,11.8,40,32,Moderate,Medium,7,No,80,"80,001+"
V03619,Hatchback,15,71398,85,2772,41,10.1,11.13,30,49,Worn,Medium,5,Yes,90,"80,001+"
V03620,Sedan,4,93286,89,2978,46,9.8,11.42,39,80,Worn,Low,3,Yes,100,"80,001+"
V03621,Sedan,12,68183,85,1522,42,15.7,11.03,30,46,Moderate,High,8,No,70,"50,001–80,000"
V03622,Sedan,10,157508,107,2177,34,9.1,11.63,30,97,Moderate,Low,8,No,80,"80,001+"
V03623,Sedan,14,17517,94,1796,38,14.8,12.33,44,109,Critical,Low,8,No,70,"50,001–80,000"
V03624,SUV,5,161463,91,2478,49,12.2,12.06,38,103,Worn,High,6,Yes,80,"80,001+"
V03625,Hatchback,10,150091,97,1902,26,19.9,12.22,41,52,Good,Medium,12,Yes,70,"50,001–80,000"
V03626,SUV,14,75062,106,2287,34,14.2,11.36,45,47,Critical,Low,11,No,40,"25,001–50,000"
V03627,Truck,11,130977,94,2778,28,19.4,11.67,39,39,Worn,Medium,3,Yes,70,"50,001–80,000"
V03628,SUV,11,21724,92,2082,44,19.0,12.01,44,61,Moderate,High,5,Yes,70,"50,001–80,000"
V03629,Truck,15,139838,100,1545,32,16.8,12.28,34,84,Moderate,Low,1,No,90,"80,001+"
V03630,Hatchback,1,87807,101,2668,44,12.5,11.95,37,77,Good,High,11,Yes,50,"25,001–50,000"
V03631,Sedan,8,76568,95,2269,21,13.4,11.24,34,88,Moderate,High,10,Yes,50,"25,001–50,000"
V03632,Truck,9,41203,101,2029,43,9.2,12.13,45,87,Moderate,Low,11,Yes,70,"50,001–80,000"
V03633,SUV,9,156130,96,1622,37,18.1,12.49,42,37,Moderate,Low,5,Yes,100,"80,001+"
V03634,SUV,4,87745,109,2783,22,16.5,11.59,41,91,Good,High,8,Yes,40,"25,001–50,000"
V03635,SUV,9,87005,94,1748,45,8.6,11.53,42,70,Worn,Medium,10,No,90,"80,001+"
V03636,Truck,14,53186,96,1925,33,10.2,11.46,31,31,Moderate,Medium,11,Yes,80,"80,001+"
V03637,SUV,8,26637,102,2396,37,6.4,11.62,38,49,Critical,High,1,No,40,"25,001–50,000"
V03638,Truck,3,108571,106,2128,44,18.8,12.52,37,96,Good,High,6,Yes,60,"50,001–80,000"
V03639,Truck,7,146121,104,3000,35,11.6,12.47,31,30,Worn,Medium,10,No,70,"50,001–80,000"
V03640,Truck,8,180279,96,1910,48,17.3,12.85,30,100,Moderate,High,1,No,80,"80,001+"
V03641,Truck,2,146475,92,2536,38,8.1,11.55,32,76,Good,Medium,3,No,100,"80,001+"
V03642,Truck,1,105375,103,1583,22,10.8,11.73,32,64,Critical,Low,3,No,40,"25,001–50,000"
V03643,Hatchback,6,103063,106,2742,48,5.7,12.32,39,76,Worn,High,9,No,50,"25,001–50,000"
V03644,Hatchback,4,120081,93,2351,47,11.3,11.14,43,36,Moderate,Low,8,Yes,100,"80,001+"
V03645,Sedan,15,116769,88,2688,41,19.6,11.66,41,100,Moderate,Medium,6,Yes,90,"80,001+"
V03646,SUV,3,77181,106,2664,35,12.9,12.6,30,61,Worn,Medium,5,No,80,"80,001+"
V03647,SUV,10,139050,105,2209,38,19.3,12.23,35,34,Worn,Low,8,Yes,80,"80,001+"
V03648,Truck,9,144126,92,2444,29,15.4,12.73,35,34,Good,Low,2,Yes,80,"80,001+"
V03649,Hatchback,10,77513,104,2675,44,14.5,11.45,32,68,Critical,Medium,10,No,50,"25,001–50,000"
V03650,Sedan,11,177881,104,1844,48,11.1,11.48,37,42,Moderate,Medium,8,Yes,70,"50,001–80,000"
V03651,SUV,14,96189,104,2806,21,13.1,12.59,36,31,Moderate,Low,1,Yes,50,"25,001–50,000"
V03652,SUV,9,9265,105,1908,30,10.2,12.66,45,36,Worn,Low,2,No,80,"80,001+"
V03653,Hatchback,7,22656,98,1821,20,14.8,11.17,35,93,Critical,Low,1,Yes,60,"50,001–80,000"
V03654,SUV,14,107600,102,2932,42,18.5,11.75,31,98,Critical,Medium,5,Yes,50,"25,001–50,000"
V03655,SUV,12,61040,109,2472,27,9.9,11.76,41,81,Moderate,Medium,12,No,40,"25,001–50,000"
V03656,Sedan,11,194441,109,2188,31,13.5,12.39,45,49,Moderate,Medium,7,Yes,70,"50,001–80,000"
V03657,SUV,2,176390,97,2071,28,15.3,12.34,41,40,Moderate,Medium,12,Yes,70,"50,001–80,000"
V03658,Truck,14,190517,89,1777,37,16.4,11.36,41,63,Critical,Medium,2,Yes,70,"50,001–80,000"
V03659,Hatchback,14,117607,101,1933,48,5.0,11.8,32,89,Moderate,Medium,9,No,60,"50,001–80,000"
V03660,SUV,15,23637,88,1816,26,10.8,11.79,32,104,Moderate,High,4,No,50,"25,001–50,000"
V03661,Hatchback,10,192427,102,2239,42,8.9,11.67,44,33,Moderate,Medium,4,Yes,80,"80,001+"
V03662,Hatchback,7,95209,102,2429,36,13.7,11.6,42,75,Critical,Medium,7,No,60,"50,001–80,000"
V03663,SUV,9,197764,108,2264,24,14.5,12.99,33,69,Worn,Low,2,No,60,"50,001–80,000"
V03664,Hatchback,11,166834,104,1982,22,11.7,11.13,31,49,Worn,High,4,No,30,"10,001–25,000"
V03665,SUV,4,105365,109,1929,25,19.1,12.15,45,104,Moderate,Low,10,Yes,50,"25,001–50,000"
V03666,Hatchback,4,121176,106,2163,28,9.4,12.63,44,47,Moderate,High,3,No,40,"25,001–50,000"
V03667,Sedan,6,8048,90,2630,39,7.9,11.35,35,81,Worn,High,10,No,70,"50,001–80,000"
V03668,Sedan,12,52107,91,1554,37,11.4,11.44,45,57,Worn,Low,10,Yes,80,"80,001+"
V03669,Truck,2,162078,107,1602,33,16.8,11.46,30,68,Moderate,Low,6,Yes,80,"80,001+"
V03670,SUV,11,87298,94,1862,48,5.7,12.73,39,52,Good,Low,10,Yes,80,"80,001+"
V03671,Sedan,7,114409,97,2708,35,7.5,12.13,41,33,Moderate,High,11,Yes,70,"50,001–80,000"
V03672,Hatchback,2,172099,94,2241,40,14.7,11.51,45,33,Critical,High,1,No,60,"50,001–80,000"
V03673,Sedan,6,161505,108,2342,35,5.8,12.43,45,99,Critical,High,9,No,30,"10,001–25,000"
V03674,Truck,4,149171,109,2722,49,10.0,11.38,33,54,Moderate,Medium,2,No,80,"80,001+"
V03675,Truck,14,177971,99,2839,50,6.2,11.18,32,95,Worn,High,8,Yes,70,"50,001–80,000"
V03676,Sedan,1,19134,101,2987,43,6.1,11.88,32,95,Good,High,9,No,50,"25,001–50,000"
V03677,Hatchback,10,146574,99,2222,25,12.1,11.05,32,39,Good,Low,11,Yes,70,"50,001–80,000"
V03678,SUV,2,67542,95,2001,33,17.3,11.35,43,103,Good,Low,12,No,90,"80,001+"
V03679,Truck,11,115696,92,1755,39,16.6,11.13,32,58,Worn,Low,6,Yes,90,"80,001+"
V03680,Hatchback,4,31296,87,2125,45,17.5,11.34,34,84,Critical,High,5,No,60,"50,001–80,000"
V03681,SUV,2,196555,97,2968,37,12.5,11.28,30,38,Moderate,Medium,9,No,90,"80,001+"
V03682,Sedan,9,29977,100,2549,47,12.0,11.92,35,76,Moderate,Medium,1,No,100,"80,001+"
V03683,Hatchback,7,118868,108,2592,37,5.1,12.68,40,66,Moderate,High,3,Yes,60,"50,001–80,000"
V03684,Sedan,13,56150,101,2419,22,5.9,12.47,44,47,Good,Medium,4,Yes,50,"25,001–50,000"
V03685,Sedan,3,142602,105,2472,25,17.4,11.08,40,48,Good,Medium,5,Yes,60,"50,001–80,000"
V03686,Hatchback,5,10706,104,1631,43,18.0,12.73,39,55,Critical,Medium,9,No,50,"25,001–50,000"
V03687,SUV,8,113966,104,2536,26,11.1,12.09,45,92,Worn,Low,2,Yes,60,"50,001–80,000"
V03688,Hatchback,10,102610,106,1737,34,9.0,12.62,39,93,Worn,Low,10,Yes,70,"50,001–80,000"
V03689,Truck,10,74723,106,2436,43,6.4,11.88,44,109,Worn,Medium,12,Yes,70,"50,001–80,000"
V03690,SUV,4,96361,86,2302,30,19.2,12.9,33,43,Moderate,High,10,No,70,"50,001–80,000"
V03691,SUV,4,79330,106,1899,37,11.6,12.34,36,110,Moderate,Low,4,No,80,"80,001+"
V03692,SUV,6,23211,87,2410,39,7.8,12.51,36,64,Moderate,High,6,Yes,80,"80,001+"
V03693,Hatchback,6,140033,85,2086,46,15.1,12.74,39,99,Worn,Low,11,No,90,"80,001+"
V03694,Hatchback,13,27225,99,2723,29,6.1,11.13,33,66,Worn,Low,5,No,70,"50,001–80,000"
V03695,Sedan,11,120820,98,2502,44,15.1,11.92,40,89,Worn,Medium,2,No,90,"80,001+"
V03696,Sedan,7,101419,100,1560,20,15.5,12.44,40,65,Worn,High,8,Yes,60,"50,001–80,000"
V03697,Hatchback,15,95787,103,2869,37,9.8,11.73,45,51,Worn,High,6,Yes,50,"25,001–50,000"
V03698,Hatchback,1,159476,100,2908,31,19.1,11.02,30,110,Critical,High,9,Yes,50,"25,001–50,000"
V03699,SUV,14,94007,92,2947,26,14.6,12.64,41,90,Critical,High,1,Yes,30,"10,001–25,000"
V03700,Sedan,12,107852,108,1844,22,16.9,12.77,44,53,Worn,High,11,No,20,"10,001–25,000"
V03701,Sedan,14,135793,102,2902,39,20.0,11.97,38,32,Worn,Medium,11,Yes,60,"50,001–80,000"
V03702,Truck,3,52661,104,2225,20,19.8,11.63,42,110,Moderate,Medium,4,No,60,"50,001–80,000"
V03703,Sedan,11,186483,102,1701,41,5.5,11.18,41,70,Moderate,Medium,8,No,70,"50,001–80,000"
V03704,SUV,13,131675,107,1852,25,13.4,11.59,45,59,Worn,High,10,No,20,"10,001–25,000"
V03705,Hatchback,2,85634,86,2533,33,9.1,12.51,30,37,Critical,Medium,1,Yes,80,"80,001+"
V03706,Sedan,1,37761,105,2726,43,14.7,12.52,32,63,Moderate,Medium,8,Yes,80,"80,001+"
V03707,SUV,7,14523,99,1680,44,16.2,11.09,39,87,Good,High,4,Yes,80,"80,001+"
V03708,SUV,7,17830,87,2779,25,13.7,11.12,30,67,Good,Medium,6,Yes,80,"80,001+"
V03709,Truck,6,71051,95,2844,25,8.2,12.44,36,40,Worn,High,6,Yes,60,"50,001–80,000"
V03710,Truck,15,98979,101,2818,24,18.7,12.8,39,101,Good,Low,9,Yes,40,"25,001–50,000"
V03711,Truck,1,86807,85,2412,26,14.5,12.87,30,90,Worn,Low,8,No,80,"80,001+"
V03712,Hatchback,10,145019,85,2422,22,17.6,12.23,31,108,Good,High,5,Yes,60,"50,001–80,000"
V03713,Truck,13,132274,90,1985,36,17.9,12.64,38,69,Good,Low,9,No,80,"80,001+"
V03714,Truck,12,94136,98,2112,49,17.7,11.98,39,101,Moderate,Low,10,Yes,80,"80,001+"
V03715,Truck,11,155992,110,1871,47,19.2,11.51,31,46,Critical,High,11,No,20,"10,001–25,000"
V03716,Truck,8,82609,110,1738,24,13.6,12.97,32,54,Critical,Low,5,Yes,40,"25,001–50,000"
V03717,Truck,4,174939,104,1978,33,19.2,11.43,38,53,Moderate,Medium,7,No,80,"80,001+"
V03718,Truck,10,126225,92,2815,36,19.7,11.81,35,47,Worn,Low,6,Yes,100,"80,001+"
V03719,Hatchback,1,67835,99,2159,20,13.6,11.02,44,30,Good,Low,11,Yes,70,"50,001–80,000"
V03720,Hatchback,9,147746,96,1766,42,13.7,11.46,31,103,Critical,High,5,No,60,"50,001–80,000"
V03721,Sedan,5,134093,95,2104,43,8.2,12.22,34,33,Critical,Medium,12,Yes,70,"50,001–80,000"
V03722,Hatchback,5,56193,86,2848,47,7.7,11.0,45,35,Worn,Medium,3,Yes,100,"80,001+"
V03723,Hatchback,1,96125,105,1900,34,14.5,12.34,35,72,Good,Medium,11,Yes,70,"50,001–80,000"
V03724,SUV,12,161974,97,1998,32,10.1,12.58,43,107,Good,Medium,6,No,90,"80,001+"
V03725,Sedan,10,16314,105,1575,30,6.5,12.21,42,98,Good,High,3,Yes,60,"50,001–80,000"
V03726,SUV,1,57331,110,1916,44,9.3,12.78,33,45,Critical,High,7,Yes,40,"25,001–50,000"
V03727,Sedan,2,162848,109,1978,49,7.8,12.93,41,33,Good,Medium,5,Yes,80,"80,001+"
V03728,SUV,11,94183,105,2132,20,13.7,12.58,36,88,Critical,Low,4,Yes,30,"10,001–25,000"
V03729,SUV,7,106096,97,2721,25,5.5,12.45,41,101,Critical,High,7,Yes,40,"25,001–50,000"
V03730,Sedan,7,197629,103,2733,50,5.4,11.42,45,59,Worn,Low,7,Yes,80,"80,001+"
V03731,SUV,12,148344,107,1626,32,18.6,11.12,31,66,Good,Low,9,Yes,60,"50,001–80,000"
V03732,Sedan,10,56005,104,2675,25,8.3,12.07,34,110,Good,Medium,11,No,50,"25,001–50,000"
V03733,Truck,9,151110,93,2767,26,16.2,12.28,38,107,Moderate,High,1,Yes,60,"50,001–80,000"
V03734,Sedan,12,143805,95,1765,37,6.8,11.55,30,91,Critical,Medium,4,No,70,"50,001–80,000"
V03735,Hatchback,9,141778,91,2225,50,16.2,11.76,42,84,Critical,Medium,9,Yes,70,"50,001–80,000"
V03736,Sedan,3,146957,91,1570,49,8.3,11.67,39,76,Worn,Medium,11,Yes,90,"80,001+"
V03737,Sedan,2,184123,110,2375,47,7.3,12.43,38,57,Good,Medium,1,No,80,"80,001+"
V03738,SUV,2,190259,107,2148,43,19.9,12.79,43,33,Moderate,Low,1,Yes,80,"80,001+"
V03739,SUV,11,158435,96,2360,45,9.2,11.44,39,77,Worn,Medium,9,No,80,"80,001+"
V03740,Truck,12,34455,105,2539,27,19.6,11.61,32,84,Worn,High,4,No,30,"10,001–25,000"
V03741,Truck,2,133287,107,2783,29,7.2,11.73,41,63,Good,Medium,11,No,50,"25,001–50,000"
V03742,SUV,12,94525,96,2500,20,16.2,11.74,42,76,Worn,Low,11,Yes,60,"50,001–80,000"
V03743,SUV,12,111458,88,2762,21,8.6,12.02,43,61,Moderate,Low,4,No,70,"50,001–80,000"
V03744,Sedan,11,41474,102,2000,36,19.4,11.6,44,97,Moderate,Medium,3,Yes,70,"50,001–80,000"
V03745,Sedan,7,109960,96,1599,23,15.9,11.92,41,98,Critical,Medium,11,Yes,50,"25,001–50,000"
V03746,Sedan,1,66256,102,1505,41,12.9,12.49,37,85,Worn,Medium,2,Yes,80,"80,001+"
V03747,Sedan,11,91895,92,1798,45,13.2,12.11,42,110,Worn,High,2,No,70,"50,001–80,000"
V03748,SUV,11,34413,93,2390,40,14.4,12.96,41,40,Good,Medium,10,No,80,"80,001+"
V03749,Sedan,10,20668,101,2627,24,18.8,11.85,40,101,Moderate,Medium,9,Yes,50,"25,001–50,000"
V03750,SUV,11,70526,105,2676,32,13.7,12.86,34,108,Critical,High,8,Yes,30,"10,001–25,000"
V03751,Hatchback,13,167220,96,2243,41,9.7,12.56,38,82,Good,Low,1,Yes,90,"80,001+"
V03752,Hatchback,7,17285,105,2586,35,18.1,12.7,38,100,Worn,High,2,Yes,60,"50,001–80,000"
V03753,Sedan,3,97830,99,2793,41,14.0,11.24,41,54,Moderate,Medium,12,No,90,"80,001+"
V03754,Sedan,5,67494,101,2194,20,8.0,11.75,31,30,Moderate,High,10,Yes,30,"10,001–25,000"
V03755,SUV,9,186562,109,2456,49,11.6,11.47,42,106,Critical,High,10,Yes,30,"10,001–25,000"
V03756,Hatchback,14,114069,109,1832,40,11.1,12.92,45,77,Worn,High,11,Yes,40,"25,001–50,000"
V03757,Hatchback,13,101255,103,2686,37,15.1,11.93,32,38,Critical,High,7,No,30,"10,001–25,000"
V03758,Sedan,2,64259,85,2538,45,15.1,11.24,36,63,Good,High,3,No,80,"80,001+"
V03759,Truck,8,115227,93,1899,32,18.9,11.83,32,102,Moderate,Medium,3,Yes,100,"80,001+"
V03760,Truck,11,132011,95,2660,48,7.8,11.55,36,68,Critical,Medium,6,No,70,"50,001–80,000"
V03761,Hatchback,12,124009,104,1546,42,8.4,11.81,33,86,Critical,Medium,3,No,50,"25,001–50,000"
V03762,SUV,5,38296,95,2170,24,9.8,11.37,35,67,Critical,High,2,Yes,40,"25,001–50,000"
V03763,Sedan,3,141100,85,2955,26,19.6,11.14,45,68,Worn,Low,2,Yes,80,"80,001+"
V03764,Truck,13,8672,101,2980,23,14.7,13.0,37,110,Moderate,High,3,Yes,30,"10,001–25,000"
V03765,Truck,1,51826,93,2941,30,15.5,11.48,41,71,Good,Medium,9,Yes,90,"80,001+"
V03766,Truck,15,131182,89,1768,29,19.0,12.39,44,42,Good,High,3,No,50,"25,001–50,000"
V03767,Truck,8,97268,96,2917,43,19.4,11.24,39,83,Worn,Low,12,No,90,"80,001+"
V03768,Truck,9,149760,94,2355,49,10.4,11.38,32,73,Good,Medium,8,No,100,"80,001+"
V03769,Truck,2,92707,104,1739,35,14.8,12.17,34,56,Worn,High,7,Yes,60,"50,001–80,000"
V03770,Hatchback,11,49163,97,1927,22,14.9,12.15,45,73,Worn,High,5,Yes,50,"25,001–50,000"
V03771,Sedan,9,77430,100,2765,50,15.3,11.72,34,49,Good,Medium,9,No,90,"80,001+"
V03772,SUV,12,66479,90,1589,35,5.5,11.3,36,94,Moderate,High,10,Yes,60,"50,001–80,000"
V03773,Truck,8,85641,102,2265,40,13.3,12.67,38,67,Critical,Medium,3,No,60,"50,001–80,000"
V03774,SUV,11,41811,93,1963,31,19.9,12.55,31,72,Critical,Medium,11,No,60,"50,001–80,000"
V03775,Truck,13,199007,104,2711,20,19.4,11.97,44,98,Worn,Medium,11,Yes,40,"25,001–50,000"
V03776,Hatchback,9,42966,89,1913,43,12.4,11.1,38,44,Moderate,High,10,No,70,"50,001–80,000"
V03777,Hatchback,5,60606,85,2236,21,14.2,11.53,40,52,Good,Medium,3,No,80,"80,001+"
V03778,Hatchback,4,164220,97,1982,48,9.0,12.02,31,30,Moderate,Medium,3,Yes,100,"80,001+"
V03779,Truck,14,5967,95,1759,33,18.0,12.86,31,56,Critical,High,11,Yes,40,"25,001–50,000"
V03780,Truck,1,155798,97,1987,44,8.3,12.08,33,73,Worn,Low,1,No,100,"80,001+"
V03781,SUV,14,94897,100,2021,37,12.0,12.16,30,94,Moderate,Medium,3,No,90,"80,001+"
V03782,Sedan,2,12326,104,2409,27,12.0,11.58,44,73,Worn,Medium,4,No,60,"50,001–80,000"
V03783,Sedan,8,162167,97,2971,40,10.0,11.7,44,84,Moderate,Medium,12,Yes,90,"80,001+"
V03784,Truck,9,35535,110,2419,35,6.5,12.53,34,31,Moderate,Medium,9,Yes,70,"50,001–80,000"
V03785,Hatchback,3,54890,93,2873,30,7.2,11.26,39,56,Good,Low,3,No,100,"80,001+"
V03786,SUV,5,77135,95,1821,42,10.7,12.7,31,65,Worn,High,5,Yes,80,"80,001+"
V03787,Truck,3,9208,95,2808,32,5.9,12.85,37,70,Critical,High,12,No,50,"25,001–50,000"
V03788,Hatchback,15,92565,104,1818,35,14.3,12.19,40,97,Good,High,8,Yes,50,"25,001–50,000"
V03789,Hatchback,7,92563,101,1985,43,5.9,11.17,30,67,Critical,High,2,Yes,40,"25,001–50,000"
V03790,Truck,5,53895,92,2955,26,13.9,12.31,43,70,Good,Low,11,Yes,70,"50,001–80,000"
V03791,Truck,1,133486,107,2041,28,19.1,11.31,39,55,Moderate,Low,1,Yes,60,"50,001–80,000"
V03792,Truck,14,43621,103,2471,32,11.1,12.67,34,77,Moderate,Medium,10,No,60,"50,001–80,000"
V03793,Truck,14,123904,109,2683,34,10.0,12.63,37,66,Worn,Low,12,No,60,"50,001–80,000"
V03794,Sedan,11,23370,101,1557,50,16.5,11.44,33,90,Good,High,4,Yes,50,"25,001–50,000"
V03795,SUV,4,110649,86,2594,39,12.0,11.29,41,34,Worn,Medium,8,Yes,100,"80,001+"
V03796,Sedan,14,66449,104,2782,46,8.2,12.81,45,103,Moderate,Low,1,Yes,70,"50,001–80,000"
V03797,Sedan,6,123980,89,2406,23,5.5,11.46,39,108,Worn,High,6,Yes,60,"50,001–80,000"
V03798,Hatchback,5,198565,99,2638,34,13.3,11.55,31,95,Critical,High,3,No,60,"50,001–80,000"
V03799,Sedan,6,106604,99,2115,35,9.8,12.13,45,68,Moderate,High,1,No,80,"80,001+"
V03800,SUV,11,153033,104,2711,49,18.6,12.01,31,61,Critical,Low,6,Yes,50,"25,001–50,000"
V03801,SUV,9,14831,95,2158,41,5.4,12.74,43,31,Moderate,High,8,Yes,80,"80,001+"
V03802,Hatchback,8,156224,100,2620,25,10.7,12.98,44,82,Worn,High,9,Yes,50,"25,001–50,000"
V03803,Sedan,12,19562,110,2992,49,6.9,11.12,32,53,Critical,High,8,No,30,"10,001–25,000"
V03804,SUV,2,159701,91,2165,23,11.7,11.1,36,54,Moderate,Low,2,Yes,80,"80,001+"
V03805,Hatchback,14,56058,99,1983,49,15.6,12.07,38,53,Worn,Medium,11,Yes,80,"80,001+"
V03806,Hatchback,5,23612,96,2159,36,18.6,11.5,42,90,Worn,Low,1,No,100,"80,001+"
V03807,Hatchback,2,71399,101,2230,40,6.6,12.8,44,60,Critical,Low,6,Yes,60,"50,001–80,000"
V03808,Hatchback,1,166801,87,2657,35,12.5,12.42,37,77,Critical,Low,10,Yes,70,"50,001–80,000"
V03809,Truck,6,13346,93,2519,27,13.8,11.59,41,68,Good,Low,11,No,70,"50,001–80,000"
V03810,Truck,14,87103,106,2799,42,5.3,12.85,31,71,Critical,Medium,2,No,50,"25,001–50,000"
V03811,Hatchback,15,56169,102,2740,31,16.4,11.2,35,47,Worn,Low,5,No,70,"50,001–80,000"
V03812,SUV,3,77011,95,2580,34,15.0,12.73,38,82,Worn,Medium,12,Yes,90,"80,001+"
V03813,SUV,2,184354,100,2790,44,19.1,12.9,34,95,Worn,Low,3,No,100,"80,001+"
V03814,Hatchback,13,92472,106,1696,41,11.9,11.28,34,40,Critical,Low,7,Yes,50,"25,001–50,000"
V03815,Truck,12,55394,110,2449,32,15.1,11.13,32,43,Good,Medium,6,No,70,"50,001–80,000"
V03816,Hatchback,5,114800,98,1545,21,12.8,11.49,42,52,Moderate,Low,11,Yes,70,"50,001–80,000"
V03817,Hatchback,15,126266,107,2236,37,11.1,12.64,30,101,Moderate,Low,9,Yes,60,"50,001–80,000"
V03818,Sedan,3,163124,89,1643,38,12.8,12.86,32,59,Worn,Medium,1,No,100,"80,001+"
V03819,Hatchback,13,179770,107,2277,49,16.3,12.46,38,87,Good,High,9,No,40,"25,001–50,000"
V03820,Hatchback,10,21649,90,2811,44,13.7,12.97,38,79,Good,High,8,Yes,80,"80,001+"
V03821,SUV,12,188745,103,2400,38,11.1,12.52,43,103,Worn,Medium,4,Yes,70,"50,001–80,000"
V03822,Truck,6,171998,104,2649,39,20.0,12.73,42,46,Moderate,High,8,Yes,60,"50,001–80,000"
V03823,Truck,12,79065,103,2918,21,9.0,11.85,35,96,Worn,High,7,Yes,30,"10,001–25,000"
V03824,Hatchback,2,122640,101,2160,21,13.6,11.05,45,93,Critical,Medium,12,Yes,30,"10,001–25,000"
V03825,SUV,14,84703,96,2935,37,18.6,11.1,37,69,Worn,Low,10,No,80,"80,001+"
V03826,Truck,2,190596,98,2263,43,17.8,12.88,42,55,Worn,High,10,Yes,70,"50,001–80,000"
V03827,Hatchback,13,91299,94,1630,43,10.8,12.23,38,90,Worn,Medium,7,No,90,"80,001+"
V03828,Hatchback,13,41744,87,1995,46,5.7,12.54,41,65,Good,Medium,5,No,90,"80,001+"
V03829,Truck,1,135103,89,2776,26,6.3,11.25,38,68,Critical,Low,10,Yes,50,"25,001–50,000"
V03830,Truck,3,156471,91,2281,27,5.2,11.4,40,80,Worn,Low,9,No,70,"50,001–80,000"
V03831,Sedan,5,133778,89,1901,41,8.5,12.06,40,90,Worn,Medium,11,No,90,"80,001+"
V03832,Truck,1,180288,108,1562,37,6.3,12.61,45,43,Critical,High,7,Yes,40,"25,001–50,000"
V03833,Hatchback,5,76277,88,2320,38,12.5,11.59,37,108,Critical,Low,8,Yes,80,"80,001+"
V03834,Hatchback,12,125023,101,2531,29,12.8,12.52,45,105,Worn,Low,12,Yes,40,"25,001–50,000"
V03835,Hatchback,6,8456,110,2883,38,14.4,12.73,35,83,Good,High,10,No,50,"25,001–50,000"
V03836,Sedan,5,78440,103,2547,23,8.8,11.47,43,82,Moderate,High,7,Yes,40,"25,001–50,000"
V03837,SUV,4,10803,104,2753,25,12.4,11.48,38,67,Critical,Medium,2,No,40,"25,001–50,000"
V03838,Truck,6,74750,99,2997,49,14.2,11.37,45,91,Worn,High,9,No,70,"50,001–80,000"
V03839,SUV,12,60280,87,2541,29,5.8,12.37,34,103,Critical,Medium,5,No,50,"25,001–50,000"
V03840,Truck,13,19155,104,1538,23,18.6,11.93,30,36,Moderate,Medium,11,No,40,"25,001–50,000"
V03841,Hatchback,10,75180,110,1575,22,9.1,11.33,34,31,Critical,Medium,1,Yes,40,"25,001–50,000"
V03842,Sedan,3,101198,104,2701,23,17.9,12.92,31,84,Critical,High,6,Yes,20,"10,001–25,000"
V03843,SUV,1,72919,105,2558,39,13.1,12.37,44,80,Good,High,5,No,60,"50,001–80,000"
V03844,Truck,2,6520,86,2032,25,13.9,12.12,37,31,Worn,Medium,10,No,70,"50,001–80,000"
V03845,Truck,6,126077,88,1653,40,5.2,12.77,33,99,Critical,Low,5,Yes,80,"80,001+"
V03846,Truck,2,142239,97,1804,34,16.2,12.77,43,97,Critical,Low,3,Yes,80,"80,001+"
V03847,Hatchback,9,84267,105,1542,49,7.7,12.64,30,36,Worn,Medium,2,Yes,80,"80,001+"
V03848,SUV,14,8806,94,2409,33,5.8,11.45,37,44,Good,Medium,3,No,90,"80,001+"
V03849,Truck,10,44736,108,2178,37,19.3,12.85,43,71,Moderate,Medium,9,Yes,70,"50,001–80,000"
V03850,Hatchback,10,118381,108,1545,40,6.5,11.37,36,103,Moderate,High,10,No,50,"25,001–50,000"
V03851,Truck,1,167998,101,2988,48,12.4,12.36,45,54,Worn,Medium,6,Yes,80,"80,001+"
V03852,SUV,13,118811,97,1705,33,7.2,11.45,45,43,Worn,Low,12,No,80,"80,001+"
V03853,Sedan,15,81709,109,1601,21,9.9,12.96,37,77,Worn,High,4,No,30,"10,001–25,000"
V03854,Hatchback,12,43579,97,2166,34,9.3,12.8,34,77,Worn,Medium,10,Yes,80,"80,001+"
V03855,Truck,11,154627,96,2713,49,11.7,11.92,30,47,Critical,High,11,Yes,40,"25,001–50,000"
V03856,Hatchback,10,66756,99,2016,35,19.1,11.4,31,83,Good,Low,1,No,100,"80,001+"
V03857,Hatchback,15,189790,92,2180,32,12.1,11.72,36,89,Good,Medium,1,No,90,"80,001+"
V03858,Sedan,9,180937,93,2981,33,13.6,11.79,34,64,Moderate,Medium,11,No,90,"80,001+"
V03859,SUV,1,173793,100,2054,22,17.7,11.98,35,38,Worn,High,6,Yes,60,"50,001–80,000"
V03860,Hatchback,7,129432,92,2843,46,18.1,11.35,44,110,Moderate,Medium,9,No,90,"80,001+"
V03861,Sedan,9,191381,102,2835,20,16.4,12.66,33,107,Critical,High,5,Yes,20,"10,001–25,000"
V03862,Truck,9,194912,108,1955,21,9.3,11.77,30,48,Good,Low,11,No,50,"25,001–50,000"
V03863,Truck,5,86576,95,2915,21,6.9,11.06,42,86,Critical,High,1,No,40,"25,001–50,000"
V03864,Truck,10,192015,99,2050,27,13.0,12.12,45,39,Moderate,Low,12,Yes,70,"50,001–80,000"
V03865,Hatchback,8,109478,89,2607,49,6.1,12.92,38,73,Worn,High,9,Yes,70,"50,001–80,000"
V03866,Truck,8,71294,97,2344,22,11.8,11.26,39,64,Worn,High,3,Yes,60,"50,001–80,000"
V03867,Sedan,8,176951,88,2947,24,16.1,11.97,30,102,Worn,Medium,8,Yes,80,"80,001+"
V03868,Truck,3,152501,105,2017,46,18.4,11.09,30,61,Good,High,10,Yes,50,"25,001–50,000"
V03869,Truck,7,150935,107,2073,46,11.4,12.07,37,92,Good,Medium,12,No,70,"50,001–80,000"
V03870,Hatchback,2,32630,110,1684,22,9.0,11.35,36,62,Good,Low,12,No,50,"25,001–50,000"
V03871,SUV,3,76644,108,2129,24,16.7,11.07,32,70,Critical,High,11,Yes,10,"0–10,000"
V03872,SUV,9,194819,108,2213,28,12.8,11.83,39,46,Moderate,Low,4,Yes,60,"50,001–80,000"
V03873,Hatchback,1,53151,100,1687,30,12.8,12.19,43,41,Critical,Medium,12,Yes,70,"50,001–80,000"
V03874,Sedan,4,180230,93,1684,50,9.2,12.48,36,45,Critical,Low,2,Yes,80,"80,001+"
V03875,Hatchback,12,165193,85,2872,21,12.7,12.97,34,93,Critical,Medium,10,Yes,40,"25,001–50,000"
V03876,Truck,9,164314,85,2959,33,13.8,11.76,37,58,Moderate,Low,7,No,100,"80,001+"
V03877,SUV,4,139023,94,2784,24,7.2,12.37,30,47,Critical,High,10,No,30,"10,001–25,000"
V03878,Hatchback,7,117843,100,1543,34,15.5,11.27,44,37,Moderate,Low,10,Yes,90,"80,001+"
V03879,Hatchback,11,175831,108,1760,29,6.5,12.63,33,34,Moderate,Low,12,Yes,40,"25,001–50,000"
V03880,SUV,2,121509,110,2644,39,5.7,12.66,31,58,Good,High,6,Yes,60,"50,001–80,000"
V03881,Sedan,6,195769,100,1639,33,13.9,12.31,41,108,Moderate,High,9,No,70,"50,001–80,000"
V03882,Hatchback,4,180684,108,1736,40,8.9,11.84,45,96,Moderate,Low,3,No,80,"80,001+"
V03883,Sedan,11,163374,94,1650,31,14.7,12.63,42,73,Worn,Medium,4,Yes,90,"80,001+"
V03884,Truck,11,123028,99,1605,23,7.9,11.53,43,81,Worn,Medium,3,Yes,70,"50,001–80,000"
V03885,Sedan,14,184822,96,2164,42,15.9,11.18,31,66,Worn,Medium,9,No,80,"80,001+"
V03886,Truck,12,13738,91,1730,32,10.8,11.15,35,53,Good,Medium,12,Yes,80,"80,001+"
V03887,Sedan,15,81495,87,1670,34,18.5,11.78,33,78,Moderate,High,6,Yes,70,"50,001–80,000"
V03888,Truck,11,162089,96,2108,43,17.7,12.22,33,57,Critical,High,9,No,40,"25,001–50,000"
V03889,Hatchback,1,170902,110,2639,44,18.3,12.39,36,69,Moderate,Low,1,Yes,80,"80,001+"
V03890,Hatchback,10,98193,88,2222,25,8.2,11.91,39,96,Worn,Medium,8,Yes,80,"80,001+"
V03891,SUV,9,77224,86,2559,25,18.9,12.34,34,70,Worn,Medium,3,Yes,80,"80,001+"
V03892,Truck,4,57351,100,2094,23,10.5,11.89,35,82,Critical,Low,12,No,50,"25,001–50,000"
V03893,Truck,3,29745,109,2624,48,17.3,12.62,37,48,Worn,Medium,12,Yes,70,"50,001–80,000"
V03894,SUV,14,18685,85,2531,32,18.6,12.74,31,85,Good,Medium,4,Yes,90,"80,001+"
V03895,Truck,7,71943,95,1741,24,14.2,11.71,34,31,Critical,Medium,12,No,50,"25,001–50,000"
V03896,Hatchback,4,62384,89,2721,46,14.9,12.76,33,93,Critical,Medium,9,No,70,"50,001–80,000"
V03897,SUV,3,142605,91,2932,21,7.0,11.53,39,31,Worn,Medium,7,No,80,"80,001+"
V03898,Truck,11,61739,104,1599,20,16.6,11.91,35,107,Critical,Medium,1,Yes,30,"10,001–25,000"
V03899,SUV,14,126397,104,2871,40,7.1,12.93,40,36,Worn,Low,10,Yes,60,"50,001–80,000"
V03900,Truck,8,15932,108,2917,28,6.1,11.74,36,38,Critical,Low,3,No,40,"25,001–50,000"
V03901,SUV,7,111948,88,1842,21,12.9,11.26,38,72,Good,High,8,No,60,"50,001–80,000"
V03902,Truck,15,18289,90,1576,41,10.3,11.58,35,70,Moderate,High,12,No,60,"50,001–80,000"
V03903,Truck,9,167809,102,2806,50,16.1,11.41,32,97,Good,Medium,9,Yes,70,"50,001–80,000"
V03904,SUV,4,101042,98,2227,23,5.2,12.1,34,90,Good,Medium,5,No,80,"80,001+"
V03905,SUV,15,109957,94,2004,23,9.9,11.48,30,41,Critical,Low,3,No,50,"25,001–50,000"
V03906,Hatchback,9,150484,103,1827,38,8.9,11.25,44,67,Good,High,8,Yes,60,"50,001–80,000"
V03907,Sedan,13,70782,108,1917,50,18.9,12.48,42,86,Moderate,Medium,12,No,60,"50,001–80,000"
V03908,SUV,9,168291,85,1646,39,10.9,12.31,31,73,Worn,Low,3,No,100,"80,001+"
V03909,Truck,13,86683,107,1906,28,10.3,11.98,31,99,Moderate,Low,9,No,40,"25,001–50,000"
V03910,Hatchback,9,21854,95,2338,36,9.9,11.45,37,60,Good,Medium,7,Yes,100,"80,001+"
V03911,SUV,3,107216,96,2984,50,18.4,11.8,45,34,Worn,Low,12,Yes,90,"80,001+"
V03912,Truck,2,161061,96,2933,48,13.7,11.49,37,40,Worn,Medium,12,Yes,90,"80,001+"
V03913,Hatchback,10,75536,103,1898,29,8.3,12.52,36,41,Critical,High,10,No,10,"0–10,000"
V03914,Truck,11,55852,109,1609,43,9.1,11.32,42,92,Critical,High,1,Yes,30,"10,001–25,000"
V03915,Truck,1,118419,90,1594,43,6.4,12.54,35,89,Good,Low,6,Yes,100,"80,001+"
V03916,Truck,1,29125,89,2554,33,16.1,12.01,35,94,Worn,Low,9,No,90,"80,001+"
V03917,Sedan,8,14605,110,2230,50,8.7,12.72,44,36,Critical,High,6,Yes,40,"25,001–50,000"
V03918,Hatchback,12,187442,91,2693,43,9.8,12.66,39,88,Worn,Medium,11,No,80,"80,001+"
V03919,Truck,11,91332,93,1686,30,8.3,12.74,30,70,Critical,Low,11,Yes,60,"50,001–80,000"
V03920,Hatchback,1,139675,100,1988,38,10.3,12.4,45,58,Good,High,8,No,80,"80,001+"
V03921,SUV,9,178074,109,2937,31,5.7,11.76,31,71,Good,Medium,2,No,80,"80,001+"
V03922,Hatchback,7,70700,102,1827,34,7.6,11.93,44,96,Worn,Medium,6,Yes,80,"80,001+"
V03923,SUV,5,177664,85,2750,37,5.9,12.02,43,73,Worn,Medium,8,No,100,"80,001+"
V03924,Sedan,14,120046,105,2366,38,18.9,12.45,42,45,Moderate,High,3,No,50,"25,001–50,000"
V03925,Sedan,6,149684,100,2959,28,8.8,12.11,34,110,Moderate,Low,9,No,70,"50,001–80,000"
V03926,Hatchback,4,40662,85,2902,29,16.4,12.61,35,37,Worn,Medium,1,No,80,"80,001+"
V03927,Truck,11,152823,89,2441,22,12.8,12.16,33,109,Moderate,Medium,12,No,60,"50,001–80,000"
V03928,Sedan,15,107428,100,2399,29,15.5,11.14,30,31,Critical,Medium,1,Yes,50,"25,001–50,000"
V03929,Sedan,5,140039,102,2269,27,14.2,12.69,41,106,Moderate,Medium,6,Yes,60,"50,001–80,000"
V03930,SUV,2,71607,107,2133,22,15.1,11.53,40,50,Critical,High,8,Yes,20,"10,001–25,000"
V03931,SUV,11,167476,107,1960,28,12.2,12.55,39,81,Moderate,High,1,Yes,30,"10,001–25,000"
V03932,Truck,10,148219,95,2216,42,15.0,12.34,37,43,Critical,Low,9,No,70,"50,001–80,000"
V03933,Truck,11,14367,100,2618,31,5.6,11.84,42,59,Worn,Low,4,Yes,90,"80,001+"
V03934,SUV,11,39886,89,2809,38,16.6,12.04,31,53,Critical,High,8,Yes,50,"25,001–50,000"
V03935,Truck,6,72596,108,2233,44,14.0,11.73,31,52,Critical,Medium,11,Yes,50,"25,001–50,000"
V03936,Sedan,11,196337,88,2404,43,13.8,12.6,35,67,Good,Medium,7,No,90,"80,001+"
V03937,SUV,7,169368,95,2639,47,10.0,11.95,40,107,Worn,Low,9,Yes,90,"80,001+"
V03938,Sedan,8,11785,104,1561,37,5.6,12.66,44,87,Worn,Medium,1,Yes,80,"80,001+"
V03939,Hatchback,9,176781,97,2605,30,11.2,11.01,34,66,Good,Medium,7,No,100,"80,001+"
V03940,Truck,6,34375,110,2019,34,18.9,12.79,45,68,Worn,High,7,Yes,60,"50,001–80,000"
V03941,Hatchback,11,160242,101,2546,22,5.5,11.93,42,99,Critical,Medium,1,Yes,30,"10,001–25,000"
V03942,Hatchback,15,14102,92,2908,40,12.7,12.55,32,97,Worn,High,12,No,60,"50,001–80,000"
V03943,Sedan,5,75766,89,2308,26,17.4,12.5,44,93,Good,High,10,No,50,"25,001–50,000"
V03944,Sedan,14,58280,105,1721,28,17.8,11.62,44,80,Good,High,6,Yes,30,"10,001–25,000"
V03945,Hatchback,1,158105,88,2433,49,16.4,11.23,37,42,Good,High,2,Yes,80,"80,001+"
V03946,Truck,1,195438,104,1539,44,8.2,11.34,34,65,Critical,Low,2,No,60,"50,001–80,000"
V03947,SUV,8,42497,85,2796,39,13.2,11.58,32,72,Good,Low,1,No,100,"80,001+"
V03948,Hatchback,7,47838,98,1818,39,7.2,12.61,38,75,Good,Low,9,Yes,90,"80,001+"
V03949,Truck,2,188736,90,2365,24,13.9,12.67,44,78,Moderate,Low,6,No,80,"80,001+"
V03950,Truck,5,159653,103,1674,21,14.6,12.17,33,49,Worn,High,3,Yes,40,"25,001–50,000"
V03951,Hatchback,3,104249,96,2976,20,15.8,11.87,33,107,Good,Medium,5,No,80,"80,001+"
V03952,Truck,14,37124,103,1689,32,13.2,12.66,35,58,Worn,Low,11,Yes,60,"50,001–80,000"
V03953,Hatchback,1,163629,96,2420,46,17.0,11.31,33,98,Critical,Medium,10,Yes,70,"50,001–80,000"
V03954,Sedan,4,157289,100,2129,36,17.4,12.87,39,48,Worn,Low,10,Yes,90,"80,001+"
V03955,Hatchback,5,43262,91,1679,50,15.2,12.34,41,52,Critical,Low,7,Yes,80,"80,001+"
V03956,SUV,12,155389,104,1583,46,18.9,12.93,41,40,Good,High,8,Yes,50,"25,001–50,000"
V03957,Sedan,2,167194,108,2116,33,7.7,12.93,41,69,Critical,Low,12,Yes,50,"25,001–50,000"
V03958,Sedan,10,124116,88,2094,43,15.7,11.97,39,76,Good,High,9,No,70,"50,001–80,000"
V03959,Hatchback,14,156487,107,2033,20,8.5,11.03,37,103,Worn,Low,10,No,40,"25,001–50,000"
V03960,Truck,15,116851,105,2554,47,13.1,12.4,37,78,Moderate,Medium,8,No,70,"50,001–80,000"
V03961,Sedan,6,85288,91,2790,42,10.4,12.65,32,62,Moderate,Low,3,No,100,"80,001+"
V03962,Sedan,14,61498,89,2711,36,18.8,12.62,40,93,Critical,Low,10,Yes,60,"50,001–80,000"
V03963,SUV,10,62818,92,2212,48,9.8,11.59,40,56,Moderate,Medium,11,No,90,"80,001+"
V03964,Sedan,7,195951,105,2567,25,12.5,11.23,30,88,Good,Low,2,No,60,"50,001–80,000"
V03965,Sedan,12,37449,97,2617,30,14.6,11.6,32,93,Good,Low,7,Yes,90,"80,001+"
V03966,SUV,4,25863,107,2427,40,8.5,12.77,42,35,Moderate,High,9,No,50,"25,001–50,000"
V03967,Sedan,8,158612,108,2602,22,14.1,12.11,44,53,Worn,High,6,Yes,40,"25,001–50,000"
V03968,Sedan,10,195088,94,2209,24,5.4,11.35,41,49,Critical,Low,11,Yes,50,"25,001–50,000"
V03969,SUV,10,54886,88,2172,50,8.2,11.39,45,87,Moderate,High,2,No,80,"80,001+"
V03970,Sedan,7,142820,106,1592,45,14.1,11.55,36,96,Good,Low,8,Yes,80,"80,001+"
V03971,Truck,10,185403,109,2991,48,7.6,11.93,35,100,Worn,Medium,6,Yes,80,"80,001+"
V03972,SUV,14,39271,105,2960,42,19.2,12.57,35,44,Worn,Medium,2,No,70,"50,001–80,000"
V03973,SUV,8,109075,98,1744,30,12.1,12.27,44,108,Worn,High,6,Yes,80,"80,001+"
V03974,SUV,3,60938,95,2159,25,13.2,11.54,39,68,Moderate,Low,3,Yes,80,"80,001+"
V03975,Sedan,2,190124,107,1789,47,16.2,11.09,44,91,Moderate,Low,7,Yes,80,"80,001+"
V03976,SUV,8,34461,91,2419,25,15.1,12.26,39,89,Good,Low,2,Yes,80,"80,001+"
V03977,Truck,13,156841,95,2412,30,11.4,12.57,44,103,Good,Low,9,No,80,"80,001+"
V03978,Truck,6,89663,94,2219,42,7.9,11.46,33,85,Moderate,High,11,No,70,"50,001–80,000"
V03979,SUV,1,13342,109,1811,24,16.1,11.4,42,109,Worn,Low,10,Yes,50,"25,001–50,000"
V03980,Hatchback,1,55620,102,1660,37,19.7,11.65,43,48,Worn,Medium,4,No,80,"80,001+"
V03981,Hatchback,1,59657,97,1557,31,10.2,11.4,30,107,Critical,High,7,No,60,"50,001–80,000"
V03982,Truck,14,12875,94,1621,45,10.5,12.18,35,89,Good,Low,11,Yes,80,"80,001+"
V03983,Truck,6,133792,103,2426,39,7.1,11.99,34,109,Worn,High,10,No,50,"25,001–50,000"
V03984,SUV,11,55633,86,1622,50,8.5,12.61,31,68,Critical,Low,1,No,70,"50,001–80,000"
V03985,Truck,9,171883,92,2825,42,18.4,12.02,45,99,Worn,High,6,Yes,80,"80,001+"
V03986,Hatchback,2,158229,96,2357,25,12.9,12.68,45,67,Worn,Low,4,No,80,"80,001+"
V03987,Hatchback,4,81176,91,1669,28,19.5,12.1,35,30,Moderate,High,3,No,60,"50,001–80,000"
V03988,Hatchback,8,14161,106,2086,43,15.9,11.56,40,76,Critical,High,9,Yes,30,"10,001–25,000"
V03989,Hatchback,15,192057,101,2235,42,6.8,12.07,43,42,Critical,Medium,7,No,50,"25,001–50,000"
V03990,Sedan,4,22106,87,1741,48,11.5,11.19,30,93,Worn,Low,12,Yes,90,"80,001+"
V03991,SUV,14,157372,107,2403,50,8.3,11.47,30,40,Worn,Medium,10,Yes,60,"50,001–80,000"
V03992,Truck,14,63605,92,1656,30,7.7,12.49,32,37,Moderate,Medium,1,Yes,90,"80,001+"
V03993,Hatchback,8,115046,94,2201,33,11.0,12.47,37,66,Worn,Low,3,No,100,"80,001+"
V03994,Sedan,11,16724,90,2555,47,8.2,12.01,41,71,Good,Medium,9,No,80,"80,001+"
V03995,Truck,13,106364,88,2375,25,8.6,11.26,41,94,Worn,Medium,6,Yes,70,"50,001–80,000"
V03996,Hatchback,9,110298,107,2278,39,11.5,12.32,45,41,Critical,Low,9,Yes,50,"25,001–50,000"
V03997,Truck,3,23004,95,2689,31,14.6,12.05,35,48,Good,Low,6,Yes,100,"80,001+"
V03998,SUV,9,47656,110,2641,41,12.7,12.1,38,80,Good,Low,5,Yes,80,"80,001+"
V03999,SUV,13,31704,91,1864,29,15.9,12.69,38,53,Good,High,11,No,40,"25,001–50,000"
V04000,Hatchback,12,159800,95,2009,23,16.3,12.21,45,42,Critical,High,10,No,20,"10,001–25,000"
V04001,Truck,14,187828,101,1709,24,11.3,12.47,36,92,Good,Medium,7,No,50,"25,001–50,000"
V04002,Truck,6,143377,97,2093,45,18.0,12.74,33,34,Moderate,Medium,7,No,100,"80,001+"
V04003,Sedan,14,122323,101,1725,30,12.5,12.57,37,41,Good,High,3,Yes,50,"25,001–50,000"
V04004,Sedan,7,72940,88,2859,49,19.8,11.05,38,39,Worn,Low,1,No,100,"80,001+"
V04005,Hatchback,8,188344,87,1575,32,10.6,11.2,32,69,Moderate,Medium,5,No,100,"80,001+"
V04006,Truck,12,6464,91,2315,50,13.5,12.6,41,93,Moderate,Low,3,Yes,90,"80,001+"
V04007,Hatchback,10,62639,110,1893,25,10.6,11.58,42,72,Worn,Low,8,Yes,60,"50,001–80,000"
V04008,Sedan,14,183522,106,1510,45,19.5,12.15,39,71,Worn,High,10,Yes,40,"25,001–50,000"
V04009,Truck,2,72804,93,2544,44,11.6,11.33,31,75,Good,High,8,No,80,"80,001+"
V04010,Truck,7,105412,93,2187,27,15.6,12.3,40,54,Good,High,10,Yes,50,"25,001–50,000"
V04011,Hatchback,9,41767,110,1962,41,17.9,12.39,43,48,Moderate,Medium,9,Yes,70,"50,001–80,000"
V04012,Sedan,2,38066,108,1558,23,19.0,11.73,34,44,Good,Medium,11,No,50,"25,001–50,000"
V04013,Hatchback,2,32046,102,1616,32,16.2,11.46,33,39,Good,Medium,1,No,80,"80,001+"
V04014,Hatchback,7,37381,92,2239,22,12.9,12.91,33,83,Critical,High,3,Yes,40,"25,001–50,000"
V04015,Truck,12,107090,87,1526,38,11.5,12.67,34,55,Moderate,Medium,11,Yes,80,"80,001+"
V04016,Hatchback,7,169096,106,2756,49,19.4,12.55,32,51,Good,High,10,No,50,"25,001–50,000"
V04017,SUV,4,86415,96,2605,22,16.7,12.48,37,87,Moderate,Medium,9,No,70,"50,001–80,000"
V04018,Sedan,11,95852,103,1827,32,14.9,12.29,40,46,Critical,Low,6,No,50,"25,001–50,000"
V04019,Truck,5,60718,104,2751,48,13.4,12.51,35,33,Worn,High,2,Yes,60,"50,001–80,000"
V04020,Truck,14,120288,110,1569,37,13.9,12.87,45,87,Critical,Medium,5,No,50,"25,001–50,000"
V04021,Truck,14,188377,101,2715,38,13.3,11.1,37,32,Good,Low,2,No,70,"50,001–80,000"
V04022,Hatchback,8,116465,102,1944,33,13.2,11.32,45,85,Good,Low,3,Yes,80,"80,001+"
V04023,Sedan,1,139853,86,1803,21,8.2,12.68,42,91,Critical,Low,5,No,60,"50,001–80,000"
V04024,Hatchback,4,96561,87,1628,29,18.3,11.58,33,97,Moderate,Medium,3,Yes,80,"80,001+"
V04025,Truck,6,89460,91,2222,46,14.8,12.18,42,85,Moderate,Medium,3,No,100,"80,001+"
V04026,Sedan,9,42206,88,1841,44,15.4,11.46,41,52,Worn,Medium,5,Yes,100,"80,001+"
V04027,Truck,3,134587,107,2973,44,8.9,12.58,45,46,Critical,Low,9,No,50,"25,001–50,000"
V04028,Hatchback,5,152374,90,1581,45,7.6,12.28,41,35,Critical,Low,1,No,80,"80,001+"
V04029,Hatchback,7,27499,85,1808,29,8.4,11.37,44,109,Moderate,Low,3,Yes,80,"80,001+"
V04030,Hatchback,13,38451,107,2827,32,9.8,11.26,36,58,Critical,Low,2,No,50,"25,001–50,000"
V04031,Hatchback,11,144149,107,2981,49,18.6,12.78,30,84,Critical,High,1,Yes,30,"10,001–25,000"
V04032,Truck,3,26010,99,2099,29,17.9,12.57,35,80,Moderate,High,10,Yes,50,"25,001–50,000"
V04033,Truck,13,136029,86,2027,37,16.3,12.0,38,74,Good,High,10,Yes,60,"50,001–80,000"
V04034,Truck,13,44251,105,2059,49,14.6,12.36,33,72,Worn,Low,3,Yes,70,"50,001–80,000"
V04035,Hatchback,3,18847,102,2873,41,6.3,11.34,40,75,Critical,Low,3,No,60,"50,001–80,000"
V04036,SUV,13,94563,101,2487,37,8.8,11.68,34,79,Worn,Low,4,Yes,70,"50,001–80,000"
V04037,Hatchback,4,72968,93,2367,33,19.0,11.46,33,38,Moderate,Low,1,No,100,"80,001+"
V04038,Truck,12,11074,90,1768,42,17.3,12.98,45,70,Good,Medium,5,No,90,"80,001+"
V04039,Truck,14,177182,99,2787,38,17.1,11.84,34,39,Moderate,High,12,No,60,"50,001–80,000"
V04040,Hatchback,3,47728,88,1777,46,15.5,11.7,43,50,Moderate,High,2,Yes,80,"80,001+"
V04041,SUV,8,25553,107,1785,37,16.3,11.61,45,73,Good,Medium,5,No,80,"80,001+"
V04042,SUV,5,101580,89,1789,35,6.1,12.14,45,76,Moderate,Low,5,No,100,"80,001+"
V04043,Hatchback,5,37106,89,2840,27,9.1,12.67,44,56,Worn,Medium,6,Yes,80,"80,001+"
V04044,Sedan,4,29279,92,2275,46,13.1,12.2,41,96,Good,Low,6,No,100,"80,001+"
V04045,Hatchback,2,161069,106,2135,26,11.9,11.7,32,48,Moderate,Medium,1,No,60,"50,001–80,000"
V04046,Sedan,13,6815,107,2436,23,19.2,12.56,41,60,Good,Low,8,Yes,50,"25,001–50,000"
V04047,Hatchback,14,42347,99,2501,47,8.4,11.33,42,47,Worn,Low,7,Yes,90,"80,001+"
V04048,Hatchback,11,153278,107,1967,38,5.3,12.91,40,53,Critical,Medium,8,No,50,"25,001–50,000"
V04049,SUV,1,198268,99,1896,49,7.9,13.0,39,61,Moderate,Low,3,No,100,"80,001+"
V04050,Sedan,2,47576,89,1509,46,12.3,11.59,43,65,Worn,Medium,7,Yes,100,"80,001+"
V04051,Truck,4,87557,93,2479,23,5.3,12.22,33,91,Worn,Medium,12,Yes,70,"50,001–80,000"
V04052,Hatchback,7,48293,91,1561,24,18.4,12.31,44,56,Good,High,10,Yes,50,"25,001–50,000"
V04053,Hatchback,14,126939,103,2863,36,12.2,11.68,41,57,Worn,Low,11,Yes,60,"50,001–80,000"
V04054,Sedan,13,198568,91,2363,49,11.9,11.66,44,84,Worn,High,3,No,70,"50,001–80,000"
V04055,Sedan,15,136339,109,2626,43,15.5,11.9,45,108,Critical,Medium,3,Yes,50,"25,001–50,000"
V04056,Sedan,10,6015,109,2592,31,14.0,11.77,45,36,Good,Low,3,Yes,80,"80,001+"
V04057,Truck,7,112261,96,2336,27,19.8,11.01,42,101,Critical,High,10,Yes,30,"10,001–25,000"
V04058,Hatchback,2,108282,108,1856,39,6.7,12.35,38,36,Moderate,High,2,No,60,"50,001–80,000"
V04059,Sedan,8,180046,93,2687,24,11.9,11.13,33,89,Worn,Low,1,No,80,"80,001+"
V04060,SUV,4,116166,106,2960,35,12.8,11.59,33,44,Worn,Medium,3,Yes,80,"80,001+"
V04061,SUV,1,18936,106,2350,40,17.8,12.14,33,67,Good,Medium,1,Yes,80,"80,001+"
V04062,Truck,6,185635,103,2974,38,6.2,11.04,31,89,Good,High,3,No,60,"50,001–80,000"
V04063,Truck,4,41098,98,1770,31,19.4,12.04,44,31,Critical,Low,1,No,80,"80,001+"
V04064,Truck,11,154981,104,2265,42,6.3,12.67,38,69,Moderate,High,11,No,40,"25,001–50,000"
V04065,SUV,12,196863,100,2107,22,14.9,11.63,33,74,Critical,Medium,7,Yes,50,"25,001–50,000"
V04066,Sedan,1,188207,105,2749,35,5.4,12.04,36,38,Good,Low,10,Yes,70,"50,001–80,000"
V04067,SUV,6,102420,101,1559,38,16.4,11.28,34,90,Critical,Low,11,No,50,"25,001–50,000"
V04068,Hatchback,15,176736,100,2379,26,5.4,12.08,33,43,Worn,Low,8,No,70,"50,001–80,000"
V04069,Hatchback,9,151860,92,2875,42,6.5,12.49,37,45,Critical,Low,5,Yes,80,"80,001+"
V04070,Truck,12,12659,96,2482,22,6.4,11.1,42,51,Good,High,2,Yes,50,"25,001–50,000"
V04071,Truck,9,20139,97,2443,29,19.3,11.03,43,51,Critical,High,6,Yes,40,"25,001–50,000"
V04072,Truck,15,73827,106,1774,31,19.5,12.75,31,31,Good,Low,10,No,60,"50,001–80,000"
V04073,Hatchback,4,9657,108,2046,28,17.0,12.48,44,63,Moderate,High,11,No,30,"10,001–25,000"
V04074,Truck,6,185250,87,2522,23,18.2,12.28,43,93,Moderate,Medium,8,Yes,80,"80,001+"
V04075,Sedan,14,178760,91,2088,32,7.8,11.67,40,38,Worn,High,1,No,70,"50,001–80,000"
V04076,Truck,7,34090,87,2621,34,6.7,12.52,34,80,Good,Low,5,Yes,100,"80,001+"
V04077,Sedan,4,62791,92,2634,23,19.4,12.1,38,82,Good,Low,11,No,70,"50,001–80,000"
V04078,Truck,14,44615,100,2665,43,11.0,11.9,37,73,Critical,Low,10,No,60,"50,001–80,000"
V04079,Sedan,15,177340,97,2941,29,6.8,12.42,45,87,Good,Medium,12,No,60,"50,001–80,000"
V04080,SUV,5,61915,102,2779,47,10.5,11.51,34,105,Critical,High,6,Yes,40,"25,001–50,000"
V04081,Hatchback,7,117138,110,2176,34,9.5,12.22,42,67,Worn,Medium,9,No,70,"50,001–80,000"
V04082,Truck,10,62672,86,1923,30,8.1,12.75,38,70,Worn,Low,2,Yes,100,"80,001+"
V04083,Hatchback,12,17033,94,2983,32,6.8,11.89,36,33,Moderate,High,7,Yes,70,"50,001–80,000"
V04084,SUV,7,5804,88,1851,22,11.2,11.64,34,104,Worn,High,11,No,50,"25,001–50,000"
V04085,Sedan,3,91961,90,2178,22,11.9,12.69,30,96,Moderate,Medium,1,No,80,"80,001+"
V04086,SUV,4,37447,106,2194,23,7.5,11.66,42,40,Moderate,Medium,9,Yes,50,"25,001–50,000"
V04087,Hatchback,10,56761,90,2343,24,15.2,12.3,38,49,Moderate,High,1,No,60,"50,001–80,000"
V04088,SUV,6,158377,110,2981,20,19.4,11.94,41,59,Good,Low,12,Yes,50,"25,001–50,000"
V04089,Truck,5,194822,107,2949,31,7.7,12.7,43,73,Critical,High,10,No,30,"10,001–25,000"
V04090,Hatchback,9,37012,101,1684,33,17.1,12.7,34,69,Critical,High,10,Yes,30,"10,001–25,000"
V04091,SUV,7,191170,106,2994,37,13.9,12.39,30,88,Critical,Medium,2,Yes,60,"50,001–80,000"
V04092,SUV,15,148299,105,2078,34,19.5,12.25,31,79,Moderate,Medium,11,No,60,"50,001–80,000"
V04093,Truck,12,42396,87,2015,44,10.6,12.42,43,77,Moderate,Medium,12,Yes,80,"80,001+"
V04094,Hatchback,6,150537,85,2546,24,12.4,12.86,40,57,Critical,Low,6,No,60,"50,001–80,000"
V04095,Sedan,12,149304,99,1861,38,10.0,12.11,32,80,Worn,Low,7,No,90,"80,001+"
V04096,Hatchback,11,81064,105,2384,48,12.8,12.33,39,52,Good,Medium,4,No,70,"50,001–80,000"
V04097,Truck,6,103576,95,2361,25,14.7,11.78,42,95,Critical,Medium,8,No,60,"50,001–80,000"
V04098,SUV,3,109899,102,2290,26,8.0,12.62,32,108,Worn,Low,5,No,60,"50,001–80,000"
V04099,Hatchback,13,127004,105,2269,45,12.1,11.13,30,107,Worn,Low,4,No,70,"50,001–80,000"
V04100,Hatchback,11,15884,97,2949,32,9.1,12.37,34,71,Good,Low,3,No,90,"80,001+"
V04101,Hatchback,1,28538,87,2031,43,18.0,11.91,43,107,Critical,High,11,No,50,"25,001–50,000"
V04102,SUV,14,61248,92,2669,45,10.5,12.64,45,77,Moderate,Medium,9,No,80,"80,001+"
V04103,Sedan,4,66116,100,2746,42,9.4,11.79,43,80,Good,Low,6,Yes,100,"80,001+"
V04104,Truck,11,167088,91,2479,37,6.0,11.48,41,73,Good,Low,10,Yes,80,"80,001+"
V04105,Truck,3,82060,109,2710,33,19.0,12.41,44,87,Critical,High,9,Yes,30,"10,001–25,000"
V04106,Sedan,12,88517,98,2628,24,9.1,11.71,32,40,Moderate,Low,10,Yes,60,"50,001–80,000"
V04107,Truck,5,45427,90,1705,47,12.8,11.73,32,78,Good,High,7,No,80,"80,001+"
V04108,SUV,13,65799,106,1528,46,14.7,12.68,41,43,Critical,High,1,No,30,"10,001–25,000"
V04109,Hatchback,5,47165,95,2023,35,16.7,11.88,34,69,Moderate,Low,3,No,100,"80,001+"
V04110,Hatchback,5,183819,105,1810,39,14.3,11.19,37,93,Moderate,High,10,No,50,"25,001–50,000"
V04111,SUV,15,88200,85,1987,45,18.1,11.52,44,74,Moderate,Medium,9,Yes,80,"80,001+"
V04112,SUV,5,161020,85,1933,42,19.7,11.5,44,34,Moderate,Medium,10,No,90,"80,001+"
V04113,SUV,1,29645,100,1997,46,8.1,11.78,45,33,Good,Medium,10,Yes,90,"80,001+"
V04114,Sedan,1,196271,104,1701,30,10.0,12.18,44,98,Moderate,High,4,No,60,"50,001–80,000"
V04115,Sedan,13,48066,103,2091,43,18.6,11.28,34,36,Worn,Low,5,No,70,"50,001–80,000"
V04116,Truck,11,18351,87,2530,33,7.4,12.96,36,92,Critical,High,2,No,50,"25,001–50,000"
V04117,Sedan,13,108107,98,2681,43,11.2,12.4,35,102,Worn,Medium,11,No,80,"80,001+"
V04118,Truck,11,79268,89,2820,23,6.5,12.48,32,97,Worn,Medium,7,No,70,"50,001–80,000"
V04119,SUV,6,181628,98,2068,28,13.3,11.93,43,57,Worn,Low,7,Yes,80,"80,001+"
V04120,SUV,15,42089,86,2388,33,19.8,12.98,36,98,Worn,Medium,10,Yes,80,"80,001+"
V04121,Truck,12,165840,99,2090,32,16.5,12.38,45,51,Worn,Low,9,No,80,"80,001+"
V04122,SUV,6,124079,85,1933,27,5.5,12.63,39,104,Critical,Low,5,No,60,"50,001–80,000"
V04123,SUV,3,48365,108,2517,26,19.8,12.81,38,36,Critical,Medium,4,No,40,"25,001–50,000"
V04124,Hatchback,6,165465,104,2130,48,14.4,11.6,45,36,Good,Medium,12,No,70,"50,001–80,000"
V04125,Sedan,2,46672,87,2148,43,8.5,12.22,35,62,Critical,High,12,No,50,"25,001–50,000"
V04126,Hatchback,1,86231,89,1599,24,17.1,12.18,31,45,Critical,Low,12,No,50,"25,001–50,000"
V04127,SUV,13,104748,110,1924,33,12.4,12.66,36,62,Good,Low,8,Yes,70,"50,001–80,000"
V04128,Sedan,12,73350,89,2509,24,7.7,11.23,39,53,Moderate,Medium,4,No,70,"50,001–80,000"
V04129,Hatchback,13,152975,109,1527,33,11.7,12.87,45,68,Worn,High,3,No,50,"25,001–50,000"
V04130,Sedan,7,96742,96,1929,36,11.5,12.31,34,41,Critical,High,2,No,60,"50,001–80,000"
V04131,Hatchback,13,118139,97,1793,40,14.5,11.87,32,102,Moderate,Medium,4,No,90,"80,001+"
V04132,Sedan,14,133434,98,2757,37,15.5,11.4,30,66,Moderate,Medium,4,Yes,90,"80,001+"
V04133,Hatchback,10,87895,88,1897,38,10.4,12.84,42,49,Worn,High,1,Yes,80,"80,001+"
V04134,Truck,12,44016,94,2622,50,7.8,12.98,37,82,Moderate,Medium,8,Yes,90,"80,001+"
V04135,SUV,11,128661,93,1906,36,18.0,12.67,40,69,Worn,Medium,10,No,80,"80,001+"
V04136,Hatchback,1,94404,108,2881,46,8.9,12.54,34,105,Moderate,Medium,2,No,80,"80,001+"
V04137,Sedan,7,171392,85,1641,29,8.8,11.13,30,74,Worn,Medium,1,No,80,"80,001+"
V04138,Truck,8,62116,89,2982,20,6.0,12.76,35,73,Worn,High,8,No,60,"50,001–80,000"
V04139,Sedan,10,133643,110,2633,35,9.3,11.37,45,105,Critical,High,8,No,40,"25,001–50,000"
V04140,Truck,6,65222,105,2070,44,17.0,12.38,36,88,Good,Medium,5,No,80,"80,001+"
V04141,SUV,10,61202,85,1882,20,9.2,12.26,30,101,Good,Low,11,Yes,70,"50,001–80,000"
V04142,SUV,8,75033,93,2628,37,10.9,11.5,33,72,Critical,Medium,7,Yes,80,"80,001+"
V04143,Truck,4,9936,92,2751,32,9.0,11.16,37,109,Good,Low,12,Yes,90,"80,001+"
V04144,Truck,4,165292,98,1838,27,13.1,11.47,38,86,Moderate,Medium,12,No,70,"50,001–80,000"
V04145,Hatchback,11,193667,90,1788,43,11.7,12.32,37,80,Moderate,Medium,9,Yes,80,"80,001+"
V04146,Hatchback,6,114756,95,2968,31,17.4,12.18,38,62,Critical,Medium,3,Yes,80,"80,001+"
V04147,Hatchback,9,103545,93,2401,35,15.7,11.23,40,53,Worn,Low,1,Yes,100,"80,001+"
V04148,Hatchback,9,168957,98,2693,31,14.6,12.59,38,44,Critical,High,9,Yes,50,"25,001–50,000"
V04149,SUV,13,89022,107,2986,33,12.3,11.9,45,100,Good,High,9,Yes,40,"25,001–50,000"
V04150,Truck,15,11114,94,1568,37,16.5,12.46,44,52,Critical,Medium,8,No,70,"50,001–80,000"
V04151,SUV,13,68790,108,2868,37,10.4,12.5,32,34,Moderate,High,9,Yes,40,"25,001–50,000"
V04152,Truck,10,23010,88,2895,50,16.4,12.9,31,105,Critical,High,3,Yes,60,"50,001–80,000"
V04153,Truck,11,82959,102,1556,31,6.0,11.74,39,33,Critical,Low,10,No,40,"25,001–50,000"
V04154,Sedan,14,82269,102,1837,41,12.2,12.06,44,56,Moderate,High,4,Yes,50,"25,001–50,000"
V04155,Sedan,12,132027,97,2451,37,14.9,12.81,42,85,Moderate,Medium,7,No,90,"80,001+"
V04156,Truck,11,123258,101,2014,31,19.2,11.75,44,83,Critical,High,12,No,20,"10,001–25,000"
V04157,Truck,11,110697,88,2344,43,14.6,12.39,40,88,Moderate,High,7,Yes,70,"50,001–80,000"
V04158,Sedan,1,32655,87,2399,39,12.8,12.11,31,69,Worn,High,1,Yes,80,"80,001+"
V04159,Hatchback,12,133973,94,1540,23,19.3,11.52,40,83,Critical,Low,9,No,40,"25,001–50,000"
V04160,Sedan,2,169098,102,2512,27,6.1,11.03,41,40,Good,Low,3,Yes,60,"50,001–80,000"
V04161,Truck,4,71410,89,2961,27,6.2,12.29,31,65,Moderate,Medium,4,No,80,"80,001+"
V04162,SUV,11,96369,103,2438,49,6.2,11.88,31,80,Moderate,Low,4,Yes,70,"50,001–80,000"
V04163,Sedan,5,64392,93,2849,33,8.0,11.79,42,86,Good,Low,9,Yes,90,"80,001+"
V04164,Truck,15,37306,108,2737,48,5.9,11.8,31,62,Critical,Medium,11,Yes,40,"25,001–50,000"
V04165,Sedan,8,31317,107,2018,34,6.4,12.76,41,99,Critical,High,4,No,40,"25,001–50,000"
V04166,Sedan,1,86407,91,2834,39,6.7,11.46,38,95,Good,High,2,No,80,"80,001+"
V04167,Hatchback,10,76523,89,2093,34,13.2,13.0,40,45,Worn,Medium,3,Yes,100,"80,001+"
V04168,SUV,8,121705,90,2333,24,8.6,12.19,40,84,Critical,Low,10,No,50,"25,001–50,000"
V04169,Truck,3,116568,96,2099,24,14.2,11.26,42,64,Good,Low,6,Yes,80,"80,001+"
V04170,Truck,3,143224,98,2036,42,10.7,11.67,42,53,Good,Low,3,No,100,"80,001+"
V04171,SUV,1,133557,87,2624,39,7.5,11.59,40,41,Moderate,Medium,8,Yes,100,"80,001+"
V04172,SUV,2,161244,89,2275,29,16.5,11.23,39,102,Worn,High,9,Yes,50,"25,001–50,000"
V04173,Sedan,1,115269,89,1615,33,12.4,11.92,31,64,Critical,High,3,Yes,60,"50,001–80,000"
V04174,SUV,1,100528,109,2926,22,5.0,11.86,33,34,Worn,Medium,2,No,60,"50,001–80,000"
V04175,Hatchback,12,194729,90,2483,42,17.4,11.25,45,106,Worn,Medium,10,No,80,"80,001+"
V04176,Sedan,14,15630,97,2119,28,7.5,11.04,45,39,Good,Medium,8,No,70,"50,001–80,000"
V04177,SUV,5,95207,108,2444,47,8.0,12.82,35,95,Moderate,Medium,4,No,80,"80,001+"
V04178,SUV,5,98596,86,1679,40,5.1,12.33,30,33,Worn,Medium,5,Yes,100,"80,001+"
V04179,SUV,11,60735,91,2607,38,10.5,11.41,45,70,Moderate,High,2,Yes,70,"50,001–80,000"
V04180,SUV,13,6769,92,2531,34,9.8,11.09,37,108,Good,Low,7,Yes,90,"80,001+"
V04181,SUV,10,24782,103,2895,40,9.8,12.36,31,103,Good,Medium,3,Yes,80,"80,001+"
V04182,Sedan,10,32480,100,2024,27,5.5,12.22,31,90,Worn,Medium,7,No,80,"80,001+"
V04183,SUV,15,96598,101,1866,37,15.6,11.62,30,47,Critical,High,3,No,30,"10,001–25,000"
V04184,Truck,1,105335,94,2209,33,7.3,11.04,37,47,Good,Medium,2,No,100,"80,001+"
V04185,SUV,15,15018,94,1742,36,9.4,12.04,40,60,Critical,Low,4,No,70,"50,001–80,000"
V04186,SUV,1,82651,97,1638,33,12.0,12.63,41,76,Moderate,Medium,10,Yes,90,"80,001+"
V04187,Truck,8,166227,106,1656,39,18.1,12.31,45,53,Critical,Medium,4,No,60,"50,001–80,000"
V04188,Hatchback,3,185262,86,2687,31,5.2,12.31,35,108,Worn,High,6,Yes,80,"80,001+"
V04189,Sedan,15,80055,92,2311,35,16.3,11.08,31,66,Moderate,Low,9,No,80,"80,001+"
V04190,Sedan,12,96125,108,1745,32,7.3,11.25,38,108,Critical,High,9,Yes,20,"10,001–25,000"
V04191,Sedan,4,186828,89,1701,21,5.3,12.62,40,33,Worn,High,6,Yes,60,"50,001–80,000"
V04192,SUV,10,136092,86,2941,49,8.0,12.85,42,95,Moderate,Low,6,No,100,"80,001+"
V04193,Truck,15,87181,98,2193,48,19.9,11.8,40,85,Critical,Low,8,No,70,"50,001–80,000"
V04194,Sedan,9,31809,90,2165,43,14.7,12.17,43,93,Critical,Low,11,No,70,"50,001–80,000"
V04195,SUV,5,99725,91,1922,32,6.7,12.03,30,55,Critical,High,3,Yes,60,"50,001–80,000"
V04196,Truck,7,49160,102,2312,35,13.2,12.24,40,53,Worn,Low,2,No,80,"80,001+"
V04197,Truck,10,116167,104,2558,46,6.9,12.09,42,89,Critical,Low,3,No,60,"50,001–80,000"
V04198,Sedan,6,192188,94,1553,32,19.4,12.22,34,99,Critical,Low,6,No,80,"80,001+"
V04199,Truck,6,5859,87,1834,45,13.0,11.08,40,45,Good,Medium,12,Yes,90,"80,001+"
V04200,Truck,7,196964,93,1713,21,13.1,11.51,44,108,Critical,Low,11,Yes,50,"25,001–50,000"
V04201,Hatchback,1,23198,98,2495,32,12.4,12.83,35,91,Good,Medium,10,Yes,90,"80,001+"
V04202,Truck,6,166877,92,2256,25,6.5,11.23,33,93,Good,Low,6,No,80,"80,001+"
V04203,SUV,2,178279,91,2210,30,10.9,11.39,45,68,Moderate,Low,12,Yes,90,"80,001+"
V04204,SUV,13,21628,85,2420,28,10.3,11.68,34,96,Moderate,High,10,Yes,40,"25,001–50,000"
V04205,SUV,10,163355,90,1867,28,12.4,12.81,41,77,Good,Low,12,No,70,"50,001–80,000"
V04206,Truck,3,9729,105,1914,26,14.8,11.83,42,102,Critical,High,4,No,20,"10,001–25,000"
V04207,Truck,13,50915,96,1809,40,17.5,12.83,34,46,Critical,Medium,12,Yes,60,"50,001–80,000"
V04208,SUV,1,180768,90,1771,21,6.7,11.98,43,51,Good,High,5,No,60,"50,001–80,000"
V04209,Hatchback,3,134397,106,2450,20,7.1,12.46,33,38,Good,Low,4,No,60,"50,001–80,000"
V04210,Hatchback,10,6741,101,2397,22,17.6,11.66,41,104,Worn,High,9,No,30,"10,001–25,000"
V04211,Hatchback,12,58865,107,1707,23,5.7,12.62,32,98,Good,Medium,10,Yes,40,"25,001–50,000"
V04212,Truck,14,22137,93,2989,45,10.0,11.54,36,105,Moderate,High,3,No,70,"50,001–80,000"
V04213,Sedan,4,53706,90,2986,28,17.4,12.12,37,91,Worn,High,5,Yes,60,"50,001–80,000"
V04214,SUV,12,179377,93,2231,27,17.1,12.77,43,43,Good,Low,7,Yes,70,"50,001–80,000"
V04215,Sedan,7,151485,105,2502,25,13.0,11.84,30,59,Moderate,Low,12,No,50,"25,001–50,000"
V04216,Truck,4,163629,108,2102,36,8.0,12.52,40,56,Good,High,5,No,60,"50,001–80,000"
V04217,Sedan,3,52286,95,2379,42,10.3,12.67,41,42,Good,Low,12,Yes,90,"80,001+"
V04218,Hatchback,2,152299,109,2396,40,5.9,12.57,45,44,Moderate,High,11,Yes,50,"25,001–50,000"
V04219,SUV,7,44166,90,2033,46,10.5,12.22,32,38,Worn,Medium,9,Yes,90,"80,001+"
V04220,Hatchback,10,8080,89,2806,46,9.3,11.98,34,34,Good,High,4,No,80,"80,001+"
V04221,Hatchback,12,141746,92,2038,29,19.8,12.99,33,74,Critical,Low,11,Yes,40,"25,001–50,000"
V04222,Hatchback,7,24141,90,2148,36,10.9,12.83,38,102,Moderate,Medium,3,No,100,"80,001+"
V04223,Sedan,9,74127,105,1725,28,7.4,12.84,35,85,Good,Low,4,No,60,"50,001–80,000"
V04224,Truck,7,57336,95,1731,49,9.3,12.72,44,61,Good,Medium,11,Yes,90,"80,001+"
V04225,SUV,4,164817,93,2256,26,17.9,12.2,45,102,Critical,High,6,Yes,40,"25,001–50,000"
V04226,Sedan,7,134996,101,2403,26,19.0,11.33,39,85,Moderate,Low,11,Yes,50,"25,001–50,000"
V04227,Sedan,2,83602,93,1890,23,14.4,11.88,34,106,Moderate,High,9,No,50,"25,001–50,000"
V04228,SUV,15,30672,92,2927,32,17.3,11.12,30,98,Worn,Medium,12,Yes,80,"80,001+"
V04229,Truck,11,158666,92,2492,41,6.8,11.15,42,52,Good,High,12,No,60,"50,001–80,000"
V04230,Hatchback,8,98577,104,1857,37,9.3,12.99,33,60,Worn,High,9,Yes,50,"25,001–50,000"
V04231,Sedan,14,37705,106,1902,22,14.1,12.54,31,41,Critical,Low,10,No,20,"10,001–25,000"
V04232,Truck,6,99885,106,2761,36,11.8,11.65,42,109,Good,Medium,7,No,80,"80,001+"
V04233,SUV,5,171442,85,2941,49,7.6,11.61,41,77,Moderate,Low,10,Yes,90,"80,001+"
V04234,Hatchback,5,8987,107,1764,39,6.3,12.03,35,57,Critical,Low,11,No,50,"25,001–50,000"
V04235,SUV,15,170234,106,2874,27,17.6,11.71,40,47,Moderate,Low,1,No,50,"25,001–50,000"
V04236,Hatchback,13,45807,103,1940,39,18.6,11.42,31,94,Good,High,1,No,50,"25,001–50,000"
V04237,SUV,12,99354,107,1621,21,18.3,11.47,38,79,Good,Medium,7,Yes,50,"25,001–50,000"
V04238,SUV,2,120200,110,2873,35,6.9,11.7,34,56,Critical,High,9,Yes,30,"10,001–25,000"
V04239,Truck,15,30464,92,1536,33,17.3,12.52,35,94,Worn,High,10,No,60,"50,001–80,000"
V04240,Sedan,3,118319,89,1757,40,15.9,12.09,40,58,Good,Medium,8,No,100,"80,001+"
V04241,Hatchback,7,143198,102,2847,42,7.8,12.08,33,33,Good,Low,3,No,80,"80,001+"
V04242,Hatchback,1,61713,97,2196,50,7.9,11.96,33,64,Good,Medium,7,No,100,"80,001+"
V04243,Hatchback,2,29189,85,2832,24,15.7,12.48,41,38,Critical,Low,12,No,50,"25,001–50,000"
V04244,Hatchback,13,150183,98,1830,45,19.6,12.61,40,90,Critical,Low,12,No,60,"50,001–80,000"
V04245,SUV,5,199375,110,1813,23,13.8,12.25,33,76,Critical,Low,11,Yes,30,"10,001–25,000"
V04246,SUV,6,25940,108,1616,40,15.0,11.85,37,80,Worn,Low,8,No,80,"80,001+"
V04247,SUV,1,133976,85,2841,38,12.8,11.93,41,60,Moderate,Medium,2,No,100,"80,001+"
V04248,Truck,3,147527,94,2746,22,10.6,11.61,33,76,Critical,High,6,No,40,"25,001–50,000"
V04249,Sedan,8,64823,95,1794,27,9.0,12.5,37,77,Critical,Medium,10,No,50,"25,001–50,000"
V04250,Hatchback,12,186762,100,1560,42,5.6,12.25,34,32,Good,High,7,Yes,70,"50,001–80,000"
V04251,SUV,4,84069,99,2950,47,14.8,11.9,45,57,Worn,Medium,10,Yes,90,"80,001+"
V04252,Sedan,4,71988,99,2901,41,7.2,11.77,41,45,Moderate,High,5,Yes,80,"80,001+"
V04253,Hatchback,2,25004,100,2508,38,7.1,11.55,37,84,Good,Low,3,No,100,"80,001+"
V04254,Truck,5,43795,88,2563,27,13.9,11.28,37,80,Good,High,10,No,50,"25,001–50,000"
V04255,Truck,2,75504,86,1763,43,18.8,11.2,33,65,Worn,High,3,Yes,80,"80,001+"
V04256,Hatchback,15,28955,105,2482,42,12.2,12.04,40,30,Good,Low,9,No,60,"50,001–80,000"
V04257,Truck,5,178001,87,1876,49,12.9,12.1,30,32,Good,High,11,Yes,70,"50,001–80,000"
V04258,Sedan,6,182812,98,2769,42,14.6,11.84,34,65,Critical,High,1,Yes,60,"50,001–80,000"
V04259,Truck,14,74255,103,2753,21,11.1,11.35,30,101,Worn,Low,12,Yes,40,"25,001–50,000"
V04260,SUV,7,105197,98,2700,50,17.5,12.91,43,40,Moderate,Low,8,No,100,"80,001+"
V04261,Sedan,11,34972,101,1994,44,19.7,12.05,37,84,Critical,Medium,10,Yes,40,"25,001–50,000"
V04262,Sedan,3,99556,99,1508,50,9.3,11.79,40,37,Worn,High,12,Yes,70,"50,001–80,000"
V04263,SUV,5,27953,100,2122,40,16.2,11.86,31,108,Worn,High,3,Yes,80,"80,001+"
V04264,SUV,12,20065,99,2204,38,10.8,12.14,32,80,Critical,High,5,Yes,50,"25,001–50,000"
V04265,Sedan,2,107252,88,2252,38,19.2,12.35,39,59,Critical,Low,12,No,70,"50,001–80,000"
V04266,Sedan,14,77114,104,2301,38,15.0,11.59,32,96,Good,High,11,Yes,40,"25,001–50,000"
V04267,Sedan,14,5900,110,2512,28,11.9,12.58,34,103,Critical,High,1,No,10,"0–10,000"
V04268,Truck,12,66399,100,2669,36,7.8,12.72,45,41,Worn,High,2,Yes,70,"50,001–80,000"
V04269,SUV,15,67853,109,1706,43,6.3,11.3,32,106,Good,High,12,Yes,40,"25,001–50,000"
V04270,Truck,14,10360,87,2134,28,8.0,11.5,34,83,Moderate,Low,9,No,60,"50,001–80,000"
V04271,Truck,7,21246,86,2750,38,5.7,12.14,43,45,Worn,Medium,11,No,90,"80,001+"
V04272,Hatchback,10,85861,101,2929,46,17.6,11.25,31,54,Moderate,High,10,Yes,50,"25,001–50,000"
V04273,Sedan,10,64737,105,2832,49,9.2,13.0,38,86,Good,Low,4,No,80,"80,001+"
V04274,Truck,5,109763,102,2739,23,7.6,11.15,30,36,Good,Low,5,Yes,60,"50,001–80,000"
V04275,SUV,10,32935,104,2788,47,12.1,12.35,40,104,Critical,Medium,10,No,50,"25,001–50,000"
V04276,Sedan,5,160801,93,2998,25,14.0,12.56,34,38,Good,High,2,Yes,60,"50,001–80,000"
V04277,Hatchback,1,143636,99,2623,44,18.3,12.53,34,103,Good,Medium,1,Yes,100,"80,001+"
V04278,SUV,7,74414,102,2276,30,9.8,11.46,39,32,Critical,High,1,No,40,"25,001–50,000"
V04279,SUV,3,189503,94,1769,50,12.1,12.55,41,96,Worn,Medium,8,No,100,"80,001+"
V04280,Hatchback,10,100033,99,2217,31,12.9,11.52,41,77,Worn,High,8,No,80,"80,001+"
V04281,SUV,3,179291,87,2303,35,6.4,12.48,37,65,Good,Low,5,No,100,"80,001+"
V04282,SUV,8,124117,107,1874,43,17.0,12.4,39,105,Moderate,Low,3,Yes,80,"80,001+"
V04283,Sedan,14,156202,99,1828,34,14.9,12.63,45,108,Critical,Low,6,Yes,70,"50,001–80,000"
V04284,Truck,7,85910,107,1898,35,8.0,11.91,35,76,Critical,Low,7,No,60,"50,001–80,000"
V04285,SUV,6,46322,109,2975,37,15.0,11.3,39,96,Good,Medium,9,Yes,70,"50,001–80,000"
V04286,Hatchback,7,75720,97,1837,35,17.3,11.51,40,59,Critical,High,1,No,60,"50,001–80,000"
V04287,Hatchback,8,86975,94,2992,29,12.5,12.35,41,70,Critical,Medium,10,Yes,50,"25,001–50,000"
V04288,Truck,2,70244,105,2434,26,17.0,12.64,40,37,Moderate,High,4,Yes,40,"25,001–50,000"
V04289,Truck,11,50916,95,1730,26,7.0,12.13,37,48,Good,Medium,11,No,60,"50,001–80,000"
V04290,SUV,2,185883,95,2665,32,13.1,11.16,31,42,Critical,Low,2,No,80,"80,001+"
V04291,Truck,1,125314,101,2973,46,10.8,11.96,44,101,Worn,High,2,No,60,"50,001–80,000"
V04292,Hatchback,15,9975,87,1825,38,10.8,12.28,31,95,Moderate,Medium,2,Yes,90,"80,001+"
V04293,SUV,2,125084,92,2973,26,10.4,11.07,43,46,Worn,Medium,2,No,80,"80,001+"
V04294,Truck,6,19299,97,2138,36,14.8,11.33,36,67,Worn,Medium,5,No,100,"80,001+"
V04295,Truck,8,197595,85,1647,46,16.3,12.62,34,69,Worn,High,7,Yes,80,"80,001+"
V04296,SUV,11,92283,95,2333,42,11.3,11.86,44,80,Good,Low,3,No,90,"80,001+"
V04297,Sedan,2,151006,107,2049,39,15.9,12.25,33,92,Worn,High,4,No,60,"50,001–80,000"
V04298,Truck,13,59940,94,2847,21,5.3,11.01,37,47,Moderate,Low,9,No,60,"50,001–80,000"
V04299,Truck,12,120618,92,2847,22,19.1,12.07,40,76,Good,High,6,Yes,50,"25,001–50,000"
V04300,Truck,7,196240,98,2050,34,16.7,11.52,33,51,Moderate,Low,2,No,100,"80,001+"
V04301,SUV,11,127877,88,1643,46,12.2,11.22,38,66,Good,High,9,No,60,"50,001–80,000"
V04302,SUV,7,35283,87,2997,29,14.7,12.94,45,35,Critical,High,4,No,40,"25,001–50,000"
V04303,Hatchback,7,11371,100,1815,31,5.2,12.56,30,89,Critical,Low,2,No,80,"80,001+"
V04304,Sedan,2,23638,105,2850,43,12.4,12.19,30,49,Critical,High,7,No,40,"25,001–50,000"
V04305,Sedan,7,115000,97,2710,46,16.8,11.9,44,40,Worn,Medium,1,No,100,"80,001+"
V04306,Hatchback,5,75454,105,1540,36,19.6,12.14,30,42,Critical,Low,1,No,60,"50,001–80,000"
V04307,Sedan,7,135569,108,1789,27,12.0,11.76,32,61,Critical,High,7,No,20,"10,001–25,000"
V04308,Hatchback,7,197036,101,1660,23,12.0,11.41,40,65,Critical,Medium,3,Yes,40,"25,001–50,000"
V04309,Sedan,6,135386,109,2120,48,17.5,12.67,44,85,Good,Medium,8,No,80,"80,001+"
V04310,SUV,8,40746,101,2116,37,17.4,12.25,42,80,Good,Low,9,No,70,"50,001–80,000"
V04311,Hatchback,12,155319,93,1873,42,13.2,12.13,42,104,Worn,High,4,No,70,"50,001–80,000"
V04312,SUV,1,42393,90,2392,50,18.3,12.06,43,85,Moderate,High,10,No,70,"50,001–80,000"
V04313,Truck,3,167576,86,2217,35,8.2,11.92,30,76,Worn,High,11,Yes,70,"50,001–80,000"
V04314,Hatchback,13,137381,103,2744,40,14.0,11.37,30,59,Moderate,High,10,No,40,"25,001–50,000"
V04315,Sedan,3,152053,107,2355,37,12.8,11.48,32,92,Worn,Low,12,Yes,70,"50,001–80,000"
V04316,Truck,13,132897,97,2889,45,11.1,11.09,39,91,Worn,Low,11,No,80,"80,001+"
V04317,SUV,13,20593,102,1658,37,19.2,11.76,42,44,Good,Medium,9,No,60,"50,001–80,000"
V04318,Truck,8,22547,88,1955,41,6.0,11.93,34,74,Moderate,Medium,6,No,100,"80,001+"
V04319,Sedan,11,40358,103,1543,24,17.8,12.81,33,64,Worn,Low,9,Yes,40,"25,001–50,000"
V04320,Sedan,4,167926,101,2457,27,17.1,11.78,33,88,Worn,Low,12,No,50,"25,001–50,000"
V04321,Hatchback,5,92832,110,2724,25,19.6,12.94,36,59,Worn,High,5,No,40,"25,001–50,000"
V04322,Truck,4,88122,109,2191,26,12.8,12.7,33,89,Critical,Medium,10,No,30,"10,001–25,000"
V04323,Hatchback,2,35851,107,2204,28,8.6,12.25,44,43,Moderate,High,9,Yes,30,"10,001–25,000"
V04324,Hatchback,9,116591,98,2865,42,6.7,12.15,40,98,Moderate,Low,1,No,100,"80,001+"
V04325,Sedan,7,123025,103,2982,37,11.6,12.55,40,33,Moderate,High,12,Yes,50,"25,001–50,000"
V04326,Sedan,6,7188,103,1591,30,9.0,12.21,37,63,Good,Low,2,No,80,"80,001+"
V04327,Truck,12,5375,90,2657,44,6.9,11.73,32,85,Good,Low,8,Yes,90,"80,001+"
V04328,SUV,7,64190,90,2247,42,7.9,12.71,34,40,Worn,Low,10,Yes,90,"80,001+"
V04329,SUV,6,188086,110,2847,47,18.8,11.56,41,73,Critical,High,8,No,40,"25,001–50,000"
V04330,Hatchback,5,119180,85,2617,38,7.5,12.05,36,68,Worn,High,4,Yes,80,"80,001+"
V04331,Hatchback,10,69793,90,1861,33,5.0,11.53,43,54,Critical,High,2,No,60,"50,001–80,000"
V04332,Sedan,8,61233,99,1949,26,9.0,11.52,31,42,Good,High,4,Yes,60,"50,001–80,000"
V04333,Truck,11,166312,101,2190,27,13.2,12.85,42,63,Moderate,High,4,Yes,30,"10,001–25,000"
V04334,Truck,9,32194,92,2303,31,17.6,11.27,31,70,Worn,Medium,12,No,90,"80,001+"
V04335,Truck,2,187244,91,2596,27,19.4,11.47,41,63,Critical,Medium,8,Yes,60,"50,001–80,000"
V04336,Truck,9,31335,107,2290,31,14.3,11.72,37,91,Good,High,10,Yes,50,"25,001–50,000"
V04337,SUV,9,179055,94,2618,44,6.7,11.34,31,67,Good,Low,3,Yes,100,"80,001+"
V04338,Truck,6,44232,99,2082,33,15.2,12.78,45,35,Critical,Low,4,Yes,80,"80,001+"
V04339,SUV,2,88877,108,2669,29,6.6,11.84,39,105,Worn,High,11,Yes,30,"10,001–25,000"
V04340,Sedan,14,116221,94,2257,41,10.9,11.66,40,93,Worn,Low,9,No,80,"80,001+"
V04341,Hatchback,6,23716,92,1581,42,6.3,11.24,44,57,Worn,High,1,Yes,80,"80,001+"
V04342,Truck,5,69641,97,2134,41,8.9,11.11,40,36,Moderate,Low,12,Yes,90,"80,001+"
V04343,Truck,12,144563,109,2567,34,15.4,11.6,33,81,Moderate,Medium,11,No,60,"50,001–80,000"
V04344,SUV,8,184554,110,2344,49,5.7,11.38,33,82,Moderate,High,2,No,60,"50,001–80,000"
V04345,Sedan,1,197310,108,1581,33,7.1,11.35,41,46,Critical,High,11,No,30,"10,001–25,000"
V04346,Truck,4,25973,100,2796,42,9.8,12.32,36,56,Good,Low,8,Yes,100,"80,001+"
V04347,Hatchback,7,114937,104,1720,23,17.2,12.24,31,33,Worn,High,11,Yes,30,"10,001–25,000"
V04348,Truck,10,125598,102,1784,28,19.1,12.52,34,66,Worn,Medium,12,No,50,"25,001–50,000"
V04349,Sedan,1,62141,100,1610,22,9.9,12.4,30,103,Good,Medium,5,Yes,80,"80,001+"
V04350,Hatchback,6,59283,103,2529,39,7.3,11.3,42,105,Worn,Medium,5,No,80,"80,001+"
V04351,SUV,9,188072,107,1930,30,17.3,12.42,31,58,Worn,Medium,11,Yes,70,"50,001–80,000"
V04352,Truck,15,176552,89,2700,36,16.9,11.27,43,107,Moderate,High,5,No,70,"50,001–80,000"
V04353,Truck,2,74481,108,2018,40,16.9,11.31,33,57,Critical,High,7,No,40,"25,001–50,000"
V04354,Truck,1,68463,98,2620,34,19.3,12.95,42,49,Worn,Low,5,No,100,"80,001+"
V04355,Hatchback,15,160792,104,1776,20,13.0,12.75,38,58,Worn,High,2,No,30,"10,001–25,000"
V04356,Sedan,7,179483,108,2675,20,14.8,11.42,43,91,Moderate,High,5,No,40,"25,001–50,000"
V04357,Sedan,12,41296,103,2085,43,15.1,12.64,36,69,Good,Medium,10,Yes,60,"50,001–80,000"
V04358,Hatchback,2,160192,102,2048,25,17.9,11.62,32,31,Good,Medium,2,Yes,60,"50,001–80,000"
V04359,Sedan,3,115512,106,2386,32,16.7,11.89,35,67,Worn,High,7,No,60,"50,001–80,000"
V04360,Sedan,13,168082,104,2702,48,19.7,11.26,34,63,Worn,Medium,12,No,60,"50,001–80,000"
V04361,SUV,9,196507,90,2900,22,5.2,12.43,37,99,Good,High,2,No,60,"50,001–80,000"
V04362,SUV,14,77488,92,1537,43,16.5,11.47,30,108,Good,High,1,No,70,"50,001–80,000"
V04363,SUV,7,5042,97,1784,25,19.8,11.7,31,51,Moderate,High,1,Yes,60,"50,001–80,000"
V04364,Sedan,5,137794,88,2818,20,12.4,11.49,41,77,Critical,Medium,6,No,60,"50,001–80,000"
V04365,Truck,6,90439,94,2856,29,5.8,12.42,40,84,Good,High,5,Yes,60,"50,001–80,000"
V04366,Hatchback,4,43267,106,2003,20,11.2,12.02,32,33,Moderate,Medium,6,No,60,"50,001–80,000"
V04367,Hatchback,4,87539,96,1502,39,16.9,12.18,33,102,Worn,High,6,Yes,80,"80,001+"
V04368,Sedan,13,67990,89,1860,42,7.2,12.06,33,91,Moderate,Medium,12,Yes,80,"80,001+"
V04369,Hatchback,4,147608,105,1793,32,17.8,11.05,37,59,Good,High,3,Yes,60,"50,001–80,000"
V04370,Truck,2,41749,99,1569,40,19.0,11.51,39,52,Good,Medium,6,Yes,100,"80,001+"
V04371,Hatchback,9,171146,99,2181,31,13.4,11.67,31,31,Good,Low,1,No,100,"80,001+"
V04372,Sedan,13,119201,104,2718,38,6.9,12.9,39,69,Critical,Low,7,No,50,"25,001–50,000"
V04373,Truck,4,159620,103,1838,24,11.6,11.99,40,108,Worn,Medium,7,Yes,60,"50,001–80,000"
V04374,Truck,11,26132,86,1524,39,17.0,12.95,37,32,Worn,Low,2,Yes,90,"80,001+"
V04375,Hatchback,7,113588,108,2053,22,17.6,12.44,36,58,Moderate,Low,11,No,50,"25,001–50,000"
V04376,Hatchback,2,189711,91,2724,45,15.6,12.79,32,80,Worn,High,2,No,80,"80,001+"
V04377,Hatchback,2,174022,100,1823,43,14.0,12.96,31,96,Worn,Low,3,No,100,"80,001+"
V04378,Hatchback,1,23887,108,2336,34,12.2,11.7,41,79,Good,Medium,7,No,80,"80,001+"
V04379,SUV,14,29261,89,1700,50,9.0,11.84,30,39,Moderate,High,3,No,70,"50,001–80,000"
V04380,Hatchback,6,52653,106,2922,50,15.8,11.58,45,37,Worn,Low,7,No,80,"80,001+"
V04381,Hatchback,6,110081,97,1750,26,19.8,11.54,42,55,Moderate,Medium,12,No,70,"50,001–80,000"
V04382,Truck,12,199170,93,2648,21,14.2,12.72,35,61,Critical,Medium,7,Yes,50,"25,001–50,000"
V04383,Truck,4,48360,90,1679,30,7.2,11.73,36,75,Worn,Medium,4,Yes,100,"80,001+"
V04384,SUV,10,124385,94,2836,45,17.2,11.43,32,42,Good,Low,11,No,90,"80,001+"
V04385,Hatchback,7,190888,90,2320,21,14.9,12.19,39,80,Good,High,8,Yes,60,"50,001–80,000"
V04386,Truck,10,149352,102,1999,37,5.5,11.04,43,83,Critical,Low,6,No,60,"50,001–80,000"
V04387,Sedan,3,13686,99,2327,33,5.3,11.51,40,60,Critical,High,10,Yes,50,"25,001–50,000"
V04388,SUV,6,183288,100,2155,38,17.5,11.2,40,89,Worn,Low,8,No,100,"80,001+"
V04389,SUV,8,131391,90,2788,27,17.8,11.44,35,38,Critical,High,10,Yes,30,"10,001–25,000"
V04390,Sedan,15,94332,86,2291,28,6.9,12.5,31,92,Moderate,Low,10,Yes,60,"50,001–80,000"
V04391,Truck,2,131907,94,2900,33,17.8,11.24,36,52,Good,Medium,11,No,90,"80,001+"
V04392,Sedan,1,180971,108,1841,44,7.8,11.83,32,94,Good,Medium,3,Yes,80,"80,001+"
V04393,SUV,9,199477,92,1536,40,8.5,11.44,45,62,Critical,Low,1,Yes,80,"80,001+"
V04394,SUV,8,181504,89,1708,26,14.5,12.69,41,75,Critical,Medium,8,No,60,"50,001–80,000"
V04395,Truck,9,189395,90,2233,49,14.6,11.18,39,76,Worn,Medium,11,Yes,90,"80,001+"
V04396,Sedan,1,18837,110,1515,39,16.8,12.3,42,52,Critical,High,6,Yes,40,"25,001–50,000"
V04397,SUV,3,199386,95,1799,42,5.5,11.87,34,65,Worn,Low,3,Yes,100,"80,001+"
V04398,SUV,12,118211,86,1873,39,18.7,11.26,37,80,Moderate,Low,1,Yes,90,"80,001+"
V04399,Sedan,5,148828,105,1645,43,13.6,11.37,35,84,Moderate,Medium,9,No,70,"50,001–80,000"
V04400,Sedan,5,139892,106,2030,38,6.7,11.6,40,83,Critical,High,8,Yes,40,"25,001–50,000"
V04401,Truck,14,98329,104,2133,47,9.5,12.0,36,58,Worn,Low,9,No,60,"50,001–80,000"
V04402,Truck,13,68303,93,1699,33,14.6,11.64,30,83,Worn,Medium,3,No,90,"80,001+"
V04403,Hatchback,11,112397,104,1557,34,14.1,11.19,41,60,Critical,Low,5,Yes,50,"25,001–50,000"
V04404,Sedan,13,33060,100,2548,30,9.7,11.18,37,41,Critical,Medium,1,Yes,70,"50,001–80,000"
V04405,Hatchback,11,198206,95,2897,32,12.6,11.65,42,31,Critical,High,3,Yes,50,"25,001–50,000"
V04406,Hatchback,4,158582,105,2098,25,11.2,11.35,44,103,Worn,Medium,4,Yes,60,"50,001–80,000"
V04407,SUV,9,17260,100,2453,34,10.8,12.97,33,58,Good,Medium,10,Yes,90,"80,001+"
V04408,Hatchback,10,30027,89,2263,39,6.8,11.25,35,95,Moderate,Low,1,Yes,100,"80,001+"
V04409,SUV,9,86226,108,2788,46,14.0,12.16,35,37,Good,High,2,No,60,"50,001–80,000"
V04410,SUV,6,33622,94,1847,41,8.6,12.43,33,53,Good,Medium,2,No,100,"80,001+"
V04411,Hatchback,13,48790,100,2525,26,15.5,11.34,35,103,Moderate,Medium,4,Yes,70,"50,001–80,000"
V04412,Truck,6,39862,98,2691,30,18.8,11.52,43,61,Good,Low,9,Yes,90,"80,001+"
V04413,Hatchback,8,79882,92,1596,43,9.0,11.73,39,90,Worn,Low,5,No,100,"80,001+"
V04414,Hatchback,2,55922,100,1527,37,6.4,12.8,41,93,Good,High,12,Yes,70,"50,001–80,000"
V04415,SUV,3,38622,95,2227,37,17.9,12.68,42,37,Worn,Medium,5,Yes,100,"80,001+"
V04416,Sedan,9,25259,97,2707,45,17.1,12.54,40,82,Moderate,Medium,10,No,90,"80,001+"
V04417,SUV,5,172002,101,2866,44,12.4,11.47,40,36,Good,Low,10,No,70,"50,001–80,000"
V04418,Truck,4,43032,101,2924,39,11.8,12.27,43,43,Moderate,Medium,4,No,80,"80,001+"
V04419,Truck,7,69630,106,2433,39,7.4,12.19,38,62,Critical,High,9,No,30,"10,001–25,000"
V04420,Hatchback,15,116502,89,2167,22,15.1,12.92,41,107,Moderate,High,9,Yes,40,"25,001–50,000"
V04421,SUV,10,163051,103,2223,20,14.1,11.65,36,104,Moderate,High,3,No,40,"25,001–50,000"
V04422,Truck,8,35839,95,2714,49,19.7,11.9,43,97,Worn,High,9,No,70,"50,001–80,000"
V04423,Hatchback,7,34316,99,1769,41,5.6,11.32,36,72,Moderate,High,10,No,70,"50,001–80,000"
V04424,Hatchback,4,67589,106,1757,20,7.2,11.81,45,44,Critical,Low,6,Yes,40,"25,001–50,000"
V04425,Sedan,4,161429,109,1741,40,11.2,11.18,41,74,Moderate,Medium,11,No,70,"50,001–80,000"
V04426,Sedan,6,48370,105,1950,44,8.0,12.97,41,59,Worn,High,2,No,60,"50,001–80,000"
V04427,Truck,12,133591,108,2644,30,6.6,12.57,44,31,Good,High,7,Yes,50,"25,001–50,000"
V04428,Sedan,13,23724,90,1630,28,15.8,11.87,33,70,Critical,High,8,Yes,30,"10,001–25,000"
V04429,Sedan,2,179561,91,1727,38,6.4,12.75,32,64,Good,High,5,No,80,"80,001+"
V04430,Sedan,2,181942,90,2863,27,7.1,11.72,43,72,Critical,Low,12,No,50,"25,001–50,000"
V04431,Hatchback,9,139284,99,2822,42,16.7,12.36,42,34,Good,High,8,No,80,"80,001+"
V04432,Hatchback,14,94683,90,2735,20,9.2,12.1,44,93,Worn,Low,12,Yes,60,"50,001–80,000"
V04433,Sedan,7,186959,94,1791,36,9.7,11.91,43,62,Worn,Medium,3,Yes,100,"80,001+"
V04434,Truck,11,147417,90,1955,44,9.9,11.12,38,66,Critical,Medium,7,Yes,70,"50,001–80,000"
V04435,Hatchback,12,170391,106,2968,28,12.4,12.96,44,86,Moderate,High,8,Yes,30,"10,001–25,000"
V04436,Sedan,9,192794,97,2383,26,19.6,11.12,45,38,Moderate,Low,10,Yes,70,"50,001–80,000"
V04437,Sedan,6,87948,100,2579,46,19.0,12.3,45,93,Moderate,Medium,5,No,100,"80,001+"
V04438,SUV,13,165277,100,1735,43,6.5,11.25,39,74,Good,High,5,No,70,"50,001–80,000"
V04439,Truck,2,98252,87,1765,26,17.9,11.94,37,49,Critical,High,7,Yes,40,"25,001–50,000"
V04440,Hatchback,8,152748,87,1802,45,14.1,11.72,43,96,Critical,High,8,No,60,"50,001–80,000"
V04441,Truck,8,180352,96,2512,40,12.6,12.61,31,42,Critical,Medium,1,No,80,"80,001+"
V04442,Hatchback,14,175541,98,2243,27,16.1,11.16,38,56,Moderate,Low,2,No,70,"50,001–80,000"
V04443,Hatchback,3,132045,98,2098,46,9.0,11.99,33,93,Moderate,High,4,No,80,"80,001+"
V04444,SUV,9,22831,106,1874,46,18.5,12.93,41,76,Good,Low,6,Yes,80,"80,001+"
V04445,Sedan,13,182199,96,1768,35,11.3,12.85,42,52,Critical,Low,9,No,60,"50,001–80,000"
V04446,Truck,9,16779,110,3000,22,16.0,12.87,40,91,Good,Medium,6,No,60,"50,001–80,000"
V04447,Sedan,14,83429,85,2710,27,7.6,11.17,36,50,Good,Low,9,Yes,60,"50,001–80,000"
V04448,Hatchback,11,147314,108,1672,48,17.2,11.66,38,40,Moderate,Medium,7,Yes,70,"50,001–80,000"
V04449,Sedan,11,157856,109,2285,48,18.8,11.69,41,65,Good,Low,1,Yes,70,"50,001–80,000"
V04450,Sedan,12,188451,101,2910,24,7.3,11.19,45,110,Critical,High,9,Yes,0,"0–10,000"
V04451,Truck,6,162774,99,2953,38,15.8,12.68,36,63,Worn,Medium,11,No,90,"80,001+"
V04452,SUV,12,25424,110,2986,48,5.9,11.07,31,94,Critical,High,8,No,30,"10,001–25,000"
V04453,Hatchback,8,160856,95,2082,41,18.9,11.08,40,99,Good,Medium,6,No,100,"80,001+"
V04454,SUV,7,186183,95,2305,36,11.8,12.24,39,71,Worn,Medium,12,Yes,90,"80,001+"
V04455,Sedan,3,56347,87,2999,24,6.1,12.3,39,110,Critical,Medium,6,Yes,60,"50,001–80,000"
V04456,Hatchback,10,14036,93,2517,36,14.3,12.48,32,93,Good,Low,4,No,100,"80,001+"
V04457,Sedan,12,118501,87,2730,29,10.5,12.58,45,102,Worn,Low,10,No,60,"50,001–80,000"
V04458,Hatchback,6,123291,85,2913,40,12.6,11.92,42,47,Good,High,6,Yes,80,"80,001+"
V04459,SUV,6,72884,92,2013,42,17.3,12.74,44,40,Moderate,Low,9,Yes,90,"80,001+"
V04460,Hatchback,12,169362,92,2135,23,13.4,11.41,34,35,Good,Medium,7,Yes,70,"50,001–80,000"
V04461,Hatchback,11,172312,92,2826,48,11.0,12.83,40,65,Critical,Medium,4,No,70,"50,001–80,000"
V04462,Hatchback,15,103335,96,2061,28,6.9,12.81,37,103,Critical,High,1,No,30,"10,001–25,000"
V04463,Sedan,10,21529,109,2481,35,13.5,11.8,32,82,Good,Low,8,No,80,"80,001+"
V04464,Hatchback,10,148416,98,2518,42,8.1,11.66,33,103,Good,High,10,Yes,70,"50,001–80,000"
V04465,Truck,4,110169,106,1729,34,9.2,12.75,40,68,Moderate,Low,6,No,80,"80,001+"
V04466,SUV,12,81785,89,1935,38,12.1,12.87,41,74,Worn,Low,7,No,90,"80,001+"
V04467,SUV,4,66138,91,2212,49,12.0,11.58,44,61,Worn,Low,6,No,100,"80,001+"
V04468,Sedan,15,182737,101,2729,32,7.5,12.87,44,44,Moderate,High,4,Yes,50,"25,001–50,000"
V04469,Hatchback,4,66601,90,2328,44,15.6,12.48,38,89,Worn,Medium,8,No,100,"80,001+"
V04470,SUV,4,156172,106,2854,22,14.5,11.67,30,84,Worn,High,2,Yes,40,"25,001–50,000"
V04471,Truck,1,55719,92,1612,27,19.3,12.65,33,106,Good,Low,9,No,70,"50,001–80,000"
V04472,SUV,13,63957,95,2497,29,17.9,12.46,32,56,Worn,Low,9,No,60,"50,001–80,000"
V04473,Sedan,15,91925,86,1920,29,11.0,11.46,44,88,Critical,Low,11,No,40,"25,001–50,000"
V04474,Hatchback,12,139735,87,1710,31,8.1,11.4,35,74,Good,Low,6,No,90,"80,001+"
V04475,Truck,11,104984,99,2944,37,6.7,11.6,38,32,Moderate,Low,12,Yes,80,"80,001+"
V04476,Truck,2,71220,106,2611,25,15.2,12.56,39,105,Worn,Low,1,Yes,60,"50,001–80,000"
V04477,Hatchback,12,198346,99,2393,25,9.3,12.54,45,65,Good,Low,2,No,70,"50,001–80,000"
V04478,Sedan,7,59685,88,2267,26,5.4,12.65,33,107,Good,Medium,4,No,80,"80,001+"
V04479,Hatchback,3,126155,93,2005,37,13.8,12.18,39,101,Good,High,6,No,80,"80,001+"
V04480,Hatchback,1,9276,93,2373,50,17.3,12.11,30,103,Worn,Low,10,Yes,90,"80,001+"
V04481,Hatchback,2,78556,90,2971,30,12.7,11.77,30,93,Moderate,Medium,10,No,90,"80,001+"
V04482,Sedan,11,113363,106,1921,44,18.4,11.76,35,44,Critical,High,2,Yes,30,"10,001–25,000"
V04483,SUV,13,37040,107,2880,43,17.1,12.12,40,95,Worn,High,1,No,50,"25,001–50,000"
V04484,SUV,6,50447,86,1888,20,7.2,11.16,40,39,Critical,Low,9,No,50,"25,001–50,000"
V04485,Sedan,4,68308,94,2714,42,10.0,12.91,33,97,Critical,Medium,11,Yes,70,"50,001–80,000"
V04486,Truck,9,149654,103,2198,46,8.9,11.3,42,75,Critical,Medium,6,Yes,60,"50,001–80,000"
V04487,Sedan,2,170215,107,2214,24,13.7,12.32,38,84,Critical,Low,10,Yes,30,"10,001–25,000"
V04488,Hatchback,10,150906,92,2935,38,10.4,12.35,35,70,Good,High,1,No,80,"80,001+"
V04489,Hatchback,3,109241,103,2552,48,17.3,12.41,41,104,Critical,Medium,2,Yes,60,"50,001–80,000"
V04490,Sedan,5,175894,94,1598,25,10.4,12.28,31,92,Good,Low,10,No,70,"50,001–80,000"
V04491,Truck,13,114803,86,2981,43,13.9,11.79,44,82,Moderate,Low,4,No,90,"80,001+"
V04492,Hatchback,6,28310,109,2484,26,6.3,11.16,30,74,Critical,High,5,No,20,"10,001–25,000"
V04493,SUV,7,64548,109,2431,20,10.3,12.05,31,110,Worn,Medium,11,No,50,"25,001–50,000"
V04494,Sedan,10,149839,85,1763,34,11.2,11.63,31,37,Moderate,Low,3,Yes,100,"80,001+"
V04495,Sedan,13,114059,105,1968,40,13.4,11.09,43,41,Worn,High,3,No,50,"25,001–50,000"
V04496,Sedan,11,145418,93,2241,44,5.9,11.57,32,74,Critical,Medium,11,No,60,"50,001–80,000"
V04497,Sedan,7,72981,103,2696,35,8.7,12.3,37,82,Good,High,5,Yes,60,"50,001–80,000"
V04498,Truck,7,130102,106,2192,22,5.1,11.68,31,35,Moderate,Low,5,Yes,60,"50,001–80,000"
V04499,Truck,12,159839,90,2754,33,9.1,12.04,41,44,Critical,Medium,3,No,70,"50,001–80,000"
V04500,Hatchback,7,144280,106,2071,36,17.7,12.89,37,75,Critical,Low,9,Yes,50,"25,001–50,000"
V04501,Sedan,2,193225,104,1916,39,12.7,11.02,35,73,Good,High,7,Yes,60,"50,001–80,000"
V04502,Sedan,1,104334,103,2006,44,14.0,11.91,30,58,Worn,Low,5,No,80,"80,001+"
V04503,Sedan,5,91625,104,1754,28,6.9,12.5,31,35,Moderate,High,10,No,30,"10,001–25,000"
V04504,SUV,10,90219,87,1824,49,16.6,12.98,37,45,Worn,Medium,7,Yes,100,"80,001+"
V04505,Sedan,13,71153,97,2418,49,17.2,11.85,39,68,Good,Medium,2,Yes,90,"80,001+"
V04506,Truck,4,164607,104,2796,23,19.0,12.02,36,86,Good,Medium,3,No,60,"50,001–80,000"
V04507,Hatchback,12,74577,102,1823,33,14.4,11.46,31,52,Critical,High,1,Yes,30,"10,001–25,000"
V04508,Truck,9,174305,87,2866,36,19.0,12.65,30,100,Critical,Low,12,No,70,"50,001–80,000"
V04509,SUV,6,191946,99,2582,21,17.6,11.42,41,53,Good,Low,5,Yes,80,"80,001+"
V04510,Sedan,11,7755,85,2202,29,15.0,12.66,35,53,Moderate,Low,7,No,70,"50,001–80,000"
V04511,SUV,8,34910,86,2747,33,13.5,12.39,40,35,Good,Medium,8,Yes,100,"80,001+"
V04512,SUV,13,192740,107,2257,28,13.1,12.09,41,74,Good,High,12,No,20,"10,001–25,000"
V04513,SUV,8,50637,95,2440,20,13.1,12.54,43,82,Moderate,High,10,No,50,"25,001–50,000"
V04514,Hatchback,6,43752,88,2488,42,11.3,11.67,37,51,Good,Low,6,No,100,"80,001+"
V04515,Hatchback,8,104671,98,2687,46,9.5,11.39,33,88,Good,Medium,3,No,100,"80,001+"
V04516,Hatchback,11,9163,86,1818,23,17.4,12.75,43,37,Critical,Medium,8,No,50,"25,001–50,000"
V04517,SUV,11,146041,104,2718,38,13.2,11.45,41,89,Critical,Low,9,Yes,40,"25,001–50,000"
V04518,Hatchback,12,72499,98,1657,49,9.4,11.27,38,76,Good,High,12,Yes,60,"50,001–80,000"
V04519,Sedan,11,157386,104,2730,38,6.4,11.09,31,41,Worn,High,4,Yes,50,"25,001–50,000"
V04520,SUV,10,154615,106,2610,21,6.2,12.18,40,42,Worn,High,12,No,30,"10,001–25,000"
V04521,Sedan,2,186049,107,1567,24,6.6,11.29,34,59,Good,Low,11,No,50,"25,001–50,000"
V04522,SUV,6,38873,89,2716,25,18.2,12.38,31,63,Critical,Low,3,No,60,"50,001–80,000"
V04523,Truck,2,29826,100,2024,48,12.5,12.49,37,105,Moderate,Low,11,No,90,"80,001+"
V04524,Sedan,6,48330,104,2237,28,17.3,11.72,45,66,Worn,Medium,6,Yes,60,"50,001–80,000"
V04525,Sedan,13,34268,87,2205,31,18.2,12.6,45,51,Worn,Medium,5,No,90,"80,001+"
V04526,Sedan,2,5431,110,1628,28,6.2,12.3,44,60,Worn,Medium,6,Yes,60,"50,001–80,000"
V04527,Sedan,11,152895,88,1880,35,13.9,12.46,45,58,Moderate,Low,5,No,90,"80,001+"
V04528,Hatchback,12,75102,105,1572,25,8.4,12.27,44,42,Good,High,1,No,30,"10,001–25,000"
V04529,Sedan,13,9237,104,1504,50,18.8,12.22,40,65,Moderate,High,3,Yes,50,"25,001–50,000"
V04530,Truck,6,198172,92,2759,23,19.3,12.23,45,92,Good,High,7,No,60,"50,001–80,000"
V04531,Hatchback,5,101277,101,2934,24,12.6,12.42,41,49,Good,Medium,3,No,60,"50,001–80,000"
V04532,SUV,14,30730,89,2950,28,6.1,11.08,39,91,Good,Low,12,Yes,60,"50,001–80,000"
V04533,Hatchback,12,117043,109,2637,27,15.9,11.62,42,74,Good,Low,12,Yes,40,"25,001–50,000"
V04534,Hatchback,9,9133,109,2309,27,6.8,12.92,37,51,Worn,Low,3,Yes,60,"50,001–80,000"
V04535,Truck,3,157348,93,2557,34,12.7,12.65,41,108,Worn,High,5,No,80,"80,001+"
V04536,Hatchback,15,19669,87,2094,34,11.3,11.81,36,91,Worn,High,5,No,70,"50,001–80,000"
V04537,Hatchback,15,160807,103,2952,39,5.3,11.85,40,56,Critical,High,9,No,20,"10,001–25,000"
V04538,SUV,13,28652,95,1851,46,9.5,11.53,38,55,Critical,High,10,No,40,"25,001–50,000"
V04539,Truck,12,26394,96,2416,28,5.4,12.4,35,54,Moderate,High,6,Yes,50,"25,001–50,000"
V04540,SUV,10,98086,88,2495,30,10.8,12.07,39,59,Good,Low,9,No,90,"80,001+"
V04541,Hatchback,9,115277,99,2845,27,14.6,11.8,38,109,Moderate,High,11,No,50,"25,001–50,000"
V04542,Hatchback,10,149965,99,1783,29,11.4,12.4,36,96,Good,Medium,4,No,80,"80,001+"
V04543,Hatchback,14,127732,86,1904,47,6.8,11.74,38,70,Moderate,High,5,No,70,"50,001–80,000"
V04544,Sedan,4,31737,91,2034,45,7.2,11.98,35,74,Good,Low,12,Yes,90,"80,001+"
V04545,SUV,11,22784,88,2256,50,15.3,12.65,32,78,Good,Low,10,Yes,80,"80,001+"
V04546,Hatchback,3,155393,101,1924,26,17.0,11.05,39,85,Moderate,High,8,No,40,"25,001–50,000"
V04547,Sedan,4,89103,98,2987,48,18.0,12.3,37,45,Moderate,Low,8,No,100,"80,001+"
V04548,Sedan,2,139422,87,2559,34,16.0,12.77,40,57,Good,Low,11,Yes,90,"80,001+"
V04549,Truck,12,44781,109,1663,24,6.1,11.66,39,108,Critical,High,3,No,10,"0–10,000"
V04550,SUV,7,186767,101,2492,47,10.4,11.13,36,64,Moderate,High,12,No,50,"25,001–50,000"
V04551,Sedan,13,146401,105,2174,35,19.2,11.7,38,65,Moderate,Low,3,No,70,"50,001–80,000"
V04552,Hatchback,12,13094,97,1787,40,14.5,11.49,30,55,Moderate,Medium,1,No,90,"80,001+"
V04553,Hatchback,6,173003,96,1874,46,19.4,11.05,41,77,Moderate,Low,1,Yes,100,"80,001+"
V04554,Sedan,1,30171,87,2492,20,14.3,11.85,43,31,Worn,High,12,No,50,"25,001–50,000"
V04555,Hatchback,12,134229,100,1915,41,13.1,12.54,34,57,Worn,Medium,7,No,90,"80,001+"
V04556,SUV,11,159980,109,2971,32,8.8,11.86,36,94,Worn,High,12,Yes,40,"25,001–50,000"
V04557,SUV,13,179927,91,1571,44,18.0,12.65,34,43,Critical,Medium,9,Yes,60,"50,001–80,000"
V04558,SUV,4,107894,95,2231,23,7.9,11.01,35,56,Moderate,Low,9,Yes,70,"50,001–80,000"
V04559,Hatchback,6,157978,109,2565,50,7.2,11.87,44,99,Worn,Medium,8,No,80,"80,001+"
V04560,Sedan,15,167837,93,2304,35,17.7,12.4,33,82,Critical,Low,3,Yes,70,"50,001–80,000"
V04561,Truck,2,100197,86,1878,25,16.1,11.49,31,67,Worn,High,11,No,50,"25,001–50,000"
V04562,Sedan,5,78613,86,2757,40,16.1,11.09,41,107,Critical,Medium,3,No,80,"80,001+"
V04563,Sedan,11,149755,85,1650,24,14.8,11.06,37,50,Worn,Medium,10,Yes,60,"50,001–80,000"
V04564,Truck,3,42425,108,2967,25,12.8,12.1,32,90,Moderate,Low,3,No,60,"50,001–80,000"
V04565,Truck,13,166390,99,1659,27,17.7,12.19,35,47,Critical,Medium,5,Yes,50,"25,001–50,000"
V04566,Sedan,10,33360,96,1918,48,9.7,11.04,36,59,Worn,Medium,3,Yes,100,"80,001+"
V04567,SUV,5,10270,98,2024,32,9.2,11.57,36,63,Good,Medium,9,Yes,90,"80,001+"
V04568,Truck,7,183774,87,2983,32,15.6,11.43,33,73,Worn,High,12,No,70,"50,001–80,000"
V04569,SUV,5,61367,103,2281,25,18.5,12.52,43,56,Moderate,Medium,10,No,50,"25,001–50,000"
V04570,Truck,13,118035,96,1775,42,13.2,11.17,39,102,Worn,Low,6,No,90,"80,001+"
V04571,Hatchback,1,28085,102,2075,30,9.7,12.97,38,83,Critical,Low,7,Yes,60,"50,001–80,000"
V04572,Hatchback,9,56242,88,2427,34,18.2,12.77,45,50,Worn,Low,4,No,100,"80,001+"
V04573,Sedan,12,144727,89,2477,48,18.5,11.16,43,61,Critical,High,8,Yes,50,"25,001–50,000"
V04574,Truck,12,97220,87,1886,29,8.2,12.31,38,54,Critical,Low,6,No,50,"25,001–50,000"
V04575,SUV,4,198575,106,1852,47,15.6,11.78,45,100,Critical,Medium,10,No,50,"25,001–50,000"
V04576,SUV,1,19384,103,2109,31,11.3,12.04,45,70,Critical,High,8,Yes,40,"25,001–50,000"
V04577,Sedan,3,119620,107,2484,39,15.6,11.16,35,84,Moderate,High,11,No,50,"25,001–50,000"
V04578,Truck,15,22571,87,2564,34,9.9,12.75,42,102,Good,High,4,Yes,70,"50,001–80,000"
V04579,Sedan,4,38308,101,2007,48,10.7,12.42,39,80,Worn,Low,6,No,80,"80,001+"
V04580,Sedan,6,82032,88,2425,48,10.9,12.68,39,75,Worn,Medium,7,Yes,100,"80,001+"
V04581,Sedan,4,83351,103,2768,45,5.1,11.03,44,30,Worn,High,9,Yes,50,"25,001–50,000"
V04582,Sedan,5,191748,85,1556,38,7.6,12.57,42,101,Moderate,High,4,No,80,"80,001+"
V04583,SUV,6,66171,98,2278,31,8.4,11.29,37,37,Worn,Medium,10,Yes,90,"80,001+"
V04584,SUV,13,144595,107,2996,48,17.2,11.53,32,102,Critical,High,2,No,30,"10,001–25,000"
V04585,Truck,10,163482,105,1575,20,9.9,11.79,34,62,Worn,Low,7,Yes,60,"50,001–80,000"
V04586,Truck,8,81336,103,2451,44,12.9,11.83,38,79,Worn,High,4,Yes,60,"50,001–80,000"
V04587,Truck,11,113814,85,1636,33,5.3,11.79,42,75,Moderate,Low,5,Yes,90,"80,001+"
V04588,SUV,8,136179,86,1670,33,19.8,12.29,40,67,Critical,Low,4,No,80,"80,001+"
V04589,Sedan,15,44685,88,2978,26,16.8,11.68,44,44,Critical,Low,10,Yes,40,"25,001–50,000"
V04590,SUV,12,93415,101,1780,23,12.0,12.23,30,37,Worn,High,4,Yes,30,"10,001–25,000"
V04591,Truck,9,162626,98,1874,28,15.0,11.51,32,86,Good,High,6,Yes,60,"50,001–80,000"
V04592,Truck,12,153021,96,2316,43,6.1,11.45,37,60,Moderate,Medium,6,No,90,"80,001+"
V04593,Sedan,14,115677,101,2936,33,13.1,12.48,44,80,Moderate,High,4,Yes,50,"25,001–50,000"
V04594,Hatchback,12,199819,99,2969,40,8.9,11.1,36,76,Moderate,Low,1,No,90,"80,001+"
V04595,Truck,5,165755,106,2647,28,17.7,11.45,31,64,Critical,Low,5,No,40,"25,001–50,000"
V04596,SUV,7,115504,86,1967,32,6.6,11.82,37,83,Critical,Medium,1,Yes,80,"80,001+"
V04597,Truck,2,53586,92,1578,21,19.1,12.49,41,103,Moderate,Medium,2,Yes,80,"80,001+"
V04598,Sedan,10,192036,97,1765,21,15.3,12.86,30,73,Good,Low,3,Yes,80,"80,001+"
V04599,Truck,1,180544,94,2594,49,13.3,11.62,38,104,Critical,Low,12,Yes,70,"50,001–80,000"
V04600,SUV,12,198267,85,1697,24,7.7,11.97,35,108,Worn,Low,12,No,60,"50,001–80,000"
V04601,Truck,12,38205,97,1516,42,6.0,11.52,45,100,Moderate,Medium,3,Yes,90,"80,001+"
V04602,Hatchback,1,56677,98,1915,45,5.5,12.48,44,33,Worn,Medium,8,Yes,100,"80,001+"
V04603,SUV,5,193567,97,2811,39,18.3,11.13,32,101,Critical,Low,6,No,80,"80,001+"
V04604,Sedan,9,107551,96,2407,32,7.0,11.83,44,54,Moderate,Low,4,No,100,"80,001+"
V04605,Hatchback,6,183479,109,1909,29,11.7,12.25,45,34,Good,Medium,7,No,60,"50,001–80,000"
V04606,SUV,14,29002,86,2936,40,6.8,12.93,34,47,Good,Medium,3,No,90,"80,001+"
V04607,Hatchback,12,134087,106,2317,36,19.8,12.82,36,74,Worn,Medium,9,No,60,"50,001–80,000"
V04608,Sedan,6,32250,99,2087,39,18.7,11.46,38,52,Worn,High,6,No,80,"80,001+"
V04609,Truck,14,123459,94,2011,23,16.1,11.93,37,60,Worn,Low,6,No,70,"50,001–80,000"
V04610,Truck,13,77827,93,2260,31,8.9,12.36,41,57,Critical,High,2,No,50,"25,001–50,000"
V04611,SUV,13,192551,98,2647,24,13.4,11.05,42,66,Worn,Medium,9,Yes,60,"50,001–80,000"
V04612,SUV,4,158469,108,2226,49,17.9,11.4,43,38,Worn,High,8,No,60,"50,001–80,000"
V04613,Hatchback,9,6708,95,2784,50,19.1,11.03,36,58,Good,Medium,4,No,100,"80,001+"
V04614,Hatchback,3,55439,85,2892,28,6.8,11.12,38,101,Worn,Low,6,No,80,"80,001+"
V04615,SUV,1,155072,101,2108,20,19.1,11.3,45,79,Worn,High,6,No,40,"25,001–50,000"
V04616,Hatchback,15,91865,88,1932,45,16.7,11.5,32,103,Worn,High,6,No,70,"50,001–80,000"
V04617,Truck,2,64797,106,1898,23,9.9,11.86,37,42,Worn,Medium,4,No,60,"50,001–80,000"
V04618,Truck,8,132110,94,2770,40,6.8,12.09,44,94,Moderate,Medium,8,No,100,"80,001+"
V04619,Hatchback,3,170719,102,2752,37,17.8,12.69,31,62,Critical,High,12,No,30,"10,001–25,000"
V04620,Hatchback,4,155801,87,1873,37,5.1,12.83,32,38,Worn,High,6,Yes,80,"80,001+"
V04621,Hatchback,14,40740,93,2566,36,10.5,11.9,34,88,Moderate,Low,3,Yes,90,"80,001+"
V04622,SUV,8,144848,95,1608,45,15.7,12.79,32,40,Good,High,7,No,80,"80,001+"
V04623,Hatchback,13,101770,91,2714,37,5.9,12.78,32,79,Good,High,11,Yes,60,"50,001–80,000"
V04624,SUV,11,152476,87,1883,25,18.5,12.47,36,65,Good,High,11,No,40,"25,001–50,000"
V04625,SUV,12,39480,97,2411,36,11.2,11.31,43,76,Worn,High,9,Yes,60,"50,001–80,000"
V04626,Sedan,12,33294,97,2251,26,18.7,12.09,35,93,Good,Low,1,No,70,"50,001–80,000"
V04627,Sedan,3,142147,95,2025,45,6.1,11.88,40,87,Worn,Low,4,Yes,100,"80,001+"
V04628,Hatchback,14,11639,93,2903,44,8.1,11.26,33,42,Moderate,High,9,No,60,"50,001–80,000"
V04629,SUV,3,85738,93,2120,42,13.8,12.69,30,84,Critical,High,4,Yes,60,"50,001–80,000"
V04630,Hatchback,6,96569,86,2963,34,6.0,12.44,44,102,Critical,Medium,8,No,80,"80,001+"
V04631,SUV,1,112041,96,2955,23,9.7,11.64,39,66,Moderate,High,1,Yes,60,"50,001–80,000"
V04632,SUV,9,117254,95,2901,34,13.8,12.11,33,102,Critical,Medium,5,No,80,"80,001+"
V04633,Hatchback,13,57380,102,2392,34,9.2,12.71,44,77,Worn,Low,8,Yes,70,"50,001–80,000"
V04634,Sedan,12,140975,101,2376,33,19.7,11.44,43,85,Worn,Low,11,Yes,60,"50,001–80,000"
V04635,Sedan,6,15002,85,1504,48,11.1,12.15,40,108,Worn,Medium,6,Yes,100,"80,001+"
V04636,Sedan,15,43594,105,2405,47,7.2,12.32,39,47,Good,High,6,No,50,"25,001–50,000"
V04637,Truck,10,129526,89,2844,29,8.7,11.12,39,53,Worn,High,5,Yes,60,"50,001–80,000"
V04638,SUV,7,68192,87,2535,34,9.8,12.88,33,100,Critical,Low,10,Yes,70,"50,001–80,000"
V04639,SUV,2,31208,110,1934,43,15.5,12.61,43,51,Critical,High,7,Yes,40,"25,001–50,000"
V04640,SUV,6,76325,86,2354,47,6.1,12.14,31,84,Good,High,6,Yes,80,"80,001+"
V04641,SUV,8,56408,103,2357,23,9.4,12.92,37,40,Critical,High,4,No,20,"10,001–25,000"
V04642,SUV,10,104810,96,1753,35,16.4,12.19,36,70,Moderate,High,10,Yes,70,"50,001–80,000"
V04643,Hatchback,4,180856,102,2842,20,10.9,11.84,36,98,Worn,High,6,No,40,"25,001–50,000"
V04644,Sedan,15,114033,87,1705,40,7.5,12.8,44,87,Moderate,Medium,3,No,90,"80,001+"
V04645,Sedan,7,50493,97,2301,36,10.0,12.39,42,59,Worn,High,2,Yes,80,"80,001+"
V04646,SUV,15,98010,90,2573,22,19.2,11.79,35,33,Worn,Low,11,No,60,"50,001–80,000"
V04647,Truck,3,124299,104,2189,38,15.2,11.67,45,43,Moderate,High,2,No,60,"50,001–80,000"
V04648,Hatchback,10,62037,100,2734,45,9.7,11.99,39,94,Worn,Low,1,No,100,"80,001+"
V04649,Sedan,2,75762,101,2255,45,17.2,11.42,44,101,Worn,Medium,9,Yes,70,"50,001–80,000"
V04650,Truck,3,90247,109,1832,24,18.6,11.49,31,42,Good,Medium,10,Yes,50,"25,001–50,000"
V04651,Truck,2,172821,102,2744,27,18.0,12.49,32,84,Worn,Medium,12,No,50,"25,001–50,000"
V04652,Hatchback,2,33031,87,1538,50,15.2,12.17,35,74,Critical,Medium,3,Yes,80,"80,001+"
V04653,Hatchback,1,83942,110,2623,29,16.1,12.67,32,87,Good,Low,1,Yes,60,"50,001–80,000"
V04654,Hatchback,3,12130,89,2872,38,16.6,12.26,33,59,Worn,Medium,12,Yes,90,"80,001+"
V04655,Hatchback,1,32519,96,2806,40,10.9,12.33,31,73,Moderate,High,3,Yes,80,"80,001+"
V04656,SUV,13,103590,101,2321,25,18.1,11.81,42,92,Moderate,Medium,12,No,40,"25,001–50,000"
V04657,Truck,13,118301,103,2789,45,6.1,13.0,33,49,Critical,Medium,8,No,50,"25,001–50,000"
V04658,Truck,1,188314,103,2985,43,6.1,11.77,39,103,Good,High,2,Yes,60,"50,001–80,000"
V04659,Truck,6,22952,95,1802,48,12.0,11.04,34,48,Moderate,High,8,No,80,"80,001+"
V04660,Sedan,10,162337,104,2838,33,13.0,11.7,37,109,Worn,Medium,2,No,80,"80,001+"
V04661,Sedan,7,155073,86,1929,28,18.3,11.82,36,37,Worn,High,2,No,60,"50,001–80,000"
V04662,Sedan,8,111941,94,2761,28,16.1,12.14,35,94,Moderate,Medium,11,Yes,70,"50,001–80,000"
V04663,Truck,10,13900,90,1816,39,6.9,11.35,31,97,Critical,Medium,11,Yes,70,"50,001–80,000"
V04664,Truck,6,175808,103,2321,32,11.7,12.17,33,92,Critical,Medium,4,Yes,60,"50,001–80,000"
V04665,Hatchback,11,132867,90,2595,49,19.2,12.48,39,39,Moderate,High,5,Yes,70,"50,001–80,000"
V04666,Sedan,11,10348,106,1856,39,9.2,11.04,43,73,Moderate,Low,8,No,70,"50,001–80,000"
V04667,Hatchback,13,177488,106,2293,21,6.7,12.34,43,89,Moderate,Medium,8,No,50,"25,001–50,000"
V04668,Truck,11,196331,88,2095,34,8.9,12.22,36,71,Critical,Low,6,Yes,70,"50,001–80,000"
V04669,Truck,12,115456,85,2380,48,17.7,11.95,38,67,Critical,High,9,No,40,"25,001–50,000"
V04670,SUV,10,114305,98,1723,32,14.7,11.36,30,46,Critical,Low,11,No,70,"50,001–80,000"
V04671,Truck,14,127424,95,2339,29,17.5,12.81,43,59,Worn,Medium,2,Yes,70,"50,001–80,000"
V04672,Hatchback,15,151468,97,1518,22,7.6,12.55,39,85,Worn,Low,6,Yes,70,"50,001–80,000"
V04673,SUV,9,94814,110,1675,38,19.2,12.07,30,43,Critical,Medium,12,No,50,"25,001–50,000"
V04674,Hatchback,7,65455,108,2511,20,15.0,12.12,34,78,Worn,Low,8,No,60,"50,001–80,000"
V04675,Hatchback,6,87592,93,1931,28,14.1,12.17,32,94,Critical,High,9,No,30,"10,001–25,000"
V04676,SUV,1,119344,105,1943,45,17.0,11.08,41,73,Critical,Low,8,No,60,"50,001–80,000"
V04677,Hatchback,10,51173,104,1524,40,12.6,12.3,39,33,Good,High,4,No,60,"50,001–80,000"
V04678,Sedan,9,133204,99,2821,50,8.2,11.11,39,46,Good,Low,6,No,100,"80,001+"
V04679,Hatchback,14,86913,110,2556,27,18.7,11.26,42,72,Worn,Low,5,No,50,"25,001–50,000"
V04680,Sedan,12,64793,90,2214,24,11.2,12.13,36,91,Worn,Low,4,Yes,70,"50,001–80,000"
V04681,Sedan,8,177385,109,2526,21,19.8,11.1,44,43,Worn,Medium,8,No,60,"50,001–80,000"
V04682,Sedan,2,47062,109,2422,29,8.6,11.26,40,64,Good,High,5,Yes,40,"25,001–50,000"
V04683,Hatchback,9,46068,106,2899,36,19.2,11.21,34,68,Good,High,7,Yes,60,"50,001–80,000"
V04684,Hatchback,15,144993,95,2751,29,6.9,12.08,35,31,Good,Medium,11,Yes,60,"50,001–80,000"
V04685,Sedan,7,23827,95,2664,33,7.1,11.13,40,56,Worn,Low,4,Yes,100,"80,001+"
V04686,SUV,4,70453,88,2433,34,8.0,11.58,45,51,Moderate,Low,6,Yes,100,"80,001+"
V04687,Hatchback,11,78015,95,2740,48,7.1,12.1,33,52,Moderate,Low,2,No,90,"80,001+"
V04688,Sedan,14,60150,86,2399,22,9.7,11.71,34,66,Good,Medium,9,No,60,"50,001–80,000"
V04689,SUV,8,23605,87,1619,41,10.2,12.75,44,70,Good,Low,3,No,100,"80,001+"
V04690,SUV,14,15403,87,2949,43,14.3,11.1,35,47,Worn,Medium,5,No,90,"80,001+"
V04691,SUV,3,48190,98,2365,38,10.8,11.85,38,66,Moderate,Low,11,Yes,90,"80,001+"
V04692,Hatchback,7,56382,90,2797,26,7.8,12.1,45,87,Moderate,High,9,No,50,"25,001–50,000"
V04693,Hatchback,4,178663,95,2664,20,9.7,12.66,30,87,Critical,Medium,11,No,50,"25,001–50,000"
V04694,Truck,4,17297,103,1674,46,16.0,12.04,40,46,Worn,High,3,No,60,"50,001–80,000"
V04695,Sedan,6,165780,100,1998,49,16.3,12.26,39,62,Worn,Medium,8,Yes,100,"80,001+"
V04696,Hatchback,10,156287,96,2438,38,8.3,12.36,35,31,Good,Medium,10,Yes,90,"80,001+"
V04697,SUV,4,93027,103,2736,41,7.5,12.12,44,106,Critical,Low,8,No,60,"50,001–80,000"
V04698,SUV,10,59911,100,2434,42,7.9,11.27,33,72,Good,High,8,Yes,80,"80,001+"
V04699,Sedan,11,57281,87,1524,50,15.1,12.35,30,96,Good,High,2,Yes,70,"50,001–80,000"
V04700,Truck,13,115047,94,2388,45,6.2,11.95,40,33,Critical,Medium,6,Yes,70,"50,001–80,000"
V04701,Truck,14,137287,102,2884,50,17.5,11.04,35,49,Moderate,Low,8,No,70,"50,001–80,000"
V04702,Hatchback,2,194649,107,1516,24,14.8,12.78,30,110,Moderate,Medium,6,Yes,60,"50,001–80,000"
V04703,SUV,5,11493,96,2049,36,16.2,11.9,32,82,Good,High,1,No,80,"80,001+"
V04704,SUV,8,21131,99,2650,42,8.6,11.47,31,109,Good,High,6,Yes,80,"80,001+"
V04705,Hatchback,2,73573,110,2245,37,15.9,12.3,44,31,Critical,High,3,No,40,"25,001–50,000"
V04706,Hatchback,9,162826,86,2840,47,17.7,11.3,37,63,Worn,Low,12,Yes,90,"80,001+"
V04707,SUV,8,9811,90,1556,43,9.3,11.31,38,108,Critical,High,5,No,60,"50,001–80,000"
V04708,Hatchback,9,69514,109,2698,24,5.9,12.95,39,53,Worn,High,1,No,40,"25,001–50,000"
V04709,Truck,10,116645,109,2281,36,14.8,12.55,40,64,Worn,High,2,No,60,"50,001–80,000"
V04710,SUV,8,180137,109,2498,40,19.8,11.16,30,100,Critical,Medium,2,No,60,"50,001–80,000"
V04711,Sedan,8,192111,106,2393,50,14.2,12.74,30,34,Critical,Low,4,Yes,60,"50,001–80,000"
V04712,Sedan,11,120527,100,2285,44,5.6,11.6,34,63,Worn,Medium,11,No,80,"80,001+"
V04713,Hatchback,2,176146,99,1631,42,12.2,11.9,37,106,Critical,Medium,5,Yes,80,"80,001+"
V04714,Truck,14,101331,102,1953,43,5.6,11.04,32,90,Worn,High,2,No,50,"25,001–50,000"
V04715,Truck,5,111111,108,2492,47,8.1,11.75,32,48,Worn,High,11,Yes,50,"25,001–50,000"
V04716,Truck,6,130141,102,2386,40,10.7,11.14,38,78,Worn,High,8,No,60,"50,001–80,000"
V04717,Hatchback,6,93178,95,2159,37,5.6,12.9,30,70,Moderate,Medium,7,Yes,100,"80,001+"
V04718,Sedan,13,187446,87,2746,23,15.4,11.35,33,42,Worn,Low,7,No,70,"50,001–80,000"
V04719,Truck,3,6013,102,2011,20,18.6,11.86,35,32,Critical,High,10,No,10,"0–10,000"
V04720,SUV,9,26283,86,2502,35,16.6,11.6,33,100,Critical,Low,2,No,80,"80,001+"
V04721,Truck,2,26739,92,2967,26,18.2,11.23,30,43,Critical,High,2,Yes,40,"25,001–50,000"
V04722,Sedan,4,58395,85,2793,30,9.3,11.09,40,98,Worn,High,3,No,80,"80,001+"
V04723,Hatchback,8,143318,101,2424,44,14.7,12.34,32,51,Moderate,Medium,6,No,80,"80,001+"
V04724,Hatchback,6,163617,95,2413,34,7.6,12.68,42,48,Worn,Medium,9,Yes,90,"80,001+"
V04725,Truck,13,92495,85,2675,21,10.1,11.72,45,38,Good,High,5,Yes,50,"25,001–50,000"
V04726,Truck,12,129562,95,2080,33,17.1,12.91,30,67,Moderate,High,4,No,70,"50,001–80,000"
V04727,Sedan,4,120875,97,2501,22,18.3,12.46,43,71,Moderate,Low,5,Yes,80,"80,001+"
V04728,SUV,3,82933,85,2575,20,13.1,12.7,39,94,Moderate,High,6,No,60,"50,001–80,000"
V04729,SUV,15,149698,101,2448,39,17.0,11.21,31,61,Critical,High,12,No,20,"10,001–25,000"
V04730,Hatchback,4,52646,105,2960,49,16.8,11.6,40,42,Good,Low,8,No,80,"80,001+"
V04731,SUV,4,155004,103,2787,46,14.7,11.19,35,69,Moderate,High,4,Yes,60,"50,001–80,000"
V04732,Truck,12,14758,103,2177,22,8.5,11.98,44,84,Good,Medium,6,No,50,"25,001–50,000"
V04733,Truck,7,162242,93,1839,28,9.0,12.83,33,38,Critical,Low,3,Yes,60,"50,001–80,000"
V04734,SUV,2,146718,87,2993,39,14.5,12.77,36,58,Moderate,Low,1,Yes,100,"80,001+"
V04735,Sedan,1,138079,98,1807,39,16.3,12.35,34,94,Critical,High,7,No,60,"50,001–80,000"
V04736,SUV,13,51293,107,2860,21,11.7,11.05,36,103,Worn,Medium,4,No,50,"25,001–50,000"
V04737,Hatchback,3,197181,105,1744,47,6.3,12.65,36,80,Moderate,Medium,12,Yes,70,"50,001–80,000"
V04738,Truck,4,83368,98,2922,43,9.6,12.04,33,93,Good,High,6,Yes,80,"80,001+"
V04739,Truck,8,129847,99,2788,35,13.1,12.15,33,106,Worn,Medium,1,No,100,"80,001+"
V04740,Sedan,14,85323,109,2682,27,16.8,11.38,36,39,Worn,Medium,11,No,40,"25,001–50,000"
V04741,Truck,6,156996,96,2760,45,13.4,12.28,30,55,Critical,High,1,No,60,"50,001–80,000"
V04742,Truck,13,129502,98,1550,27,14.4,11.47,44,93,Good,High,8,Yes,50,"25,001–50,000"
V04743,Truck,5,49830,98,1900,37,11.0,12.18,42,41,Moderate,Low,12,No,90,"80,001+"
V04744,SUV,12,36334,86,2707,33,7.4,12.42,34,66,Good,Low,11,Yes,80,"80,001+"
V04745,Sedan,8,54264,100,2699,21,10.2,11.92,38,94,Good,Medium,3,Yes,80,"80,001+"
V04746,SUV,13,112793,103,1843,26,7.5,12.49,33,104,Good,High,10,Yes,20,"10,001–25,000"
V04747,Sedan,8,154851,96,2304,43,8.7,12.88,40,68,Worn,Medium,10,No,90,"80,001+"
V04748,Sedan,4,131104,85,2577,27,9.9,12.89,43,60,Worn,High,5,No,60,"50,001–80,000"
V04749,Truck,2,54877,91,1706,23,11.1,11.42,32,33,Critical,High,9,Yes,30,"10,001–25,000"
V04750,SUV,3,81595,93,2334,38,15.6,12.64,33,106,Good,Low,6,No,100,"80,001+"
V04751,Sedan,3,100686,87,1746,29,9.5,12.98,40,83,Critical,High,1,Yes,40,"25,001–50,000"
V04752,Hatchback,13,42791,106,1698,31,12.9,11.96,43,69,Moderate,Low,11,Yes,60,"50,001–80,000"
V04753,Truck,9,168231,103,2903,41,19.8,12.12,44,75,Moderate,Medium,2,No,80,"80,001+"
V04754,SUV,2,99228,94,2970,26,7.1,12.87,44,100,Good,Low,1,Yes,80,"80,001+"
V04755,Sedan,3,49452,86,1840,24,13.5,11.32,45,58,Good,High,9,Yes,50,"25,001–50,000"
V04756,Sedan,12,175770,108,1667,39,17.6,11.14,38,42,Moderate,High,7,No,50,"25,001–50,000"
V04757,Sedan,3,18829,101,2143,41,12.9,11.91,31,41,Good,High,6,No,60,"50,001–80,000"
V04758,SUV,4,74706,103,2049,37,10.8,11.44,36,40,Worn,Medium,7,No,80,"80,001+"
V04759,Hatchback,3,126777,110,2173,21,6.5,11.86,31,59,Good,High,4,No,40,"25,001–50,000"
V04760,Sedan,13,90928,96,1527,40,14.4,12.39,38,102,Moderate,High,2,No,70,"50,001–80,000"
V04761,SUV,11,134934,90,2057,47,5.7,12.78,45,109,Good,Medium,10,Yes,80,"80,001+"
V04762,SUV,8,70518,108,1595,30,5.2,11.67,38,55,Critical,Low,8,Yes,60,"50,001–80,000"
V04763,Truck,5,175440,89,2280,38,5.1,11.32,38,73,Critical,Medium,5,Yes,80,"80,001+"
V04764,Truck,2,25338,95,2655,31,9.6,11.86,34,40,Moderate,Medium,3,Yes,100,"80,001+"
V04765,Sedan,1,65293,106,2286,39,6.1,11.96,43,50,Worn,Low,4,No,80,"80,001+"
V04766,Hatchback,2,25097,85,2807,23,19.9,11.31,40,95,Moderate,High,10,No,50,"25,001–50,000"
V04767,Hatchback,2,101428,90,2855,39,13.4,12.36,30,56,Good,Low,7,No,100,"80,001+"
V04768,Hatchback,7,173571,90,2662,50,17.1,12.42,34,67,Moderate,Medium,10,Yes,90,"80,001+"
V04769,Hatchback,9,15059,102,2715,43,19.4,11.65,44,53,Worn,Low,1,No,80,"80,001+"
V04770,Truck,15,24017,91,1833,35,15.1,12.48,42,100,Moderate,Low,4,No,90,"80,001+"
V04771,SUV,9,139774,93,1702,28,5.7,12.89,41,44,Worn,High,3,No,60,"50,001–80,000"
V04772,Truck,15,148794,95,2424,27,8.5,12.85,40,48,Good,Low,3,Yes,70,"50,001–80,000"
V04773,Truck,11,78437,85,2638,20,19.7,11.15,33,65,Worn,Medium,3,Yes,70,"50,001–80,000"
V04774,SUV,14,13096,97,2324,24,8.9,12.43,34,39,Moderate,High,1,Yes,50,"25,001–50,000"
V04775,SUV,1,187936,93,2307,24,11.4,11.06,31,109,Critical,Low,7,Yes,60,"50,001–80,000"
V04776,Sedan,13,116572,105,1816,35,11.8,11.48,40,91,Critical,Medium,4,No,50,"25,001–50,000"
V04777,Hatchback,12,87088,99,2159,34,16.1,12.59,31,80,Good,Medium,9,No,80,"80,001+"
V04778,Truck,8,42653,99,1770,32,12.3,12.06,37,53,Worn,Low,10,Yes,90,"80,001+"
V04779,Hatchback,5,196102,104,2819,30,19.9,11.47,34,106,Moderate,High,6,Yes,60,"50,001–80,000"
V04780,Hatchback,14,198947,89,1968,24,7.6,11.54,42,108,Critical,Low,2,No,50,"25,001–50,000"
V04781,Sedan,9,50326,89,2813,31,15.6,12.52,41,42,Moderate,Medium,9,No,90,"80,001+"
V04782,Sedan,11,108152,101,2613,43,8.1,12.88,34,62,Critical,Low,11,No,40,"25,001–50,000"
V04783,Sedan,11,10553,108,1513,25,14.6,12.94,41,107,Worn,Medium,10,No,40,"25,001–50,000"
V04784,Truck,13,175793,89,1956,21,17.7,12.33,42,66,Moderate,Low,6,Yes,70,"50,001–80,000"
V04785,Sedan,12,157976,86,1928,31,5.7,12.11,35,64,Moderate,Medium,10,Yes,80,"80,001+"
V04786,Hatchback,10,11569,88,2255,36,18.6,12.11,39,97,Moderate,Medium,10,No,90,"80,001+"
V04787,Sedan,11,61907,93,2483,20,12.1,11.37,38,105,Worn,Low,3,Yes,70,"50,001–80,000"
V04788,Hatchback,8,65285,93,1976,25,19.8,11.6,30,32,Worn,Medium,4,No,80,"80,001+"
V04789,Sedan,8,32363,99,2195,38,19.9,12.31,44,75,Good,Medium,8,Yes,100,"80,001+"
V04790,Hatchback,1,69742,87,2039,35,11.3,12.47,36,95,Critical,Low,5,No,80,"80,001+"
V04791,Hatchback,5,187964,86,2685,21,16.5,12.26,42,110,Critical,High,6,No,40,"25,001–50,000"
V04792,Sedan,1,32171,108,2725,37,5.7,11.13,38,46,Moderate,High,10,No,50,"25,001–50,000"
V04793,Truck,1,150649,96,2749,46,14.8,12.31,40,73,Moderate,Low,5,No,100,"80,001+"
V04794,Truck,2,136271,109,2739,50,15.9,12.22,37,103,Critical,High,11,Yes,30,"10,001–25,000"
V04795,Truck,5,199176,104,2080,25,10.0,11.33,33,95,Moderate,Medium,12,Yes,50,"25,001–50,000"
V04796,Truck,6,148100,99,2461,28,12.9,11.2,37,57,Critical,Low,1,Yes,60,"50,001–80,000"
V04797,Truck,15,64225,91,1958,38,10.5,11.24,30,48,Moderate,High,4,Yes,70,"50,001–80,000"
V04798,Truck,1,28194,98,2613,34,10.2,12.08,45,47,Moderate,Medium,12,No,90,"80,001+"
V04799,Sedan,10,167729,101,2332,26,18.0,11.81,34,46,Worn,Medium,7,Yes,60,"50,001–80,000"
V04800,Hatchback,15,106149,88,2977,20,12.0,11.51,34,79,Critical,High,8,No,30,"10,001–25,000"
V04801,Sedan,6,41044,101,2683,23,17.9,12.46,31,87,Good,High,6,Yes,40,"25,001–50,000"
V04802,SUV,15,145384,98,2679,45,15.9,12.24,41,49,Critical,Medium,7,No,70,"50,001–80,000"
V04803,Sedan,15,94822,99,2100,45,9.8,11.47,38,97,Moderate,High,10,Yes,60,"50,001–80,000"
V04804,SUV,2,34521,103,2759,30,5.7,12.95,31,64,Critical,Medium,8,No,60,"50,001–80,000"
V04805,Hatchback,9,139441,98,1708,34,9.0,11.45,41,99,Moderate,Low,7,Yes,100,"80,001+"
V04806,SUV,13,14083,98,2529,28,19.7,11.88,42,41,Critical,Medium,5,Yes,50,"25,001–50,000"
V04807,Truck,6,14455,88,2473,39,5.7,12.44,33,78,Good,Low,6,Yes,100,"80,001+"
V04808,Sedan,8,108469,94,2489,30,10.5,11.54,42,38,Moderate,Low,4,Yes,100,"80,001+"
V04809,SUV,10,181943,108,2854,40,12.2,11.92,43,95,Critical,Medium,7,Yes,60,"50,001–80,000"
V04810,Truck,9,125044,93,2578,39,14.0,12.67,40,77,Critical,Low,8,Yes,80,"80,001+"
V04811,SUV,7,75426,91,1992,49,15.8,11.67,39,49,Critical,High,11,No,50,"25,001–50,000"
V04812,SUV,4,175809,100,1771,20,8.8,13.0,38,88,Good,Medium,9,Yes,70,"50,001–80,000"
V04813,Hatchback,6,121198,98,1684,39,12.1,12.46,43,100,Good,Low,2,Yes,100,"80,001+"
V04814,Sedan,2,149506,101,1830,26,11.4,11.31,43,106,Critical,Medium,6,No,40,"25,001–50,000"
V04815,Truck,10,55347,103,2822,31,5.7,12.73,33,99,Critical,Low,12,Yes,50,"25,001–50,000"
V04816,Truck,2,157711,91,1987,23,17.4,11.5,36,94,Moderate,Low,11,Yes,70,"50,001–80,000"
V04817,Sedan,7,185974,89,2925,33,5.2,12.49,37,109,Worn,High,11,Yes,70,"50,001–80,000"
V04818,SUV,15,19434,98,2047,30,18.1,11.59,34,90,Critical,Medium,4,Yes,70,"50,001–80,000"
V04819,Hatchback,13,102837,100,2606,46,16.7,11.13,45,99,Good,High,4,Yes,70,"50,001–80,000"
V04820,SUV,12,120809,92,2414,20,10.1,12.9,34,107,Worn,Medium,6,Yes,70,"50,001–80,000"
V04821,Truck,7,73936,108,2944,38,10.1,11.28,40,41,Worn,Low,2,Yes,80,"80,001+"
V04822,Truck,8,166943,109,1502,32,18.0,12.18,32,97,Critical,High,6,Yes,40,"25,001–50,000"
V04823,Hatchback,7,169504,110,1504,36,19.3,12.79,42,71,Good,Low,11,Yes,70,"50,001–80,000"
V04824,Sedan,15,121792,92,2199,45,13.7,11.87,39,59,Worn,Low,4,No,90,"80,001+"
V04825,SUV,12,65138,105,2759,31,13.7,12.84,45,73,Critical,High,9,No,20,"10,001–25,000"
V04826,Hatchback,9,85882,94,2039,21,7.8,11.72,39,33,Worn,Medium,10,No,70,"50,001–80,000"
V04827,Sedan,5,49407,109,1625,27,10.2,12.73,34,51,Good,Low,4,No,60,"50,001–80,000"
V04828,Truck,8,97894,108,1876,21,8.2,12.93,45,45,Worn,Medium,2,No,60,"50,001–80,000"
V04829,Sedan,11,72627,104,2416,42,17.3,11.82,44,31,Good,Medium,10,No,60,"50,001–80,000"
V04830,SUV,12,10453,107,1721,43,12.0,12.89,36,62,Moderate,High,12,No,40,"25,001–50,000"
V04831,SUV,7,91296,100,2263,48,16.5,12.7,34,45,Moderate,Medium,11,Yes,90,"80,001+"
V04832,Truck,15,96405,100,1733,34,19.5,12.16,45,85,Critical,Medium,8,No,70,"50,001–80,000"
V04833,Hatchback,10,143355,96,2908,22,16.8,11.92,31,39,Critical,High,2,Yes,40,"25,001–50,000"
V04834,Hatchback,1,41691,94,1507,49,18.9,11.3,43,38,Moderate,High,8,No,80,"80,001+"
V04835,Truck,3,72591,89,1647,41,13.3,12.95,37,105,Critical,Low,9,No,70,"50,001–80,000"
V04836,Hatchback,2,84861,88,1723,39,9.6,11.68,36,59,Good,Medium,9,Yes,90,"80,001+"
V04837,Hatchback,6,101631,88,1985,40,18.2,11.55,36,84,Worn,Low,3,No,100,"80,001+"
V04838,SUV,13,118300,95,2731,43,19.2,12.29,35,32,Moderate,Medium,7,Yes,90,"80,001+"
V04839,Truck,15,161593,107,2834,43,9.7,12.94,39,43,Moderate,High,5,Yes,50,"25,001–50,000"
V04840,Sedan,12,69839,103,1965,39,14.7,12.23,31,82,Critical,Low,7,No,50,"25,001–50,000"
V04841,Hatchback,2,130902,102,2226,30,6.9,12.22,42,54,Moderate,Low,10,No,70,"50,001–80,000"
V04842,Hatchback,4,18092,93,1554,38,14.3,12.02,43,50,Good,Medium,8,Yes,100,"80,001+"
V04843,Truck,4,109040,100,1940,34,15.5,12.4,33,49,Good,High,6,Yes,80,"80,001+"
V04844,Hatchback,7,151021,86,2544,31,15.6,12.8,32,73,Good,Medium,3,Yes,100,"80,001+"
V04845,SUV,6,15921,86,2132,45,6.6,12.75,34,50,Worn,Medium,9,Yes,90,"80,001+"
V04846,Truck,4,30609,107,1897,33,7.3,12.57,35,82,Good,Low,9,No,70,"50,001–80,000"
V04847,Sedan,2,44779,93,2141,24,15.4,12.57,40,82,Good,Low,7,No,80,"80,001+"
V04848,Sedan,12,7301,91,2526,40,7.4,11.25,39,30,Moderate,High,8,No,70,"50,001–80,000"
V04849,SUV,3,137993,91,2169,36,12.0,12.63,45,91,Moderate,High,2,Yes,80,"80,001+"
V04850,SUV,12,122666,88,1552,41,14.8,12.55,40,91,Worn,High,9,Yes,60,"50,001–80,000"
V04851,Hatchback,3,18104,90,2340,29,13.1,12.37,36,75,Good,Medium,6,No,80,"80,001+"
V04852,Sedan,15,119063,96,1598,35,12.3,12.11,30,63,Critical,High,3,No,50,"25,001–50,000"
V04853,SUV,8,121443,90,1590,27,17.4,11.13,33,86,Good,Low,5,Yes,80,"80,001+"
V04854,Hatchback,12,98894,106,2256,30,7.3,11.54,32,62,Good,Medium,1,Yes,70,"50,001–80,000"
V04855,Sedan,5,69202,86,2402,36,9.8,12.74,44,38,Worn,Low,2,No,100,"80,001+"
V04856,Hatchback,6,145648,106,1566,26,12.9,11.53,35,101,Moderate,Low,5,No,60,"50,001–80,000"
V04857,SUV,14,132668,109,1956,29,7.0,11.58,41,80,Critical,High,8,Yes,10,"0–10,000"
V04858,Truck,14,48491,98,2840,50,7.5,12.63,43,32,Worn,High,3,No,70,"50,001–80,000"
V04859,Sedan,1,190572,106,1647,45,10.4,12.17,31,31,Good,Low,9,No,70,"50,001–80,000"
V04860,Sedan,7,46995,110,1916,25,7.6,12.58,45,50,Good,High,1,Yes,40,"25,001–50,000"
V04861,SUV,13,111820,89,2494,30,5.7,11.3,40,64,Worn,Low,5,No,90,"80,001+"
V04862,SUV,9,182653,89,2857,31,11.3,12.09,41,104,Moderate,Medium,4,No,100,"80,001+"
V04863,SUV,12,47801,106,2782,49,11.6,11.64,30,55,Critical,Low,7,Yes,50,"25,001–50,000"
V04864,Truck,2,82354,97,1686,43,12.0,12.14,31,84,Critical,High,10,Yes,50,"25,001–50,000"
V04865,Hatchback,7,197544,94,2361,40,18.7,11.25,40,55,Moderate,Medium,12,No,90,"80,001+"
V04866,Sedan,6,22629,93,2719,49,6.6,12.46,45,51,Critical,Low,8,No,80,"80,001+"
V04867,Truck,12,159404,105,1992,37,17.2,11.03,30,51,Good,Low,7,No,70,"50,001–80,000"
V04868,Hatchback,2,70498,97,2237,32,18.8,12.89,33,53,Critical,Low,1,Yes,80,"80,001+"
V04869,SUV,15,102679,95,1996,30,18.4,11.37,41,76,Critical,Medium,8,No,70,"50,001–80,000"
V04870,Sedan,7,62119,95,1886,35,17.2,12.43,45,48,Critical,Low,2,Yes,80,"80,001+"
V04871,SUV,13,151770,87,1517,43,7.9,11.97,43,59,Moderate,Low,9,Yes,80,"80,001+"
V04872,SUV,10,27507,98,2544,38,19.1,11.24,32,98,Critical,High,6,Yes,60,"50,001–80,000"
V04873,Truck,14,105795,99,1840,22,17.4,11.57,33,80,Good,High,3,Yes,50,"25,001–50,000"
V04874,Sedan,4,30136,93,2659,26,17.5,11.93,34,107,Moderate,Low,5,Yes,80,"80,001+"
V04875,Hatchback,1,146162,92,2297,30,9.6,11.44,44,44,Worn,Low,12,Yes,90,"80,001+"
V04876,Truck,12,166830,92,2791,41,15.0,12.15,34,100,Critical,High,1,Yes,50,"25,001–50,000"
V04877,Hatchback,2,79396,89,1527,30,5.2,12.81,30,60,Good,High,12,Yes,70,"50,001–80,000"
V04878,Sedan,10,61213,107,2276,37,16.1,12.86,42,100,Moderate,Low,2,Yes,80,"80,001+"
V04879,SUV,6,182021,102,2332,26,19.8,11.21,45,61,Good,Low,11,Yes,50,"25,001–50,000"
V04880,Hatchback,8,79049,108,2270,29,10.1,12.16,32,51,Good,Medium,10,Yes,50,"25,001–50,000"
V04881,Sedan,10,173210,105,2065,46,11.4,11.19,39,62,Moderate,Low,8,No,80,"80,001+"
V04882,Hatchback,2,74208,91,2387,33,16.5,11.88,34,96,Critical,High,4,No,60,"50,001–80,000"
V04883,Truck,12,83141,98,1927,31,18.4,11.49,41,44,Critical,Low,8,No,70,"50,001–80,000"
V04884,SUV,5,129480,96,2394,40,18.5,11.45,44,47,Good,High,4,Yes,80,"80,001+"
V04885,Sedan,3,91258,108,2782,22,6.8,12.19,43,76,Worn,Medium,4,Yes,60,"50,001–80,000"
V04886,Truck,7,78323,108,2137,32,15.1,11.64,35,40,Critical,Medium,10,No,50,"25,001–50,000"
V04887,Sedan,1,80198,107,2439,41,6.2,11.07,44,100,Worn,Low,3,No,80,"80,001+"
V04888,Sedan,4,75619,107,1701,35,18.3,12.3,44,83,Critical,Low,7,No,60,"50,001–80,000"
V04889,Hatchback,1,172347,92,2312,20,13.2,12.35,44,107,Worn,High,4,Yes,60,"50,001–80,000"
V04890,Truck,15,90702,87,1814,49,16.8,12.66,37,99,Good,High,11,No,60,"50,001–80,000"
V04891,Sedan,15,111183,87,2568,32,8.7,11.52,43,106,Worn,Low,11,No,80,"80,001+"
V04892,Hatchback,2,12067,92,1849,33,14.8,12.89,35,68,Good,High,3,No,80,"80,001+"
V04893,Hatchback,14,77433,92,1814,23,5.1,11.03,34,85,Good,Medium,9,No,60,"50,001–80,000"
V04894,Truck,11,147883,93,1890,28,19.4,12.74,36,82,Moderate,Medium,1,Yes,70,"50,001–80,000"
V04895,SUV,5,82113,88,1841,26,5.5,11.38,38,55,Moderate,High,8,No,60,"50,001–80,000"
V04896,Hatchback,12,44074,102,2571,42,15.5,12.04,44,72,Moderate,High,9,Yes,40,"25,001–50,000"
V04897,Truck,12,64593,108,2101,30,12.5,12.34,34,61,Good,Low,5,No,70,"50,001–80,000"
V04898,Truck,14,144035,100,2794,34,7.1,12.13,30,105,Good,High,4,No,70,"50,001–80,000"
V04899,SUV,12,127245,85,1602,35,8.7,11.73,31,109,Good,Low,10,No,80,"80,001+"
V04900,Hatchback,8,119737,99,2302,28,18.5,12.82,38,37,Worn,High,8,No,60,"50,001–80,000"
V04901,Sedan,5,76885,100,1978,48,10.5,12.01,35,68,Critical,Low,7,Yes,80,"80,001+"
V04902,Hatchback,12,92857,93,2678,23,14.6,11.83,43,86,Good,Medium,12,Yes,60,"50,001–80,000"
V04903,Truck,14,41529,106,2427,20,13.4,12.71,41,87,Worn,High,5,No,30,"10,001–25,000"
V04904,Truck,14,39124,104,1564,34,11.1,12.42,31,78,Good,Medium,9,Yes,60,"50,001–80,000"
V04905,Hatchback,11,177796,91,1658,44,15.6,11.63,45,40,Worn,Low,8,No,90,"80,001+"
V04906,Truck,1,94726,99,1910,33,19.6,12.25,32,37,Worn,Medium,5,Yes,100,"80,001+"
V04907,Hatchback,3,54385,95,2920,20,17.6,12.27,38,46,Good,Low,2,Yes,80,"80,001+"
V04908,SUV,14,35269,109,2325,26,18.5,11.51,30,92,Worn,Medium,8,No,50,"25,001–50,000"
V04909,Truck,7,150933,106,1664,24,10.6,12.22,44,85,Critical,Low,10,No,30,"10,001–25,000"
V04910,SUV,4,118647,95,2406,29,11.4,12.17,43,32,Moderate,Medium,6,No,80,"80,001+"
V04911,Truck,3,116322,96,1663,22,9.6,11.93,39,83,Moderate,High,6,Yes,60,"50,001–80,000"
V04912,Sedan,12,182114,108,2080,43,15.3,12.39,39,105,Moderate,Medium,4,Yes,70,"50,001–80,000"
V04913,Hatchback,5,157790,92,2764,37,16.3,12.07,35,30,Good,Medium,2,No,100,"80,001+"
V04914,Sedan,8,103964,93,2742,28,9.6,11.38,44,44,Moderate,Medium,7,Yes,80,"80,001+"
V04915,Sedan,12,62130,110,1800,32,10.1,11.69,40,98,Worn,Medium,6,No,70,"50,001–80,000"
V04916,SUV,3,167589,98,2192,20,6.8,11.37,45,46,Good,Medium,6,Yes,80,"80,001+"
V04917,Sedan,10,74940,86,2716,35,19.3,12.56,31,62,Moderate,Low,7,No,100,"80,001+"
V04918,Hatchback,12,175425,96,1566,47,13.8,12.83,40,46,Worn,Medium,9,No,80,"80,001+"
V04919,Sedan,4,178752,102,1723,25,19.2,12.96,36,38,Moderate,Low,9,No,50,"25,001–50,000"
V04920,SUV,2,101888,88,2159,30,19.5,12.81,41,60,Critical,High,5,Yes,60,"50,001–80,000"
V04921,Hatchback,1,61733,99,2678,21,11.8,12.84,42,74,Worn,Medium,10,Yes,70,"50,001–80,000"
V04922,Sedan,8,111743,97,2905,40,9.4,11.88,31,110,Worn,Low,9,No,90,"80,001+"
V04923,SUV,3,167045,107,2876,26,7.3,12.99,37,110,Worn,High,9,No,30,"10,001–25,000"
V04924,SUV,13,54097,106,1737,31,10.6,11.9,38,104,Good,High,10,Yes,40,"25,001–50,000"
V04925,Sedan,13,146171,108,1558,49,6.4,12.48,36,75,Moderate,High,8,No,50,"25,001–50,000"
V04926,Hatchback,2,28708,101,2224,32,6.2,11.85,33,83,Critical,High,11,Yes,30,"10,001–25,000"
V04927,Sedan,2,192876,96,2510,28,8.4,11.14,38,76,Good,Low,5,No,80,"80,001+"
V04928,Truck,9,119745,86,2128,38,10.0,12.79,45,38,Good,Medium,11,No,90,"80,001+"
V04929,Sedan,2,85630,102,2553,21,12.5,11.47,43,59,Critical,Low,11,No,30,"10,001–25,000"
V04930,Sedan,15,49337,88,2283,28,12.6,11.47,34,64,Good,High,6,Yes,50,"25,001–50,000"
V04931,Hatchback,7,111817,86,1885,26,16.7,11.62,45,80,Worn,Low,6,No,80,"80,001+"
V04932,Hatchback,12,132159,92,1886,34,17.2,11.83,37,99,Critical,High,2,Yes,50,"25,001–50,000"
V04933,SUV,13,5474,106,2907,41,19.5,12.82,31,32,Good,Medium,1,No,70,"50,001–80,000"
V04934,Hatchback,15,101321,95,2575,37,14.2,12.64,36,76,Critical,High,11,No,40,"25,001–50,000"
V04935,Truck,6,106732,101,2680,28,16.7,11.88,40,47,Good,High,8,Yes,40,"25,001–50,000"
V04936,Sedan,1,127259,101,1723,24,14.4,12.49,40,70,Moderate,High,7,No,40,"25,001–50,000"
V04937,Hatchback,3,116642,93,2920,44,12.6,11.13,34,93,Worn,Low,6,No,100,"80,001+"
V04938,SUV,1,6218,109,1673,24,19.5,12.71,39,96,Moderate,Low,1,Yes,60,"50,001–80,000"
V04939,Hatchback,11,11132,91,2153,46,11.3,12.21,44,97,Critical,Medium,8,No,70,"50,001–80,000"
V04940,Hatchback,6,16966,85,2288,23,15.0,12.8,38,49,Good,Medium,9,Yes,70,"50,001–80,000"
V04941,SUV,3,76102,92,2968,33,18.5,12.76,32,110,Worn,High,2,Yes,80,"80,001+"
V04942,Hatchback,5,141986,98,2423,29,19.9,12.36,36,105,Good,Medium,5,Yes,80,"80,001+"
V04943,Truck,9,106992,89,1604,29,9.7,11.35,37,68,Good,Low,9,No,70,"50,001–80,000"
V04944,Sedan,7,78120,101,2927,26,12.2,12.18,44,92,Good,High,1,Yes,40,"25,001–50,000"
V04945,SUV,8,64525,101,2594,29,15.3,11.18,40,54,Good,Medium,4,Yes,60,"50,001–80,000"
V04946,Sedan,13,36105,88,2809,21,14.9,12.31,41,98,Worn,Medium,6,Yes,70,"50,001–80,000"
V04947,Truck,10,108592,85,1640,37,14.3,12.23,43,45,Worn,Medium,9,No,90,"80,001+"
V04948,Sedan,15,145700,100,2669,44,7.0,12.59,33,58,Critical,Low,5,No,70,"50,001–80,000"
V04949,Truck,9,193080,105,1889,44,19.9,12.0,31,102,Worn,Low,2,Yes,80,"80,001+"
V04950,SUV,3,148625,97,2222,40,10.9,12.74,35,78,Good,Medium,4,No,100,"80,001+"
V04951,Sedan,6,47051,107,2521,26,18.6,11.11,35,35,Good,High,11,Yes,30,"10,001–25,000"
V04952,Hatchback,8,166948,94,1757,23,17.4,11.95,35,32,Worn,Medium,8,Yes,80,"80,001+"
V04953,SUV,15,132702,105,2420,37,17.8,12.84,41,48,Worn,Low,10,Yes,60,"50,001–80,000"
V04954,Sedan,8,103821,89,2461,38,11.3,11.77,43,69,Moderate,High,5,No,80,"80,001+"
V04955,SUV,9,94009,93,1876,48,16.0,11.71,32,61,Moderate,Medium,11,No,90,"80,001+"
V04956,SUV,11,34763,85,1703,35,16.3,12.33,44,93,Good,High,9,No,60,"50,001–80,000"
V04957,Sedan,2,160391,99,2250,35,16.0,12.38,32,43,Critical,Low,2,Yes,80,"80,001+"
V04958,SUV,14,155537,89,1865,28,19.9,12.45,39,78,Worn,Low,9,No,60,"50,001–80,000"
V04959,Hatchback,6,184063,109,1707,31,11.1,12.45,34,83,Moderate,Medium,5,No,80,"80,001+"
V04960,Sedan,9,148024,87,2874,50,6.1,11.89,37,97,Worn,Low,4,Yes,100,"80,001+"
V04961,Sedan,9,62715,85,2578,29,14.4,11.73,30,79,Critical,Low,5,No,60,"50,001–80,000"
V04962,Sedan,2,181678,92,1796,48,10.2,12.68,38,73,Worn,Medium,6,No,100,"80,001+"
V04963,Sedan,7,152762,104,2960,39,11.8,11.51,32,73,Moderate,High,12,No,50,"25,001–50,000"
V04964,Truck,11,47922,91,1687,38,15.1,12.01,38,97,Worn,High,11,Yes,60,"50,001–80,000"
V04965,SUV,3,164180,88,2962,44,7.5,11.38,32,99,Critical,High,5,Yes,60,"50,001–80,000"
V04966,Sedan,4,72293,99,3000,23,5.4,11.32,42,35,Critical,High,6,No,40,"25,001–50,000"
V04967,Hatchback,9,154737,86,2344,49,9.4,12.89,39,79,Good,Low,3,Yes,100,"80,001+"
V04968,Hatchback,14,139471,89,1758,37,6.7,11.72,37,48,Worn,Low,8,No,90,"80,001+"
V04969,Sedan,3,10421,108,2085,43,5.3,11.07,33,76,Moderate,Low,6,No,80,"80,001+"
V04970,Truck,10,54047,105,2162,33,5.5,12.0,36,59,Worn,Low,3,No,80,"80,001+"
V04971,Truck,13,187126,101,1644,44,20.0,11.39,45,78,Moderate,Medium,9,No,60,"50,001–80,000"
V04972,Hatchback,1,17287,104,2473,26,12.4,11.62,36,96,Moderate,Low,1,No,60,"50,001–80,000"
V04973,Hatchback,10,197832,95,1512,40,14.7,12.74,32,48,Good,Low,6,Yes,100,"80,001+"
V04974,SUV,2,74394,104,2148,23,12.5,12.82,39,82,Worn,Medium,12,No,50,"25,001–50,000"
V04975,Sedan,2,92839,89,2902,20,16.9,11.21,42,83,Worn,Low,12,No,70,"50,001–80,000"
V04976,Truck,5,110536,92,2582,35,11.7,11.69,33,98,Moderate,High,6,No,80,"80,001+"
V04977,SUV,15,24630,97,2235,41,15.7,11.52,42,56,Moderate,Medium,4,Yes,90,"80,001+"
V04978,Hatchback,15,89935,87,2377,28,16.4,11.8,44,50,Moderate,High,11,Yes,40,"25,001–50,000"
V04979,Hatchback,1,129599,103,2157,33,15.1,12.94,41,77,Good,High,4,Yes,60,"50,001–80,000"
V04980,SUV,6,65396,107,1634,47,16.6,12.2,43,75,Worn,Medium,2,Yes,80,"80,001+"
V04981,Hatchback,6,152660,104,1992,46,5.3,12.65,34,67,Moderate,Medium,2,No,80,"80,001+"
V04982,Truck,4,46441,91,2361,41,13.7,12.42,44,68,Moderate,Medium,6,Yes,100,"80,001+"
V04983,Sedan,15,134700,94,2545,47,6.7,11.2,33,89,Critical,High,12,Yes,40,"25,001–50,000"
V04984,Sedan,4,144816,98,2407,42,17.2,12.08,41,85,Good,Low,7,Yes,100,"80,001+"
V04985,Truck,14,28546,109,2292,50,12.9,12.11,41,36,Worn,Medium,12,Yes,60,"50,001–80,000"
V04986,Sedan,7,54029,97,2464,46,9.9,11.12,31,58,Moderate,Medium,6,Yes,100,"80,001+"
V04987,SUV,14,146273,109,2721,47,13.8,11.43,30,78,Moderate,Low,1,No,70,"50,001–80,000"
V04988,Sedan,10,71717,96,2279,31,11.9,11.76,42,45,Moderate,Medium,4,No,100,"80,001+"
V04989,Hatchback,1,154741,85,2018,46,5.2,12.72,38,53,Critical,Medium,11,No,70,"50,001–80,000"
V04990,Truck,1,106576,100,2076,45,8.6,12.21,30,67,Moderate,Medium,1,Yes,100,"80,001+"
V04991,SUV,5,54279,90,2200,23,8.3,12.06,45,105,Moderate,Low,1,No,80,"80,001+"
V04992,Sedan,8,73710,102,2931,27,8.9,12.77,34,96,Critical,Medium,8,No,40,"25,001–50,000"
V04993,Truck,9,63774,88,1584,33,16.4,11.64,30,51,Moderate,Low,9,Yes,90,"80,001+"
V04994,Sedan,3,116725,95,2282,40,5.3,12.45,30,100,Worn,Medium,3,No,100,"80,001+"
V04995,Sedan,7,188648,103,2106,44,10.9,11.88,38,87,Critical,Medium,11,Yes,50,"25,001–50,000"
V04996,SUV,13,154059,106,2434,49,17.9,12.09,30,41,Good,High,7,Yes,50,"25,001–50,000"
V04997,Hatchback,5,23688,103,2098,36,6.8,12.27,38,87,Critical,Medium,1,No,60,"50,001–80,000"
V04998,Truck,11,16746,110,2650,41,11.2,12.68,36,61,Critical,Low,10,Yes,40,"25,001–50,000"
V04999,Sedan,2,84858,110,2128,41,19.4,11.59,43,84,Critical,Medium,9,No,50,"25,001–50,000"
V05000,Hatchback,3,124859,98,2733,24,10.9,11.66,42,90,Critical,Medium,4,No,60,"50,001–80,000"
V05001,SUV,6,147930,97,2793,39,7.4,11.72,32,39,Good,Low,9,Yes,90,"80,001+"
V05002,Hatchback,5,163751,88,1734,20,9.3,12.97,36,103,Moderate,High,9,No,50,"25,001–50,000"
V05003,Truck,2,50922,95,2242,44,6.2,12.66,44,85,Critical,Low,8,Yes,80,"80,001+"
V05004,SUV,3,7264,92,2698,35,8.0,11.2,38,38,Moderate,Medium,4,No,100,"80,001+"
V05005,Truck,1,61936,96,2030,39,13.7,12.48,43,72,Good,Low,2,No,100,"80,001+"
V05006,Sedan,14,41793,108,1902,21,11.8,11.04,38,98,Moderate,Medium,7,No,50,"25,001–50,000"
V05007,SUV,6,141649,104,1971,22,11.6,11.98,30,108,Good,Low,8,No,60,"50,001–80,000"
V05008,Truck,11,158316,105,1812,48,9.8,12.82,34,103,Worn,Low,5,Yes,70,"50,001–80,000"
V05009,SUV,2,197792,95,1771,49,10.0,11.38,34,38,Moderate,High,7,Yes,80,"80,001+"
V05010,Sedan,2,32677,99,2895,42,10.4,11.09,44,62,Moderate,High,2,Yes,80,"80,001+"
V05011,Hatchback,7,147797,109,2420,27,12.5,11.57,41,35,Moderate,Medium,12,Yes,50,"25,001–50,000"
V05012,Sedan,11,134310,86,2609,50,7.3,11.03,41,73,Moderate,Medium,4,No,90,"80,001+"
V05013,SUV,10,46101,86,2203,46,8.9,12.36,44,51,Good,Low,4,No,100,"80,001+"
V05014,SUV,7,106776,108,2675,49,12.3,12.22,41,48,Worn,High,1,Yes,60,"50,001–80,000"
V05015,SUV,12,32203,109,2765,23,16.1,12.91,37,105,Moderate,High,7,Yes,30,"10,001–25,000"
V05016,Hatchback,11,171569,109,2678,36,16.0,11.64,34,69,Moderate,High,2,Yes,50,"25,001–50,000"
V05017,Truck,10,197238,101,2296,30,17.6,11.34,36,106,Moderate,Low,3,No,80,"80,001+"
V05018,Truck,2,112852,102,1722,50,10.6,11.01,33,101,Moderate,High,5,No,60,"50,001–80,000"
V05019,SUV,9,142089,105,1765,50,9.2,12.51,41,76,Good,Low,9,Yes,70,"50,001–80,000"
V05020,Hatchback,9,174616,88,2283,38,11.5,11.85,38,57,Moderate,Low,1,No,100,"80,001+"
V05021,Truck,10,165833,86,2844,50,10.9,11.16,34,85,Critical,Low,4,No,80,"80,001+"
V05022,Hatchback,3,102956,85,2537,49,5.5,12.3,36,70,Critical,High,10,No,50,"25,001–50,000"
V05023,Hatchback,10,64537,101,2856,45,13.2,11.28,30,65,Moderate,Low,4,Yes,80,"80,001+"
V05024,Hatchback,15,113469,110,2014,25,7.9,11.53,45,54,Good,Low,8,No,50,"25,001–50,000"
V05025,SUV,13,114115,102,2666,21,5.7,11.22,39,80,Critical,High,2,No,10,"0–10,000"
V05026,Sedan,5,105762,86,2982,30,5.5,12.79,30,106,Worn,High,6,Yes,80,"80,001+"
V05027,Truck,5,111257,104,1555,21,14.0,12.42,31,85,Moderate,Low,4,Yes,60,"50,001–80,000"
V05028,Hatchback,13,131416,105,2090,22,12.1,12.28,39,86,Worn,Low,11,No,40,"25,001–50,000"
V05029,SUV,9,162384,85,2651,47,14.0,12.31,37,54,Critical,Low,3,No,80,"80,001+"
V05030,Hatchback,15,134418,94,2472,41,5.7,11.77,39,40,Good,High,4,Yes,70,"50,001–80,000"
V05031,Truck,13,86561,100,1925,21,9.0,11.88,36,32,Critical,Medium,3,No,50,"25,001–50,000"
V05032,Hatchback,2,63522,88,1908,39,17.1,11.27,38,98,Moderate,Medium,11,Yes,90,"80,001+"
V05033,Hatchback,1,92520,103,1876,28,12.8,12.79,36,48,Good,Medium,10,Yes,50,"25,001–50,000"
V05034,Sedan,9,163987,104,2897,20,16.8,12.53,39,47,Critical,Medium,10,Yes,30,"10,001–25,000"
V05035,Truck,13,43413,107,2469,25,15.5,11.91,36,107,Moderate,High,8,Yes,30,"10,001–25,000"
V05036,Hatchback,12,30789,85,2306,47,14.8,12.95,41,104,Critical,High,5,Yes,50,"25,001–50,000"
V05037,SUV,7,61671,96,1961,20,10.6,11.34,34,52,Moderate,Low,5,No,80,"80,001+"
V05038,Hatchback,8,93617,92,2048,33,18.4,12.36,41,110,Worn,Medium,12,No,90,"80,001+"
V05039,Sedan,11,155421,88,1716,31,16.5,11.67,31,109,Worn,High,11,No,60,"50,001–80,000"
V05040,Hatchback,2,155789,103,2169,38,14.2,12.8,39,39,Worn,High,3,No,60,"50,001–80,000"
V05041,Sedan,7,150540,90,2493,49,17.7,12.37,38,76,Good,Medium,12,Yes,90,"80,001+"
V05042,SUV,10,8885,99,2576,40,16.7,12.62,30,71,Worn,High,6,No,80,"80,001+"
V05043,Sedan,7,180130,93,2761,25,7.8,12.9,32,99,Worn,Low,4,Yes,80,"80,001+"
V05044,Truck,13,13176,107,1618,34,17.0,11.54,40,39,Worn,High,3,No,50,"25,001–50,000"
V05045,Hatchback,10,27283,105,2341,32,5.9,12.04,41,88,Critical,High,7,No,40,"25,001–50,000"
V05046,Hatchback,10,62585,86,1775,42,10.8,11.22,42,102,Critical,Medium,8,Yes,80,"80,001+"
V05047,Sedan,11,36596,102,2398,38,12.7,11.61,32,77,Good,Low,8,Yes,70,"50,001–80,000"
V05048,Truck,13,149475,93,1862,43,9.6,12.26,45,75,Moderate,High,3,Yes,70,"50,001–80,000"
V05049,Truck,14,153118,97,2094,49,14.2,12.06,36,71,Moderate,Low,8,No,90,"80,001+"
V05050,Truck,12,101651,105,2632,28,18.6,12.93,45,32,Good,High,5,Yes,30,"10,001–25,000"
V05051,SUV,14,16987,106,2505,31,18.5,12.91,41,43,Good,High,11,No,40,"25,001–50,000"
V05052,SUV,10,65490,100,2187,49,19.4,11.89,36,106,Worn,Medium,1,Yes,100,"80,001+"
V05053,Hatchback,6,156235,103,2277,26,9.4,11.17,44,35,Worn,Medium,3,No,60,"50,001–80,000"
V05054,SUV,11,9102,108,1804,43,14.7,11.12,42,77,Critical,Medium,1,Yes,50,"25,001–50,000"
V05055,Truck,4,157200,93,2071,50,12.7,12.44,32,35,Good,High,8,No,80,"80,001+"
V05056,Truck,3,35082,110,2384,20,11.1,12.11,32,87,Moderate,Low,3,No,60,"50,001–80,000"
V05057,Sedan,14,66994,92,1851,30,11.6,12.12,31,95,Moderate,High,12,Yes,60,"50,001–80,000"
V05058,Truck,12,80062,90,2090,21,16.4,11.88,42,63,Critical,Low,2,No,50,"25,001–50,000"
V05059,Truck,5,110678,95,1821,23,11.2,12.37,43,58,Good,Low,10,No,70,"50,001–80,000"
V05060,SUV,8,10933,105,1552,41,5.5,12.55,38,72,Moderate,Low,5,No,80,"80,001+"
V05061,Hatchback,10,26366,99,1903,36,15.4,11.63,41,76,Good,Medium,3,Yes,100,"80,001+"
V05062,Hatchback,15,146225,107,2235,37,12.2,11.49,32,90,Moderate,Low,11,Yes,60,"50,001–80,000"
V05063,Sedan,13,134425,107,2336,26,12.3,11.35,36,60,Critical,Medium,10,No,20,"10,001–25,000"
V05064,SUV,5,142429,99,2098,21,13.4,12.07,44,32,Critical,Low,7,No,60,"50,001–80,000"
V05065,Truck,2,155202,105,2613,30,13.0,11.37,38,100,Critical,Low,6,No,60,"50,001–80,000"
V05066,SUV,3,31908,95,1763,41,15.5,11.35,38,103,Worn,High,11,Yes,70,"50,001–80,000"
V05067,SUV,13,29622,90,2115,28,14.0,12.96,41,38,Worn,Medium,8,No,70,"50,001–80,000"
V05068,Hatchback,5,199177,109,1707,27,11.8,12.73,42,85,Worn,Low,10,Yes,50,"25,001–50,000"
V05069,Sedan,13,131974,94,1640,30,11.3,12.14,37,81,Moderate,Low,12,No,80,"80,001+"
V05070,Truck,7,36127,96,2412,21,13.1,11.78,33,84,Critical,Low,12,No,50,"25,001–50,000"
V05071,Truck,1,184786,86,2882,42,13.8,11.24,43,66,Good,High,9,No,70,"50,001–80,000"
V05072,Sedan,13,72026,103,2686,40,17.0,12.15,37,37,Critical,Low,5,Yes,50,"25,001–50,000"
V05073,SUV,1,182234,108,2351,29,18.4,12.05,42,73,Moderate,Medium,1,No,60,"50,001–80,000"
V05074,Truck,15,182660,107,2299,23,17.6,12.7,37,81,Moderate,High,1,Yes,30,"10,001–25,000"
V05075,Hatchback,15,132214,101,1552,30,15.4,11.92,37,33,Critical,Low,6,Yes,50,"25,001–50,000"
V05076,Hatchback,10,187472,88,1684,24,15.6,11.42,35,100,Worn,Low,7,No,80,"80,001+"
V05077,Hatchback,1,45163,88,2587,30,17.4,11.33,31,47,Moderate,Medium,1,Yes,100,"80,001+"
V05078,Sedan,7,68074,104,2511,35,15.4,11.89,44,71,Good,Low,7,No,80,"80,001+"
V05079,Sedan,12,65934,106,2652,24,11.3,12.99,35,110,Worn,Low,12,Yes,40,"25,001–50,000"
V05080,Sedan,2,47911,95,2641,45,13.7,12.37,34,48,Good,High,9,Yes,70,"50,001–80,000"
V05081,SUV,8,196174,101,2462,21,16.1,12.92,38,83,Moderate,High,10,No,30,"10,001–25,000"
V05082,Hatchback,9,160043,100,2107,28,5.7,11.41,33,83,Critical,Low,7,No,60,"50,001–80,000"
V05083,Hatchback,14,120749,107,2825,41,7.5,11.43,42,62,Good,Medium,2,No,70,"50,001–80,000"
V05084,Truck,9,140649,93,2257,34,12.8,12.5,44,106,Worn,Low,2,Yes,100,"80,001+"
V05085,Sedan,12,80291,96,2850,29,5.4,11.94,40,68,Critical,High,4,Yes,30,"10,001–25,000"
V05086,SUV,3,83222,93,1607,43,18.1,12.79,36,84,Critical,Medium,10,Yes,70,"50,001–80,000"
V05087,SUV,7,150806,99,2935,41,17.7,12.65,34,43,Worn,High,6,Yes,80,"80,001+"
V05088,Hatchback,8,106594,103,2270,32,8.8,12.37,40,46,Good,High,3,No,60,"50,001–80,000"
V05089,SUV,3,79356,87,2807,31,15.5,11.44,30,64,Worn,High,2,No,80,"80,001+"
V05090,Sedan,5,112349,99,2051,50,11.8,12.9,42,89,Worn,High,3,No,80,"80,001+"
V05091,Sedan,3,121667,107,2960,44,18.4,11.59,32,66,Worn,Medium,5,No,80,"80,001+"
V05092,Truck,15,46254,89,2338,48,18.2,11.35,30,89,Moderate,Low,9,No,80,"80,001+"
V05093,SUV,1,33544,89,1977,48,9.1,12.64,31,57,Critical,Medium,3,Yes,80,"80,001+"
V05094,Truck,10,172359,87,2878,26,19.1,12.21,36,33,Critical,Low,5,Yes,60,"50,001–80,000"
V05095,Sedan,3,84660,100,2787,33,17.9,11.66,42,41,Worn,High,7,Yes,80,"80,001+"
V05096,Hatchback,13,143608,107,1636,32,19.5,12.31,42,97,Critical,Medium,3,Yes,50,"25,001–50,000"
V05097,SUV,14,197446,85,2496,33,17.7,11.94,44,103,Worn,High,5,No,70,"50,001–80,000"
V05098,Hatchback,7,123978,95,1910,47,15.5,11.07,35,98,Worn,High,4,Yes,80,"80,001+"
V05099,Sedan,5,23092,96,1686,35,12.6,11.4,41,64,Critical,High,11,No,50,"25,001–50,000"
V05100,Hatchback,4,164964,94,2664,44,9.5,11.93,45,76,Worn,High,6,Yes,80,"80,001+"
V05101,Truck,11,124461,106,1892,49,13.1,12.79,38,92,Critical,Low,1,Yes,50,"25,001–50,000"
V05102,Sedan,8,111728,109,2029,36,12.1,11.13,42,96,Critical,Low,6,No,60,"50,001–80,000"
V05103,SUV,15,8387,95,2666,27,15.9,11.14,36,40,Good,High,7,No,50,"25,001–50,000"
V05104,SUV,4,94591,106,2714,48,18.6,12.19,42,50,Moderate,Low,1,Yes,80,"80,001+"
V05105,Truck,7,94842,87,2890,36,16.2,12.47,37,63,Good,Low,7,Yes,100,"80,001+"
V05106,Truck,8,86654,90,2928,33,18.0,11.1,40,70,Worn,High,3,No,80,"80,001+"
V05107,Sedan,14,181893,96,2416,24,8.3,12.91,42,104,Good,Medium,4,No,70,"50,001–80,000"
V05108,SUV,11,195961,85,2615,40,10.2,12.57,38,35,Worn,Low,5,No,90,"80,001+"
V05109,Sedan,4,17241,98,2357,20,14.5,11.85,39,65,Worn,Medium,10,Yes,70,"50,001–80,000"
V05110,SUV,8,153542,96,1778,38,13.7,12.81,35,58,Good,Medium,3,Yes,100,"80,001+"
V05111,SUV,7,149285,92,2578,49,19.5,12.16,31,73,Worn,High,7,Yes,80,"80,001+"
V05112,Sedan,10,168612,93,2197,33,6.5,11.7,36,61,Worn,High,1,No,80,"80,001+"
V05113,Sedan,5,172099,104,1777,36,14.2,12.58,34,30,Critical,Medium,9,Yes,50,"25,001–50,000"
V05114,Hatchback,5,110434,103,2881,41,5.2,12.3,31,42,Critical,High,6,Yes,40,"25,001–50,000"
V05115,Hatchback,13,168066,87,1764,34,14.1,12.03,30,93,Moderate,Medium,1,Yes,90,"80,001+"
V05116,Hatchback,4,153277,106,2024,33,19.8,11.64,39,78,Good,Low,2,No,80,"80,001+"
V05117,Truck,4,21735,108,2597,41,12.1,11.98,43,106,Critical,High,5,Yes,40,"25,001–50,000"
V05118,SUV,13,47993,105,2430,44,6.2,12.55,35,51,Good,Medium,11,No,60,"50,001–80,000"
V05119,Truck,6,134111,109,2691,43,10.0,11.12,42,107,Good,High,1,Yes,60,"50,001–80,000"
V05120,Hatchback,13,6061,86,1665,37,16.3,11.0,41,100,Critical,Medium,11,Yes,60,"50,001–80,000"
V05121,SUV,6,54470,103,2375,30,11.9,11.78,32,43,Worn,Medium,11,No,70,"50,001–80,000"
V05122,SUV,11,127360,91,2231,21,7.2,11.45,32,53,Good,High,11,Yes,40,"25,001–50,000"
V05123,Truck,1,166892,95,1852,32,14.7,11.5,39,88,Critical,High,11,Yes,50,"25,001–50,000"
V05124,Sedan,13,73239,106,2589,47,16.6,12.62,31,69,Good,Medium,6,No,70,"50,001–80,000"
V05125,SUV,2,29814,108,2851,26,16.0,12.05,43,49,Critical,Medium,7,No,40,"25,001–50,000"
V05126,SUV,11,39320,94,2286,31,8.5,12.98,35,43,Critical,Medium,9,No,60,"50,001–80,000"
V05127,Truck,3,17950,109,1847,34,9.9,11.4,33,92,Good,High,8,Yes,60,"50,001–80,000"
V05128,Sedan,1,130559,89,2642,44,16.5,11.78,39,105,Critical,Medium,5,Yes,80,"80,001+"
V05129,Sedan,10,177418,89,2911,40,13.0,12.46,40,54,Worn,High,10,No,70,"50,001–80,000"
V05130,Hatchback,15,167723,106,2128,45,10.8,12.43,30,45,Critical,Medium,12,Yes,40,"25,001–50,000"
V05131,Hatchback,12,139809,105,2753,44,11.5,12.01,32,74,Worn,Medium,3,No,70,"50,001–80,000"
V05132,Hatchback,7,52411,104,1534,30,6.3,12.64,33,75,Worn,Low,2,No,80,"80,001+"
V05133,Hatchback,14,44090,103,2036,39,16.9,12.92,45,48,Moderate,Low,5,Yes,70,"50,001–80,000"
V05134,Truck,8,179912,97,1782,22,18.4,11.45,44,35,Worn,Medium,7,Yes,80,"80,001+"
V05135,Sedan,5,183754,110,2449,21,10.3,12.67,35,60,Critical,High,3,Yes,20,"10,001–25,000"
V05136,Sedan,3,143307,95,1509,30,12.9,12.92,37,98,Moderate,High,10,Yes,70,"50,001–80,000"
V05137,Hatchback,7,143561,108,2718,35,12.2,11.02,37,104,Worn,Medium,11,No,70,"50,001–80,000"
V05138,Truck,5,81451,85,1718,20,18.5,12.5,44,75,Moderate,Low,6,No,80,"80,001+"
V05139,Hatchback,10,150129,101,2554,20,14.1,11.33,33,105,Moderate,Medium,1,No,60,"50,001–80,000"
V05140,Hatchback,5,139410,109,2961,33,7.3,11.12,40,86,Critical,Low,4,Yes,60,"50,001–80,000"
V05141,SUV,13,116653,98,1986,39,17.6,11.37,42,50,Moderate,Medium,3,No,90,"80,001+"
V05142,Hatchback,14,20330,100,2374,30,12.5,11.6,30,46,Moderate,Low,12,No,80,"80,001+"
V05143,Hatchback,15,87702,109,2657,47,19.1,12.08,33,57,Moderate,Medium,10,Yes,60,"50,001–80,000"
V05144,Sedan,4,30340,94,2822,24,12.7,12.37,40,92,Worn,Medium,9,Yes,70,"50,001–80,000"
V05145,Truck,1,101332,105,1739,22,7.6,12.95,32,48,Moderate,High,4,Yes,40,"25,001–50,000"
V05146,Truck,14,58291,97,1802,49,13.6,12.82,45,68,Moderate,Low,3,No,90,"80,001+"
V05147,Truck,6,152230,110,2140,45,10.7,11.99,30,86,Good,Medium,6,No,80,"80,001+"
V05148,Sedan,1,22109,90,2227,25,13.6,11.23,38,41,Moderate,Low,5,Yes,80,"80,001+"
V05149,SUV,12,170968,92,2372,22,10.2,11.93,34,30,Good,High,6,Yes,50,"25,001–50,000"
V05150,Truck,8,148785,98,1648,40,6.7,11.97,35,38,Moderate,High,4,No,80,"80,001+"
V05151,SUV,9,135089,93,2107,47,15.6,12.35,35,69,Critical,High,4,No,60,"50,001–80,000"
V05152,Hatchback,3,78796,105,2783,48,10.2,12.04,45,108,Critical,Medium,6,Yes,60,"50,001–80,000"
V05153,SUV,11,150152,91,2429,29,9.5,12.31,37,70,Critical,Low,6,No,50,"25,001–50,000"
V05154,Truck,1,15905,87,2535,31,8.1,11.3,30,88,Good,Low,7,Yes,100,"80,001+"
V05155,Hatchback,10,58761,103,2925,32,7.4,11.87,40,56,Worn,High,7,Yes,60,"50,001–80,000"
V05156,Hatchback,3,154163,91,2760,48,10.2,11.9,39,30,Good,Low,7,No,100,"80,001+"
V05157,Truck,15,180765,110,2324,26,7.5,11.36,36,103,Critical,Medium,5,No,30,"10,001–25,000"
V05158,SUV,3,44709,98,2385,42,12.6,12.03,34,56,Critical,High,9,No,50,"25,001–50,000"
V05159,SUV,8,42230,100,2181,43,13.2,12.83,42,44,Moderate,Medium,4,No,100,"80,001+"
V05160,Hatchback,10,34497,99,1875,34,19.4,11.77,34,40,Critical,Medium,6,No,80,"80,001+"
V05161,Hatchback,5,146463,102,2557,35,18.5,11.83,32,67,Worn,High,2,Yes,60,"50,001–80,000"
V05162,SUV,13,34997,106,2847,44,13.0,12.17,37,75,Moderate,Medium,4,Yes,70,"50,001–80,000"
V05163,Hatchback,10,159516,104,2686,26,19.4,12.76,43,31,Critical,Medium,3,No,40,"25,001–50,000"
V05164,Sedan,8,199015,98,1577,36,17.5,12.78,35,61,Good,Low,6,Yes,100,"80,001+"
V05165,Sedan,14,177294,92,1964,49,15.2,11.86,34,108,Moderate,Medium,6,No,90,"80,001+"
V05166,Hatchback,15,193443,109,1572,31,12.4,11.44,42,77,Good,Medium,3,No,70,"50,001–80,000"
V05167,Truck,12,161286,108,2708,35,9.3,12.36,42,97,Good,Medium,3,No,70,"50,001–80,000"
V05168,Hatchback,13,86687,102,2334,36,17.5,11.83,35,82,Worn,Low,4,No,70,"50,001–80,000"
V05169,Sedan,10,55781,87,2644,27,9.6,12.15,38,76,Good,High,4,Yes,60,"50,001–80,000"
V05170,Hatchback,15,61278,98,1545,31,13.0,12.48,31,77,Critical,Medium,8,No,70,"50,001–80,000"
V05171,Sedan,4,180528,104,2817,23,8.8,11.89,33,45,Good,Low,8,Yes,60,"50,001–80,000"
V05172,Sedan,3,137122,92,1867,33,8.6,12.07,34,61,Worn,Low,10,No,90,"80,001+"
V05173,Sedan,9,85737,85,2557,41,7.3,12.08,30,38,Good,Medium,5,No,100,"80,001+"
V05174,Sedan,9,52417,93,1520,35,17.3,11.65,38,37,Worn,High,12,Yes,70,"50,001–80,000"
V05175,Truck,12,44110,105,1546,50,10.3,12.1,41,88,Critical,Medium,9,No,40,"25,001–50,000"
V05176,SUV,13,56709,104,1943,40,10.0,12.81,33,94,Worn,Low,4,Yes,70,"50,001–80,000"
V05177,Sedan,12,36989,102,2812,49,10.5,11.57,45,57,Moderate,Low,3,Yes,70,"50,001–80,000"
V05178,Truck,11,158053,86,2850,39,7.0,12.01,42,78,Moderate,Low,7,Yes,90,"80,001+"
V05179,Sedan,8,43147,99,1855,22,5.4,12.5,36,88,Worn,Medium,3,Yes,80,"80,001+"
V05180,Truck,3,49973,104,2035,26,19.5,12.04,38,67,Good,High,8,No,40,"25,001–50,000"
V05181,SUV,12,140122,90,1979,20,13.0,12.2,33,47,Worn,Low,1,No,70,"50,001–80,000"
V05182,Hatchback,9,192234,105,2686,25,11.9,12.46,37,48,Worn,High,12,No,30,"10,001–25,000"
V05183,Hatchback,4,186260,95,2861,41,5.6,12.58,43,70,Critical,Low,11,No,70,"50,001–80,000"
V05184,Hatchback,12,118696,98,2957,25,10.6,12.13,36,108,Critical,High,4,No,30,"10,001–25,000"
V05185,Truck,3,103829,101,2313,29,19.9,11.57,35,79,Good,Medium,8,No,60,"50,001–80,000"
V05186,Sedan,8,180600,104,2029,28,12.5,11.42,32,35,Moderate,Medium,7,No,60,"50,001–80,000"
V05187,Truck,12,123700,89,2385,31,9.8,11.81,45,40,Critical,Low,2,Yes,70,"50,001–80,000"
V05188,SUV,5,181725,102,2232,38,13.3,12.87,45,77,Good,Low,11,No,70,"50,001–80,000"
V05189,Hatchback,10,133946,90,1503,40,7.5,11.86,33,83,Good,High,5,No,80,"80,001+"
V05190,Truck,9,188969,110,2824,44,16.2,11.79,43,84,Moderate,Low,10,No,70,"50,001–80,000"
V05191,Truck,2,22928,100,2417,39,19.4,11.74,31,63,Critical,Medium,1,No,80,"80,001+"
V05192,SUV,14,65874,99,2404,37,9.6,12.99,39,69,Good,Low,12,Yes,80,"80,001+"
V05193,SUV,15,193233,87,1757,44,11.8,12.65,44,81,Good,Medium,3,No,90,"80,001+"
V05194,Hatchback,6,111264,100,2608,50,17.9,11.22,35,86,Worn,Low,9,No,90,"80,001+"
V05195,Sedan,9,146970,91,2299,35,8.3,11.14,42,108,Good,Low,3,No,100,"80,001+"
V05196,Hatchback,13,117983,108,1557,40,9.1,11.51,36,78,Moderate,High,12,No,40,"25,001–50,000"
V05197,Sedan,6,65525,90,1747,34,12.4,12.37,34,102,Worn,Medium,4,Yes,100,"80,001+"
V05198,Hatchback,15,179588,104,2697,40,8.0,11.13,31,79,Critical,Low,10,No,40,"25,001–50,000"
V05199,Hatchback,7,185977,103,1921,27,6.4,11.08,34,73,Worn,High,11,Yes,30,"10,001–25,000"
V05200,Hatchback,1,109989,91,1937,47,9.0,11.18,31,87,Moderate,High,10,No,70,"50,001–80,000"
V05201,Hatchback,14,91535,89,2493,30,10.7,12.0,33,100,Good,High,7,Yes,70,"50,001–80,000"
V05202,Truck,7,43745,92,1780,23,13.3,12.4,36,81,Critical,High,5,Yes,40,"25,001–50,000"
V05203,SUV,8,94181,93,2382,29,16.0,11.9,32,58,Moderate,Low,5,No,80,"80,001+"
V05204,SUV,5,39757,99,1539,45,12.2,12.24,41,103,Moderate,Low,7,Yes,100,"80,001+"
V05205,Hatchback,14,123855,91,1921,33,16.4,12.24,44,105,Worn,Medium,2,No,90,"80,001+"
V05206,Truck,15,64284,104,1582,28,13.8,12.83,32,45,Critical,High,7,No,10,"0–10,000"
V05207,Truck,5,72501,99,2441,24,6.1,11.9,42,100,Moderate,High,6,No,60,"50,001–80,000"
V05208,Truck,9,34787,95,2639,29,9.7,11.19,32,88,Good,High,6,Yes,60,"50,001–80,000"
V05209,SUV,15,103638,109,2221,40,12.1,11.21,38,106,Moderate,High,11,No,40,"25,001–50,000"
V05210,Truck,3,102817,87,1504,42,7.0,11.74,35,88,Worn,High,3,No,80,"80,001+"
V05211,Hatchback,11,97460,92,2176,36,13.8,11.34,41,45,Good,Medium,11,Yes,80,"80,001+"
V05212,Truck,2,35649,99,2625,41,6.3,12.2,39,58,Moderate,High,11,Yes,70,"50,001–80,000"
V05213,Sedan,10,125914,107,2088,36,19.5,12.98,35,108,Worn,Low,2,No,80,"80,001+"
V05214,SUV,1,41436,86,1781,34,9.5,11.17,43,104,Good,Low,8,No,100,"80,001+"
V05215,Sedan,2,67876,99,2113,45,8.9,11.45,43,83,Critical,High,9,Yes,50,"25,001–50,000"
V05216,SUV,9,175980,108,2616,42,15.5,12.43,35,57,Worn,Medium,6,Yes,80,"80,001+"
V05217,Hatchback,15,48637,93,2795,34,9.6,11.88,32,52,Good,Medium,8,Yes,90,"80,001+"
V05218,SUV,2,59853,88,2868,31,16.7,11.66,39,102,Good,Low,12,Yes,90,"80,001+"
V05219,Hatchback,2,77458,99,1786,40,17.0,12.74,42,40,Moderate,Medium,9,Yes,90,"80,001+"
V05220,Truck,15,54366,92,1958,32,19.4,12.09,31,62,Moderate,High,2,Yes,70,"50,001–80,000"
V05221,SUV,13,14832,103,2640,26,12.1,11.48,42,30,Good,Low,7,Yes,50,"25,001–50,000"
V05222,Sedan,3,60446,96,2955,35,8.7,12.67,37,53,Good,Medium,2,Yes,100,"80,001+"
V05223,SUV,15,130976,98,2381,24,14.3,11.99,35,62,Moderate,Low,12,No,60,"50,001–80,000"
V05224,Sedan,5,108212,90,1996,38,19.2,12.59,37,49,Critical,Medium,2,No,80,"80,001+"
V05225,SUV,3,175629,94,2820,27,6.8,11.98,34,31,Moderate,High,6,No,60,"50,001–80,000"
V05226,Truck,4,187471,101,2483,35,20.0,12.04,34,89,Worn,Medium,11,Yes,70,"50,001–80,000"
V05227,Truck,13,187729,102,2684,42,9.2,11.88,38,101,Critical,Medium,9,No,40,"25,001–50,000"
V05228,Truck,7,35838,93,2278,49,11.9,11.8,31,69,Worn,Medium,12,No,90,"80,001+"
V05229,Hatchback,7,196323,96,2990,42,18.6,12.27,43,48,Good,High,1,Yes,80,"80,001+"
V05230,Sedan,5,121721,100,2295,35,7.1,11.65,31,73,Worn,High,9,No,70,"50,001–80,000"
V05231,Truck,9,34259,105,1869,43,7.8,11.2,42,44,Critical,Medium,1,No,60,"50,001–80,000"
V05232,Hatchback,9,114695,86,1578,39,6.0,11.7,44,93,Critical,Medium,7,No,80,"80,001+"
V05233,SUV,4,88798,110,1703,42,19.7,12.37,42,98,Moderate,Medium,2,No,80,"80,001+"
V05234,Hatchback,8,158054,108,2045,31,7.5,11.54,45,75,Moderate,Medium,1,Yes,80,"80,001+"
V05235,SUV,7,116509,102,1541,26,5.4,12.79,38,35,Moderate,High,6,No,40,"25,001–50,000"
V05236,Sedan,5,155980,105,2319,35,6.1,11.7,35,44,Moderate,Medium,5,Yes,80,"80,001+"
V05237,Hatchback,2,179158,107,2787,48,13.5,12.51,31,40,Good,Low,12,No,70,"50,001–80,000"
V05238,Hatchback,13,173186,96,2385,24,15.7,11.97,34,82,Critical,Low,5,No,50,"25,001–50,000"
V05239,Hatchback,13,66517,104,2388,43,15.2,11.84,42,50,Critical,High,8,No,30,"10,001–25,000"
V05240,Hatchback,2,74018,97,2878,44,5.8,11.18,35,47,Critical,Medium,7,No,80,"80,001+"
V05241,Truck,7,99659,86,2834,46,17.7,11.38,38,35,Moderate,Medium,5,No,100,"80,001+"
V05242,Hatchback,14,140990,89,2158,27,8.6,11.27,43,100,Moderate,Low,4,No,70,"50,001–80,000"
V05243,Hatchback,3,6314,87,2271,40,11.6,11.2,32,40,Good,High,12,Yes,70,"50,001–80,000"
V05244,Sedan,12,133232,90,1676,32,15.1,12.45,30,71,Moderate,Medium,12,Yes,80,"80,001+"
V05245,Truck,9,167210,86,2151,22,18.3,11.64,43,72,Good,Medium,2,Yes,80,"80,001+"
V05246,SUV,15,198077,99,2225,32,15.2,12.61,42,97,Moderate,Low,1,No,90,"80,001+"
V05247,Hatchback,3,97104,91,1688,26,16.9,12.45,30,66,Critical,Low,4,No,60,"50,001–80,000"
V05248,Hatchback,2,138286,101,2229,36,18.6,12.98,43,97,Worn,Medium,11,Yes,70,"50,001–80,000"
V05249,Sedan,7,66320,100,2270,22,13.6,12.83,40,104,Worn,Medium,5,No,80,"80,001+"
V05250,Truck,1,74796,110,2627,36,6.4,11.72,45,50,Good,High,5,No,60,"50,001–80,000"
V05251,Truck,10,23783,96,1862,28,14.3,12.76,38,81,Good,High,8,Yes,60,"50,001–80,000"
V05252,Sedan,11,119214,98,2570,39,14.5,11.99,38,80,Worn,Low,6,Yes,90,"80,001+"
V05253,Sedan,6,42459,108,1735,43,20.0,11.09,31,87,Moderate,High,7,No,60,"50,001–80,000"
V05254,SUV,15,105386,89,2199,34,11.2,12.62,44,88,Good,High,7,No,70,"50,001–80,000"
V05255,Hatchback,2,37155,108,2951,38,16.0,11.49,33,59,Good,Medium,12,Yes,70,"50,001–80,000"
V05256,Sedan,12,117129,86,2854,29,6.3,12.89,32,60,Good,High,11,No,40,"25,001–50,000"
V05257,Hatchback,2,186744,108,2639,35,6.2,11.94,35,37,Worn,Low,10,No,70,"50,001–80,000"
V05258,SUV,5,123589,99,1586,47,7.8,11.29,37,51,Good,Medium,10,Yes,90,"80,001+"
V05259,Hatchback,7,189241,104,2425,34,9.0,11.39,44,69,Good,Low,11,Yes,70,"50,001–80,000"
V05260,SUV,1,11078,106,2900,46,17.3,12.55,36,54,Critical,Medium,4,Yes,60,"50,001–80,000"
V05261,Truck,10,164873,99,2192,29,19.5,11.7,34,79,Worn,High,9,Yes,50,"25,001–50,000"
V05262,Hatchback,8,6309,98,2939,21,5.5,12.4,34,93,Critical,High,7,Yes,40,"25,001–50,000"
V05263,Truck,2,119061,106,2313,47,11.8,11.83,42,47,Critical,Low,5,Yes,60,"50,001–80,000"
V05264,SUV,4,158008,96,2711,38,8.3,11.55,40,62,Good,High,10,Yes,70,"50,001–80,000"
V05265,SUV,9,183895,104,2400,42,8.3,12.18,44,50,Good,High,7,Yes,60,"50,001–80,000"
V05266,Truck,3,32959,93,1808,24,13.6,11.6,34,44,Critical,High,2,No,40,"25,001–50,000"
V05267,Truck,2,198549,88,2768,47,19.1,12.24,32,51,Worn,Low,12,Yes,90,"80,001+"
V05268,SUV,5,109941,97,2295,39,13.1,11.57,37,35,Critical,Low,8,Yes,80,"80,001+"
V05269,Hatchback,10,5210,106,1691,26,18.8,12.0,39,75,Critical,Medium,10,No,30,"10,001–25,000"
V05270,Hatchback,14,63745,108,1872,20,10.9,11.57,37,54,Worn,High,8,No,30,"10,001–25,000"
V05271,Hatchback,12,77940,101,1753,26,14.0,11.44,37,36,Good,High,3,No,30,"10,001–25,000"
V05272,Truck,4,32983,94,2162,34,19.2,12.07,43,54,Good,High,2,No,80,"80,001+"
V05273,Sedan,7,126132,88,2407,26,7.4,11.52,45,47,Moderate,High,7,Yes,60,"50,001–80,000"
V05274,Truck,5,107974,109,1605,42,14.1,12.68,45,100,Moderate,Low,5,Yes,80,"80,001+"
V05275,Hatchback,9,131846,99,2673,43,11.9,11.72,42,110,Worn,Medium,4,No,100,"80,001+"
V05276,Sedan,4,83382,110,2627,34,13.5,11.32,31,106,Moderate,Medium,5,Yes,80,"80,001+"
V05277,Truck,14,150661,97,1740,35,19.7,11.61,30,65,Critical,Medium,7,No,70,"50,001–80,000"
V05278,Sedan,14,50116,89,2646,45,13.0,11.28,38,93,Moderate,Low,12,Yes,80,"80,001+"
V05279,Truck,12,39411,107,2784,34,10.2,11.82,38,78,Moderate,Low,6,Yes,70,"50,001–80,000"
V05280,Truck,15,187159,101,1928,46,6.2,11.37,43,69,Good,Low,6,No,70,"50,001–80,000"
V05281,Hatchback,14,194081,85,1896,46,10.4,12.67,31,64,Critical,High,11,No,40,"25,001–50,000"
V05282,SUV,11,32260,104,1866,40,9.6,11.57,30,85,Good,Low,1,No,70,"50,001–80,000"
V05283,SUV,9,40695,87,2657,50,7.1,11.24,31,73,Critical,High,12,No,50,"25,001–50,000"
V05284,Sedan,12,37004,103,2467,49,14.9,11.86,31,107,Good,Low,4,No,70,"50,001–80,000"
V05285,Sedan,4,121580,105,2814,49,6.5,11.28,31,109,Good,Medium,4,Yes,80,"80,001+"
V05286,Truck,6,43172,85,2886,35,6.7,12.6,42,71,Critical,Low,1,Yes,80,"80,001+"
V05287,Hatchback,6,184330,94,2564,23,13.6,12.33,32,70,Moderate,High,12,No,50,"25,001–50,000"
V05288,Sedan,8,110815,88,1786,31,14.7,12.98,34,58,Critical,Medium,3,Yes,80,"80,001+"
V05289,Hatchback,4,41145,96,2797,36,7.7,12.23,32,63,Critical,Low,8,Yes,80,"80,001+"
V05290,SUV,6,96403,86,1516,27,15.6,12.29,45,55,Worn,Medium,9,Yes,70,"50,001–80,000"
V05291,Truck,6,135872,87,2749,33,15.4,11.06,35,100,Critical,Medium,10,Yes,70,"50,001–80,000"
V05292,SUV,7,173162,101,2494,36,14.3,11.78,38,106,Moderate,Low,10,No,70,"50,001–80,000"
V05293,Sedan,12,73904,106,2348,43,17.4,11.24,31,98,Worn,Medium,2,Yes,70,"50,001–80,000"
V05294,SUV,5,164168,97,2625,28,17.1,12.77,39,102,Worn,High,3,No,60,"50,001–80,000"
V05295,SUV,15,118998,96,2442,25,5.2,12.58,41,88,Critical,Low,3,Yes,50,"25,001–50,000"
V05296,Sedan,3,198204,104,2536,20,5.7,12.06,31,51,Good,Low,1,Yes,60,"50,001–80,000"
V05297,Hatchback,2,36006,90,1539,21,11.4,12.41,44,106,Worn,Low,7,No,80,"80,001+"
V05298,Sedan,12,34511,89,2155,49,8.6,12.12,39,88,Good,High,10,No,60,"50,001–80,000"
V05299,Truck,1,27621,100,2939,37,17.3,12.78,40,87,Worn,Medium,11,Yes,90,"80,001+"
V05300,Truck,2,126817,109,2204,25,14.0,11.76,35,81,Critical,Low,6,No,40,"25,001–50,000"
V05301,Hatchback,8,133658,102,2940,31,17.9,12.3,45,103,Moderate,High,1,Yes,60,"50,001–80,000"
V05302,Sedan,5,129199,107,2545,41,18.2,12.05,44,37,Moderate,High,5,Yes,60,"50,001–80,000"
V05303,Sedan,2,185338,106,2684,41,5.9,12.43,40,100,Moderate,Low,1,No,80,"80,001+"
V05304,SUV,5,76076,94,1833,25,8.1,12.98,31,71,Worn,Low,2,Yes,80,"80,001+"
V05305,Sedan,14,21310,102,2165,31,5.2,12.08,42,86,Moderate,High,3,Yes,50,"25,001–50,000"
V05306,Hatchback,8,173033,104,2440,20,16.5,12.52,43,95,Critical,Medium,4,No,40,"25,001–50,000"
V05307,SUV,7,28678,92,2026,38,9.7,12.89,37,70,Moderate,Medium,6,No,100,"80,001+"
V05308,Sedan,6,156355,94,2386,49,9.6,12.17,35,97,Worn,Low,3,Yes,100,"80,001+"
V05309,SUV,7,43819,104,2916,49,13.0,12.06,41,94,Moderate,High,4,Yes,60,"50,001–80,000"
V05310,SUV,15,165139,89,1788,24,6.5,12.67,39,83,Critical,High,7,No,30,"10,001–25,000"
V05311,SUV,10,179151,96,1736,44,11.6,11.62,32,78,Critical,High,5,Yes,60,"50,001–80,000"
V05312,Hatchback,4,62247,97,2351,38,9.3,12.38,40,82,Critical,High,7,Yes,60,"50,001–80,000"
V05313,Truck,13,67227,110,1972,40,17.6,11.76,33,94,Moderate,High,6,Yes,50,"25,001–50,000"
V05314,Truck,8,58588,87,1976,44,8.6,12.05,32,83,Critical,Low,12,Yes,70,"50,001–80,000"
V05315,Sedan,8,186609,103,2981,33,8.7,12.37,43,96,Worn,High,8,No,60,"50,001–80,000"
V05316,Sedan,1,175272,97,2147,30,14.6,11.18,40,31,Good,Medium,11,Yes,90,"80,001+"
V05317,Sedan,6,58311,110,2426,36,19.0,12.8,30,104,Good,Medium,9,No,70,"50,001–80,000"
V05318,Truck,12,141127,92,1837,28,19.6,11.29,41,80,Good,Low,5,No,70,"50,001–80,000"
V05319,Hatchback,8,32197,92,1817,38,12.4,12.92,34,36,Good,Low,10,Yes,90,"80,001+"
V05320,Truck,4,40474,88,2497,42,11.5,11.72,33,87,Worn,Low,7,Yes,100,"80,001+"
V05321,Hatchback,3,38745,105,2499,39,5.7,12.67,42,81,Moderate,Medium,3,No,80,"80,001+"
V05322,Truck,9,85490,91,2844,43,6.2,11.31,32,99,Worn,Medium,9,No,90,"80,001+"
V05323,Hatchback,2,81284,88,2447,44,11.6,12.61,45,58,Critical,Low,5,Yes,80,"80,001+"
V05324,Hatchback,13,54857,90,2488,26,18.6,11.41,32,82,Moderate,Low,1,Yes,70,"50,001–80,000"
V05325,Truck,13,66780,98,2157,25,12.7,12.61,30,90,Worn,High,5,No,50,"25,001–50,000"
V05326,Hatchback,11,85253,98,2518,41,6.1,12.89,31,107,Moderate,Low,7,No,90,"80,001+"
V05327,Hatchback,14,179086,106,2971,41,5.6,11.24,43,43,Critical,Low,9,Yes,40,"25,001–50,000"
V05328,Hatchback,1,123626,97,1756,36,9.9,11.47,31,55,Critical,Low,9,Yes,70,"50,001–80,000"
V05329,SUV,1,187952,102,2702,25,16.1,12.62,43,54,Worn,Low,11,No,50,"25,001–50,000"
V05330,SUV,5,110880,97,2913,49,16.6,12.37,39,66,Good,Low,8,No,100,"80,001+"
V05331,Sedan,14,103813,99,2614,40,8.1,11.47,41,82,Worn,High,6,No,70,"50,001–80,000"
V05332,Hatchback,8,95480,95,2104,44,8.1,11.12,31,87,Critical,Low,8,No,80,"80,001+"
V05333,Hatchback,10,175478,102,2706,39,18.2,12.59,45,44,Critical,High,6,No,40,"25,001–50,000"
V05334,Sedan,13,55655,95,2459,45,14.5,11.96,44,100,Worn,Low,4,Yes,90,"80,001+"
V05335,Sedan,8,45421,101,2338,25,15.2,11.48,30,30,Worn,Medium,8,Yes,60,"50,001–80,000"
V05336,SUV,11,157761,110,2845,37,10.8,11.27,31,79,Critical,Medium,5,No,50,"25,001–50,000"
V05337,SUV,5,67593,88,2365,40,15.3,12.03,38,66,Good,Low,7,No,100,"80,001+"
V05338,Truck,9,78804,90,2323,39,17.0,11.21,41,61,Worn,Low,6,Yes,100,"80,001+"
V05339,Sedan,4,74625,108,2928,48,8.6,12.97,34,72,Worn,High,7,Yes,60,"50,001–80,000"
V05340,Hatchback,14,54349,86,1814,20,7.9,12.12,37,58,Critical,Low,3,Yes,50,"25,001–50,000"
V05341,Truck,1,83814,107,2373,42,15.4,12.24,45,107,Moderate,High,12,Yes,50,"25,001–50,000"
V05342,Sedan,15,188417,95,1951,41,13.7,12.32,35,76,Good,High,3,No,70,"50,001–80,000"
V05343,Truck,3,193197,89,1848,34,16.6,11.48,35,51,Moderate,Medium,1,Yes,100,"80,001+"
V05344,SUV,2,194018,95,2140,28,16.7,12.58,35,70,Worn,Low,4,Yes,80,"80,001+"
V05345,Hatchback,3,174650,109,2554,35,15.2,12.14,44,67,Good,High,5,No,60,"50,001–80,000"
V05346,SUV,5,35923,89,1864,25,16.8,11.01,35,94,Worn,Low,7,Yes,80,"80,001+"
V05347,Truck,1,138823,99,2332,34,7.8,12.75,45,74,Critical,High,4,No,60,"50,001–80,000"
V05348,Truck,11,181220,87,2995,25,13.5,11.49,34,103,Good,High,9,No,40,"25,001–50,000"
V05349,SUV,15,192044,94,2947,41,10.6,11.6,44,48,Critical,Low,2,No,70,"50,001–80,000"
V05350,Truck,1,131237,98,2950,33,14.2,11.45,45,88,Moderate,Medium,3,Yes,100,"80,001+"
V05351,Hatchback,12,29105,109,2836,36,17.2,12.67,32,85,Moderate,High,10,Yes,40,"25,001–50,000"
V05352,Sedan,15,179842,88,1710,48,17.0,12.66,35,42,Good,Medium,10,No,80,"80,001+"
V05353,Hatchback,13,140717,109,2326,35,18.2,11.47,40,34,Worn,High,10,Yes,40,"25,001–50,000"
V05354,SUV,12,122880,94,2271,45,12.6,11.46,35,84,Worn,Medium,11,No,80,"80,001+"
V05355,Truck,7,158278,107,2537,31,9.6,12.95,45,64,Worn,High,12,Yes,50,"25,001–50,000"
V05356,Hatchback,2,32843,109,2104,32,19.2,12.6,41,39,Critical,High,11,Yes,30,"10,001–25,000"
V05357,Truck,4,133031,93,1740,24,14.3,12.03,38,43,Critical,Medium,1,Yes,60,"50,001–80,000"
V05358,Sedan,10,56570,96,2859,31,19.5,11.46,35,77,Good,Low,5,No,100,"80,001+"
V05359,SUV,15,193568,94,1936,23,6.2,11.31,31,42,Critical,Low,9,No,40,"25,001–50,000"
V05360,SUV,14,44514,108,2371,48,16.8,12.15,32,79,Critical,High,7,No,30,"10,001–25,000"
V05361,Truck,4,199234,90,2826,43,14.6,11.39,45,39,Worn,Medium,10,No,90,"80,001+"
V05362,SUV,7,108488,85,1987,36,13.5,12.26,38,49,Worn,High,12,Yes,70,"50,001–80,000"
V05363,Truck,6,38832,108,1882,39,15.9,11.37,33,39,Moderate,High,12,No,50,"25,001–50,000"
V05364,Hatchback,7,154083,99,1737,26,20.0,12.44,30,105,Critical,Low,9,No,50,"25,001–50,000"
V05365,Truck,7,88859,90,2038,44,9.1,11.19,31,89,Moderate,High,11,No,70,"50,001–80,000"
V05366,Hatchback,9,172688,110,2125,44,5.3,12.3,38,66,Moderate,Medium,11,Yes,70,"50,001–80,000"
V05367,SUV,12,87576,107,2012,40,12.2,12.76,30,83,Critical,Low,1,Yes,50,"25,001–50,000"
V05368,Sedan,9,160118,109,2134,40,12.2,12.48,37,76,Good,High,2,Yes,60,"50,001–80,000"
V05369,SUV,1,74087,104,1632,44,13.8,12.3,45,38,Critical,Low,5,No,60,"50,001–80,000"
V05370,Hatchback,3,133303,93,2896,31,7.0,12.56,39,50,Worn,Low,11,No,90,"80,001+"
V05371,Truck,12,163381,107,1639,40,14.5,11.95,44,72,Worn,High,7,No,50,"25,001–50,000"
V05372,Truck,9,167079,96,1756,31,6.0,11.91,42,53,Moderate,Medium,10,No,90,"80,001+"
V05373,Truck,12,175333,91,2525,43,18.2,12.02,35,108,Critical,High,10,No,40,"25,001–50,000"
V05374,Hatchback,11,145419,93,2616,20,16.1,11.96,38,38,Good,Low,11,Yes,60,"50,001–80,000"
V05375,SUV,4,84240,109,1647,47,13.5,11.25,36,59,Good,High,12,Yes,50,"25,001–50,000"
V05376,SUV,14,102335,90,2846,49,19.0,11.41,44,74,Good,Low,10,No,80,"80,001+"
V05377,Truck,15,99752,95,2933,32,9.1,11.4,34,50,Moderate,High,3,No,70,"50,001–80,000"
V05378,SUV,12,168147,96,1541,28,7.7,12.61,38,63,Critical,Low,9,No,40,"25,001–50,000"
V05379,Sedan,12,19426,106,2192,50,13.9,11.58,45,94,Good,High,10,No,40,"25,001–50,000"
V05380,Truck,6,165955,104,2211,29,9.5,12.19,30,97,Critical,High,5,Yes,20,"10,001–25,000"
V05381,Sedan,6,157966,99,2857,33,10.1,12.73,32,110,Good,High,7,No,80,"80,001+"
V05382,SUV,1,79197,86,2338,45,7.5,11.54,32,94,Worn,Low,5,Yes,100,"80,001+"
V05383,SUV,15,183487,93,1531,44,9.4,11.64,31,98,Critical,Low,5,Yes,70,"50,001–80,000"
V05384,Hatchback,10,174287,85,2811,44,17.8,12.4,30,40,Critical,Medium,1,No,80,"80,001+"
V05385,Truck,6,193700,85,1892,24,19.9,11.17,40,72,Moderate,High,6,Yes,60,"50,001–80,000"
V05386,SUV,10,198042,104,1656,27,6.6,12.18,42,46,Moderate,Low,7,No,60,"50,001–80,000"
V05387,Hatchback,9,21485,98,1717,42,5.6,11.26,43,45,Worn,High,2,Yes,80,"80,001+"
V05388,Hatchback,4,105749,101,2151,23,10.5,11.48,37,98,Good,Medium,9,Yes,50,"25,001–50,000"
V05389,Truck,1,149043,85,2967,22,10.4,11.72,30,43,Moderate,Medium,4,Yes,80,"80,001+"
V05390,Truck,10,45189,95,1541,30,6.6,12.36,42,44,Good,Medium,5,No,100,"80,001+"
V05391,Hatchback,11,79930,99,2923,35,9.5,12.1,33,85,Moderate,Low,4,Yes,90,"80,001+"
V05392,Hatchback,7,198482,93,2498,41,8.9,11.87,36,31,Moderate,High,11,Yes,70,"50,001–80,000"
V05393,Truck,3,152941,97,2768,41,8.2,11.69,40,62,Worn,Medium,1,Yes,100,"80,001+"
V05394,Sedan,9,70005,105,1727,27,18.7,12.87,35,91,Moderate,Medium,7,Yes,60,"50,001–80,000"
V05395,Truck,9,40388,93,2823,29,19.1,11.12,30,33,Worn,Medium,3,No,80,"80,001+"
V05396,SUV,15,18149,85,1639,46,13.4,11.66,30,50,Good,Low,3,Yes,90,"80,001+"
V05397,Truck,2,125166,104,1627,35,10.8,12.9,32,107,Good,Low,2,Yes,80,"80,001+"
V05398,Hatchback,7,180570,107,2151,27,6.0,12.24,42,85,Good,Low,7,Yes,60,"50,001–80,000"
V05399,Sedan,7,87960,86,2248,47,11.1,11.56,45,53,Critical,Medium,4,No,80,"80,001+"
V05400,Hatchback,3,169511,95,1823,41,8.7,11.83,36,84,Critical,Low,10,Yes,70,"50,001–80,000"
V05401,Truck,5,183415,97,2097,47,10.7,11.08,33,49,Good,Low,7,No,100,"80,001+"
V05402,SUV,9,37779,103,1967,43,17.0,12.35,36,72,Good,Low,11,No,70,"50,001–80,000"
V05403,Sedan,3,117937,98,1655,34,5.4,11.92,33,46,Worn,Medium,7,No,100,"80,001+"
V05404,Hatchback,7,111642,91,1808,31,11.7,11.31,31,91,Critical,Medium,1,No,80,"80,001+"
V05405,SUV,14,191608,98,2415,45,9.8,12.89,36,44,Good,High,6,Yes,70,"50,001–80,000"
V05406,Hatchback,5,12021,102,2319,33,13.5,12.38,45,72,Good,Low,9,No,70,"50,001–80,000"
V05407,Truck,11,69301,94,1979,28,7.7,11.55,34,81,Moderate,Medium,9,No,60,"50,001–80,000"
V05408,Sedan,15,76464,104,1614,29,19.6,11.81,35,110,Worn,Medium,7,Yes,50,"25,001–50,000"
V05409,Sedan,1,28266,106,2491,37,9.9,12.16,42,105,Worn,Medium,8,No,80,"80,001+"
V05410,SUV,12,177892,93,2266,24,13.4,12.08,42,68,Moderate,Low,3,Yes,70,"50,001–80,000"
V05411,Sedan,3,56904,109,1519,31,19.5,11.6,41,88,Good,Low,4,No,80,"80,001+"
V05412,Hatchback,13,144599,95,2887,33,16.5,11.19,34,48,Critical,Low,9,No,60,"50,001–80,000"
V05413,Truck,6,148057,110,1749,26,8.4,11.56,30,76,Critical,Medium,1,Yes,40,"25,001–50,000"
V05414,Hatchback,4,22986,110,2823,26,5.6,11.65,33,50,Worn,High,4,No,40,"25,001–50,000"
V05415,SUV,15,153030,102,2664,50,12.5,11.32,39,71,Critical,Low,3,Yes,50,"25,001–50,000"
V05416,Sedan,3,77642,100,1889,42,6.1,12.62,40,62,Good,Medium,3,Yes,100,"80,001+"
V05417,SUV,6,157375,100,1878,26,14.3,12.0,40,49,Moderate,Low,5,No,80,"80,001+"
V05418,Sedan,7,88189,105,1808,37,6.1,11.68,39,93,Moderate,High,4,Yes,60,"50,001–80,000"
V05419,Sedan,2,80438,102,2714,31,17.1,12.48,36,72,Moderate,High,12,No,50,"25,001–50,000"
V05420,Sedan,6,169521,95,2734,45,12.7,11.57,44,81,Critical,Low,1,No,80,"80,001+"
V05421,Hatchback,9,161901,99,2945,38,7.2,11.84,38,77,Good,Low,7,Yes,100,"80,001+"
V05422,Truck,5,43514,102,2227,23,16.9,11.71,33,98,Good,Medium,2,Yes,60,"50,001–80,000"
V05423,Hatchback,15,83293,102,2585,35,15.5,12.4,44,48,Moderate,High,9,Yes,40,"25,001–50,000"
V05424,Hatchback,3,186109,99,1535,48,17.1,11.31,31,68,Good,High,6,No,80,"80,001+"
V05425,SUV,14,19901,110,1956,49,9.8,11.15,45,57,Critical,Low,10,Yes,40,"25,001–50,000"
V05426,SUV,6,198421,102,2356,26,9.6,11.18,38,90,Critical,Medium,2,Yes,40,"25,001–50,000"
V05427,Hatchback,6,100183,94,2197,46,11.1,12.91,36,109,Critical,Low,1,No,80,"80,001+"
V05428,Hatchback,4,50156,106,1735,25,13.9,11.49,42,38,Good,Low,6,Yes,60,"50,001–80,000"
V05429,SUV,9,142713,110,2049,21,13.0,11.59,38,53,Moderate,Medium,11,No,50,"25,001–50,000"
V05430,Truck,5,39313,90,2306,23,14.7,11.23,40,53,Worn,Medium,8,No,80,"80,001+"
V05431,SUV,5,129512,88,2127,41,16.2,11.75,45,38,Critical,Medium,11,No,70,"50,001–80,000"
V05432,Hatchback,14,189959,85,2120,28,19.7,12.09,41,41,Critical,Low,2,No,50,"25,001–50,000"
V05433,Truck,10,31082,86,1963,38,8.5,11.93,37,41,Worn,Medium,11,Yes,90,"80,001+"
V05434,SUV,7,164044,99,2904,39,11.3,12.81,44,36,Moderate,High,10,No,70,"50,001–80,000"
V05435,Hatchback,11,59561,107,2456,41,9.0,11.63,35,91,Worn,Medium,8,Yes,70,"50,001–80,000"
V05436,Hatchback,7,182044,106,2201,22,10.0,11.03,35,92,Worn,Low,4,No,60,"50,001–80,000"
V05437,SUV,14,89564,105,1759,27,19.0,12.09,32,82,Worn,Medium,1,No,50,"25,001–50,000"
V05438,Hatchback,1,19800,93,2267,45,17.3,11.3,32,42,Good,Low,4,Yes,100,"80,001+"
V05439,Sedan,3,156181,95,2633,43,16.4,11.51,40,39,Moderate,Medium,4,Yes,100,"80,001+"
V05440,SUV,6,77766,98,1802,48,6.5,12.02,34,69,Good,Low,9,Yes,90,"80,001+"
V05441,Sedan,12,37679,91,2377,42,13.9,12.39,38,86,Critical,Low,7,No,70,"50,001–80,000"
V05442,Truck,3,65898,103,2849,44,10.0,12.75,36,102,Worn,Medium,3,Yes,80,"80,001+"
V05443,SUV,11,49120,97,2534,33,6.1,11.78,30,60,Critical,Low,5,No,70,"50,001–80,000"
V05444,Sedan,7,95589,104,2172,29,14.9,11.55,45,101,Worn,High,7,Yes,40,"25,001–50,000"
V05445,Sedan,11,133623,91,2997,34,6.5,11.41,30,36,Good,High,5,Yes,70,"50,001–80,000"
V05446,SUV,12,130402,89,2474,40,7.5,12.66,39,57,Critical,High,7,Yes,50,"25,001–50,000"
V05447,Hatchback,11,14188,91,1928,25,12.4,12.61,41,104,Critical,Medium,2,No,50,"25,001–50,000"
V05448,Sedan,5,195090,85,1512,31,9.1,11.92,31,42,Worn,Low,2,Yes,100,"80,001+"
V05449,Hatchback,4,190441,99,2421,44,16.2,11.98,37,84,Critical,High,7,Yes,60,"50,001–80,000"
V05450,Truck,15,108972,91,1980,26,16.2,11.93,41,33,Moderate,High,4,Yes,50,"25,001–50,000"
V05451,SUV,14,92183,95,2984,31,11.4,11.14,33,34,Critical,Medium,4,Yes,70,"50,001–80,000"
V05452,Sedan,4,21234,94,2879,30,13.7,11.86,43,60,Good,Low,7,No,100,"80,001+"
V05453,SUV,10,63417,107,2904,34,11.4,12.77,40,74,Moderate,Medium,2,No,80,"80,001+"
V05454,Truck,7,160941,90,1715,50,18.6,12.76,38,109,Worn,Low,3,Yes,100,"80,001+"
V05455,Hatchback,15,105297,109,1868,49,7.9,12.99,35,31,Critical,High,1,Yes,30,"10,001–25,000"
V05456,Sedan,3,61561,94,1803,34,6.9,12.75,31,91,Critical,Medium,10,No,70,"50,001–80,000"
V05457,Sedan,10,105666,100,1995,31,13.3,12.41,30,31,Moderate,Medium,11,No,90,"80,001+"
V05458,SUV,13,54683,105,2599,29,18.4,12.86,45,59,Moderate,High,9,No,20,"10,001–25,000"
V05459,Sedan,15,39864,90,1570,47,8.3,11.53,44,88,Critical,Medium,5,Yes,70,"50,001–80,000"
V05460,SUV,9,89349,96,2082,33,14.8,11.11,32,103,Good,High,12,Yes,70,"50,001–80,000"
V05461,Truck,15,91526,94,2672,45,15.6,12.5,42,49,Moderate,Medium,4,No,90,"80,001+"
V05462,Sedan,5,125043,92,2469,36,15.1,12.25,30,100,Moderate,High,3,No,80,"80,001+"
V05463,Hatchback,14,54023,86,1840,29,6.9,11.21,41,34,Good,Low,8,No,70,"50,001–80,000"
V05464,SUV,11,109372,89,2004,25,13.5,12.91,30,81,Worn,High,7,No,50,"25,001–50,000"
V05465,Sedan,2,159817,89,1754,24,19.9,11.2,35,41,Moderate,Low,3,No,80,"80,001+"
V05466,Hatchback,12,44665,100,2791,33,15.7,11.17,37,73,Good,Low,6,Yes,90,"80,001+"
V05467,Truck,1,73692,98,2410,45,13.7,12.52,42,80,Good,High,5,No,80,"80,001+"
V05468,SUV,13,147182,101,2233,30,13.6,12.72,33,101,Critical,Medium,9,No,40,"25,001–50,000"
V05469,Sedan,14,71080,88,2680,44,18.8,11.96,44,33,Worn,High,3,No,70,"50,001–80,000"
V05470,Truck,7,72685,98,2014,47,11.8,11.71,43,100,Critical,High,9,Yes,50,"25,001–50,000"
V05471,Sedan,5,198784,101,1523,35,16.4,11.07,32,77,Worn,High,6,No,60,"50,001–80,000"
V05472,SUV,12,71953,102,2677,46,8.5,12.33,41,71,Critical,Medium,6,Yes,50,"25,001–50,000"
V05473,Sedan,3,36845,96,2113,20,19.1,11.14,36,38,Critical,Low,4,Yes,60,"50,001–80,000"
V05474,Sedan,5,79846,105,2886,29,5.8,12.99,40,106,Worn,High,3,Yes,40,"25,001–50,000"
V05475,Sedan,7,135587,101,2005,46,6.4,12.3,36,65,Moderate,High,7,No,60,"50,001–80,000"
V05476,Sedan,13,130328,109,1591,25,12.3,11.6,32,95,Critical,High,2,Yes,10,"0–10,000"
V05477,Truck,11,14348,88,2512,41,8.8,12.83,39,85,Good,Low,10,Yes,80,"80,001+"
V05478,Sedan,11,145792,87,2718,38,13.3,11.28,45,35,Worn,High,4,No,70,"50,001–80,000"
V05479,Hatchback,10,34339,107,2388,34,15.1,11.89,38,47,Moderate,Medium,8,Yes,80,"80,001+"
V05480,SUV,6,55167,98,2005,35,17.7,12.36,31,43,Good,Medium,11,No,90,"80,001+"
V05481,Truck,5,196420,91,1849,45,12.2,12.3,41,34,Worn,Medium,8,No,100,"80,001+"
V05482,Sedan,8,181939,99,2658,20,15.0,12.37,34,105,Moderate,Low,3,Yes,80,"80,001+"
V05483,Sedan,10,100933,109,1649,23,7.6,11.14,42,49,Critical,High,7,No,20,"10,001–25,000"
V05484,Truck,6,125223,100,2461,24,18.3,11.69,44,69,Good,High,7,Yes,60,"50,001–80,000"
V05485,SUV,8,180145,87,1688,42,8.7,12.67,35,93,Worn,Medium,9,No,90,"80,001+"
V05486,Hatchback,5,74499,95,1707,31,6.9,12.05,42,36,Critical,High,3,No,60,"50,001–80,000"
V05487,Sedan,9,95970,91,2306,48,18.6,11.48,43,87,Moderate,Medium,6,No,100,"80,001+"
V05488,Truck,2,177849,87,2981,37,19.2,11.6,32,48,Worn,Low,2,Yes,100,"80,001+"
V05489,SUV,14,33826,110,2935,29,8.8,12.83,36,91,Moderate,Low,4,No,50,"25,001–50,000"
V05490,SUV,12,121181,96,1633,26,14.2,11.55,33,38,Critical,Low,12,No,40,"25,001–50,000"
V05491,Truck,15,38305,99,1633,38,5.1,12.7,31,92,Worn,Medium,12,No,80,"80,001+"
V05492,Hatchback,12,161619,88,1732,45,10.0,12.74,43,40,Good,High,6,No,70,"50,001–80,000"
V05493,Hatchback,5,65856,95,2197,42,13.2,11.84,37,94,Moderate,High,11,Yes,70,"50,001–80,000"
V05494,Hatchback,4,98266,109,1792,35,5.7,11.14,30,66,Moderate,High,1,No,60,"50,001–80,000"
V05495,SUV,15,140738,94,1952,48,11.0,12.02,31,64,Worn,Medium,6,No,90,"80,001+"
V05496,Sedan,3,26702,95,2850,47,12.6,11.03,43,60,Moderate,Low,12,Yes,90,"80,001+"
V05497,Truck,7,157738,100,1535,49,7.7,12.95,36,40,Good,High,3,No,80,"80,001+"
V05498,Sedan,6,18060,97,2643,40,7.4,12.64,38,48,Good,High,3,Yes,80,"80,001+"
V05499,Hatchback,6,179182,98,1859,29,13.7,12.85,42,97,Moderate,Medium,7,Yes,80,"80,001+"
V05500,SUV,2,48636,99,2499,34,8.5,12.63,30,99,Worn,Low,3,No,100,"80,001+"
V05501,SUV,5,160321,102,2956,45,11.2,11.19,43,100,Worn,Low,2,No,80,"80,001+"
V05502,SUV,4,168640,99,1847,47,15.2,12.33,32,82,Worn,High,1,No,80,"80,001+"
V05503,Truck,10,28293,94,2958,20,17.5,11.6,37,72,Critical,High,5,No,40,"25,001–50,000"
V05504,Truck,2,195249,90,2130,41,9.0,11.59,41,74,Good,High,11,Yes,70,"50,001–80,000"
V05505,Sedan,3,25865,89,2924,48,8.7,11.87,34,96,Worn,Medium,3,No,100,"80,001+"
V05506,Sedan,7,148308,102,2598,43,19.5,12.59,44,97,Moderate,Low,6,No,80,"80,001+"
V05507,Hatchback,1,43839,91,2129,21,18.9,11.45,42,39,Worn,High,12,Yes,50,"25,001–50,000"
V05508,SUV,2,138763,88,1685,31,8.9,12.97,30,45,Good,High,1,Yes,80,"80,001+"
V05509,SUV,1,65638,102,1667,50,11.1,12.51,41,100,Good,Medium,3,Yes,80,"80,001+"
V05510,Truck,7,111673,109,2314,45,13.7,12.52,33,43,Critical,Low,2,Yes,60,"50,001–80,000"
V05511,Truck,7,24450,93,2684,34,13.2,12.18,44,55,Good,Medium,11,No,90,"80,001+"
V05512,SUV,13,64291,87,1576,25,17.6,12.07,31,60,Critical,High,6,No,30,"10,001–25,000"
V05513,Truck,9,132963,99,1838,32,9.8,11.86,35,72,Moderate,Medium,1,No,100,"80,001+"
V05514,Sedan,4,163959,89,1523,44,17.9,11.44,41,89,Critical,Medium,2,No,80,"80,001+"
V05515,SUV,11,75086,85,1654,46,18.7,12.24,42,48,Critical,Medium,6,Yes,70,"50,001–80,000"
V05516,Truck,11,163138,89,1507,40,12.2,11.35,30,108,Moderate,Low,2,No,90,"80,001+"
V05517,SUV,3,103602,97,2501,40,15.8,12.26,30,38,Critical,High,3,No,60,"50,001–80,000"
V05518,Hatchback,10,133985,110,2889,49,12.1,12.18,37,30,Moderate,Medium,8,Yes,80,"80,001+"
V05519,SUV,13,187815,108,2937,21,9.4,12.77,40,52,Worn,Low,3,No,50,"25,001–50,000"
V05520,Truck,7,25827,88,2344,34,13.5,11.49,41,102,Critical,High,11,No,50,"25,001–50,000"
V05521,Sedan,11,130456,108,2963,49,9.3,12.87,39,44,Good,Low,2,No,70,"50,001–80,000"
V05522,Truck,1,88402,92,2260,33,5.5,11.56,36,83,Worn,High,10,Yes,70,"50,001–80,000"
V05523,Truck,7,140405,85,2275,43,13.5,11.34,38,30,Moderate,Low,1,No,100,"80,001+"
V05524,Truck,8,37636,108,2943,38,17.4,11.65,37,52,Good,Medium,10,No,70,"50,001–80,000"
V05525,Truck,11,137535,86,2009,45,5.6,12.16,31,74,Critical,High,12,Yes,40,"25,001–50,000"
V05526,SUV,14,163166,100,2617,45,15.1,11.1,45,84,Moderate,Low,3,No,90,"80,001+"
V05527,Hatchback,8,100626,100,1503,38,14.4,12.52,41,100,Good,Low,3,No,100,"80,001+"
V05528,Sedan,11,165812,104,2037,35,7.9,11.28,39,100,Worn,Low,7,No,70,"50,001–80,000"
V05529,Truck,3,191147,107,2455,42,11.0,12.72,41,78,Critical,Medium,7,No,60,"50,001–80,000"
V05530,Hatchback,6,80921,107,2935,48,15.9,11.01,40,97,Moderate,High,11,Yes,50,"25,001–50,000"
V05531,Sedan,12,62137,96,1565,20,6.0,12.35,37,55,Worn,Medium,11,No,60,"50,001–80,000"
V05532,SUV,10,174230,88,1725,22,13.1,11.64,40,53,Good,High,1,No,60,"50,001–80,000"
V05533,Hatchback,1,157344,97,2521,50,10.4,11.74,30,38,Critical,High,8,No,60,"50,001–80,000"
V05534,Hatchback,3,143903,94,2907,40,14.4,12.21,31,57,Moderate,High,3,No,80,"80,001+"
V05535,SUV,13,50647,93,2478,49,11.8,11.7,37,75,Good,High,3,No,70,"50,001–80,000"
V05536,Truck,6,194568,90,2627,47,9.4,11.52,39,67,Moderate,High,8,Yes,80,"80,001+"
V05537,Truck,7,76188,88,2045,44,14.2,12.38,42,106,Critical,Low,11,No,70,"50,001–80,000"
V05538,Hatchback,10,167019,88,2655,44,13.6,12.11,38,65,Moderate,Low,3,Yes,100,"80,001+"
V05539,Sedan,10,26963,99,1962,35,5.4,11.24,44,81,Worn,Low,9,No,90,"80,001+"
V05540,Truck,13,192191,98,2516,24,19.4,11.45,34,109,Worn,High,1,No,50,"25,001–50,000"
V05541,Truck,14,111583,96,2650,39,19.8,11.67,38,78,Worn,High,4,Yes,70,"50,001–80,000"
V05542,SUV,15,140300,105,2150,32,5.5,11.16,45,107,Worn,High,4,Yes,50,"25,001–50,000"
V05543,Hatchback,8,131013,105,2186,38,12.3,11.62,43,49,Worn,Low,1,No,80,"80,001+"
V05544,Hatchback,14,22410,93,2420,38,17.6,12.19,43,34,Moderate,Low,3,Yes,90,"80,001+"
V05545,Hatchback,5,35727,105,1818,29,17.8,12.56,34,71,Critical,Medium,1,Yes,40,"25,001–50,000"
V05546,Sedan,15,106594,101,2927,49,6.7,11.9,39,105,Good,Medium,1,No,70,"50,001–80,000"
V05547,Hatchback,8,157986,107,1965,26,17.6,11.2,38,34,Critical,High,12,No,10,"0–10,000"
V05548,Hatchback,13,57065,99,2990,25,15.1,11.3,33,100,Critical,Medium,8,Yes,50,"25,001–50,000"
V05549,SUV,1,165796,105,2043,41,9.8,12.91,30,79,Critical,Low,5,Yes,60,"50,001–80,000"
V05550,Truck,9,182168,93,2490,42,13.9,12.22,36,77,Moderate,High,12,Yes,70,"50,001–80,000"
V05551,SUV,2,185378,97,2215,28,14.8,11.09,31,69,Good,Low,5,Yes,80,"80,001+"
V05552,Hatchback,13,191016,96,2490,39,15.3,12.41,40,79,Moderate,Low,12,Yes,80,"80,001+"
V05553,Truck,14,166414,101,2302,25,10.8,12.51,41,60,Critical,Low,10,No,20,"10,001–25,000"
V05554,Truck,7,83277,94,2915,40,18.2,11.98,39,104,Worn,High,12,No,70,"50,001–80,000"
V05555,SUV,14,24866,107,2081,20,18.9,12.25,38,93,Critical,High,12,Yes,0,"0–10,000"
V05556,SUV,8,141941,96,2227,33,5.3,12.5,45,44,Moderate,Medium,11,Yes,90,"80,001+"
V05557,Hatchback,9,111138,91,2881,20,15.7,12.04,34,73,Worn,High,12,No,50,"25,001–50,000"
V05558,Truck,14,58380,104,2356,28,5.5,12.85,35,81,Worn,Medium,8,Yes,50,"25,001–50,000"
V05559,Sedan,7,194669,87,2431,40,18.4,12.79,33,86,Moderate,High,10,Yes,70,"50,001–80,000"
V05560,Hatchback,4,31479,101,2748,39,17.6,12.12,31,76,Worn,Medium,7,No,80,"80,001+"
V05561,Hatchback,2,76441,93,2963,43,15.8,11.77,39,101,Critical,Low,6,No,80,"80,001+"
V05562,Hatchback,9,25800,109,2822,44,17.1,11.16,33,61,Moderate,Low,2,No,80,"80,001+"
V05563,Truck,4,47699,108,1992,39,6.6,12.57,37,45,Critical,High,2,Yes,40,"25,001–50,000"
V05564,Sedan,3,83486,86,2358,48,12.0,12.88,45,49,Worn,High,10,Yes,70,"50,001–80,000"
V05565,Hatchback,2,58456,95,2893,37,14.5,12.47,36,98,Critical,Medium,2,Yes,80,"80,001+"
V05566,Hatchback,13,99134,99,2570,38,16.8,11.19,45,45,Moderate,Low,1,Yes,90,"80,001+"
V05567,Hatchback,5,172735,95,2868,25,11.0,11.95,43,85,Worn,High,1,Yes,60,"50,001–80,000"
V05568,Sedan,6,181301,101,2097,30,13.4,12.79,38,96,Moderate,Medium,1,Yes,80,"80,001+"
V05569,SUV,9,197222,90,1962,35,18.0,12.74,43,92,Moderate,High,6,No,80,"80,001+"
V05570,Hatchback,3,158205,98,2391,22,15.9,12.77,36,99,Critical,Medium,11,No,50,"25,001–50,000"
V05571,Hatchback,6,139358,95,1763,36,14.8,11.9,39,64,Critical,Medium,8,Yes,80,"80,001+"
V05572,Truck,9,28035,96,1844,26,11.4,11.51,39,51,Good,High,7,No,60,"50,001–80,000"
V05573,SUV,4,139234,96,2464,32,7.6,11.09,45,68,Critical,Low,2,No,80,"80,001+"
V05574,Truck,2,164829,87,2058,41,15.7,12.37,44,109,Worn,Low,9,Yes,90,"80,001+"
V05575,Truck,13,106546,99,1708,31,6.5,11.6,37,110,Good,High,8,Yes,70,"50,001–80,000"
V05576,SUV,10,16351,95,2499,27,18.7,12.75,32,55,Good,Low,8,Yes,80,"80,001+"
V05577,SUV,14,86239,85,2412,50,16.0,11.84,41,89,Worn,Low,5,Yes,90,"80,001+"
V05578,Sedan,1,188090,91,1946,34,19.7,12.07,35,87,Critical,High,7,No,60,"50,001–80,000"
V05579,SUV,9,188647,88,2087,24,13.6,11.59,36,86,Good,High,6,No,60,"50,001–80,000"
V05580,Truck,6,12124,87,2087,26,11.8,11.4,31,109,Good,Medium,3,Yes,80,"80,001+"
V05581,Hatchback,10,179402,88,2560,39,9.8,12.52,37,87,Good,High,6,No,80,"80,001+"
V05582,Hatchback,14,141479,88,2894,37,7.4,11.8,38,73,Moderate,Low,2,Yes,90,"80,001+"
V05583,SUV,1,116489,103,2537,23,13.9,12.33,36,80,Critical,Medium,4,Yes,40,"25,001–50,000"
V05584,SUV,13,91443,107,2945,45,15.0,11.63,35,44,Worn,Medium,1,No,70,"50,001–80,000"
V05585,Truck,2,66899,98,2517,49,11.1,12.22,37,71,Critical,Low,5,No,80,"80,001+"
V05586,Hatchback,3,62396,87,2845,38,5.7,11.98,41,82,Worn,Low,3,No,100,"80,001+"
V05587,Sedan,6,7607,108,1604,23,14.9,11.67,44,109,Worn,Low,11,No,50,"25,001–50,000"
V05588,Sedan,11,176311,101,2304,29,9.1,12.56,39,44,Good,Medium,7,Yes,50,"25,001–50,000"
V05589,Hatchback,8,186564,109,2137,28,6.4,11.04,39,69,Moderate,Low,11,No,50,"25,001–50,000"
V05590,Hatchback,14,84168,94,1503,30,10.9,11.66,44,85,Critical,Low,3,Yes,70,"50,001–80,000"
V05591,Truck,9,122933,104,2111,29,11.7,11.58,38,71,Critical,High,5,Yes,20,"10,001–25,000"
V05592,Truck,3,198500,104,2145,30,13.8,12.08,38,51,Worn,Low,12,No,70,"50,001–80,000"
V05593,Truck,4,107006,92,2098,25,9.6,11.24,41,77,Critical,Medium,7,No,60,"50,001–80,000"
V05594,Sedan,13,54283,104,2619,37,10.9,11.42,43,78,Good,Low,3,Yes,70,"50,001–80,000"
V05595,Truck,14,96826,97,1832,22,12.8,11.63,35,34,Worn,High,7,Yes,50,"25,001–50,000"
V05596,Sedan,7,14406,88,1626,20,16.1,12.85,35,97,Critical,High,1,No,40,"25,001–50,000"
V05597,Hatchback,15,8608,98,1926,38,5.8,12.59,30,105,Good,Low,9,No,80,"80,001+"
V05598,Truck,7,107933,92,2432,47,8.3,12.44,35,87,Moderate,Medium,10,Yes,90,"80,001+"
V05599,SUV,12,169540,93,2425,28,16.3,12.42,39,72,Critical,Low,8,No,50,"25,001–50,000"
V05600,Hatchback,13,101327,92,1504,39,13.4,12.46,45,57,Good,Low,8,Yes,90,"80,001+"
V05601,SUV,6,113088,88,1942,32,19.6,12.12,41,72,Good,Low,5,Yes,100,"80,001+"
V05602,SUV,11,125420,104,2079,30,6.9,11.58,33,55,Critical,Medium,3,No,50,"25,001–50,000"
V05603,Hatchback,3,13187,100,2770,46,7.5,11.32,38,37,Critical,High,7,No,60,"50,001–80,000"
V05604,Truck,2,96046,107,1779,33,13.1,11.52,45,79,Good,Low,1,Yes,80,"80,001+"
V05605,SUV,7,123052,108,1960,30,14.0,12.27,36,101,Worn,Low,4,Yes,80,"80,001+"
V05606,Truck,2,68332,98,2518,47,10.9,12.84,45,91,Good,High,3,Yes,80,"80,001+"
V05607,SUV,15,58927,86,2505,40,16.9,11.57,40,30,Worn,Low,4,Yes,90,"80,001+"
V05608,Hatchback,3,114864,104,2572,44,8.5,11.5,33,77,Critical,Medium,8,Yes,60,"50,001–80,000"
V05609,Hatchback,5,151435,100,2987,42,10.8,11.68,44,45,Good,High,3,No,80,"80,001+"
V05610,SUV,6,80942,108,2746,44,7.3,12.31,44,31,Good,Medium,4,Yes,80,"80,001+"
V05611,Hatchback,14,87145,106,2562,43,10.2,11.9,38,66,Worn,Low,3,Yes,70,"50,001–80,000"
V05612,Truck,12,66361,102,2416,43,13.6,12.02,31,106,Good,Medium,12,Yes,60,"50,001–80,000"
V05613,SUV,5,73640,103,2121,30,18.0,12.77,30,66,Good,Medium,1,Yes,80,"80,001+"
V05614,SUV,11,41738,98,2008,40,11.0,12.63,32,47,Moderate,Medium,3,Yes,90,"80,001+"
V05615,Truck,11,132991,85,2814,42,13.1,12.22,30,78,Critical,Medium,10,Yes,60,"50,001–80,000"
V05616,Truck,5,60715,104,2988,36,19.1,12.44,44,47,Worn,Low,7,No,80,"80,001+"
V05617,Sedan,10,68176,105,2333,27,9.7,12.78,38,109,Worn,Medium,1,No,60,"50,001–80,000"
V05618,Hatchback,4,199956,94,1633,30,7.1,11.64,35,80,Critical,Medium,3,No,80,"80,001+"
V05619,Hatchback,3,30990,85,1858,30,19.6,11.67,35,59,Good,High,3,Yes,80,"80,001+"
V05620,Hatchback,10,20105,90,2663,31,9.2,11.0,40,58,Worn,High,6,No,80,"80,001+"
V05621,Truck,10,195544,95,2300,20,8.3,11.54,36,70,Critical,Low,9,Yes,50,"25,001–50,000"
V05622,Truck,2,37336,91,2614,24,7.5,11.99,37,99,Good,High,2,Yes,60,"50,001–80,000"
V05623,Hatchback,7,165381,85,2269,37,10.7,12.27,45,77,Moderate,Low,12,No,90,"80,001+"
V05624,Truck,5,97228,90,2763,30,13.8,11.27,38,99,Good,Low,3,Yes,100,"80,001+"
V05625,Hatchback,15,167871,100,2538,21,18.6,11.62,43,96,Critical,Medium,3,Yes,50,"25,001–50,000"
V05626,Hatchback,5,9659,96,1652,34,7.0,12.0,37,49,Moderate,High,7,No,80,"80,001+"
V05627,Truck,1,59933,85,2628,37,11.8,11.37,33,76,Worn,Low,10,No,90,"80,001+"
V05628,Hatchback,6,70626,92,2601,34,8.1,11.27,34,106,Worn,Low,1,Yes,100,"80,001+"
V05629,Hatchback,12,66561,97,2529,43,10.4,12.71,36,92,Moderate,High,2,Yes,70,"50,001–80,000"
V05630,SUV,3,190569,88,2183,31,16.1,12.43,34,46,Critical,Medium,6,Yes,80,"80,001+"
V05631,Sedan,9,33528,92,2621,28,19.0,11.38,30,35,Moderate,Low,9,Yes,70,"50,001–80,000"
V05632,SUV,2,30442,99,2038,41,17.9,12.72,38,35,Good,Medium,2,Yes,100,"80,001+"
V05633,SUV,1,26717,85,1742,33,14.4,12.25,31,100,Worn,High,10,Yes,70,"50,001–80,000"
V05634,Sedan,6,14298,97,2824,44,5.7,11.56,45,53,Good,High,9,No,70,"50,001–80,000"
V05635,Sedan,8,181874,92,1919,37,14.4,12.78,39,37,Worn,High,4,No,80,"80,001+"
V05636,Truck,2,172116,102,2348,42,18.7,12.6,45,63,Moderate,High,2,Yes,60,"50,001–80,000"
V05637,Sedan,5,36717,101,2846,39,6.6,12.91,30,105,Good,Medium,1,Yes,80,"80,001+"
V05638,Sedan,13,95814,90,2854,40,19.5,12.28,43,69,Critical,High,3,Yes,50,"25,001–50,000"
V05639,Sedan,8,8558,110,2162,25,17.1,11.26,41,93,Critical,Medium,9,No,30,"10,001–25,000"
V05640,SUV,4,37345,100,2914,31,15.5,12.56,31,90,Moderate,Low,6,Yes,100,"80,001+"
V05641,Sedan,12,143362,97,1826,30,9.5,11.86,43,32,Worn,Medium,11,Yes,80,"80,001+"
V05642,Truck,10,135354,94,1615,26,5.8,11.64,36,47,Good,Medium,2,No,80,"80,001+"
V05643,SUV,8,170671,106,1993,49,9.5,12.11,32,38,Critical,Medium,10,No,50,"25,001–50,000"
V05644,SUV,13,43304,106,1565,31,5.6,12.71,45,37,Good,High,6,No,50,"25,001–50,000"
V05645,SUV,14,55242,90,2873,36,9.1,11.48,43,55,Critical,High,9,No,40,"25,001–50,000"
V05646,Truck,15,122539,93,2384,30,16.6,11.04,44,37,Worn,Medium,12,No,80,"80,001+"
V05647,Hatchback,10,130354,85,2934,34,19.6,12.56,32,35,Worn,Medium,8,No,100,"80,001+"
V05648,Truck,1,191948,110,1984,33,19.2,11.27,32,96,Worn,Medium,11,Yes,70,"50,001–80,000"
V05649,SUV,4,176819,103,2800,41,15.7,11.1,30,64,Worn,High,10,Yes,50,"25,001–50,000"
V05650,SUV,3,124737,107,2217,42,13.5,12.0,42,105,Moderate,Medium,4,No,80,"80,001+"
V05651,SUV,12,64551,103,2455,32,7.7,12.87,36,49,Moderate,Low,9,No,60,"50,001–80,000"
V05652,Sedan,11,163731,87,2289,28,9.4,11.67,34,76,Moderate,High,7,No,50,"25,001–50,000"
V05653,SUV,1,151607,93,2862,40,11.0,11.47,42,43,Worn,High,4,Yes,80,"80,001+"
V05654,Sedan,10,8195,99,2469,42,18.2,12.58,45,31,Critical,Medium,7,Yes,80,"80,001+"
V05655,Truck,1,194260,87,1954,34,18.5,12.87,36,59,Worn,High,10,Yes,70,"50,001–80,000"
V05656,SUV,8,76287,108,1737,30,5.1,12.74,45,43,Moderate,Low,10,No,70,"50,001–80,000"
V05657,Truck,8,105336,106,1785,23,15.8,11.13,36,68,Good,High,11,Yes,30,"10,001–25,000"
V05658,Sedan,4,131571,96,2269,22,12.0,11.74,36,90,Critical,High,2,No,40,"25,001–50,000"
V05659,Sedan,7,86779,91,1656,23,15.5,11.8,44,33,Critical,Medium,4,Yes,60,"50,001–80,000"
V05660,Sedan,8,44881,106,2677,26,8.4,11.28,32,86,Critical,Low,2,Yes,40,"25,001–50,000"
V05661,Sedan,10,54057,89,1611,47,9.3,11.19,44,87,Critical,Medium,4,Yes,80,"80,001+"
V05662,Hatchback,11,154373,88,1774,37,13.5,12.8,33,94,Worn,Low,10,Yes,80,"80,001+"
V05663,Hatchback,8,157895,94,2141,34,17.8,11.69,34,50,Good,Medium,9,Yes,90,"80,001+"
V05664,Sedan,15,152609,102,1643,50,16.1,12.73,35,80,Critical,High,9,No,20,"10,001–25,000"
V05665,Sedan,6,197898,104,2765,28,14.9,11.6,42,106,Moderate,Low,2,No,60,"50,001–80,000"
V05666,Sedan,12,7449,93,2572,48,15.2,12.78,32,110,Critical,Medium,4,Yes,70,"50,001–80,000"
V05667,SUV,1,158835,107,1526,45,16.1,12.5,40,69,Worn,Medium,5,No,80,"80,001+"
V05668,SUV,11,123465,91,2115,42,10.5,11.78,41,52,Moderate,High,1,No,70,"50,001–80,000"
V05669,Sedan,8,12157,85,2277,22,6.7,12.55,36,97,Moderate,Low,8,Yes,80,"80,001+"
V05670,Truck,5,133102,85,2585,24,20.0,12.15,43,45,Critical,Low,3,No,60,"50,001–80,000"
V05671,Hatchback,12,123808,88,2362,30,18.9,11.84,44,43,Worn,High,8,Yes,70,"50,001–80,000"
V05672,Truck,12,67848,94,2636,40,10.7,12.64,32,51,Good,Low,1,No,90,"80,001+"
V05673,Sedan,14,26255,92,1863,20,18.3,11.14,42,105,Moderate,Medium,2,No,70,"50,001–80,000"
V05674,SUV,1,138815,88,2286,24,13.5,11.36,36,82,Worn,Medium,1,Yes,80,"80,001+"
V05675,SUV,2,96467,110,1828,25,18.9,11.81,36,70,Worn,High,10,No,30,"10,001–25,000"
V05676,Sedan,7,189349,92,2001,24,7.7,11.79,40,96,Worn,Low,12,No,70,"50,001–80,000"
V05677,SUV,14,78648,100,1808,36,14.7,12.73,35,79,Critical,Medium,7,Yes,70,"50,001–80,000"
V05678,Truck,10,86464,105,2878,48,19.1,12.22,44,92,Critical,High,10,Yes,30,"10,001–25,000"
V05679,Truck,12,72160,105,2638,40,12.7,12.01,31,30,Critical,High,4,No,30,"10,001–25,000"
V05680,Truck,12,16255,97,2183,29,5.4,11.01,45,40,Worn,Low,12,Yes,60,"50,001–80,000"
V05681,SUV,11,93664,92,2127,38,15.6,11.34,31,41,Good,Low,6,No,90,"80,001+"
V05682,Truck,5,100740,96,2002,36,15.5,12.36,38,105,Critical,Low,7,Yes,80,"80,001+"
V05683,Sedan,11,110781,105,1748,33,15.4,11.66,40,33,Worn,Medium,9,No,60,"50,001–80,000"
V05684,Truck,11,100152,92,1729,28,15.6,12.29,41,69,Critical,Medium,6,Yes,50,"25,001–50,000"
V05685,Sedan,13,190823,95,2699,29,16.1,11.07,33,99,Critical,Medium,12,No,40,"25,001–50,000"
V05686,SUV,8,136623,101,1689,31,15.5,12.55,44,39,Worn,High,6,Yes,60,"50,001–80,000"
V05687,Truck,11,178291,109,1878,31,18.2,12.89,40,102,Moderate,High,9,No,40,"25,001–50,000"
V05688,SUV,2,76395,85,2514,34,14.9,12.6,36,108,Worn,Low,5,No,100,"80,001+"
V05689,Sedan,15,178728,91,2823,45,8.0,11.98,32,86,Critical,Low,12,Yes,60,"50,001–80,000"
V05690,SUV,3,103276,101,1693,46,9.0,12.81,40,107,Critical,High,8,No,40,"25,001–50,000"
V05691,Hatchback,2,166172,93,2268,46,18.0,12.15,32,105,Critical,Medium,3,Yes,80,"80,001+"
V05692,Sedan,9,170521,94,2735,40,7.2,11.3,40,31,Good,Medium,5,Yes,100,"80,001+"
V05693,Sedan,10,26463,109,2211,22,8.9,11.88,44,37,Worn,High,4,Yes,40,"25,001–50,000"
V05694,Truck,3,128757,95,2629,30,10.6,11.84,39,82,Good,High,5,No,80,"80,001+"
V05695,Truck,9,56285,103,2155,38,14.2,11.15,34,67,Worn,Low,5,No,80,"80,001+"
V05696,Hatchback,3,9905,86,2893,41,14.4,12.9,36,31,Moderate,Medium,11,No,90,"80,001+"
V05697,SUV,5,173832,98,1932,46,15.3,11.57,40,92,Critical,High,4,No,60,"50,001–80,000"
V05698,Hatchback,9,92006,104,1977,26,19.2,11.03,43,48,Moderate,Low,7,Yes,60,"50,001–80,000"
V05699,Truck,12,194714,107,2981,30,14.1,11.98,31,63,Good,Low,10,No,60,"50,001–80,000"
V05700,SUV,9,106020,110,2843,48,11.9,12.89,31,34,Worn,Low,8,No,80,"80,001+"
V05701,Sedan,12,112307,107,2742,45,8.9,12.23,45,50,Critical,Low,5,No,50,"25,001–50,000"
V05702,Hatchback,7,26414,95,2789,42,18.4,11.0,42,54,Critical,Medium,2,No,80,"80,001+"
V05703,Hatchback,1,75431,107,2686,36,11.0,12.03,39,48,Good,High,11,Yes,50,"25,001–50,000"
V05704,SUV,9,139435,97,2699,35,13.6,12.04,37,92,Critical,Medium,3,Yes,80,"80,001+"
V05705,SUV,11,132166,87,2787,44,10.0,11.44,45,90,Good,Low,3,No,90,"80,001+"
V05706,Sedan,1,21513,100,2419,28,17.8,12.78,36,105,Good,High,4,Yes,60,"50,001–80,000"
V05707,Truck,6,192249,102,2292,43,16.1,11.13,45,100,Moderate,Medium,8,No,80,"80,001+"
V05708,SUV,12,120589,89,2053,34,10.7,11.67,42,65,Moderate,Medium,3,No,90,"80,001+"
V05709,Sedan,15,48020,88,2603,46,10.4,12.31,41,101,Worn,Low,9,No,80,"80,001+"
V05710,Truck,9,41595,86,2609,20,16.5,11.47,31,70,Worn,Medium,12,Yes,70,"50,001–80,000"
V05711,SUV,6,49775,86,2548,47,19.5,11.66,44,42,Worn,High,9,No,70,"50,001–80,000"
V05712,Sedan,4,23515,90,2508,45,16.4,11.52,40,43,Worn,Medium,7,No,100,"80,001+"
V05713,Sedan,1,154069,94,2071,45,7.5,12.31,32,110,Worn,Low,4,Yes,100,"80,001+"
V05714,Hatchback,15,79346,105,1615,20,13.8,12.51,45,48,Worn,Low,5,No,50,"25,001–50,000"
V05715,SUV,2,23140,103,2733,49,17.1,11.19,30,98,Moderate,Medium,4,Yes,80,"80,001+"
V05716,SUV,1,72847,88,2590,39,12.4,12.4,39,95,Good,High,2,Yes,80,"80,001+"
V05717,Sedan,11,103483,102,2384,46,8.6,12.61,33,100,Critical,Medium,5,No,50,"25,001–50,000"
V05718,Sedan,12,131425,86,2665,48,18.0,11.66,30,50,Worn,High,6,No,70,"50,001–80,000"
V05719,Sedan,1,85658,100,2246,45,19.9,11.18,45,99,Moderate,High,7,No,80,"80,001+"
V05720,Hatchback,13,98003,97,2609,23,7.3,12.1,34,61,Moderate,Low,12,No,60,"50,001–80,000"
V05721,Sedan,1,65035,101,2819,43,12.6,11.89,36,78,Critical,High,7,Yes,40,"25,001–50,000"
V05722,Hatchback,3,184949,94,2739,45,12.5,11.23,31,75,Critical,Low,5,No,80,"80,001+"
V05723,SUV,8,173845,110,2798,40,13.0,11.02,44,30,Good,Low,8,No,80,"80,001+"
V05724,SUV,13,84117,91,1604,28,11.4,12.21,33,88,Critical,Medium,12,Yes,40,"25,001–50,000"
V05725,SUV,12,191525,109,2655,29,18.4,11.81,43,73,Good,Low,8,Yes,50,"25,001–50,000"
V05726,Sedan,14,109654,110,2005,26,19.7,12.98,39,50,Good,High,10,No,20,"10,001–25,000"
V05727,Hatchback,15,174772,99,2353,40,14.4,11.82,32,85,Worn,Low,10,No,80,"80,001+"
V05728,SUV,6,154259,95,2478,49,10.6,11.3,32,59,Critical,Medium,5,Yes,80,"80,001+"
V05729,Sedan,2,151634,98,1861,41,16.1,12.03,40,83,Critical,Medium,8,No,80,"80,001+"
V05730,Truck,2,150748,110,1890,45,7.9,12.26,42,81,Good,High,11,Yes,50,"25,001–50,000"
V05731,Sedan,2,186540,89,2734,38,16.7,11.02,42,79,Worn,Low,9,No,90,"80,001+"
V05732,Hatchback,13,106084,91,1634,30,7.6,12.26,43,88,Worn,Medium,3,Yes,90,"80,001+"
V05733,Sedan,8,109571,87,2207,50,12.1,12.77,37,72,Moderate,High,6,Yes,80,"80,001+"
V05734,Sedan,1,61889,101,2444,50,15.8,11.22,43,75,Moderate,Medium,11,No,70,"50,001–80,000"
V05735,SUV,11,36188,91,2804,43,16.8,12.41,40,50,Critical,High,12,No,40,"25,001–50,000"
V05736,Truck,9,199150,90,2493,33,8.3,11.35,31,73,Worn,Low,11,Yes,90,"80,001+"
V05737,Hatchback,10,15128,107,1725,32,9.0,11.07,34,101,Critical,Medium,6,No,60,"50,001–80,000"
V05738,Sedan,5,171711,89,2119,24,15.8,12.05,42,34,Good,Medium,5,No,80,"80,001+"
V05739,Truck,7,168760,106,2494,36,19.2,11.1,31,44,Good,Low,3,Yes,80,"80,001+"
V05740,Hatchback,15,48442,86,2362,23,18.1,12.84,30,45,Good,Low,4,Yes,70,"50,001–80,000"
V05741,Hatchback,12,107618,105,2724,34,6.7,11.17,43,100,Moderate,Medium,4,Yes,70,"50,001–80,000"
V05742,Hatchback,3,118313,97,2846,31,16.8,11.02,36,82,Good,Medium,5,Yes,100,"80,001+"
V05743,Hatchback,3,102285,88,2325,27,14.6,11.11,34,74,Critical,Low,1,Yes,60,"50,001–80,000"
V05744,Hatchback,10,79827,88,1755,23,11.0,11.62,40,74,Good,Low,4,No,80,"80,001+"
V05745,Hatchback,14,185649,93,2192,40,11.2,11.07,44,56,Good,High,11,No,60,"50,001–80,000"
V05746,Sedan,8,109082,91,2321,22,20.0,12.42,35,35,Worn,Low,6,Yes,80,"80,001+"
V05747,Truck,14,166442,100,2641,45,15.4,11.95,37,88,Good,Medium,1,Yes,90,"80,001+"
V05748,Truck,9,186724,109,2722,36,18.7,11.33,36,48,Good,High,5,No,60,"50,001–80,000"
V05749,Truck,1,18203,103,2644,21,19.9,11.42,42,94,Moderate,Medium,1,Yes,60,"50,001–80,000"
V05750,SUV,5,169027,104,2091,22,15.0,11.43,45,110,Moderate,Low,3,Yes,60,"50,001–80,000"
V05751,Truck,2,54063,102,2192,22,8.5,12.39,37,63,Worn,Medium,12,Yes,50,"25,001–50,000"
V05752,Hatchback,5,197104,92,2799,38,14.3,12.96,42,45,Good,Medium,5,No,100,"80,001+"
V05753,SUV,10,197963,106,1519,30,19.3,12.43,32,52,Worn,High,2,Yes,60,"50,001–80,000"
V05754,Truck,3,99335,99,2600,29,7.8,12.21,33,94,Worn,Low,4,No,80,"80,001+"
V05755,Truck,2,94842,99,2041,25,14.2,11.3,36,101,Moderate,Low,3,Yes,80,"80,001+"
V05756,Sedan,2,25353,106,2789,50,11.7,12.74,40,91,Critical,Low,11,Yes,50,"25,001–50,000"
V05757,SUV,14,44016,95,2278,32,17.3,12.31,34,82,Critical,Low,10,Yes,60,"50,001–80,000"
V05758,Truck,4,184738,97,2594,30,14.5,12.47,44,97,Worn,Medium,9,Yes,90,"80,001+"
V05759,Hatchback,12,165170,89,2838,37,16.8,11.38,41,84,Moderate,Low,6,No,90,"80,001+"
V05760,Truck,14,15024,101,1708,21,8.8,11.95,45,45,Worn,High,10,No,20,"10,001–25,000"
V05761,Hatchback,10,185657,101,2456,32,11.5,12.62,36,82,Worn,High,5,Yes,60,"50,001–80,000"
V05762,Truck,1,119028,88,1866,44,9.9,12.26,35,104,Critical,Low,9,No,70,"50,001–80,000"
V05763,SUV,10,111199,100,1532,30,19.5,11.26,30,81,Critical,Low,2,Yes,80,"80,001+"
V05764,Sedan,2,139913,99,2418,28,8.2,12.78,34,65,Good,High,5,Yes,60,"50,001–80,000"
V05765,Sedan,5,152506,98,2532,31,6.4,11.74,33,98,Good,High,2,No,80,"80,001+"
V05766,Sedan,7,85649,91,2111,41,11.5,12.1,31,94,Worn,Low,9,No,90,"80,001+"
V05767,Truck,6,109848,91,1998,28,13.2,11.5,40,52,Worn,Low,2,No,80,"80,001+"
V05768,Sedan,11,180275,109,2406,38,9.3,12.24,30,82,Critical,Low,9,Yes,40,"25,001–50,000"
V05769,Sedan,5,31603,89,2010,34,15.1,12.3,34,71,Moderate,Low,11,No,90,"80,001+"
V05770,Hatchback,3,165648,102,2717,41,7.5,11.72,39,55,Worn,Low,7,No,80,"80,001+"
V05771,Truck,1,127194,90,1662,50,16.9,12.61,32,95,Critical,Low,2,No,80,"80,001+"
V05772,Truck,15,10975,89,2648,43,19.7,12.13,30,77,Worn,High,2,No,70,"50,001–80,000"
V05773,Hatchback,15,100028,95,1853,24,10.9,12.9,42,39,Good,Medium,10,No,60,"50,001–80,000"
V05774,Hatchback,14,193656,102,2272,24,7.0,12.34,40,93,Good,High,1,Yes,30,"10,001–25,000"
V05775,Sedan,3,141173,92,2709,36,8.2,12.27,37,101,Worn,Low,9,Yes,90,"80,001+"
V05776,Sedan,8,59737,109,2627,45,18.5,11.61,30,60,Worn,High,8,Yes,60,"50,001–80,000"
V05777,SUV,2,91991,101,1829,50,9.7,11.39,34,104,Good,High,3,Yes,60,"50,001–80,000"
V05778,Hatchback,12,106391,85,1937,31,18.1,11.23,42,47,Critical,Medium,2,No,70,"50,001–80,000"
V05779,Sedan,2,12652,99,2168,27,8.5,12.93,38,58,Moderate,High,8,Yes,60,"50,001–80,000"
V05780,Truck,9,11777,97,2453,42,14.4,12.93,41,76,Critical,Low,3,No,80,"80,001+"
V05781,Truck,6,176578,91,2580,45,7.5,11.5,31,88,Good,Low,10,Yes,90,"80,001+"
V05782,Hatchback,8,40121,108,2012,33,19.6,11.67,41,50,Moderate,High,10,Yes,50,"25,001–50,000"
V05783,Sedan,5,184918,90,1623,39,10.6,11.38,35,80,Critical,Medium,10,Yes,70,"50,001–80,000"
V05784,Hatchback,15,199111,93,1534,35,8.9,11.97,40,60,Worn,High,11,No,60,"50,001–80,000"
V05785,Sedan,1,136342,99,2047,46,7.2,11.15,42,66,Critical,Low,3,No,80,"80,001+"
V05786,Truck,4,31328,110,1819,35,10.2,11.87,32,78,Moderate,Low,11,No,70,"50,001–80,000"
V05787,Sedan,2,90407,93,2660,21,7.6,12.04,39,31,Moderate,Low,1,No,80,"80,001+"
V05788,SUV,8,133381,87,2122,42,12.5,11.72,36,35,Critical,Medium,9,Yes,70,"50,001–80,000"
V05789,Sedan,7,173286,89,2946,47,7.9,11.4,44,38,Worn,Low,5,Yes,100,"80,001+"
V05790,SUV,6,100984,105,1814,49,19.6,11.21,44,41,Good,Low,3,No,80,"80,001+"
V05791,Truck,6,168105,109,1630,38,11.2,11.99,33,110,Worn,Low,7,No,80,"80,001+"
V05792,SUV,10,11929,104,1529,31,19.6,12.76,39,41,Moderate,High,5,No,60,"50,001–80,000"
V05793,Sedan,10,145742,96,2297,48,19.6,11.69,32,73,Good,High,10,Yes,70,"50,001–80,000"
V05794,SUV,5,80456,85,1902,28,11.6,12.02,42,56,Good,Medium,4,No,80,"80,001+"
V05795,Truck,10,105815,90,1992,33,11.8,12.21,37,68,Good,Medium,12,Yes,90,"80,001+"
V05796,Truck,2,131702,106,2423,40,7.6,12.59,44,92,Moderate,Low,7,Yes,80,"80,001+"
V05797,Truck,13,103304,106,2130,26,5.5,11.23,37,31,Critical,High,6,No,10,"0–10,000"
V05798,SUV,5,114160,89,2240,44,19.8,12.37,41,33,Good,Medium,12,Yes,90,"80,001+"
V05799,Truck,13,167364,88,1713,36,16.8,11.73,42,55,Moderate,Medium,4,No,90,"80,001+"
V05800,Hatchback,8,143542,91,2648,45,7.9,12.96,44,80,Good,High,5,Yes,80,"80,001+"
V05801,Hatchback,2,116812,97,1529,22,17.8,11.63,36,37,Moderate,High,9,No,50,"25,001–50,000"
V05802,SUV,4,112271,91,2317,28,5.3,12.39,37,69,Moderate,Medium,3,Yes,80,"80,001+"
V05803,Hatchback,7,55548,89,2580,39,19.0,11.7,38,37,Worn,Low,11,No,90,"80,001+"
V05804,SUV,8,117923,97,1867,40,10.0,11.27,45,101,Good,Medium,1,No,100,"80,001+"
V05805,Truck,5,34827,96,2806,49,7.2,12.65,37,78,Good,Medium,3,Yes,100,"80,001+"
V05806,Truck,6,77935,88,1587,42,18.1,11.67,38,104,Worn,Low,10,No,90,"80,001+"
V05807,SUV,9,175178,105,2206,22,12.4,11.88,31,66,Moderate,Medium,10,Yes,50,"25,001–50,000"
V05808,Sedan,6,192203,105,1766,39,16.2,12.61,45,43,Critical,High,8,Yes,40,"25,001–50,000"
V05809,SUV,8,157290,106,1503,28,12.9,11.13,32,71,Worn,High,3,Yes,40,"25,001–50,000"
V05810,SUV,12,149325,97,2361,43,17.8,12.79,38,78,Worn,Medium,4,Yes,90,"80,001+"
V05811,Hatchback,7,90145,101,2185,45,13.5,12.96,30,100,Good,Medium,8,Yes,80,"80,001+"
V05812,Sedan,13,63435,95,2254,28,6.4,12.06,34,95,Worn,Low,10,Yes,60,"50,001–80,000"
V05813,Hatchback,5,97494,89,2451,29,7.1,11.6,30,110,Moderate,Medium,10,No,70,"50,001–80,000"
V05814,SUV,4,173645,109,2155,37,6.8,11.96,42,67,Moderate,High,9,Yes,50,"25,001–50,000"
V05815,Hatchback,1,130283,92,2984,32,9.8,12.21,30,52,Good,High,2,No,80,"80,001+"
V05816,SUV,13,62766,101,1552,30,7.4,12.61,35,64,Good,High,6,Yes,50,"25,001–50,000"
V05817,Hatchback,14,155095,89,2810,23,19.6,11.78,35,31,Worn,Medium,4,Yes,70,"50,001–80,000"
V05818,Hatchback,1,158374,103,1936,47,7.7,11.76,36,88,Good,High,4,Yes,60,"50,001–80,000"
V05819,Hatchback,14,159816,89,2142,49,17.1,12.03,35,93,Good,Low,7,Yes,90,"80,001+"
V05820,Sedan,14,79173,90,2649,30,5.3,11.23,32,40,Good,High,3,No,70,"50,001–80,000"
V05821,Sedan,4,102565,107,1973,28,8.2,12.68,45,94,Worn,Medium,8,No,60,"50,001–80,000"
V05822,Hatchback,4,42424,94,1530,43,5.9,11.06,37,68,Critical,Low,8,No,80,"80,001+"
V05823,Hatchback,4,104030,104,2743,46,14.0,12.72,43,30,Worn,Low,2,Yes,80,"80,001+"
V05824,SUV,15,133420,105,2919,23,13.6,11.09,30,74,Critical,Low,2,Yes,30,"10,001–25,000"
V05825,Truck,8,18719,88,2899,23,12.5,11.58,39,99,Critical,Low,4,Yes,60,"50,001–80,000"
V05826,Sedan,11,136263,102,2214,24,10.9,11.82,42,59,Critical,High,5,No,10,"0–10,000"
V05827,Sedan,7,55166,85,2282,35,12.1,11.8,40,53,Moderate,Low,1,No,100,"80,001+"
V05828,Truck,13,121873,107,1946,36,11.9,11.77,31,84,Moderate,Low,11,No,60,"50,001–80,000"
V05829,Hatchback,5,176075,88,2532,43,16.6,11.26,43,45,Good,High,11,Yes,70,"50,001–80,000"
V05830,SUV,11,63210,89,2977,27,16.0,11.06,31,68,Critical,High,11,Yes,20,"10,001–25,000"
V05831,Truck,11,128486,94,2022,40,5.6,12.19,45,71,Critical,Low,4,No,70,"50,001–80,000"
V05832,Hatchback,7,48243,100,2232,29,18.4,12.02,38,82,Moderate,Low,6,Yes,80,"80,001+"
V05833,Sedan,14,127412,102,2558,48,11.5,11.52,40,69,Critical,Medium,10,Yes,40,"25,001–50,000"
V05834,Sedan,2,162435,101,2917,33,11.1,11.23,39,39,Critical,Medium,9,Yes,50,"25,001–50,000"
V05835,SUV,2,185478,95,2945,26,6.0,12.87,37,83,Critical,High,5,No,40,"25,001–50,000"
V05836,SUV,15,121131,91,2277,44,6.4,11.24,44,34,Critical,Low,4,No,70,"50,001–80,000"
V05837,SUV,13,56493,97,2670,20,6.7,11.38,37,110,Moderate,Medium,2,Yes,70,"50,001–80,000"
V05838,Truck,6,109201,102,1705,31,8.6,12.83,33,78,Good,High,11,Yes,50,"25,001–50,000"
V05839,Hatchback,6,145101,104,2540,39,11.2,12.57,45,30,Moderate,Medium,10,No,70,"50,001–80,000"
V05840,Sedan,1,125795,99,2143,46,17.0,12.72,43,83,Worn,High,7,Yes,80,"80,001+"
V05841,Truck,5,128273,102,1571,31,6.0,12.11,41,52,Moderate,Low,11,Yes,70,"50,001–80,000"
V05842,Hatchback,10,40967,94,2803,33,15.6,11.26,38,106,Critical,Medium,10,Yes,70,"50,001–80,000"
V05843,Truck,7,183895,100,2691,39,13.3,11.2,39,73,Worn,Low,11,Yes,90,"80,001+"
V05844,SUV,13,16021,90,1765,44,12.3,11.61,39,44,Moderate,High,7,Yes,70,"50,001–80,000"
V05845,SUV,8,112381,100,2971,23,15.9,12.13,42,47,Critical,Low,8,No,60,"50,001–80,000"
V05846,Hatchback,9,121879,107,1874,34,14.3,12.18,30,30,Good,Medium,12,No,70,"50,001–80,000"
V05847,Truck,2,37364,107,2661,30,5.1,11.65,33,80,Good,High,11,Yes,50,"25,001–50,000"
V05848,Sedan,10,5073,110,1552,25,9.0,11.6,40,59,Moderate,Medium,4,Yes,60,"50,001–80,000"
V05849,Hatchback,13,7388,92,2836,37,17.1,12.96,45,30,Worn,High,3,Yes,70,"50,001–80,000"
V05850,Truck,4,133506,86,2136,37,9.1,12.84,32,53,Good,High,9,Yes,70,"50,001–80,000"
V05851,Sedan,8,127278,87,1929,21,16.9,12.58,39,58,Good,High,4,No,60,"50,001–80,000"
V05852,Hatchback,13,133578,88,2140,40,13.9,12.32,30,66,Moderate,Medium,6,No,90,"80,001+"
V05853,Sedan,7,56514,100,1683,38,18.0,12.73,36,54,Good,Medium,8,No,100,"80,001+"
V05854,Truck,15,199343,94,2696,27,19.9,12.18,39,65,Good,Low,9,No,60,"50,001–80,000"
V05855,Truck,6,5128,85,2772,30,11.7,11.72,35,66,Worn,High,8,No,80,"80,001+"
V05856,Hatchback,14,10043,97,1712,45,18.7,11.4,41,109,Critical,High,10,No,40,"25,001–50,000"
V05857,Hatchback,2,94542,106,2367,34,19.9,11.49,38,50,Critical,Low,10,Yes,50,"25,001–50,000"
V05858,Sedan,6,137604,109,2755,43,17.8,11.62,31,65,Critical,Low,4,Yes,60,"50,001–80,000"
V05859,Sedan,9,147242,109,1763,45,10.2,12.8,32,90,Critical,Medium,1,No,60,"50,001–80,000"
V05860,Truck,9,50614,107,2826,25,17.4,11.98,30,60,Good,Medium,11,Yes,50,"25,001–50,000"
V05861,Truck,1,31864,105,2331,23,9.3,11.46,38,36,Moderate,Low,9,No,50,"25,001–50,000"
V05862,Truck,13,199352,94,1609,26,15.3,12.51,37,54,Moderate,Low,8,No,70,"50,001–80,000"
V05863,SUV,4,32570,85,2584,35,12.5,11.59,30,95,Critical,Medium,5,Yes,80,"80,001+"
V05864,Hatchback,14,107143,90,2510,35,5.6,11.21,36,51,Critical,High,1,Yes,50,"25,001–50,000"
V05865,SUV,15,9430,102,2168,38,17.2,12.68,34,80,Moderate,Medium,12,No,60,"50,001–80,000"
V05866,Truck,1,17857,93,2121,50,8.5,11.85,30,70,Good,Medium,6,No,100,"80,001+"
V05867,Truck,15,31717,107,2727,50,17.5,11.33,42,56,Critical,High,6,Yes,30,"10,001–25,000"
V05868,Truck,15,169783,99,1774,41,5.6,11.04,38,95,Critical,Medium,10,Yes,60,"50,001–80,000"
V05869,Sedan,6,113796,88,2693,29,7.6,11.27,31,38,Worn,Medium,2,Yes,80,"80,001+"
V05870,SUV,12,117992,105,2485,40,10.3,11.52,42,69,Worn,Low,9,Yes,60,"50,001–80,000"
V05871,Truck,10,118895,102,1703,30,19.0,11.31,31,89,Moderate,Low,8,No,80,"80,001+"
V05872,Truck,1,98323,99,2574,30,11.3,11.67,35,106,Good,High,11,No,70,"50,001–80,000"
V05873,Hatchback,14,184219,88,1962,47,15.5,12.18,43,36,Worn,High,3,No,70,"50,001–80,000"
V05874,SUV,7,17393,104,2440,26,6.8,12.19,37,79,Moderate,Medium,9,Yes,50,"25,001–50,000"
V05875,Truck,2,30561,94,2166,47,10.9,11.23,42,71,Moderate,Medium,6,Yes,100,"80,001+"
V05876,SUV,3,121875,87,2403,47,19.7,11.67,44,55,Critical,Low,6,No,80,"80,001+"
V05877,Sedan,6,44220,85,2299,35,9.1,12.65,43,46,Moderate,Medium,6,No,100,"80,001+"
V05878,Hatchback,4,119582,89,2499,33,18.9,12.9,34,36,Worn,Medium,10,No,90,"80,001+"
V05879,Sedan,12,32441,110,2699,41,8.3,12.69,32,65,Critical,High,2,No,30,"10,001–25,000"
V05880,Truck,7,72492,105,1590,49,15.2,12.34,42,46,Critical,Low,9,No,50,"25,001–50,000"
V05881,Truck,6,11570,92,2724,21,19.0,12.32,37,64,Critical,Medium,5,No,60,"50,001–80,000"
V05882,Sedan,3,141169,91,2147,30,15.4,12.36,44,95,Critical,High,3,No,60,"50,001–80,000"
V05883,Truck,14,87266,89,2255,41,12.9,12.18,45,107,Good,Low,4,No,90,"80,001+"
V05884,SUV,4,34503,105,2172,22,16.7,12.34,32,73,Moderate,Low,4,Yes,60,"50,001–80,000"
V05885,SUV,15,148992,96,1555,41,11.7,12.63,34,71,Worn,Medium,3,No,90,"80,001+"
V05886,Hatchback,5,130753,93,1567,40,11.1,11.84,42,80,Worn,Low,5,Yes,100,"80,001+"
V05887,SUV,2,116318,102,1704,25,19.0,11.71,32,56,Critical,Medium,2,Yes,40,"25,001–50,000"
V05888,SUV,2,103981,92,1769,21,10.0,11.47,45,90,Critical,Medium,8,Yes,60,"50,001–80,000"
V05889,Sedan,1,184559,97,2570,43,9.9,11.98,32,61,Good,Low,9,Yes,90,"80,001+"
V05890,Truck,9,93821,109,2293,44,13.7,12.66,41,87,Good,Low,8,Yes,80,"80,001+"
V05891,SUV,3,162476,97,1937,46,8.0,11.42,33,35,Critical,Medium,1,Yes,80,"80,001+"
V05892,Truck,7,172318,109,1842,38,7.8,11.47,41,36,Good,Low,10,No,70,"50,001–80,000"
V05893,SUV,15,153583,95,2177,21,15.3,11.61,30,102,Worn,Low,7,No,70,"50,001–80,000"
V05894,SUV,2,131336,95,1823,49,10.3,12.71,34,56,Moderate,Medium,6,Yes,100,"80,001+"
V05895,Hatchback,10,151557,110,2436,30,15.6,11.37,36,52,Critical,Low,6,Yes,60,"50,001–80,000"
V05896,Truck,6,71924,92,1651,33,8.1,12.59,38,64,Critical,High,5,Yes,60,"50,001–80,000"
V05897,SUV,10,182761,89,2799,29,6.0,12.51,36,60,Critical,Medium,7,No,60,"50,001–80,000"
V05898,Hatchback,14,69299,109,1612,22,5.6,11.21,42,106,Moderate,Medium,12,No,40,"25,001–50,000"
V05899,SUV,3,34902,90,1787,20,7.9,12.32,40,73,Critical,High,8,No,40,"25,001–50,000"
V05900,Sedan,7,122757,108,1968,31,16.3,11.94,41,61,Good,Low,9,No,70,"50,001–80,000"
V05901,Sedan,2,11056,99,2318,38,8.5,12.78,45,41,Moderate,Medium,4,Yes,100,"80,001+"
V05902,Truck,7,105786,109,2362,31,19.0,11.83,34,91,Moderate,High,12,No,50,"25,001–50,000"
V05903,Truck,3,48186,95,1679,46,7.8,11.47,40,97,Critical,Medium,7,No,80,"80,001+"
V05904,Hatchback,6,14498,85,2042,34,16.8,12.86,38,56,Worn,Medium,11,Yes,90,"80,001+"
V05905,Sedan,4,184119,104,2411,46,16.0,12.15,43,93,Critical,Medium,2,No,60,"50,001–80,000"
V05906,Truck,1,144942,92,2469,43,10.4,12.27,44,62,Critical,Medium,5,No,80,"80,001+"
V05907,SUV,8,181825,96,1957,48,7.5,11.53,37,33,Good,High,5,No,80,"80,001+"
V05908,Hatchback,10,32452,101,1568,38,8.5,12.47,35,56,Moderate,Medium,7,Yes,80,"80,001+"
V05909,Truck,1,150801,102,2472,34,9.1,11.21,39,57,Moderate,Low,3,Yes,80,"80,001+"
V05910,Sedan,1,48494,100,2228,32,17.1,12.82,31,89,Worn,Low,1,No,100,"80,001+"
V05911,Sedan,12,14936,91,2653,34,18.4,12.59,42,39,Good,High,6,No,70,"50,001–80,000"
V05912,Truck,5,191946,87,1674,48,10.6,11.24,40,62,Moderate,Medium,7,Yes,100,"80,001+"
V05913,Sedan,2,132019,88,2257,31,19.6,12.82,41,44,Worn,High,12,No,70,"50,001–80,000"
V05914,Sedan,13,48347,96,1858,40,16.5,11.18,34,55,Good,High,9,Yes,60,"50,001–80,000"
V05915,Hatchback,10,22893,90,2978,45,7.8,12.58,42,73,Worn,High,2,No,80,"80,001+"
V05916,Sedan,7,29820,98,1994,38,8.3,12.72,43,98,Worn,Medium,1,No,100,"80,001+"
V05917,Truck,2,79899,88,2839,29,12.0,11.49,40,83,Good,Medium,8,Yes,80,"80,001+"
V05918,Hatchback,4,21843,105,1579,23,19.1,12.18,35,89,Worn,Medium,4,Yes,60,"50,001–80,000"
V05919,Truck,14,5296,105,2387,22,11.5,12.78,39,70,Moderate,Medium,5,Yes,50,"25,001–50,000"
V05920,SUV,12,89841,99,2874,30,15.0,11.54,44,100,Worn,Medium,4,No,90,"80,001+"
V05921,Sedan,2,53590,101,2181,43,18.6,11.83,32,93,Worn,Medium,8,No,80,"80,001+"
V05922,Sedan,9,141849,85,2479,20,13.3,12.74,38,102,Critical,Low,4,No,60,"50,001–80,000"
V05923,Truck,3,103886,108,2959,39,7.8,12.53,35,35,Worn,Medium,12,No,70,"50,001–80,000"
V05924,Sedan,10,74733,94,1502,25,15.8,11.49,44,86,Moderate,High,3,No,60,"50,001–80,000"
V05925,Sedan,2,161964,103,1553,29,17.3,11.91,31,37,Critical,Medium,8,Yes,40,"25,001–50,000"
V05926,Truck,12,190329,102,2921,21,16.2,11.42,36,72,Worn,Medium,8,No,50,"25,001–50,000"
V05927,SUV,6,111351,110,2051,46,17.4,11.48,35,90,Worn,Low,1,No,80,"80,001+"
V05928,Truck,9,99398,88,1901,43,12.4,12.93,37,109,Worn,Low,1,Yes,100,"80,001+"
V05929,Hatchback,7,137895,109,2548,23,12.7,11.27,31,88,Critical,High,7,Yes,20,"10,001–25,000"
V05930,Hatchback,11,65463,99,1990,29,12.4,12.18,32,97,Moderate,High,12,Yes,40,"25,001–50,000"
V05931,Truck,1,151261,103,1904,28,8.6,11.77,31,105,Critical,Medium,2,Yes,40,"25,001–50,000"
V05932,SUV,14,56454,95,1612,38,9.5,12.6,39,93,Worn,High,10,Yes,60,"50,001–80,000"
V05933,SUV,12,55859,94,2858,39,12.4,12.73,44,69,Moderate,Low,12,No,80,"80,001+"
V05934,Truck,9,180642,88,2471,21,19.3,11.96,31,98,Worn,Low,3,Yes,80,"80,001+"
V05935,Hatchback,14,164684,86,1912,45,17.3,12.88,37,52,Moderate,Medium,9,No,80,"80,001+"
V05936,Hatchback,11,15238,106,2624,44,16.4,12.02,45,81,Worn,High,2,No,50,"25,001–50,000"
V05937,SUV,10,27394,110,1752,42,13.5,11.8,38,68,Good,Medium,8,No,80,"80,001+"
V05938,SUV,6,11776,101,2474,48,6.6,11.47,43,81,Critical,Medium,7,Yes,60,"50,001–80,000"
V05939,Hatchback,10,38444,87,1758,24,16.5,12.24,35,79,Worn,Low,12,No,70,"50,001–80,000"
V05940,Truck,3,23419,107,2245,34,11.1,12.16,43,84,Critical,Medium,5,Yes,60,"50,001–80,000"
V05941,Sedan,10,194260,104,2459,41,11.4,11.99,39,50,Moderate,Low,10,Yes,70,"50,001–80,000"
V05942,Truck,1,190699,99,2297,20,5.1,12.37,44,66,Moderate,Low,1,No,80,"80,001+"
V05943,Truck,12,197891,86,2043,28,15.9,12.21,38,69,Good,Medium,3,Yes,70,"50,001–80,000"
V05944,Truck,8,38003,102,1657,23,5.0,12.36,39,73,Critical,Low,5,Yes,40,"25,001–50,000"
V05945,Truck,11,178628,104,2397,23,5.3,11.44,34,63,Good,Low,12,Yes,40,"25,001–50,000"
V05946,Sedan,5,54284,107,2745,45,5.3,11.13,32,94,Critical,Medium,3,No,60,"50,001–80,000"
V05947,SUV,2,7199,88,2145,43,7.3,11.26,30,81,Moderate,Low,10,No,90,"80,001+"
V05948,Hatchback,14,72881,109,2168,33,19.9,11.72,30,96,Worn,Medium,10,No,60,"50,001–80,000"
V05949,Sedan,3,65040,93,1778,49,16.7,12.01,32,55,Good,Medium,5,Yes,100,"80,001+"
V05950,Truck,11,19005,97,1563,33,13.6,12.41,37,76,Moderate,High,2,Yes,70,"50,001–80,000"
V05951,Truck,4,152589,101,2283,43,16.4,11.32,40,63,Good,Medium,8,Yes,80,"80,001+"
V05952,Hatchback,12,125980,108,2867,39,5.3,12.36,42,39,Good,Medium,9,Yes,60,"50,001–80,000"
V05953,SUV,11,167567,103,2097,48,8.0,11.21,43,98,Good,Medium,4,No,70,"50,001–80,000"
V05954,SUV,10,13665,89,2400,29,7.2,11.63,35,55,Critical,High,12,Yes,30,"10,001–25,000"
V05955,SUV,4,191325,91,1879,22,16.9,11.73,30,110,Critical,Medium,5,Yes,60,"50,001–80,000"
V05956,Hatchback,1,163193,106,2314,50,8.8,12.24,40,80,Critical,Medium,10,No,50,"25,001–50,000"
V05957,Truck,6,41438,105,2904,42,19.3,12.43,45,97,Moderate,High,8,Yes,60,"50,001–80,000"
V05958,Sedan,13,180178,91,1857,22,18.3,11.57,38,97,Moderate,High,9,Yes,40,"25,001–50,000"
V05959,Hatchback,1,45509,91,2575,29,19.7,11.59,39,83,Critical,Medium,8,No,60,"50,001–80,000"
V05960,Hatchback,3,191054,110,2257,46,17.3,12.55,42,45,Good,Medium,5,Yes,80,"80,001+"
V05961,Sedan,11,89469,106,2098,36,19.1,12.96,37,51,Worn,Medium,12,Yes,60,"50,001–80,000"
V05962,Truck,9,171047,107,1998,32,12.0,12.08,31,72,Worn,Medium,9,Yes,70,"50,001–80,000"
V05963,Sedan,13,171631,87,1880,30,5.6,12.41,30,102,Good,High,10,Yes,60,"50,001–80,000"
V05964,Truck,8,170876,94,2958,47,7.8,11.99,40,57,Good,Low,1,No,100,"80,001+"
V05965,Truck,14,14499,92,2769,21,11.6,11.25,37,79,Moderate,Low,11,Yes,60,"50,001–80,000"
V05966,Truck,2,146515,85,1593,43,10.1,11.98,41,42,Critical,High,6,No,60,"50,001–80,000"
V05967,Sedan,3,182453,92,1992,35,14.4,12.93,45,40,Critical,Low,6,Yes,80,"80,001+"
V05968,SUV,9,147082,93,2105,25,18.9,12.24,42,104,Critical,High,11,Yes,30,"10,001–25,000"
V05969,Hatchback,8,19614,99,1893,42,12.0,11.91,37,89,Good,Low,9,Yes,90,"80,001+"
V05970,Sedan,4,86950,99,1857,26,5.1,12.53,34,97,Critical,Low,6,No,60,"50,001–80,000"
V05971,Sedan,7,79880,93,2208,23,12.4,11.02,30,103,Critical,Low,10,Yes,50,"25,001–50,000"
V05972,Hatchback,14,164716,106,2141,43,11.0,11.11,37,72,Good,High,4,No,50,"25,001–50,000"
V05973,Sedan,15,187563,91,2046,42,6.9,12.89,41,62,Critical,Low,12,No,60,"50,001–80,000"
V05974,Hatchback,7,88631,101,2328,44,18.0,11.99,34,32,Good,Medium,4,No,80,"80,001+"
V05975,Truck,9,87960,106,2154,27,8.8,12.55,41,58,Worn,High,9,No,30,"10,001–25,000"
V05976,Sedan,9,175136,88,1507,20,13.8,12.82,43,105,Critical,Low,12,Yes,50,"25,001–50,000"
V05977,Truck,2,71771,107,2200,43,7.6,12.32,34,41,Worn,Medium,9,No,70,"50,001–80,000"
V05978,Sedan,1,103483,87,2493,41,11.4,12.02,36,34,Good,Low,1,Yes,100,"80,001+"
V05979,Sedan,6,120363,85,2548,28,15.9,12.96,43,85,Good,Medium,2,Yes,80,"80,001+"
V05980,SUV,1,117647,103,2802,39,10.6,11.56,40,54,Good,Medium,8,Yes,80,"80,001+"
V05981,Truck,8,146466,105,1930,23,16.7,11.1,44,99,Critical,Low,6,Yes,40,"25,001–50,000"
V05982,Hatchback,1,165446,89,2762,35,13.6,12.5,40,97,Moderate,Medium,12,No,90,"80,001+"
V05983,Truck,15,165668,88,1739,32,12.6,12.99,39,96,Worn,High,10,Yes,60,"50,001–80,000"
V05984,Hatchback,12,82540,88,2053,38,13.8,12.29,42,46,Good,Medium,12,No,80,"80,001+"
V05985,Truck,4,7292,99,1760,47,8.3,11.89,37,73,Moderate,Low,1,No,100,"80,001+"
V05986,Sedan,10,113199,103,2728,46,19.8,12.98,33,85,Worn,High,4,Yes,60,"50,001–80,000"
V05987,Truck,8,10822,104,1842,49,5.0,12.59,33,32,Critical,Low,7,Yes,60,"50,001–80,000"
V05988,Hatchback,12,155601,87,2352,27,9.0,12.78,42,73,Critical,High,12,No,20,"10,001–25,000"
V05989,Truck,14,193216,87,2682,40,13.5,11.3,33,36,Worn,Low,10,Yes,80,"80,001+"
V05990,Sedan,14,192102,105,2725,29,6.3,12.31,35,50,Worn,Medium,8,No,50,"25,001–50,000"
V05991,SUV,6,84529,99,2286,34,13.0,12.51,39,80,Worn,Medium,4,No,100,"80,001+"
V05992,SUV,2,131648,90,1515,29,9.5,12.62,41,33,Worn,High,3,No,60,"50,001–80,000"
V05993,Truck,6,10837,86,2595,42,16.0,11.21,43,62,Good,Medium,6,No,100,"80,001+"
V05994,SUV,11,118845,104,1654,40,5.6,12.62,42,89,Good,High,9,No,40,"25,001–50,000"
V05995,Sedan,5,149233,88,1853,27,15.2,11.32,36,53,Moderate,Medium,7,No,80,"80,001+"
V05996,Sedan,14,158922,88,2966,25,11.2,12.6,44,100,Good,High,5,No,50,"25,001–50,000"
V05997,SUV,11,176258,107,2172,46,7.7,11.48,31,104,Good,High,8,Yes,50,"25,001–50,000"
V05998,Sedan,2,183026,85,2208,46,5.4,11.59,30,73,Good,Medium,6,No,100,"80,001+"
V05999,Truck,6,19114,108,1943,48,12.3,12.0,32,87,Good,Low,12,No,70,"50,001–80,000"
V06000,Truck,10,115635,109,2027,36,7.9,12.12,45,38,Critical,Medium,1,No,60,"50,001–80,000"
V06001,Hatchback,1,181246,106,2127,21,17.2,12.18,44,98,Critical,Medium,1,No,40,"25,001–50,000"
V06002,Hatchback,9,140731,89,2228,43,17.3,12.28,45,74,Good,Medium,3,No,100,"80,001+"
V06003,Sedan,11,64649,99,2410,34,6.1,12.75,41,53,Good,Medium,5,Yes,90,"80,001+"
V06004,Truck,1,186083,94,2697,26,19.7,11.68,35,92,Moderate,High,6,No,60,"50,001–80,000"
V06005,SUV,2,67255,96,2736,45,16.6,12.54,40,110,Worn,Medium,6,No,100,"80,001+"
V06006,SUV,9,158758,95,1766,20,15.6,11.16,42,104,Critical,High,12,No,30,"10,001–25,000"
V06007,Sedan,2,73365,87,2849,37,13.2,12.04,33,41,Worn,High,9,No,70,"50,001–80,000"
V06008,Hatchback,5,122267,101,2887,46,15.6,12.97,41,79,Critical,Medium,2,No,60,"50,001–80,000"
V06009,SUV,11,143533,100,2365,28,10.6,11.6,31,47,Good,Medium,2,No,70,"50,001–80,000"
V06010,SUV,10,135746,105,2219,29,14.7,12.22,35,84,Good,Medium,2,No,60,"50,001–80,000"
V06011,Hatchback,13,84631,102,2844,39,11.4,11.81,31,105,Moderate,Low,10,Yes,60,"50,001–80,000"
V06012,Sedan,12,30667,98,1767,40,19.5,11.18,36,63,Good,Medium,7,No,90,"80,001+"
V06013,Truck,2,142497,98,2303,24,13.5,11.59,30,92,Moderate,Low,3,No,80,"80,001+"
V06014,Truck,3,117653,110,1578,34,18.7,11.83,34,35,Worn,Medium,6,Yes,80,"80,001+"
V06015,Hatchback,8,192987,85,1990,29,9.7,12.8,43,94,Good,High,3,No,60,"50,001–80,000"
V06016,SUV,7,177377,101,2059,31,16.6,11.23,34,106,Critical,Low,1,Yes,60,"50,001–80,000"
V06017,Truck,4,105890,97,1712,39,16.0,11.48,38,90,Good,Medium,1,Yes,100,"80,001+"
V06018,Hatchback,10,90592,86,2643,48,8.2,11.94,44,102,Worn,Low,5,No,100,"80,001+"
V06019,SUV,13,60367,100,1633,45,17.1,12.04,37,69,Good,Medium,4,Yes,90,"80,001+"
V06020,Truck,1,76900,94,1526,45,15.8,12.19,36,108,Moderate,Medium,6,Yes,100,"80,001+"
V06021,SUV,12,56894,108,2684,45,17.1,11.93,36,31,Moderate,High,1,No,50,"25,001–50,000"
V06022,SUV,13,89540,97,1784,33,11.5,11.49,43,53,Moderate,High,12,No,60,"50,001–80,000"
V06023,Hatchback,3,85174,92,1581,30,11.2,11.8,38,31,Moderate,Low,12,Yes,90,"80,001+"
V06024,SUV,6,99404,110,2510,45,7.5,12.42,39,94,Moderate,Low,7,No,80,"80,001+"
V06025,Hatchback,2,86522,102,1927,29,12.0,12.75,37,52,Critical,Medium,9,Yes,30,"10,001–25,000"
V06026,Sedan,13,73027,91,2000,39,15.0,11.23,45,57,Good,High,7,Yes,70,"50,001–80,000"
V06027,SUV,3,85311,96,1994,49,7.1,12.16,41,97,Good,High,7,No,80,"80,001+"
V06028,SUV,9,175309,96,2471,22,10.5,12.26,30,43,Worn,Medium,11,Yes,70,"50,001–80,000"
V06029,Hatchback,10,79160,87,2353,43,9.6,11.25,30,59,Moderate,Medium,3,Yes,100,"80,001+"
V06030,Truck,13,148573,108,2483,42,11.8,12.84,36,48,Moderate,Low,12,No,60,"50,001–80,000"
V06031,Truck,2,30956,94,1742,32,6.3,11.87,42,107,Worn,Low,11,No,90,"80,001+"
V06032,Hatchback,9,192900,92,2095,38,17.3,12.01,31,104,Critical,Low,1,Yes,80,"80,001+"
V06033,Sedan,14,45636,110,2520,50,12.7,11.96,37,30,Worn,High,5,Yes,50,"25,001–50,000"
V06034,Sedan,12,11234,109,1905,43,14.7,11.53,37,76,Critical,High,7,Yes,30,"10,001–25,000"
V06035,Truck,15,110690,94,2127,47,18.9,11.91,32,85,Good,High,2,Yes,70,"50,001–80,000"
V06036,Hatchback,4,127399,87,2553,48,18.8,11.34,39,93,Worn,Low,2,No,100,"80,001+"
V06037,Hatchback,15,189897,99,1864,45,13.7,12.54,30,76,Worn,Medium,11,Yes,80,"80,001+"
V06038,Sedan,5,192598,93,1632,37,6.1,11.82,38,37,Moderate,Medium,7,Yes,100,"80,001+"
V06039,Sedan,12,132759,87,2084,31,18.0,11.22,30,37,Critical,Medium,4,Yes,70,"50,001–80,000"
V06040,Sedan,8,175095,95,2636,20,17.6,12.13,43,84,Worn,Low,5,Yes,80,"80,001+"
V06041,Hatchback,9,96229,107,2112,31,12.0,11.24,41,86,Critical,High,11,Yes,30,"10,001–25,000"
V06042,Truck,4,62248,88,2779,44,8.1,11.54,40,44,Critical,Low,7,No,80,"80,001+"
V06043,Truck,12,31990,96,1524,35,17.4,12.44,38,56,Moderate,Low,8,No,90,"80,001+"
V06044,Sedan,14,138639,94,1807,24,18.5,11.34,30,48,Critical,Low,4,Yes,50,"25,001–50,000"
V06045,SUV,13,163772,103,1888,20,15.3,11.93,42,93,Worn,High,1,No,30,"10,001–25,000"
V06046,Hatchback,2,167416,107,1855,48,6.6,11.73,32,62,Critical,Medium,3,No,60,"50,001–80,000"
V06047,Hatchback,8,68924,88,2576,43,15.2,11.7,34,65,Critical,High,3,No,60,"50,001–80,000"
V06048,Sedan,11,129495,91,2898,36,15.0,11.62,41,46,Moderate,High,7,Yes,70,"50,001–80,000"
V06049,SUV,6,176541,102,2294,28,13.8,11.34,30,52,Worn,High,6,Yes,40,"25,001–50,000"
V06050,Sedan,6,63732,90,1796,50,9.7,12.02,40,103,Critical,Medium,6,Yes,80,"80,001+"
V06051,Hatchback,4,94139,91,2608,49,15.9,12.9,36,100,Good,Low,2,No,100,"80,001+"
V06052,Sedan,5,47215,91,2661,30,5.4,11.54,43,92,Critical,Medium,2,Yes,80,"80,001+"
V06053,Sedan,7,34493,107,1993,33,19.4,12.37,43,93,Critical,Medium,1,No,60,"50,001–80,000"
V06054,Hatchback,3,105859,94,1552,35,5.3,12.67,33,95,Critical,Medium,10,No,70,"50,001–80,000"
V06055,Hatchback,8,145802,98,2030,37,9.1,12.54,32,77,Critical,Low,8,No,80,"80,001+"
V06056,Truck,10,24584,103,2615,30,18.6,11.99,33,78,Critical,High,5,Yes,40,"25,001–50,000"
V06057,Sedan,1,29209,99,2470,20,10.8,11.09,41,89,Moderate,Medium,11,Yes,70,"50,001–80,000"
V06058,Hatchback,4,160675,105,1611,41,9.1,12.56,34,30,Worn,High,2,Yes,60,"50,001–80,000"
V06059,Hatchback,4,110294,88,2161,34,8.5,12.69,37,79,Worn,High,10,Yes,70,"50,001–80,000"
V06060,Truck,6,73258,103,1762,26,7.6,11.85,40,39,Good,Medium,9,Yes,50,"25,001–50,000"
V06061,SUV,3,189585,89,2451,40,8.8,12.73,31,70,Critical,Low,12,No,70,"50,001–80,000"
V06062,Hatchback,6,64011,95,2797,25,13.7,11.96,31,76,Moderate,Low,4,No,80,"80,001+"
V06063,Truck,11,75187,103,2636,24,12.0,11.14,35,54,Worn,Medium,7,No,50,"25,001–50,000"
V06064,SUV,8,100884,87,1632,47,18.8,12.19,41,68,Good,Low,11,Yes,90,"80,001+"
V06065,SUV,15,57288,85,2493,23,7.9,11.06,34,92,Good,High,2,Yes,50,"25,001–50,000"
V06066,Sedan,1,168319,89,1500,31,6.9,11.95,32,31,Good,Medium,11,Yes,90,"80,001+"
V06067,SUV,9,105381,107,1865,25,5.0,12.13,45,91,Moderate,Medium,3,Yes,60,"50,001–80,000"
V06068,Hatchback,2,24287,102,2208,38,12.6,11.5,35,91,Critical,High,5,No,40,"25,001–50,000"
V06069,Sedan,12,7293,86,2648,33,14.8,12.57,39,58,Worn,Low,1,Yes,90,"80,001+"
V06070,Truck,13,29713,102,1702,49,9.0,11.38,40,62,Moderate,High,8,No,50,"25,001–50,000"
V06071,Sedan,10,92717,105,1849,30,7.0,11.85,35,85,Worn,Low,11,No,70,"50,001–80,000"
V06072,Truck,4,163914,109,2484,50,15.1,11.94,39,43,Worn,Low,10,Yes,70,"50,001–80,000"
V06073,SUV,11,58076,86,2531,37,15.4,12.77,40,65,Critical,High,6,Yes,50,"25,001–50,000"
V06074,Sedan,15,179158,94,1787,46,5.3,12.62,39,50,Critical,High,3,Yes,50,"25,001–50,000"
V06075,SUV,6,113064,90,2700,40,14.6,11.58,30,109,Critical,Medium,12,Yes,70,"50,001–80,000"
V06076,SUV,12,35456,99,2210,26,6.9,11.0,45,101,Moderate,Low,7,No,70,"50,001–80,000"
V06077,Sedan,12,48819,104,2532,48,15.2,11.47,32,74,Critical,High,12,No,20,"10,001–25,000"
V06078,SUV,12,142873,102,1800,44,9.1,11.06,36,88,Good,Medium,9,No,60,"50,001–80,000"
V06079,Sedan,9,107394,99,2837,43,11.7,12.77,38,103,Good,Low,4,No,100,"80,001+"
V06080,Sedan,3,69858,91,1983,20,9.4,12.21,45,88,Good,High,3,No,60,"50,001–80,000"
V06081,Hatchback,2,85280,108,2498,46,7.7,12.78,36,40,Worn,Low,12,Yes,70,"50,001–80,000"
V06082,SUV,12,76348,102,2547,25,16.7,12.79,39,91,Critical,High,11,No,0,"0–10,000"
V06083,Sedan,7,14616,96,2107,30,6.7,11.52,39,50,Moderate,Medium,6,Yes,100,"80,001+"
V06084,SUV,14,6700,99,2405,39,8.2,11.34,39,37,Good,Medium,1,No,90,"80,001+"
V06085,Hatchback,10,144055,93,1687,23,13.6,12.35,45,57,Worn,High,7,Yes,60,"50,001–80,000"
V06086,Truck,12,16971,109,2031,47,18.5,12.01,44,105,Moderate,Medium,7,Yes,70,"50,001–80,000"
V06087,Hatchback,11,179669,108,1532,45,19.4,11.34,44,32,Critical,Medium,9,No,40,"25,001–50,000"
V06088,Sedan,6,49229,92,1820,43,19.3,11.13,36,65,Worn,High,7,No,80,"80,001+"
V06089,Truck,10,167263,98,2733,49,9.8,12.27,40,63,Critical,Medium,8,No,80,"80,001+"
V06090,Sedan,3,48162,104,1580,40,16.8,12.6,40,60,Worn,Medium,4,Yes,80,"80,001+"
V06091,Sedan,3,50430,97,1985,50,9.8,11.03,38,108,Moderate,High,2,Yes,80,"80,001+"
V06092,Hatchback,5,150998,92,2412,34,9.9,12.22,42,91,Worn,High,4,Yes,80,"80,001+"
V06093,Truck,8,118421,106,1944,46,19.8,11.22,39,104,Good,Low,9,No,70,"50,001–80,000"
V06094,Truck,4,34763,103,1594,36,9.9,12.22,38,73,Moderate,High,1,No,60,"50,001–80,000"
V06095,Truck,4,59175,85,2535,28,6.4,12.51,38,73,Worn,Low,10,Yes,70,"50,001–80,000"
V06096,Hatchback,5,199642,104,1733,50,8.7,11.77,32,94,Good,High,1,Yes,60,"50,001–80,000"
V06097,Hatchback,1,24170,85,1560,48,5.4,12.26,45,30,Critical,Low,6,Yes,80,"80,001+"
V06098,Sedan,8,188210,88,2836,31,17.3,11.84,33,90,Critical,Low,9,No,70,"50,001–80,000"
V06099,Truck,8,95138,88,2980,42,18.5,11.0,42,52,Critical,High,3,No,60,"50,001–80,000"
V06100,Hatchback,13,173783,91,2632,48,5.8,12.09,31,93,Good,Low,6,Yes,90,"80,001+"
V06101,Sedan,10,136284,104,2648,41,19.2,11.04,41,87,Worn,Medium,1,Yes,80,"80,001+"
V06102,Sedan,9,52827,104,2549,34,5.1,12.06,41,82,Critical,High,7,Yes,40,"25,001–50,000"
V06103,Truck,5,81811,106,2559,21,16.7,11.37,33,99,Moderate,Low,3,Yes,60,"50,001–80,000"
V06104,Truck,7,175534,87,2105,43,9.3,11.58,34,74,Moderate,High,12,Yes,70,"50,001–80,000"
V06105,Truck,7,70774,100,2559,41,11.3,12.96,38,107,Critical,Low,5,Yes,80,"80,001+"
V06106,SUV,15,22366,89,2243,21,15.3,12.35,35,36,Critical,Medium,2,No,50,"25,001–50,000"
V06107,Truck,1,137965,108,2586,29,17.8,12.26,40,52,Worn,Medium,1,No,60,"50,001–80,000"
V06108,Sedan,15,32221,98,2685,21,18.8,11.59,43,61,Critical,Medium,2,No,50,"25,001–50,000"
V06109,Hatchback,12,133583,85,1804,31,10.0,11.83,32,51,Worn,High,2,Yes,70,"50,001–80,000"
V06110,Truck,14,94328,92,2327,46,10.2,11.68,36,59,Good,High,8,Yes,70,"50,001–80,000"
V06111,Sedan,15,82327,86,2316,20,19.2,12.5,40,67,Worn,High,9,No,40,"25,001–50,000"
V06112,Truck,15,98772,92,2503,40,8.3,12.82,32,66,Critical,Medium,10,Yes,60,"50,001–80,000"
V06113,Hatchback,5,84481,103,2662,42,15.5,11.77,35,51,Critical,High,10,No,30,"10,001–25,000"
V06114,Sedan,10,65874,93,2671,42,17.3,12.16,42,84,Moderate,Medium,1,No,100,"80,001+"
V06115,Truck,2,84506,86,2914,37,12.9,12.18,31,101,Worn,Low,4,No,100,"80,001+"
V06116,SUV,9,75002,110,1879,29,5.2,11.56,30,33,Critical,Medium,9,Yes,30,"10,001–25,000"
V06117,Truck,13,188287,103,2900,48,17.8,11.16,45,100,Critical,High,6,No,30,"10,001–25,000"
V06118,Hatchback,2,27108,90,1777,41,11.4,12.24,38,64,Moderate,Medium,10,Yes,90,"80,001+"
V06119,Hatchback,5,144669,95,1964,39,18.4,11.2,44,49,Critical,Low,6,Yes,80,"80,001+"
V06120,SUV,7,151301,106,1696,43,11.3,11.02,39,94,Worn,Medium,2,No,80,"80,001+"
V06121,Hatchback,4,152993,94,2196,20,15.0,11.63,31,58,Moderate,High,12,No,50,"25,001–50,000"
V06122,Sedan,4,58047,100,2794,46,12.8,11.86,45,75,Critical,High,7,No,60,"50,001–80,000"
V06123,Truck,4,137790,88,2016,41,13.4,12.59,31,37,Critical,Medium,4,No,80,"80,001+"
V06124,Sedan,1,106995,85,2043,45,8.1,12.3,33,66,Critical,Low,11,Yes,70,"50,001–80,000"
V06125,Hatchback,11,129768,85,2804,44,13.4,12.69,34,79,Moderate,High,2,No,70,"50,001–80,000"
V06126,Truck,8,55754,90,2347,26,12.6,12.13,30,43,Good,High,5,No,60,"50,001–80,000"
V06127,Sedan,8,179469,98,2919,28,12.0,12.64,39,81,Worn,Low,12,Yes,70,"50,001–80,000"
V06128,Hatchback,12,80720,105,1939,49,8.4,12.34,39,109,Good,High,6,No,50,"25,001–50,000"
V06129,Sedan,4,68781,106,2578,21,13.4,11.16,34,61,Moderate,Medium,11,Yes,50,"25,001–50,000"
V06130,Truck,2,29350,101,2828,34,9.2,11.75,44,109,Worn,Low,12,No,70,"50,001–80,000"
V06131,Truck,13,93040,102,2343,50,14.4,11.37,35,31,Worn,Low,1,Yes,70,"50,001–80,000"
V06132,SUV,9,199625,95,2353,34,14.3,12.47,38,96,Critical,Medium,3,Yes,80,"80,001+"
V06133,Sedan,15,149211,85,1852,32,11.9,12.24,39,71,Good,High,11,No,60,"50,001–80,000"
V06134,SUV,4,56071,105,2546,37,5.1,12.45,41,80,Critical,Low,7,Yes,60,"50,001–80,000"
V06135,Sedan,1,97042,86,1756,22,7.2,11.37,31,106,Worn,Low,11,No,70,"50,001–80,000"
V06136,SUV,8,55928,94,2973,37,9.3,11.55,33,108,Critical,Medium,3,No,80,"80,001+"
V06137,Truck,3,36780,93,2840,32,8.0,11.87,30,51,Moderate,Medium,10,No,90,"80,001+"
V06138,Sedan,15,11212,92,2281,25,17.8,12.5,43,52,Worn,Low,8,Yes,70,"50,001–80,000"
V06139,Truck,13,30770,104,2625,27,13.7,12.3,34,33,Moderate,High,3,No,30,"10,001–25,000"
V06140,Sedan,15,172572,95,1815,22,14.9,12.86,42,70,Critical,Medium,8,Yes,50,"25,001–50,000"
V06141,Truck,3,59493,110,2718,20,10.2,12.89,40,81,Moderate,Medium,8,Yes,60,"50,001–80,000"
V06142,SUV,14,106426,88,1875,43,6.9,11.78,39,65,Good,High,3,No,70,"50,001–80,000"
V06143,Truck,15,71581,93,2864,43,18.6,12.43,45,32,Moderate,Medium,10,No,80,"80,001+"
V06144,Sedan,7,58125,94,1757,45,5.5,11.93,30,64,Good,Low,2,Yes,100,"80,001+"
V06145,Truck,15,46765,108,2260,45,6.4,12.45,35,38,Moderate,Low,2,Yes,70,"50,001–80,000"
V06146,Truck,10,17072,92,2628,39,18.6,12.45,44,83,Critical,Medium,3,Yes,80,"80,001+"
V06147,SUV,6,144874,104,1919,36,15.4,12.74,36,49,Worn,High,4,Yes,60,"50,001–80,000"
V06148,SUV,10,38946,94,1988,20,5.9,12.03,33,100,Critical,High,2,Yes,40,"25,001–50,000"
V06149,Truck,15,99886,90,2768,28,10.6,11.52,37,81,Good,High,8,No,50,"25,001–50,000"
V06150,Truck,12,156332,103,1692,34,14.6,12.65,33,51,Moderate,High,9,No,40,"25,001–50,000"
V06151,Truck,14,179778,93,2185,33,5.5,12.74,41,105,Moderate,Medium,6,No,90,"80,001+"
V06152,SUV,4,193197,100,1963,44,9.9,11.11,43,40,Good,Medium,1,Yes,100,"80,001+"
V06153,Truck,8,114781,107,1953,42,14.2,12.6,43,36,Good,Low,7,Yes,80,"80,001+"
V06154,SUV,4,91728,94,2818,34,14.7,11.04,40,75,Moderate,Medium,11,No,90,"80,001+"
V06155,Sedan,3,61660,94,2223,39,16.7,11.78,32,84,Worn,Medium,3,No,100,"80,001+"
V06156,SUV,4,26168,86,1859,22,5.7,12.65,32,49,Critical,Low,8,Yes,60,"50,001–80,000"
V06157,Truck,10,137838,91,2531,44,11.6,11.63,38,81,Good,High,4,Yes,80,"80,001+"
V06158,Sedan,9,53956,110,1810,33,5.3,11.58,35,94,Moderate,Low,2,Yes,80,"80,001+"
V06159,SUV,11,5678,92,2597,37,19.6,11.33,31,101,Moderate,Medium,10,Yes,80,"80,001+"
V06160,Hatchback,8,158141,88,2148,29,9.0,12.81,35,49,Critical,Low,2,No,60,"50,001–80,000"
V06161,Truck,9,99079,93,1906,24,7.3,12.37,42,63,Critical,Medium,6,No,60,"50,001–80,000"
V06162,Truck,9,91974,93,2288,33,17.9,12.94,32,84,Good,High,6,No,80,"80,001+"
V06163,Sedan,10,153983,87,1832,39,19.3,12.34,31,57,Worn,High,5,No,80,"80,001+"
V06164,Hatchback,14,127203,89,2115,21,11.3,11.3,31,62,Critical,High,6,No,30,"10,001–25,000"
V06165,Sedan,10,174429,109,2646,44,9.6,12.88,34,58,Good,Low,12,Yes,70,"50,001–80,000"
V06166,Sedan,8,131653,88,2731,20,11.0,12.08,31,85,Worn,Low,5,Yes,80,"80,001+"
V06167,SUV,10,119888,100,2461,41,7.5,12.06,42,109,Good,High,7,Yes,80,"80,001+"
V06168,Truck,3,95955,110,2831,27,17.0,11.75,44,108,Good,Medium,9,Yes,50,"25,001–50,000"
V06169,Truck,5,164259,108,2804,36,11.0,11.07,38,79,Moderate,Medium,7,No,80,"80,001+"
V06170,SUV,5,170042,109,1712,36,16.1,11.62,32,39,Moderate,High,11,No,50,"25,001–50,000"
V06171,SUV,10,102519,91,1998,47,15.9,11.69,37,44,Good,Medium,8,No,100,"80,001+"
V06172,Hatchback,15,75871,85,2149,21,19.8,11.73,44,35,Moderate,High,10,Yes,40,"25,001–50,000"
V06173,Sedan,15,65856,92,2339,36,6.2,12.92,34,77,Worn,Medium,4,Yes,90,"80,001+"
V06174,Sedan,3,136551,96,2348,30,14.0,11.83,33,44,Critical,High,3,Yes,60,"50,001–80,000"
V06175,Hatchback,2,79476,87,2046,37,15.5,11.39,33,31,Worn,Low,3,Yes,100,"80,001+"
V06176,Hatchback,2,112137,98,2609,44,15.0,12.61,41,55,Critical,High,6,Yes,60,"50,001–80,000"
V06177,Sedan,4,7854,100,2892,41,9.1,11.39,41,79,Moderate,Medium,10,No,90,"80,001+"
V06178,Hatchback,3,10757,105,1803,34,19.5,12.55,30,67,Worn,High,9,Yes,50,"25,001–50,000"
V06179,SUV,1,10357,108,2740,27,7.7,11.7,38,63,Good,Medium,5,No,60,"50,001–80,000"
V06180,Sedan,6,188324,91,2398,38,18.0,12.39,39,99,Good,High,7,Yes,80,"80,001+"
V06181,SUV,12,40921,104,2500,48,9.1,11.93,33,42,Moderate,Low,5,Yes,70,"50,001–80,000"
V06182,Sedan,14,69245,109,2569,49,19.7,11.94,34,98,Good,Medium,2,No,70,"50,001–80,000"
V06183,SUV,12,157333,89,2708,30,5.7,11.08,40,58,Moderate,Low,6,Yes,90,"80,001+"
V06184,Hatchback,4,63889,90,2556,44,7.2,12.64,39,36,Good,Medium,12,Yes,90,"80,001+"
V06185,SUV,13,132388,91,2258,44,20.0,11.13,31,104,Worn,High,2,No,70,"50,001–80,000"
V06186,Truck,3,164669,91,2224,47,14.3,11.26,39,51,Moderate,High,1,No,80,"80,001+"
V06187,Sedan,8,9424,107,1540,37,12.4,12.0,32,32,Critical,High,9,No,30,"10,001–25,000"
V06188,Hatchback,10,166272,97,2509,42,6.0,12.93,37,53,Worn,High,5,No,80,"80,001+"
V06189,Sedan,6,101283,89,2219,40,10.5,12.91,34,109,Critical,High,5,No,60,"50,001–80,000"
V06190,Hatchback,11,41762,104,2230,39,16.5,12.44,38,59,Moderate,High,4,No,50,"25,001–50,000"
V06191,SUV,12,97735,109,2006,45,10.9,12.47,36,104,Worn,High,1,Yes,50,"25,001–50,000"
V06192,Sedan,1,107165,101,2631,49,12.7,12.95,36,77,Good,Medium,6,Yes,80,"80,001+"
V06193,Hatchback,15,79017,93,1612,28,16.3,11.61,33,31,Worn,Low,2,Yes,70,"50,001–80,000"
V06194,Hatchback,12,153647,89,1898,46,11.6,12.74,40,30,Critical,Medium,7,No,70,"50,001–80,000"
V06195,Sedan,14,162312,110,2332,31,16.2,12.22,35,104,Good,Medium,12,No,60,"50,001–80,000"
V06196,Truck,3,144699,100,2603,31,5.5,11.54,40,70,Moderate,High,7,Yes,80,"80,001+"
V06197,Hatchback,2,63133,95,1634,27,9.2,12.18,34,77,Good,Low,11,No,70,"50,001–80,000"
V06198,Hatchback,15,78234,100,2681,27,17.2,12.38,37,100,Moderate,Medium,8,Yes,70,"50,001–80,000"
V06199,SUV,9,15238,86,2203,38,18.5,12.94,42,48,Worn,Medium,1,No,100,"80,001+"
V06200,Sedan,7,180609,107,2841,21,8.6,11.29,37,31,Worn,Low,12,Yes,50,"25,001–50,000"
V06201,SUV,5,50322,97,1749,22,6.5,12.76,34,41,Worn,High,9,No,50,"25,001–50,000"
V06202,Truck,9,199462,99,2186,23,18.9,12.88,43,42,Critical,Low,2,Yes,60,"50,001–80,000"
V06203,Hatchback,10,9939,90,2435,41,19.2,12.28,42,69,Critical,Medium,4,Yes,80,"80,001+"
V06204,Sedan,8,157087,109,2540,48,8.2,12.8,30,66,Critical,Medium,7,Yes,60,"50,001–80,000"
V06205,SUV,13,72063,86,2770,34,13.1,11.68,37,48,Critical,Medium,5,No,70,"50,001–80,000"
V06206,Truck,13,68223,91,2180,44,10.3,12.09,39,55,Worn,High,5,Yes,70,"50,001–80,000"
V06207,Sedan,13,115585,107,1646,45,17.3,12.71,40,106,Moderate,High,7,No,50,"25,001–50,000"
V06208,Truck,12,140668,107,1957,30,12.5,11.13,41,68,Moderate,High,9,Yes,40,"25,001–50,000"
V06209,Sedan,9,18695,92,2392,43,6.0,11.97,37,50,Good,High,1,No,80,"80,001+"
V06210,Sedan,5,120474,99,2245,49,8.1,12.04,42,30,Critical,High,3,Yes,60,"50,001–80,000"
V06211,Sedan,10,72366,98,1776,45,19.5,12.68,44,100,Moderate,Low,8,No,100,"80,001+"
V06212,Hatchback,12,6863,85,1551,24,11.6,12.94,41,59,Worn,High,4,Yes,50,"25,001–50,000"
V06213,Hatchback,13,22152,104,2335,36,18.6,11.89,38,93,Good,High,8,Yes,50,"25,001–50,000"
V06214,Sedan,12,14721,98,1566,27,15.8,12.64,44,67,Moderate,High,2,Yes,50,"25,001–50,000"
V06215,Hatchback,14,39154,102,2293,44,8.3,12.02,31,91,Critical,Low,2,Yes,50,"25,001–50,000"
V06216,Truck,5,178884,96,2542,39,13.4,12.12,40,85,Moderate,Low,1,Yes,100,"80,001+"
V06217,Sedan,1,159296,97,1686,25,12.7,11.62,36,81,Moderate,Low,8,No,80,"80,001+"
V06218,Hatchback,14,24233,88,2474,47,17.9,11.78,33,44,Critical,High,1,No,50,"25,001–50,000"
V06219,SUV,12,189851,90,2832,42,6.2,11.41,39,73,Worn,Medium,2,Yes,90,"80,001+"
V06220,SUV,3,93929,110,2309,50,16.8,12.76,39,49,Good,High,1,No,60,"50,001–80,000"
V06221,SUV,6,25957,100,1819,29,7.1,11.47,31,44,Worn,Low,12,No,70,"50,001–80,000"
V06222,Hatchback,11,171866,92,2938,28,5.4,11.1,41,66,Good,High,9,No,40,"25,001–50,000"
V06223,Hatchback,2,137145,107,1520,41,11.8,11.94,40,78,Moderate,Low,10,Yes,70,"50,001–80,000"
V06224,Truck,7,61454,105,1777,46,11.6,12.71,42,104,Good,Low,3,Yes,80,"80,001+"
V06225,Hatchback,3,72550,110,2055,29,15.4,12.52,40,51,Moderate,Medium,7,Yes,60,"50,001–80,000"
V06226,SUV,14,147713,101,2042,38,9.0,12.01,38,68,Worn,Medium,2,Yes,70,"50,001–80,000"
V06227,Hatchback,4,19713,98,2807,34,5.3,11.02,42,79,Moderate,Low,7,No,100,"80,001+"
V06228,SUV,14,182279,95,1626,44,16.4,11.43,36,58,Good,Medium,8,No,90,"80,001+"
V06229,Sedan,4,94374,96,1955,47,12.3,11.09,39,83,Critical,High,11,Yes,50,"25,001–50,000"
V06230,Hatchback,8,156761,87,2626,32,19.8,11.98,43,62,Good,Medium,9,No,90,"80,001+"
V06231,Truck,8,168187,109,1747,42,17.6,11.54,35,44,Critical,High,2,No,40,"25,001–50,000"
V06232,Hatchback,10,191506,87,2940,45,5.6,12.58,40,96,Critical,High,5,No,60,"50,001–80,000"
V06233,Hatchback,14,48049,98,2106,47,10.2,11.88,42,93,Worn,Medium,2,Yes,90,"80,001+"
V06234,Hatchback,6,35657,91,2532,29,19.3,11.6,45,34,Worn,High,8,No,60,"50,001–80,000"
V06235,Truck,8,109842,103,2505,43,9.4,12.67,32,85,Moderate,Low,3,Yes,80,"80,001+"
V06236,SUV,14,45447,100,2008,38,8.7,12.36,41,102,Moderate,Low,7,Yes,90,"80,001+"
V06237,Hatchback,10,77948,88,1932,46,5.9,11.58,35,73,Good,Medium,8,No,100,"80,001+"
V06238,Sedan,14,24629,92,2453,34,13.2,12.46,45,51,Good,Low,2,Yes,90,"80,001+"
V06239,SUV,10,88698,87,2052,34,9.6,12.7,37,57,Moderate,Medium,5,No,100,"80,001+"
V06240,Sedan,2,192953,85,1811,21,5.2,12.39,38,31,Critical,Low,6,Yes,60,"50,001–80,000"
V06241,Hatchback,1,124604,109,2243,27,18.6,12.78,45,62,Good,High,10,Yes,30,"10,001–25,000"
V06242,Sedan,10,33224,85,1538,24,12.1,11.66,42,44,Worn,Low,12,No,70,"50,001–80,000"
V06243,SUV,1,171640,99,1694,20,16.6,11.27,30,91,Good,High,12,No,50,"25,001–50,000"
V06244,Sedan,11,60656,95,2243,48,18.7,11.48,34,82,Moderate,Medium,4,Yes,90,"80,001+"
V06245,Sedan,2,58725,94,1891,36,14.9,11.06,40,57,Good,High,1,No,80,"80,001+"
V06246,Sedan,9,53806,87,2910,23,8.4,12.14,33,93,Moderate,Low,7,Yes,80,"80,001+"
V06247,Sedan,4,54717,91,2900,29,13.3,11.02,45,60,Worn,High,1,No,60,"50,001–80,000"
V06248,SUV,12,56326,92,1822,41,15.0,11.7,45,49,Critical,Medium,3,No,70,"50,001–80,000"
V06249,Truck,14,119894,88,2956,49,15.1,11.08,38,110,Worn,Low,12,No,80,"80,001+"
V06250,Hatchback,2,120602,104,2328,34,10.6,12.08,38,56,Worn,High,7,Yes,60,"50,001–80,000"
V06251,SUV,2,76470,108,2601,27,17.0,11.57,45,40,Moderate,High,6,No,40,"25,001–50,000"
V06252,Sedan,14,103712,104,2663,31,13.8,11.71,35,97,Critical,Low,1,No,50,"25,001–50,000"
V06253,Truck,2,5807,93,1824,23,10.5,11.28,45,33,Good,Low,4,No,80,"80,001+"
V06254,SUV,2,70628,99,2177,30,17.2,11.73,34,63,Worn,Low,12,No,90,"80,001+"
V06255,SUV,12,43282,106,2150,40,10.2,12.37,36,85,Critical,High,11,Yes,20,"10,001–25,000"
V06256,Hatchback,8,18809,91,2557,49,13.4,12.27,40,65,Good,Medium,6,No,100,"80,001+"
V06257,SUV,8,11933,91,2807,42,7.7,11.2,37,75,Critical,High,3,Yes,60,"50,001–80,000"
V06258,Sedan,5,87219,98,1621,46,13.4,12.06,42,81,Worn,Low,9,Yes,90,"80,001+"
V06259,Truck,1,12516,92,2108,32,13.3,12.84,44,62,Worn,High,8,Yes,80,"80,001+"
V06260,Truck,1,182349,107,2805,40,18.8,11.18,35,83,Critical,Medium,4,No,60,"50,001–80,000"
V06261,SUV,14,164077,96,1529,49,7.0,12.91,39,38,Moderate,Medium,2,Yes,90,"80,001+"
V06262,SUV,10,109914,107,2563,25,7.2,12.79,38,71,Critical,High,1,Yes,20,"10,001–25,000"
V06263,Truck,5,99549,110,2990,35,7.6,13.0,42,89,Worn,High,7,Yes,60,"50,001–80,000"
V06264,Hatchback,9,186050,95,2203,26,19.4,11.32,31,36,Critical,Low,10,Yes,50,"25,001–50,000"
V06265,SUV,7,69302,100,1596,20,13.0,11.92,31,50,Good,Medium,7,No,80,"80,001+"
V06266,Truck,13,9082,97,2015,28,15.5,11.52,41,76,Critical,Medium,4,No,50,"25,001–50,000"
V06267,Sedan,5,77142,105,2356,45,5.1,12.23,32,92,Worn,High,1,Yes,60,"50,001–80,000"
V06268,Truck,9,181321,92,2542,44,9.4,12.89,39,41,Worn,Low,7,Yes,100,"80,001+"
V06269,SUV,9,184899,86,1605,26,19.3,12.86,39,61,Moderate,Medium,4,No,80,"80,001+"
V06270,Sedan,14,40099,100,2118,20,6.3,11.27,40,85,Good,Low,9,Yes,60,"50,001–80,000"
V06271,SUV,14,187409,101,2060,29,17.2,11.86,41,77,Good,Medium,1,Yes,50,"25,001–50,000"
V06272,Sedan,8,29789,92,2008,21,19.7,11.91,42,78,Good,Medium,4,No,80,"80,001+"
V06273,Hatchback,2,115347,94,1724,50,6.7,11.63,41,102,Worn,Low,1,Yes,100,"80,001+"
V06274,Sedan,2,131189,95,1819,35,11.6,11.87,38,75,Critical,Medium,7,No,80,"80,001+"
V06275,Truck,15,52778,88,1780,32,7.1,11.45,36,103,Moderate,High,8,Yes,70,"50,001–80,000"
V06276,Hatchback,11,15712,107,2038,21,18.0,11.89,45,40,Moderate,Low,10,Yes,40,"25,001–50,000"
V06277,Sedan,1,169577,99,2598,44,6.9,11.31,42,67,Moderate,Low,11,No,90,"80,001+"
V06278,Sedan,13,119083,90,1783,20,9.8,12.0,34,77,Critical,High,10,Yes,20,"10,001–25,000"
V06279,SUV,9,82070,94,2638,46,15.4,12.94,34,65,Moderate,Medium,10,Yes,90,"80,001+"
V06280,Truck,12,133911,99,2917,31,5.0,11.87,36,103,Worn,Low,8,Yes,90,"80,001+"
V06281,Sedan,2,111549,94,2170,31,5.1,11.94,30,99,Worn,Medium,5,Yes,100,"80,001+"
V06282,Sedan,8,56684,97,2244,43,8.2,12.83,36,51,Good,Low,1,Yes,100,"80,001+"
V06283,Truck,6,65980,85,2257,40,6.9,12.99,38,102,Good,High,5,No,80,"80,001+"
V06284,Hatchback,3,147629,88,2707,26,18.8,11.69,43,63,Moderate,High,3,Yes,60,"50,001–80,000"
V06285,Hatchback,9,97293,91,1677,40,13.1,11.45,30,67,Worn,Medium,10,Yes,90,"80,001+"
V06286,Truck,3,96650,87,1772,23,9.5,11.63,33,76,Worn,Low,1,No,80,"80,001+"
V06287,Hatchback,3,150349,108,2165,35,13.9,11.18,36,70,Worn,Medium,12,Yes,70,"50,001–80,000"
V06288,Hatchback,9,112007,109,1572,27,19.6,12.79,33,71,Good,Low,12,Yes,50,"25,001–50,000"
V06289,Truck,14,66605,93,2663,33,16.7,11.04,32,31,Critical,Medium,12,No,60,"50,001–80,000"
V06290,Hatchback,9,96887,93,1907,35,16.5,11.35,35,31,Critical,High,5,No,60,"50,001–80,000"
V06291,Truck,13,111151,102,1918,29,5.4,12.14,45,90,Worn,High,5,Yes,30,"10,001–25,000"
V06292,Sedan,6,143813,107,1519,41,10.6,11.67,36,34,Good,High,1,No,60,"50,001–80,000"
V06293,SUV,10,70522,88,2978,44,9.4,12.91,36,99,Critical,High,10,Yes,50,"25,001–50,000"
V06294,Sedan,14,157753,91,2291,46,11.3,12.65,32,69,Moderate,Medium,10,No,80,"80,001+"
V06295,Hatchback,4,108145,98,2899,35,13.5,11.13,41,43,Worn,High,5,Yes,80,"80,001+"
V06296,Hatchback,11,36779,97,1505,34,19.2,12.79,40,105,Worn,High,6,Yes,70,"50,001–80,000"
V06297,Truck,4,16299,92,2029,40,10.5,11.42,32,65,Moderate,Low,3,Yes,100,"80,001+"
V06298,Sedan,11,23377,89,1763,33,7.8,11.29,38,34,Critical,Medium,4,Yes,70,"50,001–80,000"
V06299,Sedan,13,83886,86,2964,20,8.2,11.99,43,34,Good,High,3,No,50,"25,001–50,000"
V06300,Sedan,1,157227,85,1834,29,14.3,12.98,33,65,Moderate,Low,7,Yes,80,"80,001+"
V06301,Sedan,12,30186,110,1810,49,6.7,12.57,38,90,Good,Low,1,No,70,"50,001–80,000"
V06302,SUV,2,19947,107,1588,41,15.0,11.31,35,79,Good,Medium,12,Yes,70,"50,001–80,000"
V06303,Sedan,10,68803,92,2777,38,5.7,11.04,38,69,Moderate,Low,10,No,90,"80,001+"
V06304,Sedan,12,98411,96,2976,44,5.7,11.74,37,102,Worn,High,3,No,70,"50,001–80,000"
V06305,Truck,4,38750,106,1515,47,17.7,11.78,43,54,Critical,Low,10,No,50,"25,001–50,000"
V06306,Sedan,11,182165,110,2980,36,7.8,12.76,36,107,Good,Medium,4,No,70,"50,001–80,000"
V06307,Hatchback,14,107992,101,2880,35,5.7,11.95,34,106,Moderate,Medium,6,No,70,"50,001–80,000"
V06308,Hatchback,5,16055,110,2569,31,17.1,12.26,44,106,Critical,High,8,Yes,40,"25,001–50,000"
V06309,Sedan,10,199603,87,2661,49,8.1,11.44,43,44,Moderate,High,7,Yes,80,"80,001+"
V06310,Truck,4,54485,96,1900,22,17.0,12.39,31,31,Good,High,6,No,60,"50,001–80,000"
V06311,SUV,10,136824,98,2520,35,17.6,11.54,32,84,Critical,Low,11,No,70,"50,001–80,000"
V06312,SUV,7,47344,104,1504,20,6.2,11.97,38,39,Moderate,High,9,No,30,"10,001–25,000"
V06313,Sedan,4,82929,97,1795,50,15.6,12.62,32,36,Good,Medium,5,Yes,100,"80,001+"
V06314,Truck,15,84063,90,2164,38,7.3,11.25,30,65,Good,Low,2,Yes,90,"80,001+"
V06315,Truck,8,73765,91,2465,43,7.7,12.73,43,70,Worn,High,8,Yes,80,"80,001+"
V06316,Truck,3,7817,96,1917,34,7.3,12.67,34,49,Good,High,9,No,70,"50,001–80,000"
V06317,SUV,2,36358,95,2889,27,10.3,11.69,30,48,Worn,Medium,12,Yes,70,"50,001–80,000"
V06318,Truck,13,22106,91,2815,35,17.1,11.62,38,90,Good,High,1,No,70,"50,001–80,000"
V06319,Hatchback,5,60493,93,2854,37,14.9,11.66,40,44,Good,High,5,Yes,80,"80,001+"
V06320,Truck,9,185409,88,1732,49,17.1,12.83,36,106,Good,Low,7,No,100,"80,001+"
V06321,Truck,5,115214,105,2670,28,10.5,11.08,30,50,Critical,Medium,6,Yes,40,"25,001–50,000"
V06322,Sedan,13,44706,93,2984,37,14.9,11.51,31,78,Worn,Low,12,Yes,80,"80,001+"
V06323,Sedan,4,108989,89,2811,20,6.1,11.48,35,64,Critical,Medium,7,No,60,"50,001–80,000"
V06324,Hatchback,6,77493,86,2108,25,8.8,11.03,43,108,Critical,Low,8,No,60,"50,001–80,000"
V06325,Truck,12,174482,109,2552,24,18.9,11.61,40,63,Worn,Low,9,No,40,"25,001–50,000"
V06326,Hatchback,7,60271,87,2755,31,10.4,12.77,45,81,Good,Low,12,No,90,"80,001+"
V06327,Truck,5,147570,91,2948,39,7.7,12.12,31,107,Worn,High,2,Yes,80,"80,001+"
V06328,Sedan,8,173391,100,2667,35,18.1,12.11,39,61,Worn,Low,3,Yes,100,"80,001+"
V06329,Hatchback,12,35796,105,2905,30,13.5,11.13,43,32,Worn,Low,2,No,70,"50,001–80,000"
V06330,Truck,6,64433,89,1833,35,10.8,12.73,43,93,Worn,Medium,9,Yes,90,"80,001+"
V06331,SUV,8,41837,94,2266,39,8.3,12.53,43,90,Worn,Medium,8,Yes,100,"80,001+"
V06332,Hatchback,14,175063,92,2345,42,12.9,12.27,40,71,Critical,Medium,5,Yes,70,"50,001–80,000"
V06333,Truck,7,71322,103,1531,28,16.2,13.0,36,70,Good,Medium,1,No,60,"50,001–80,000"
V06334,Hatchback,7,129392,94,2891,48,12.3,12.29,39,42,Critical,Low,8,Yes,80,"80,001+"
V06335,Sedan,2,53925,85,2925,21,7.2,12.67,37,72,Worn,Medium,6,No,80,"80,001+"
V06336,Truck,2,124477,98,1538,23,12.6,11.3,45,55,Moderate,High,9,No,50,"25,001–50,000"
V06337,Truck,4,21225,90,2269,25,19.4,12.87,42,68,Good,Medium,2,Yes,80,"80,001+"
V06338,Truck,1,35692,90,1838,41,17.6,12.14,44,78,Critical,High,9,Yes,50,"25,001–50,000"
V06339,Hatchback,5,167118,109,2931,30,8.3,12.55,30,80,Critical,High,2,Yes,40,"25,001–50,000"
V06340,Hatchback,7,15116,104,2330,26,10.4,11.59,42,98,Good,Low,6,Yes,60,"50,001–80,000"
V06341,Truck,11,156954,105,2900,23,8.3,12.39,32,55,Worn,Low,1,No,50,"25,001–50,000"
V06342,SUV,5,131189,104,2855,42,13.1,11.48,39,58,Critical,Medium,9,Yes,50,"25,001–50,000"
V06343,Sedan,10,51880,91,2504,26,13.2,11.41,39,81,Worn,Medium,10,Yes,70,"50,001–80,000"
V06344,Hatchback,7,142069,106,2682,23,16.6,11.3,43,83,Worn,Low,7,No,60,"50,001–80,000"
V06345,SUV,11,198621,105,1910,20,17.1,11.79,30,104,Good,Medium,2,Yes,50,"25,001–50,000"
V06346,Truck,10,19435,85,1687,23,19.1,11.64,30,32,Moderate,Medium,2,Yes,80,"80,001+"
V06347,SUV,12,123349,87,2490,27,16.4,12.18,42,55,Worn,Low,3,No,70,"50,001–80,000"
V06348,Sedan,6,195928,103,1808,22,18.5,12.57,39,78,Critical,Medium,7,Yes,40,"25,001–50,000"
V06349,Sedan,7,33948,89,2581,41,15.2,11.13,38,78,Good,Low,9,No,90,"80,001+"
V06350,Hatchback,4,112367,87,2917,37,19.5,12.69,42,92,Critical,High,3,Yes,60,"50,001–80,000"
V06351,SUV,9,85214,94,2372,22,11.2,11.45,31,102,Moderate,Low,6,Yes,80,"80,001+"
V06352,SUV,4,148822,91,1574,29,16.1,12.6,34,79,Critical,Low,1,Yes,60,"50,001–80,000"
V06353,Sedan,4,83210,106,2425,24,8.4,11.28,35,107,Moderate,Medium,7,Yes,60,"50,001–80,000"
V06354,SUV,15,93212,86,2878,42,11.3,12.8,40,32,Worn,High,5,No,70,"50,001–80,000"
V06355,Sedan,13,36337,107,2012,49,19.0,12.13,43,102,Good,Medium,1,No,70,"50,001–80,000"
V06356,Sedan,7,84834,107,2598,35,14.3,11.78,31,90,Critical,Low,12,No,50,"25,001–50,000"
V06357,Hatchback,15,123587,91,1656,45,12.4,11.67,39,97,Critical,High,4,Yes,50,"25,001–50,000"
V06358,Hatchback,12,150192,99,2607,39,7.4,11.58,40,76,Moderate,High,1,Yes,70,"50,001–80,000"
V06359,Sedan,10,97417,104,2685,25,10.4,12.68,36,55,Good,Medium,6,No,60,"50,001–80,000"
V06360,SUV,5,102246,94,2504,40,9.0,11.34,43,64,Moderate,High,10,No,70,"50,001–80,000"
V06361,Truck,13,77259,87,1585,24,10.5,12.77,35,80,Worn,Low,8,Yes,70,"50,001–80,000"
V06362,Hatchback,8,71617,86,2542,39,15.4,12.76,41,54,Worn,High,5,No,80,"80,001+"
V06363,Truck,6,139570,107,2329,42,15.4,12.64,32,108,Good,High,10,Yes,50,"25,001–50,000"
V06364,Truck,2,80907,93,1578,29,8.4,11.69,34,107,Worn,High,7,Yes,60,"50,001–80,000"
V06365,Sedan,3,186100,105,2343,39,18.0,11.7,31,100,Moderate,Low,9,No,70,"50,001–80,000"
V06366,Sedan,3,108120,101,1653,34,17.9,12.56,42,67,Worn,Medium,3,No,80,"80,001+"
V06367,Hatchback,5,8643,98,2363,32,10.5,11.4,36,46,Good,High,8,Yes,80,"80,001+"
V06368,Sedan,9,91188,110,2017,21,13.2,11.14,35,79,Moderate,Low,3,Yes,60,"50,001–80,000"
V06369,Truck,11,34602,90,1782,25,8.6,12.47,32,57,Worn,Medium,2,Yes,70,"50,001–80,000"
V06370,Hatchback,12,121197,99,2237,25,16.1,11.54,45,79,Moderate,High,7,No,50,"25,001–50,000"
V06371,Sedan,1,19360,99,2171,35,19.6,12.41,42,84,Moderate,Low,8,Yes,100,"80,001+"
V06372,Sedan,11,113781,102,2640,28,8.0,12.48,30,48,Worn,Medium,10,Yes,40,"25,001–50,000"
V06373,SUV,11,38386,100,1937,40,19.5,11.63,30,41,Moderate,High,5,No,70,"50,001–80,000"
V06374,Hatchback,14,100021,97,2134,36,18.1,12.88,30,98,Moderate,Low,8,No,90,"80,001+"
V06375,SUV,8,59344,105,2150,41,18.0,11.03,44,66,Good,Medium,8,Yes,80,"80,001+"
V06376,Truck,7,44163,100,2938,25,15.2,11.61,35,78,Worn,Low,10,Yes,70,"50,001–80,000"
V06377,Sedan,14,174638,109,2049,24,6.0,12.62,38,74,Good,Low,3,No,50,"25,001–50,000"
V06378,Truck,15,68736,106,1632,46,19.9,12.71,38,36,Critical,Low,4,Yes,50,"25,001–50,000"
V06379,Truck,10,23797,98,2536,44,16.2,11.5,36,85,Critical,Low,6,Yes,80,"80,001+"
V06380,Sedan,8,179032,93,2731,31,13.0,12.84,43,61,Critical,High,1,Yes,60,"50,001–80,000"
V06381,Hatchback,4,198451,110,2881,40,16.1,11.84,39,35,Good,High,12,Yes,50,"25,001–50,000"
V06382,Sedan,5,48776,87,1553,30,12.2,11.45,35,41,Moderate,High,5,Yes,80,"80,001+"
V06383,Hatchback,12,86457,90,2561,21,7.0,11.17,43,110,Moderate,Low,7,Yes,70,"50,001–80,000"
V06384,Sedan,7,46847,106,2296,31,16.1,12.7,40,70,Good,Medium,7,Yes,80,"80,001+"
V06385,Truck,11,137664,90,2850,42,6.5,12.68,36,47,Critical,Low,9,No,60,"50,001–80,000"
V06386,Truck,14,154105,91,1869,32,7.1,11.89,41,57,Critical,Medium,4,Yes,70,"50,001–80,000"
V06387,Hatchback,8,47180,95,2114,36,7.1,11.49,41,72,Good,High,12,Yes,70,"50,001–80,000"
V06388,Sedan,5,17221,100,2198,49,17.3,11.72,40,64,Worn,Low,9,No,90,"80,001+"
V06389,SUV,2,100958,86,2721,26,7.3,12.42,44,66,Moderate,High,10,No,50,"25,001–50,000"
V06390,Truck,3,173910,104,1893,28,16.7,12.5,43,51,Critical,High,10,No,10,"0–10,000"
V06391,SUV,15,52703,97,2957,34,11.7,11.98,36,31,Critical,Low,10,Yes,60,"50,001–80,000"
V06392,Truck,3,24203,108,1693,42,7.2,12.75,44,51,Worn,Medium,12,Yes,70,"50,001–80,000"
V06393,Truck,5,69553,107,1563,44,8.5,12.45,36,37,Worn,Low,10,No,70,"50,001–80,000"
V06394,Truck,14,95368,96,2520,38,12.6,12.32,34,48,Worn,Medium,5,No,90,"80,001+"
V06395,SUV,14,146941,86,2662,20,5.7,11.81,30,71,Good,Low,10,No,60,"50,001–80,000"
V06396,Truck,2,129366,92,2572,39,16.3,12.81,32,95,Moderate,High,3,Yes,80,"80,001+"
V06397,SUV,7,105407,87,2971,35,13.9,12.22,38,47,Good,Low,10,No,90,"80,001+"
V06398,Sedan,3,182182,85,2853,30,19.2,12.15,35,55,Moderate,High,2,No,80,"80,001+"
V06399,SUV,1,60633,85,2434,31,11.4,12.75,30,45,Critical,High,10,Yes,50,"25,001–50,000"
V06400,SUV,7,189603,94,2006,50,12.3,11.41,30,99,Worn,Low,11,Yes,90,"80,001+"
V06401,Truck,3,107125,99,1900,38,10.8,12.83,32,70,Moderate,High,12,No,70,"50,001–80,000"
V06402,Truck,15,114296,85,2532,32,11.9,11.28,31,36,Moderate,Medium,2,No,90,"80,001+"
V06403,Sedan,11,19719,98,2809,48,11.7,11.46,42,82,Worn,Low,9,Yes,80,"80,001+"
V06404,SUV,10,170418,99,2372,28,17.1,11.47,40,52,Moderate,Low,10,No,70,"50,001–80,000"
V06405,Sedan,14,122262,87,2446,46,19.1,12.02,34,87,Moderate,Medium,9,No,80,"80,001+"
V06406,Hatchback,10,100050,109,2735,49,12.0,12.3,33,54,Worn,High,2,No,60,"50,001–80,000"
V06407,Hatchback,7,43628,110,2065,27,19.5,12.28,33,56,Good,Low,5,No,60,"50,001–80,000"
V06408,Sedan,8,73928,90,2865,43,19.3,11.51,38,88,Worn,Low,12,Yes,90,"80,001+"
V06409,Sedan,7,60346,87,2992,50,16.1,12.21,30,91,Critical,High,11,No,50,"25,001–50,000"
V06410,Truck,10,70092,107,1811,23,6.7,11.14,30,50,Critical,High,6,Yes,20,"10,001–25,000"
V06411,Sedan,3,191356,100,2953,39,13.8,11.89,44,101,Good,Medium,12,No,90,"80,001+"
V06412,SUV,9,77975,103,1805,23,7.3,12.09,31,42,Moderate,Medium,9,No,50,"25,001–50,000"
V06413,Hatchback,9,66525,96,2828,28,5.1,11.64,39,71,Moderate,Medium,7,No,80,"80,001+"
V06414,SUV,12,191670,87,2584,38,18.8,12.59,30,94,Good,Low,2,No,90,"80,001+"
V06415,Truck,3,192027,97,2201,35,16.6,11.9,39,92,Critical,Low,12,No,70,"50,001–80,000"
V06416,Truck,5,16672,94,2639,38,9.9,12.44,30,95,Critical,Medium,12,Yes,70,"50,001–80,000"
V06417,Hatchback,14,177380,89,2977,31,13.1,11.24,38,94,Critical,High,4,No,50,"25,001–50,000"
V06418,SUV,9,197651,85,2092,31,9.6,12.93,30,88,Worn,High,4,No,80,"80,001+"
V06419,Truck,14,140984,87,1756,50,8.7,11.69,38,33,Worn,Medium,8,No,90,"80,001+"
V06420,Hatchback,14,98022,97,2639,44,11.7,11.38,45,102,Good,High,3,No,70,"50,001–80,000"
V06421,SUV,8,26155,104,2026,38,9.8,12.6,36,43,Critical,Medium,7,No,60,"50,001–80,000"
V06422,SUV,5,9916,85,1722,42,5.8,11.67,33,58,Critical,Medium,1,No,80,"80,001+"
V06423,Sedan,13,168881,89,1549,42,18.1,11.12,36,48,Moderate,Medium,6,Yes,90,"80,001+"
V06424,Truck,13,178467,95,2756,21,15.0,12.97,34,42,Moderate,Low,10,Yes,60,"50,001–80,000"
V06425,SUV,6,10230,87,2775,29,15.8,11.93,41,79,Good,Medium,12,Yes,70,"50,001–80,000"
V06426,SUV,15,148681,93,2300,46,9.5,11.02,39,60,Critical,Low,11,No,60,"50,001–80,000"
V06427,Hatchback,12,61226,103,1995,29,17.3,12.51,41,110,Worn,Medium,2,Yes,50,"25,001–50,000"
V06428,SUV,13,5667,110,1517,40,11.2,11.41,45,92,Moderate,Medium,12,No,60,"50,001–80,000"
V06429,SUV,2,87803,99,2659,48,11.0,12.83,41,107,Good,High,12,Yes,70,"50,001–80,000"
V06430,SUV,9,166362,96,2329,21,8.6,12.11,31,74,Worn,High,1,Yes,60,"50,001–80,000"
V06431,Sedan,9,32911,89,2436,20,17.1,12.43,36,73,Worn,Medium,1,Yes,80,"80,001+"
V06432,SUV,3,191522,91,2335,34,6.1,11.33,41,100,Moderate,Medium,12,Yes,90,"80,001+"
V06433,Truck,1,38460,101,1847,22,16.8,11.51,40,62,Moderate,Medium,10,Yes,50,"25,001–50,000"
V06434,Hatchback,1,50580,95,1596,46,10.9,11.97,35,81,Worn,High,4,Yes,80,"80,001+"
V06435,Sedan,6,160770,95,2670,46,13.8,11.59,38,42,Critical,Medium,12,No,70,"50,001–80,000"
V06436,Hatchback,6,72700,86,2977,20,20.0,11.5,32,79,Critical,High,10,No,30,"10,001–25,000"
V06437,Sedan,1,59595,102,2165,42,14.4,12.96,43,38,Good,High,8,No,60,"50,001–80,000"
V06438,SUV,14,77813,109,2160,31,14.2,12.62,42,88,Good,Low,6,Yes,70,"50,001–80,000"
V06439,Truck,15,35503,97,2344,47,10.0,12.76,30,43,Critical,High,9,No,40,"25,001–50,000"
V06440,Hatchback,12,15584,102,2678,37,10.9,11.64,31,71,Good,High,6,No,50,"25,001–50,000"
V06441,Hatchback,14,88382,88,2447,35,16.8,11.62,36,98,Worn,Low,8,Yes,90,"80,001+"
V06442,Truck,4,135149,89,1891,47,12.2,11.49,38,35,Worn,Medium,4,Yes,100,"80,001+"
V06443,SUV,11,50251,99,2324,37,7.7,11.82,39,88,Critical,Medium,12,No,60,"50,001–80,000"
V06444,SUV,14,95850,86,2821,39,9.7,11.91,36,95,Critical,Medium,6,Yes,70,"50,001–80,000"
V06445,Truck,13,155462,95,2222,24,7.0,11.42,36,71,Good,High,1,Yes,50,"25,001–50,000"
V06446,SUV,2,86689,92,2084,28,10.2,11.76,31,48,Moderate,Low,4,Yes,80,"80,001+"
V06447,Truck,15,178630,89,1923,42,16.7,11.28,35,98,Good,Low,1,No,90,"80,001+"
V06448,Truck,7,121122,108,1557,50,15.8,11.89,38,51,Moderate,High,8,Yes,60,"50,001–80,000"
V06449,Truck,4,194136,100,2346,31,5.5,12.4,34,101,Moderate,Medium,1,No,100,"80,001+"
V06450,Truck,4,157271,108,2255,38,14.1,12.8,44,31,Good,High,8,Yes,60,"50,001–80,000"
V06451,Truck,4,67974,109,1631,42,5.0,12.02,43,100,Moderate,Medium,10,Yes,70,"50,001–80,000"
V06452,Sedan,1,28151,86,2793,38,18.3,11.1,41,54,Moderate,Low,11,Yes,90,"80,001+"
V06453,Hatchback,4,153861,91,1599,22,14.1,11.44,33,57,Critical,Medium,8,Yes,60,"50,001–80,000"
V06454,Hatchback,3,118781,92,2392,33,5.9,12.01,42,37,Worn,Medium,9,Yes,90,"80,001+"
V06455,SUV,12,68653,103,2490,36,14.0,12.68,32,59,Critical,Medium,1,Yes,50,"25,001–50,000"
V06456,Truck,6,135643,89,1502,46,19.2,12.91,34,101,Critical,High,3,No,60,"50,001–80,000"
V06457,Hatchback,14,166219,89,2833,49,15.0,12.06,45,75,Critical,Low,3,Yes,70,"50,001–80,000"
V06458,Truck,7,31969,88,1978,39,8.3,11.51,39,90,Good,Medium,8,No,100,"80,001+"
V06459,Truck,6,119221,96,2605,20,16.3,11.12,37,54,Good,Low,11,No,70,"50,001–80,000"
V06460,SUV,11,53675,104,2872,41,13.8,11.78,43,105,Good,Medium,5,No,70,"50,001–80,000"
V06461,SUV,15,106318,101,1754,26,10.6,12.33,31,88,Critical,High,3,No,10,"0–10,000"
V06462,SUV,13,167147,107,1616,22,18.5,11.51,37,63,Moderate,High,8,Yes,30,"10,001–25,000"
V06463,Hatchback,14,149913,105,1660,22,12.9,11.94,32,47,Moderate,Low,4,No,50,"25,001–50,000"
V06464,Sedan,4,92228,96,1932,20,9.8,12.88,34,83,Critical,High,5,No,40,"25,001–50,000"
V06465,Truck,6,136181,106,2113,49,8.4,12.34,31,43,Critical,Medium,8,Yes,60,"50,001–80,000"
V06466,Hatchback,4,158854,88,1611,30,10.5,11.54,36,85,Good,Medium,11,No,90,"80,001+"
V06467,SUV,13,77034,95,1741,45,14.2,11.59,40,84,Worn,High,1,No,70,"50,001–80,000"
V06468,Sedan,12,46428,103,1725,46,16.7,11.49,34,90,Moderate,Medium,9,Yes,60,"50,001–80,000"
V06469,SUV,4,168968,95,1962,48,5.1,11.44,39,45,Good,High,10,Yes,70,"50,001–80,000"
V06470,SUV,9,116998,95,2735,42,6.3,12.81,35,87,Good,Medium,6,No,100,"80,001+"
V06471,SUV,2,186757,101,2120,24,12.0,11.43,39,59,Critical,High,1,No,20,"10,001–25,000"
V06472,Hatchback,6,69025,85,2099,37,8.1,11.85,35,59,Good,High,9,Yes,70,"50,001–80,000"
V06473,Hatchback,6,60051,94,2496,27,14.7,12.89,45,71,Good,Low,6,Yes,80,"80,001+"
V06474,Truck,1,115468,99,2262,24,9.4,11.47,45,75,Moderate,High,5,Yes,60,"50,001–80,000"
V06475,Sedan,13,83286,85,2792,50,19.5,12.4,34,85,Good,High,4,Yes,70,"50,001–80,000"
V06476,Sedan,9,105349,102,2210,29,12.8,11.13,39,84,Good,Medium,1,No,60,"50,001–80,000"
V06477,SUV,7,75498,90,2572,42,13.9,12.96,36,39,Critical,High,6,Yes,60,"50,001–80,000"
V06478,SUV,4,165060,85,1638,31,11.3,12.28,43,107,Worn,High,8,No,80,"80,001+"
V06479,Truck,3,148002,105,1531,40,16.0,12.32,40,82,Moderate,High,12,Yes,50,"25,001–50,000"
V06480,Truck,15,78304,96,2500,29,19.7,11.31,33,101,Moderate,Low,3,Yes,70,"50,001–80,000"
V06481,Hatchback,12,128897,95,1967,39,12.1,11.84,35,90,Critical,High,9,Yes,40,"25,001–50,000"
V06482,Truck,2,25413,92,2046,41,9.2,12.6,34,106,Good,Low,5,No,100,"80,001+"
V06483,Hatchback,6,66545,95,2617,21,17.4,12.71,45,55,Good,Medium,4,No,80,"80,001+"
V06484,Truck,10,48211,91,2965,43,9.1,11.23,36,39,Critical,Medium,2,Yes,80,"80,001+"
V06485,Truck,2,116871,110,2236,45,5.5,12.8,34,78,Worn,Low,8,Yes,80,"80,001+"
V06486,Sedan,12,8884,91,1810,47,10.0,12.93,39,39,Critical,High,4,No,50,"25,001–50,000"
V06487,SUV,5,76137,106,2648,49,18.8,11.04,34,56,Moderate,Medium,4,Yes,80,"80,001+"
V06488,Hatchback,10,100769,85,1711,24,5.8,11.91,34,84,Critical,Medium,6,Yes,60,"50,001–80,000"
V06489,SUV,11,114400,93,2942,24,12.1,11.76,36,50,Moderate,Low,9,Yes,60,"50,001–80,000"
V06490,Sedan,11,155164,110,2977,45,13.5,12.39,41,45,Moderate,High,8,Yes,50,"25,001–50,000"
V06491,Hatchback,14,170221,93,2431,44,5.3,11.65,41,74,Moderate,Low,4,Yes,90,"80,001+"
V06492,SUV,1,147989,89,2010,33,17.0,11.01,37,41,Worn,Medium,6,No,100,"80,001+"
V06493,Hatchback,9,56518,106,2947,42,5.1,12.48,35,37,Critical,High,3,No,40,"25,001–50,000"
V06494,SUV,7,118694,86,2794,32,6.0,11.04,40,68,Good,High,6,Yes,80,"80,001+"
V06495,Hatchback,10,67863,101,2698,36,16.8,11.89,44,94,Moderate,Medium,5,No,80,"80,001+"
V06496,Truck,2,173079,109,1934,48,5.1,11.04,36,80,Good,High,1,Yes,60,"50,001–80,000"
V06497,Sedan,3,10222,102,2498,27,8.9,11.61,36,44,Good,Medium,6,Yes,60,"50,001–80,000"
V06498,SUV,13,185224,105,1743,44,18.7,11.41,32,54,Moderate,Low,10,No,60,"50,001–80,000"
V06499,Sedan,15,38013,103,1752,24,16.2,11.65,31,107,Good,Low,12,Yes,40,"25,001–50,000"
V06500,Hatchback,1,78747,92,1957,26,17.0,11.22,42,87,Moderate,High,9,No,50,"25,001–50,000"
V06501,SUV,8,82505,109,2768,21,5.3,12.85,36,49,Good,Medium,4,No,60,"50,001–80,000"
V06502,Truck,12,111079,99,2850,23,18.6,12.21,43,61,Critical,High,9,Yes,20,"10,001–25,000"
V06503,Hatchback,11,153676,105,1510,28,13.7,12.85,32,34,Moderate,Low,11,No,40,"25,001–50,000"
V06504,Truck,4,120711,94,1795,28,16.4,11.46,31,61,Good,High,12,Yes,50,"25,001–50,000"
V06505,Sedan,6,47325,104,1830,41,18.8,11.34,40,80,Critical,Low,3,No,60,"50,001–80,000"
V06506,Hatchback,3,99410,107,2577,22,13.0,12.55,44,52,Worn,Medium,3,No,60,"50,001–80,000"
V06507,Sedan,12,76805,98,2955,21,15.4,12.69,42,34,Critical,Medium,11,Yes,40,"25,001–50,000"
V06508,Truck,7,183358,106,2431,33,5.2,11.14,44,107,Critical,High,12,No,30,"10,001–25,000"
V06509,Truck,5,181286,94,1871,42,16.2,12.85,41,65,Moderate,Medium,7,Yes,100,"80,001+"
V06510,SUV,3,44305,92,1939,37,16.3,12.92,36,90,Good,High,8,Yes,80,"80,001+"
V06511,Hatchback,9,61990,101,1525,46,13.9,11.98,45,75,Good,High,3,Yes,60,"50,001–80,000"
V06512,SUV,13,196831,98,2074,28,5.3,11.55,42,45,Worn,Low,8,Yes,70,"50,001–80,000"
V06513,Hatchback,4,84075,88,2449,49,19.2,11.06,36,75,Moderate,Low,11,Yes,90,"80,001+"
V06514,Truck,5,188567,109,1524,34,10.6,11.65,31,66,Moderate,Low,10,No,70,"50,001–80,000"
V06515,Hatchback,7,168841,98,2794,32,17.5,11.57,33,96,Moderate,Low,4,Yes,100,"80,001+"
V06516,SUV,11,184611,89,2594,34,10.2,11.94,45,79,Critical,Medium,2,Yes,70,"50,001–80,000"
V06517,SUV,15,28295,92,2220,26,12.2,12.83,41,72,Moderate,Low,11,Yes,60,"50,001–80,000"
V06518,Truck,10,79673,85,2277,34,9.8,11.61,30,84,Good,High,6,No,80,"80,001+"
V06519,Sedan,1,152298,100,2794,34,13.3,11.75,45,76,Good,Low,4,Yes,100,"80,001+"
V06520,Truck,15,92544,92,2338,24,12.6,11.6,43,67,Critical,Low,11,No,40,"25,001–50,000"
V06521,Sedan,11,59656,99,1601,48,12.9,11.68,41,66,Critical,High,3,No,50,"25,001–50,000"
V06522,Hatchback,5,160355,100,1545,34,6.2,11.98,44,67,Critical,High,4,No,60,"50,001–80,000"
V06523,Hatchback,9,189768,106,2380,27,15.6,11.08,45,63,Worn,Low,5,Yes,60,"50,001–80,000"
V06524,Truck,8,27051,91,2789,43,12.9,11.71,39,93,Critical,High,7,No,60,"50,001–80,000"
V06525,Hatchback,7,97222,91,2831,21,13.6,12.54,42,81,Moderate,Medium,2,No,80,"80,001+"
V06526,Sedan,8,86660,99,2567,30,19.3,11.99,43,68,Critical,Low,4,No,80,"80,001+"
V06527,SUV,11,77838,97,2900,36,13.0,11.21,35,102,Worn,Medium,12,No,80,"80,001+"
V06528,Hatchback,1,117287,107,2142,32,15.3,11.46,34,86,Good,Low,3,No,80,"80,001+"
V06529,Hatchback,5,151997,105,2845,44,7.6,12.61,40,72,Good,Medium,5,Yes,80,"80,001+"
V06530,Truck,8,12263,108,1727,35,12.3,11.25,34,95,Critical,Medium,3,No,60,"50,001–80,000"
V06531,SUV,13,107601,109,2581,50,17.0,11.39,34,41,Moderate,Medium,9,No,60,"50,001–80,000"
V06532,SUV,13,73928,91,2361,44,10.1,11.14,39,39,Good,Medium,1,Yes,90,"80,001+"
V06533,Truck,1,153607,90,2032,48,5.1,11.07,30,48,Worn,High,10,Yes,70,"50,001–80,000"
V06534,Sedan,1,188745,109,2554,40,17.2,12.6,41,53,Good,Medium,9,Yes,70,"50,001–80,000"
V06535,Truck,1,106568,101,2084,44,10.5,12.76,30,95,Moderate,Medium,7,Yes,80,"80,001+"
V06536,Sedan,11,144178,86,2301,26,8.8,12.83,39,89,Worn,High,11,No,40,"25,001–50,000"
V06537,SUV,12,87688,104,1524,23,17.4,12.99,41,97,Moderate,Medium,12,No,40,"25,001–50,000"
V06538,SUV,12,58314,90,2973,40,12.6,12.68,37,46,Critical,Medium,10,No,60,"50,001–80,000"
V06539,SUV,9,39149,108,2870,40,6.0,12.58,39,59,Moderate,Medium,8,Yes,80,"80,001+"
V06540,Hatchback,6,115947,91,2931,40,6.1,11.66,39,95,Worn,Low,5,Yes,100,"80,001+"
V06541,Sedan,4,101117,91,2842,28,9.4,12.67,43,45,Moderate,High,9,Yes,50,"25,001–50,000"
V06542,Sedan,5,105025,92,2598,22,8.4,11.5,37,52,Moderate,Medium,10,Yes,70,"50,001–80,000"
V06543,Hatchback,12,105900,98,2659,42,13.7,12.21,35,65,Critical,Medium,2,Yes,70,"50,001–80,000"
V06544,Truck,3,184916,110,1851,31,6.0,11.13,38,93,Critical,High,9,No,30,"10,001–25,000"
V06545,Truck,13,109409,94,1931,26,17.0,11.5,33,86,Worn,High,7,Yes,50,"25,001–50,000"
V06546,Sedan,7,65123,85,2354,22,12.1,11.12,35,71,Critical,High,10,Yes,30,"10,001–25,000"
V06547,Hatchback,5,155702,99,2918,27,10.8,12.66,37,94,Good,High,10,No,50,"25,001–50,000"
V06548,Truck,7,85482,103,2373,30,13.5,11.53,41,77,Good,High,2,No,60,"50,001–80,000"
V06549,Truck,15,35050,109,1680,44,11.2,11.21,40,45,Critical,High,7,No,30,"10,001–25,000"
V06550,SUV,2,13248,102,2509,36,13.4,12.78,32,67,Worn,Low,8,No,80,"80,001+"
V06551,Hatchback,9,170180,94,2311,46,11.0,11.79,36,45,Good,High,4,Yes,80,"80,001+"
V06552,SUV,12,162969,97,2756,37,17.6,12.83,32,71,Good,High,5,No,70,"50,001–80,000"
V06553,Truck,4,81165,103,2236,43,15.7,11.75,41,76,Good,Medium,5,Yes,80,"80,001+"
V06554,SUV,2,81293,97,2239,20,15.7,11.65,38,30,Worn,High,4,No,60,"50,001–80,000"
V06555,SUV,2,176823,86,2896,41,10.0,12.31,34,30,Critical,High,10,Yes,50,"25,001–50,000"
V06556,Sedan,13,21439,91,2577,36,9.7,11.65,44,50,Good,High,3,Yes,70,"50,001–80,000"
V06557,SUV,9,12697,98,2672,23,9.7,11.62,41,62,Critical,Medium,3,No,60,"50,001–80,000"
V06558,Sedan,14,45733,92,2154,43,12.4,11.1,41,52,Worn,High,2,Yes,70,"50,001–80,000"
V06559,SUV,8,118553,96,2482,40,17.2,12.57,34,104,Moderate,Low,6,No,100,"80,001+"
V06560,SUV,12,87254,109,2407,24,19.5,12.64,31,45,Critical,High,6,Yes,10,"0–10,000"
V06561,Truck,12,111178,93,2617,37,17.2,12.06,41,45,Worn,Medium,5,No,90,"80,001+"
V06562,Sedan,5,63029,92,1703,30,16.1,11.83,43,82,Moderate,Medium,7,Yes,100,"80,001+"
V06563,Sedan,5,196641,104,1628,28,18.8,11.38,32,68,Good,High,5,No,40,"25,001–50,000"
V06564,Hatchback,6,123487,104,1566,36,19.3,12.11,43,54,Moderate,Low,11,No,70,"50,001–80,000"
V06565,Hatchback,6,87137,88,1712,37,6.8,12.63,33,97,Worn,Low,5,Yes,100,"80,001+"
V06566,SUV,3,51397,106,2523,39,11.0,12.24,44,82,Moderate,Medium,6,Yes,80,"80,001+"
V06567,SUV,3,194180,89,2376,50,13.4,12.51,38,107,Critical,Low,8,No,80,"80,001+"
V06568,Hatchback,3,89562,102,2112,32,18.3,12.93,37,88,Worn,High,11,No,50,"25,001–50,000"
V06569,SUV,2,92513,106,2967,41,11.5,11.84,32,101,Good,Medium,2,Yes,80,"80,001+"
V06570,Hatchback,10,11396,104,2554,29,16.6,12.44,45,74,Critical,Low,1,Yes,40,"25,001–50,000"
V06571,SUV,3,59083,94,2808,33,12.6,11.66,39,92,Critical,Low,6,Yes,80,"80,001+"
V06572,SUV,13,172514,100,2691,44,20.0,11.76,30,71,Good,Low,7,Yes,90,"80,001+"
V06573,Truck,12,178557,101,2333,22,5.8,11.74,44,72,Good,Low,3,Yes,50,"25,001–50,000"
V06574,Truck,12,82741,89,1972,39,18.5,11.16,41,56,Moderate,Medium,11,No,80,"80,001+"
V06575,SUV,10,68501,108,2884,40,6.8,11.34,38,83,Critical,High,4,No,40,"25,001–50,000"
V06576,SUV,2,35771,100,1825,47,13.6,12.58,41,56,Moderate,Medium,11,Yes,90,"80,001+"
V06577,Truck,9,118672,105,1755,23,18.0,12.83,37,78,Good,Medium,6,Yes,60,"50,001–80,000"
V06578,Truck,7,185491,107,2872,26,13.1,12.97,45,34,Worn,Medium,5,No,60,"50,001–80,000"
V06579,Hatchback,5,172340,103,2657,35,15.3,11.02,41,63,Moderate,Low,10,No,70,"50,001–80,000"
V06580,Hatchback,4,63809,98,2262,21,5.6,11.79,32,67,Critical,High,2,No,40,"25,001–50,000"
V06581,SUV,15,137456,89,2728,46,11.9,11.83,38,63,Worn,High,7,No,70,"50,001–80,000"
V06582,Truck,10,23846,110,1708,49,8.2,11.24,38,95,Good,High,12,No,50,"25,001–50,000"
V06583,Sedan,5,56169,100,1910,32,18.4,11.95,33,57,Worn,Low,7,No,100,"80,001+"
V06584,Hatchback,4,197205,87,1659,23,6.6,11.66,33,100,Good,Low,2,No,80,"80,001+"
V06585,Truck,7,195377,91,2703,38,17.1,11.49,38,36,Critical,High,1,No,60,"50,001–80,000"
V06586,SUV,9,74940,91,2984,42,15.5,11.1,38,76,Good,Low,5,Yes,100,"80,001+"
V06587,Sedan,4,87737,92,1717,35,6.4,11.68,43,104,Good,High,7,Yes,80,"80,001+"
V06588,Truck,5,69693,86,1665,45,6.9,12.59,42,58,Moderate,Low,8,Yes,100,"80,001+"
V06589,Truck,7,146467,103,2373,31,10.0,11.27,36,88,Good,High,6,Yes,60,"50,001–80,000"
V06590,Hatchback,6,121272,95,2014,24,7.5,11.05,44,34,Critical,Medium,12,No,50,"25,001–50,000"
V06591,Hatchback,13,191245,95,1870,31,5.3,12.64,43,82,Moderate,High,11,Yes,60,"50,001–80,000"
V06592,Sedan,11,52614,101,1861,41,12.8,11.2,38,84,Moderate,Low,3,No,70,"50,001–80,000"
V06593,Hatchback,3,187720,86,2939,44,15.8,11.87,33,47,Worn,High,4,Yes,80,"80,001+"
V06594,Sedan,5,12887,92,2989,21,12.0,11.18,32,55,Critical,Low,1,Yes,60,"50,001–80,000"
V06595,SUV,15,19254,90,2301,32,13.8,11.55,36,70,Worn,Medium,8,Yes,90,"80,001+"
V06596,SUV,11,193659,107,1527,29,15.1,11.59,44,106,Worn,Medium,1,Yes,50,"25,001–50,000"
V06597,Sedan,8,103548,105,2427,27,13.1,11.83,40,55,Moderate,Medium,6,Yes,60,"50,001–80,000"
V06598,Sedan,13,134769,103,2591,24,12.1,12.27,32,42,Moderate,High,7,Yes,30,"10,001–25,000"
V06599,Truck,10,19759,101,1632,26,12.4,11.27,37,83,Worn,Low,9,Yes,50,"25,001–50,000"
V06600,Truck,2,14669,101,2607,25,11.2,12.82,43,68,Good,Medium,12,Yes,50,"25,001–50,000"
V06601,Sedan,9,156752,89,1620,41,19.9,11.45,42,92,Good,Low,1,No,100,"80,001+"
V06602,Truck,3,147658,107,1761,36,19.5,11.54,36,33,Moderate,Low,11,Yes,70,"50,001–80,000"
V06603,Sedan,9,89419,88,1756,49,9.9,11.86,31,87,Good,Low,6,No,100,"80,001+"
V06604,Hatchback,7,165119,87,2862,43,7.1,11.31,34,72,Good,Medium,9,Yes,90,"80,001+"
V06605,Hatchback,8,39085,88,2881,21,11.4,12.77,32,106,Critical,High,8,No,40,"25,001–50,000"
V06606,Hatchback,12,19446,96,2767,45,19.2,12.8,43,41,Moderate,High,1,Yes,70,"50,001–80,000"
V06607,Hatchback,9,124211,106,1975,24,17.5,11.02,35,71,Good,Low,4,Yes,60,"50,001–80,000"
V06608,Truck,4,176263,106,1728,50,18.9,11.17,35,49,Good,Medium,1,Yes,80,"80,001+"
V06609,Hatchback,8,150202,108,1979,43,7.2,12.59,30,70,Good,Medium,2,Yes,80,"80,001+"
V06610,Hatchback,13,46795,85,2582,35,7.4,11.36,36,88,Good,Medium,2,No,90,"80,001+"
V06611,Hatchback,9,169235,103,2086,37,10.0,12.22,39,63,Good,Low,8,No,80,"80,001+"
V06612,Sedan,11,175864,92,2710,34,5.3,11.35,30,47,Moderate,Low,9,Yes,80,"80,001+"
V06613,Truck,1,195562,88,2353,42,17.7,11.88,38,83,Moderate,High,11,Yes,70,"50,001–80,000"
V06614,Hatchback,4,38641,101,2492,34,13.6,12.46,45,75,Critical,Low,6,No,60,"50,001–80,000"
V06615,Hatchback,15,81076,92,2657,27,18.3,12.24,37,72,Worn,High,1,No,50,"25,001–50,000"
V06616,SUV,8,187911,108,2758,39,18.6,12.37,35,59,Worn,High,5,Yes,60,"50,001–80,000"
V06617,SUV,5,64093,110,2383,48,10.7,12.52,45,31,Good,Medium,9,Yes,70,"50,001–80,000"
V06618,Sedan,9,28087,90,1889,31,10.2,11.11,32,86,Moderate,Low,8,No,100,"80,001+"
V06619,Hatchback,15,85259,98,2295,45,19.9,12.58,30,49,Worn,High,8,Yes,70,"50,001–80,000"
V06620,Truck,11,116187,104,2775,42,6.8,11.62,44,86,Worn,Medium,1,Yes,70,"50,001–80,000"
V06621,SUV,10,188089,85,1775,27,15.3,11.71,32,85,Moderate,Low,8,No,80,"80,001+"
V06622,Sedan,4,77520,95,1778,49,13.4,12.01,41,82,Good,High,12,No,70,"50,001–80,000"
V06623,Sedan,6,74511,90,2447,50,6.0,11.4,42,83,Worn,Medium,2,Yes,100,"80,001+"
V06624,Hatchback,12,132430,108,2465,41,5.7,12.96,32,47,Moderate,High,7,Yes,50,"25,001–50,000"
V06625,Hatchback,3,44131,109,1923,29,19.7,11.99,41,46,Worn,Medium,9,Yes,50,"25,001–50,000"
V06626,SUV,4,39861,96,1533,35,10.2,12.22,37,97,Good,Medium,8,No,100,"80,001+"
V06627,Hatchback,5,182992,86,1774,21,8.8,11.01,41,67,Good,Low,9,Yes,70,"50,001–80,000"
V06628,Truck,12,192244,99,2986,23,18.5,11.82,40,60,Worn,Low,4,Yes,70,"50,001–80,000"
V06629,Sedan,6,56585,106,1573,28,14.9,11.73,35,107,Moderate,Low,2,No,60,"50,001–80,000"
V06630,SUV,7,66910,109,1990,45,9.7,11.37,42,37,Worn,Medium,3,Yes,80,"80,001+"
V06631,SUV,14,155075,92,1931,24,14.2,12.94,30,78,Critical,Medium,4,Yes,50,"25,001–50,000"
V06632,SUV,4,114100,88,1817,20,19.7,11.92,44,45,Moderate,Medium,4,No,80,"80,001+"
V06633,SUV,3,180030,95,1827,38,19.9,12.35,34,55,Critical,Low,8,Yes,80,"80,001+"
V06634,Hatchback,8,82536,88,2760,36,9.5,11.23,44,88,Critical,Medium,12,Yes,70,"50,001–80,000"
V06635,Sedan,12,194171,100,2173,48,8.6,11.03,40,85,Good,Medium,5,Yes,90,"80,001+"
V06636,Hatchback,9,105413,88,1954,47,6.3,12.51,38,86,Worn,Low,12,Yes,90,"80,001+"
V06637,Sedan,4,130643,110,1862,37,12.5,12.46,32,107,Moderate,Medium,3,No,80,"80,001+"
V06638,Sedan,6,50176,91,1616,26,16.2,11.69,31,65,Worn,High,5,Yes,60,"50,001–80,000"
V06639,Truck,4,36724,85,1509,31,10.6,11.5,35,109,Critical,High,10,Yes,50,"25,001–50,000"
V06640,Truck,12,16178,105,2121,49,12.0,11.82,41,77,Good,Medium,10,No,60,"50,001–80,000"
V06641,Sedan,8,65284,108,2716,24,18.5,11.63,40,36,Critical,Medium,6,No,40,"25,001–50,000"
V06642,SUV,4,128230,107,1675,48,7.8,12.43,37,104,Good,High,9,Yes,50,"25,001–50,000"
V06643,Hatchback,5,20467,108,2918,23,18.0,11.28,40,89,Worn,Medium,2,Yes,60,"50,001–80,000"
V06644,Truck,1,103898,87,2743,50,16.9,12.87,42,83,Critical,High,2,No,60,"50,001–80,000"
V06645,Sedan,15,70012,103,2110,32,13.6,12.69,35,107,Good,High,4,No,50,"25,001–50,000"
V06646,Sedan,9,162483,97,1836,49,11.3,11.98,38,72,Moderate,Low,4,No,100,"80,001+"
V06647,Truck,9,68193,96,1855,21,17.0,11.98,45,71,Worn,High,4,Yes,60,"50,001–80,000"
V06648,Truck,14,156013,105,1591,26,14.3,11.69,31,58,Worn,Medium,11,Yes,40,"25,001–50,000"
V06649,Sedan,4,18616,101,2356,26,11.4,11.15,34,66,Moderate,High,3,Yes,40,"25,001–50,000"
V06650,Sedan,4,57464,101,2889,23,10.5,11.59,41,63,Good,Medium,1,Yes,60,"50,001–80,000"
V06651,Hatchback,14,80500,107,2621,44,16.7,11.04,41,69,Moderate,High,12,No,40,"25,001–50,000"
V06652,Hatchback,12,124947,110,1970,41,8.5,12.3,42,46,Worn,Medium,10,No,60,"50,001–80,000"
V06653,Truck,8,96651,110,2979,42,9.0,12.07,45,83,Moderate,Medium,11,No,70,"50,001–80,000"
V06654,Hatchback,12,163032,106,2050,33,6.3,11.0,32,40,Critical,High,8,Yes,30,"10,001–25,000"
V06655,Truck,10,79358,95,2314,21,19.1,12.78,32,100,Critical,High,3,No,40,"25,001–50,000"
V06656,Sedan,3,61524,86,2405,25,7.0,11.75,31,43,Critical,Medium,9,Yes,50,"25,001–50,000"
V06657,Sedan,10,100134,100,2043,34,14.1,12.42,40,107,Critical,High,4,No,60,"50,001–80,000"
V06658,Sedan,11,112978,110,2198,35,7.3,12.05,38,105,Good,Medium,5,Yes,70,"50,001–80,000"
V06659,Truck,9,82890,89,2119,27,6.0,11.43,41,85,Worn,Medium,6,Yes,80,"80,001+"
V06660,SUV,4,173340,109,2993,34,5.2,11.94,33,99,Good,Low,12,Yes,70,"50,001–80,000"
V06661,Hatchback,12,30957,85,2662,37,14.3,11.4,30,31,Moderate,Medium,5,No,90,"80,001+"
V06662,Truck,7,94482,103,1989,22,8.8,12.54,32,90,Good,High,7,Yes,40,"25,001–50,000"
V06663,Hatchback,3,159440,96,2369,35,5.1,12.77,42,74,Good,Low,9,No,90,"80,001+"
V06664,Truck,4,21618,94,1537,36,9.9,12.07,36,76,Worn,High,9,No,70,"50,001–80,000"
V06665,Sedan,12,121048,92,1985,50,9.8,12.94,39,48,Moderate,Low,4,No,90,"80,001+"
V06666,SUV,15,19544,93,1874,38,16.6,12.58,34,93,Good,Medium,2,No,90,"80,001+"
V06667,Sedan,7,152420,102,2870,28,17.5,11.14,40,66,Good,Medium,9,Yes,50,"25,001–50,000"
V06668,Sedan,11,164643,94,2321,26,7.9,11.32,37,82,Worn,High,7,Yes,50,"25,001–50,000"
V06669,SUV,9,58419,104,1843,27,9.7,11.92,45,53,Good,Low,12,No,50,"25,001–50,000"
V06670,Hatchback,10,96508,88,2826,26,14.6,11.06,41,40,Critical,High,10,No,30,"10,001–25,000"
V06671,Truck,2,161470,106,2042,49,8.5,11.12,38,54,Critical,Medium,11,Yes,50,"25,001–50,000"
V06672,Truck,11,130480,107,2994,43,16.7,12.28,45,84,Good,High,1,Yes,50,"25,001–50,000"
V06673,Truck,2,16900,96,2054,29,11.8,12.51,38,90,Worn,Low,5,No,80,"80,001+"
V06674,Sedan,6,58615,101,1798,45,14.3,12.61,44,42,Good,Medium,5,No,80,"80,001+"
V06675,SUV,7,145704,88,2501,46,6.1,11.82,33,44,Moderate,High,8,No,80,"80,001+"
V06676,Sedan,6,159228,99,2723,40,19.3,11.43,31,75,Moderate,Medium,5,Yes,100,"80,001+"
V06677,Truck,9,65560,86,2133,49,17.9,11.59,42,38,Worn,High,3,No,80,"80,001+"
V06678,Truck,9,144067,106,2699,45,16.3,11.35,31,109,Good,Medium,10,No,70,"50,001–80,000"
V06679,Truck,12,35554,96,1739,22,6.7,11.15,36,99,Critical,High,11,No,20,"10,001–25,000"
V06680,Truck,15,29191,85,2411,50,13.5,12.81,30,73,Critical,Low,7,No,70,"50,001–80,000"
V06681,SUV,13,176685,100,1785,30,13.6,12.89,45,71,Moderate,Low,5,Yes,90,"80,001+"
V06682,Truck,5,159008,109,2161,42,17.7,12.93,34,34,Critical,Medium,7,Yes,60,"50,001–80,000"
V06683,Sedan,5,129947,85,2728,46,5.1,11.78,44,88,Worn,Medium,3,No,100,"80,001+"
V06684,Hatchback,5,86275,87,2868,41,5.1,11.2,41,52,Critical,High,9,Yes,50,"25,001–50,000"
V06685,SUV,6,153619,105,1934,27,15.4,12.74,42,41,Moderate,High,9,No,30,"10,001–25,000"
V06686,Hatchback,7,54455,101,1866,20,7.1,11.97,44,56,Moderate,Medium,5,No,60,"50,001–80,000"
V06687,Truck,10,194319,109,2923,27,16.1,12.25,37,80,Moderate,High,7,Yes,40,"25,001–50,000"
V06688,SUV,7,194138,103,2279,47,11.0,12.49,43,39,Critical,Low,6,No,60,"50,001–80,000"
V06689,Sedan,11,56997,97,1718,24,16.1,11.97,37,34,Good,High,8,No,50,"25,001–50,000"
V06690,SUV,8,11108,85,2487,20,13.2,11.76,31,52,Worn,Low,12,No,70,"50,001–80,000"
V06691,Truck,3,150441,87,2114,21,8.5,11.58,32,59,Worn,High,2,Yes,60,"50,001–80,000"
V06692,Hatchback,1,21333,100,2025,26,7.6,12.62,42,72,Critical,Medium,7,No,60,"50,001–80,000"
V06693,SUV,12,46819,106,2621,28,14.0,11.14,42,45,Moderate,Low,4,No,50,"25,001–50,000"
V06694,Truck,13,169232,87,2510,34,12.9,11.79,36,84,Worn,Medium,3,No,90,"80,001+"
V06695,Hatchback,13,60501,110,1984,44,7.5,11.98,32,99,Critical,Medium,2,No,50,"25,001–50,000"
V06696,Truck,1,48519,103,2753,41,19.2,12.65,38,47,Moderate,High,6,No,60,"50,001–80,000"
V06697,Truck,8,91827,93,2996,39,8.1,11.2,30,32,Moderate,High,6,No,80,"80,001+"
V06698,Sedan,9,194511,89,1860,20,19.8,11.21,45,68,Worn,Medium,3,Yes,80,"80,001+"
V06699,Truck,6,166778,106,2535,32,9.1,12.97,43,106,Moderate,High,8,Yes,60,"50,001–80,000"
V06700,Hatchback,13,143224,97,2354,38,7.6,11.13,36,62,Worn,High,11,No,60,"50,001–80,000"
V06701,Sedan,9,40172,88,2611,36,18.0,11.18,42,105,Good,Medium,3,No,100,"80,001+"
V06702,Hatchback,3,76056,88,2404,25,18.3,11.79,41,75,Moderate,High,4,Yes,60,"50,001–80,000"
V06703,SUV,9,155312,98,2640,21,9.2,12.52,40,81,Critical,Low,11,No,50,"25,001–50,000"
V06704,SUV,4,146076,95,2736,47,13.2,12.28,35,103,Moderate,Low,4,Yes,100,"80,001+"
V06705,SUV,9,76966,99,2876,48,14.5,11.95,30,76,Good,High,1,No,80,"80,001+"
V06706,Truck,14,119158,90,2363,39,11.4,11.14,34,52,Critical,Low,2,No,70,"50,001–80,000"
V06707,Hatchback,3,154792,89,2152,49,12.9,11.02,38,105,Good,Medium,1,No,100,"80,001+"
V06708,Sedan,7,48594,85,1747,32,17.1,12.1,36,72,Critical,Low,3,Yes,80,"80,001+"
V06709,Truck,1,175947,87,1655,37,19.7,12.29,30,83,Worn,Medium,8,No,100,"80,001+"
V06710,Hatchback,13,121464,92,1868,49,8.5,12.15,43,73,Moderate,Low,7,Yes,90,"80,001+"
V06711,Sedan,14,35164,100,1895,29,15.8,11.08,40,44,Worn,Low,10,No,60,"50,001–80,000"
V06712,SUV,4,101426,106,2893,41,5.2,12.65,41,73,Good,Low,6,Yes,80,"80,001+"
V06713,SUV,14,172288,93,1787,24,15.6,12.5,32,74,Moderate,High,3,Yes,50,"25,001–50,000"
V06714,Sedan,11,126075,98,2917,27,8.4,12.84,38,96,Worn,High,11,Yes,40,"25,001–50,000"
V06715,Truck,13,151005,96,2617,50,15.1,12.06,40,34,Worn,High,8,Yes,70,"50,001–80,000"
V06716,Truck,13,78415,92,2188,45,13.6,12.21,30,37,Critical,High,1,No,50,"25,001–50,000"
V06717,SUV,13,30804,93,1866,37,9.1,11.45,41,52,Worn,Medium,8,Yes,90,"80,001+"
V06718,Hatchback,1,13670,87,2207,41,15.9,12.53,39,88,Good,Low,6,No,100,"80,001+"
V06719,Truck,8,37792,93,2527,44,11.4,11.71,40,53,Moderate,High,1,No,80,"80,001+"
V06720,SUV,7,39232,86,2485,30,15.3,12.41,37,62,Good,Medium,10,No,90,"80,001+"
V06721,Hatchback,4,141665,101,2488,33,10.5,12.78,43,67,Worn,Low,7,Yes,80,"80,001+"
V06722,SUV,13,19027,89,1812,24,11.9,11.13,40,92,Critical,High,4,No,30,"10,001–25,000"
V06723,Hatchback,8,130099,110,1869,44,18.7,11.36,37,91,Good,High,6,No,60,"50,001–80,000"
V06724,Truck,3,171765,97,1620,25,19.7,11.74,45,108,Critical,High,1,No,40,"25,001–50,000"
V06725,SUV,13,125671,110,2375,44,14.0,12.19,36,82,Moderate,Medium,8,No,70,"50,001–80,000"
V06726,Sedan,14,124325,88,1623,27,15.4,11.77,39,37,Moderate,Medium,12,Yes,60,"50,001–80,000"
V06727,Truck,8,67869,100,1712,34,8.4,11.41,32,37,Good,Medium,10,No,90,"80,001+"
V06728,Sedan,15,128003,90,1559,21,7.8,12.93,36,62,Moderate,Low,8,Yes,70,"50,001–80,000"
V06729,Sedan,9,73960,110,2087,44,12.9,12.18,34,41,Critical,Medium,3,No,60,"50,001–80,000"
V06730,Hatchback,3,83592,96,2534,25,12.8,11.76,33,47,Critical,Low,7,No,60,"50,001–80,000"
V06731,Sedan,8,93390,110,2461,37,10.8,11.5,33,48,Moderate,Medium,9,Yes,70,"50,001–80,000"
V06732,SUV,15,121493,99,2605,29,5.7,12.81,35,46,Critical,High,7,No,30,"10,001–25,000"
V06733,Truck,2,183854,94,2983,30,16.5,12.43,32,40,Moderate,Low,9,No,90,"80,001+"
V06734,Truck,4,85064,105,2008,50,9.7,11.63,42,45,Moderate,High,9,Yes,50,"25,001–50,000"
V06735,Sedan,10,102987,94,1728,25,10.9,12.98,35,36,Moderate,Medium,12,Yes,70,"50,001–80,000"
V06736,SUV,3,100114,107,1612,33,13.3,11.93,37,82,Good,Low,9,No,70,"50,001–80,000"
V06737,Truck,14,20875,95,2808,31,6.1,12.77,45,79,Worn,High,6,No,70,"50,001–80,000"
V06738,Sedan,13,12462,87,1867,29,11.0,11.17,33,93,Worn,Low,2,Yes,70,"50,001–80,000"
V06739,Sedan,11,196667,100,1703,22,9.6,12.56,37,54,Critical,Low,10,No,40,"25,001–50,000"
V06740,Hatchback,5,156950,94,2512,36,18.3,11.08,31,41,Moderate,Medium,8,No,100,"80,001+"
V06741,Sedan,9,18168,105,2169,29,18.5,11.25,44,87,Worn,Medium,12,No,50,"25,001–50,000"
V06742,Truck,4,162632,109,1710,47,7.7,11.94,44,62,Good,High,6,No,60,"50,001–80,000"
V06743,SUV,4,109865,107,2251,47,18.6,12.62,35,101,Critical,Low,4,No,60,"50,001–80,000"
V06744,Truck,12,75631,99,2166,37,15.0,12.78,45,72,Good,High,3,Yes,70,"50,001–80,000"
V06745,Hatchback,11,116733,108,1746,45,19.2,12.7,36,107,Worn,High,9,Yes,40,"25,001–50,000"
V06746,Truck,9,67503,85,2007,34,13.2,12.75,33,73,Moderate,High,1,Yes,80,"80,001+"
V06747,Truck,8,155182,87,2847,44,19.6,11.37,36,52,Good,High,9,Yes,70,"50,001–80,000"
V06748,Sedan,11,72217,96,1732,48,7.3,11.78,32,89,Worn,Medium,3,Yes,90,"80,001+"
V06749,Sedan,1,67995,106,2457,28,9.2,12.2,41,65,Critical,Low,6,No,40,"25,001–50,000"
V06750,Hatchback,4,34668,86,2067,40,5.8,12.38,39,67,Moderate,Medium,1,No,100,"80,001+"
V06751,Sedan,12,59414,90,2455,41,7.3,12.07,44,84,Worn,Medium,9,Yes,80,"80,001+"
V06752,SUV,10,182197,108,2190,31,6.6,12.25,43,100,Critical,Low,6,Yes,60,"50,001–80,000"
V06753,Truck,6,174198,109,2034,45,19.6,11.83,43,87,Critical,Low,10,No,50,"25,001–50,000"
V06754,Truck,6,17643,95,1619,23,17.6,11.07,45,79,Good,Medium,10,No,70,"50,001–80,000"
V06755,SUV,8,178726,104,2297,33,10.4,12.82,42,99,Good,Low,5,No,80,"80,001+"
V06756,SUV,11,94873,90,2067,38,9.1,11.17,38,83,Worn,Low,12,No,80,"80,001+"
V06757,Truck,15,118124,90,2283,43,9.5,12.84,43,110,Moderate,Medium,1,Yes,90,"80,001+"
V06758,SUV,15,196900,93,1745,37,12.4,11.8,42,60,Critical,Low,4,Yes,70,"50,001–80,000"
V06759,SUV,9,67717,89,1724,35,9.4,11.9,43,39,Good,Medium,9,Yes,90,"80,001+"
V06760,Hatchback,4,169524,100,1598,27,13.8,11.24,38,109,Moderate,Medium,11,Yes,70,"50,001–80,000"
V06761,Hatchback,4,37056,86,2970,23,19.0,12.35,37,48,Moderate,Low,8,Yes,80,"80,001+"
V06762,Hatchback,12,74904,95,2289,43,13.7,11.47,35,96,Moderate,Low,7,Yes,90,"80,001+"
V06763,Sedan,1,25010,105,2632,26,5.0,12.32,32,46,Good,Medium,11,Yes,50,"25,001–50,000"
V06764,Sedan,5,72751,99,2280,25,19.6,11.71,39,100,Good,Low,1,Yes,80,"80,001+"
V06765,Hatchback,15,181937,87,1515,32,9.6,11.7,37,95,Moderate,Medium,7,No,90,"80,001+"
V06766,Sedan,1,149674,86,2632,37,9.5,11.25,30,107,Good,Medium,5,Yes,100,"80,001+"
V06767,SUV,4,170418,90,1576,34,11.2,12.14,31,49,Worn,Low,12,No,90,"80,001+"
V06768,Truck,1,8331,105,2800,32,20.0,12.35,45,86,Worn,High,9,No,50,"25,001–50,000"
V06769,Hatchback,4,157730,97,2517,50,9.4,11.2,32,36,Critical,Medium,8,No,80,"80,001+"
V06770,Sedan,4,169218,99,2416,32,7.1,12.22,35,77,Moderate,High,3,No,80,"80,001+"
V06771,Sedan,10,72329,105,2130,28,9.9,11.68,31,47,Worn,Medium,8,No,60,"50,001–80,000"
V06772,Sedan,12,9597,89,2602,30,6.9,11.84,31,108,Worn,Low,11,No,80,"80,001+"
V06773,SUV,14,50595,101,2707,43,10.1,12.55,35,88,Worn,Medium,3,No,70,"50,001–80,000"
V06774,Hatchback,11,18395,110,2315,24,8.5,12.9,42,69,Moderate,Low,8,Yes,50,"25,001–50,000"
V06775,SUV,8,103133,88,1764,49,10.9,12.11,36,62,Worn,High,4,Yes,80,"80,001+"
V06776,Truck,3,190074,89,2441,22,13.9,11.49,45,50,Good,Medium,7,No,80,"80,001+"
V06777,Sedan,12,87837,104,2652,43,13.6,11.24,40,47,Good,High,5,No,50,"25,001–50,000"
V06778,Sedan,11,80219,103,1693,22,16.6,11.49,42,77,Worn,Medium,11,Yes,40,"25,001–50,000"
V06779,SUV,13,9664,87,2522,34,16.5,11.78,39,104,Moderate,Low,9,No,80,"80,001+"
V06780,Sedan,6,35380,104,1781,38,18.5,12.88,34,107,Worn,Low,5,Yes,80,"80,001+"
V06781,Truck,5,124242,100,1776,43,17.4,12.56,41,105,Moderate,Medium,7,No,100,"80,001+"
V06782,Sedan,3,97178,106,2907,31,14.3,12.29,33,62,Moderate,High,5,No,60,"50,001–80,000"
V06783,SUV,12,37862,93,2012,23,9.6,11.07,40,94,Worn,High,10,No,40,"25,001–50,000"
V06784,Sedan,2,143468,89,1905,43,14.0,12.11,43,40,Good,Medium,3,Yes,100,"80,001+"
V06785,SUV,3,69320,103,2261,43,10.0,11.72,44,108,Good,Medium,4,No,80,"80,001+"
V06786,Sedan,8,43003,100,2085,24,12.7,12.17,39,47,Good,Medium,11,No,70,"50,001–80,000"
V06787,Hatchback,14,85893,86,1602,23,5.7,11.55,32,78,Good,Low,11,No,60,"50,001–80,000"
V06788,Truck,4,102706,108,2173,25,15.3,11.9,38,75,Moderate,Medium,2,No,60,"50,001–80,000"
V06789,Hatchback,10,137998,109,2662,34,9.3,12.0,43,83,Moderate,Low,5,No,80,"80,001+"
V06790,SUV,14,186097,105,1761,46,12.2,12.03,41,90,Critical,Low,7,Yes,50,"25,001–50,000"
V06791,Truck,14,52905,100,1692,42,18.6,11.47,38,52,Moderate,High,11,Yes,60,"50,001–80,000"
V06792,Truck,14,146092,107,2197,50,7.6,12.36,45,42,Good,Medium,1,No,70,"50,001–80,000"
V06793,SUV,2,58456,95,2821,42,16.1,11.81,30,36,Moderate,High,5,No,80,"80,001+"
V06794,Sedan,6,148826,96,2550,36,8.3,11.38,42,42,Good,Low,11,Yes,90,"80,001+"
V06795,Sedan,15,198143,99,2898,39,18.8,11.4,36,42,Good,Medium,8,No,90,"80,001+"
V06796,SUV,4,57330,90,2308,43,7.5,12.06,42,103,Good,Medium,4,Yes,100,"80,001+"
V06797,Sedan,7,194306,91,1796,42,9.0,12.24,35,92,Worn,Medium,8,No,100,"80,001+"
V06798,SUV,14,27116,102,2308,29,16.5,12.45,34,94,Good,Low,12,Yes,40,"25,001–50,000"
V06799,Sedan,1,112132,98,2301,38,10.3,11.79,39,52,Good,Low,7,Yes,100,"80,001+"
V06800,SUV,2,26985,101,2103,47,12.7,12.61,43,52,Critical,Medium,7,Yes,60,"50,001–80,000"
V06801,Hatchback,3,66403,106,1918,24,9.9,11.73,34,72,Critical,Medium,10,Yes,30,"10,001–25,000"
V06802,Sedan,3,160041,109,2143,24,17.4,12.46,35,86,Moderate,Medium,12,Yes,50,"25,001–50,000"
V06803,Hatchback,10,185054,95,1928,49,8.5,12.29,39,68,Moderate,High,5,No,80,"80,001+"
V06804,Hatchback,4,112600,105,1551,27,19.2,12.78,38,88,Worn,Medium,1,Yes,60,"50,001–80,000"
V06805,Sedan,2,151085,85,2041,30,8.8,11.02,42,56,Critical,High,8,No,60,"50,001–80,000"
V06806,Hatchback,11,181872,91,2628,48,6.6,11.15,44,53,Critical,Low,6,No,70,"50,001–80,000"
V06807,Truck,13,175442,102,2769,29,8.6,12.76,35,49,Worn,High,4,No,30,"10,001–25,000"
V06808,Hatchback,14,59923,85,2848,24,19.5,11.82,41,45,Worn,Low,6,No,70,"50,001–80,000"
V06809,Truck,10,139262,103,1504,44,9.9,12.9,43,100,Worn,Low,9,No,70,"50,001–80,000"
V06810,Sedan,2,94478,98,2430,42,5.9,12.82,32,72,Moderate,Low,11,Yes,90,"80,001+"
V06811,Hatchback,8,106564,85,2118,33,12.9,12.42,40,42,Worn,High,8,Yes,80,"80,001+"
V06812,Truck,5,191962,106,2140,36,6.0,12.03,42,68,Good,Medium,5,No,80,"80,001+"
V06813,Hatchback,12,86508,98,2744,32,5.1,12.45,38,103,Good,Low,8,Yes,90,"80,001+"
V06814,SUV,13,37529,106,2621,35,14.9,12.89,35,90,Worn,Low,3,Yes,70,"50,001–80,000"
V06815,Truck,11,141334,85,2584,20,9.7,11.04,44,106,Critical,Medium,4,Yes,50,"25,001–50,000"
V06816,SUV,7,175279,86,2174,23,13.1,11.43,35,110,Worn,High,10,No,50,"25,001–50,000"
V06817,Hatchback,4,100634,104,1546,26,19.2,11.87,37,67,Worn,Low,8,Yes,60,"50,001–80,000"
V06818,Sedan,11,176557,86,2697,27,13.2,12.9,45,88,Worn,Medium,1,No,70,"50,001–80,000"
V06819,Sedan,3,180290,89,2710,40,19.8,11.14,40,37,Worn,Medium,9,Yes,90,"80,001+"
V06820,Sedan,6,199485,89,2835,22,19.3,11.38,34,61,Critical,Low,10,Yes,50,"25,001–50,000"
V06821,Hatchback,12,84412,98,2601,28,14.8,11.99,41,58,Critical,Low,9,No,40,"25,001–50,000"
V06822,Sedan,14,79697,96,1768,39,17.7,11.66,32,73,Critical,Medium,3,No,70,"50,001–80,000"
V06823,Hatchback,11,122529,85,2015,43,13.8,12.72,33,45,Critical,Medium,1,Yes,70,"50,001–80,000"
V06824,Sedan,12,105945,109,1825,24,8.4,11.18,41,106,Critical,Low,10,Yes,20,"10,001–25,000"
V06825,Hatchback,9,131475,94,2087,29,9.7,11.5,42,97,Good,Medium,9,No,70,"50,001–80,000"
V06826,SUV,8,94266,99,1914,40,12.0,12.04,37,78,Critical,Low,7,Yes,80,"80,001+"
V06827,Hatchback,12,85148,94,2433,32,6.9,11.57,45,60,Critical,High,7,No,50,"25,001–50,000"
V06828,Truck,7,122713,89,2368,46,16.6,12.42,41,38,Worn,Medium,5,Yes,100,"80,001+"
V06829,Sedan,3,69133,106,2008,49,11.4,12.06,30,44,Critical,High,8,Yes,40,"25,001–50,000"
V06830,Truck,14,108921,100,1938,47,10.6,11.24,36,42,Critical,Low,3,Yes,70,"50,001–80,000"
V06831,Hatchback,11,182248,103,1843,45,11.8,12.2,31,32,Moderate,Low,1,Yes,70,"50,001–80,000"
V06832,Sedan,7,191631,88,2036,24,10.1,12.12,43,72,Moderate,High,7,No,60,"50,001–80,000"
V06833,SUV,3,50879,99,2546,37,8.0,11.45,42,77,Worn,High,3,No,80,"80,001+"
V06834,Hatchback,11,96335,90,1764,37,13.1,12.12,43,74,Critical,Low,3,Yes,70,"50,001–80,000"
V06835,Sedan,11,34155,109,2104,38,13.6,12.03,37,34,Critical,Medium,2,No,50,"25,001–50,000"
V06836,Truck,15,46361,100,1643,34,17.0,11.13,33,31,Critical,Low,1,No,70,"50,001–80,000"
V06837,Sedan,10,129259,94,1697,26,8.1,11.97,32,94,Moderate,Low,6,No,80,"80,001+"
V06838,Sedan,12,138700,95,1708,49,15.4,12.67,45,109,Moderate,High,9,No,60,"50,001–80,000"
V06839,Truck,4,71848,87,2430,33,18.3,12.47,37,82,Good,High,9,Yes,70,"50,001–80,000"
V06840,Sedan,12,13387,105,2461,22,15.3,11.76,35,35,Good,Medium,8,Yes,50,"25,001–50,000"
V06841,SUV,4,23683,105,2479,41,8.2,12.55,31,63,Good,Medium,7,Yes,80,"80,001+"
V06842,SUV,3,156214,86,1617,34,10.4,11.81,35,109,Good,Low,4,Yes,100,"80,001+"
V06843,Hatchback,8,188047,106,2729,27,5.6,12.92,44,34,Good,High,11,Yes,30,"10,001–25,000"
V06844,SUV,2,118763,101,2008,22,18.5,12.68,40,53,Moderate,Medium,5,No,60,"50,001–80,000"
V06845,Truck,1,114575,96,2063,23,5.1,12.89,42,77,Critical,Medium,6,No,60,"50,001–80,000"
V06846,Hatchback,10,189322,99,1541,40,11.4,11.74,39,31,Moderate,Low,6,No,100,"80,001+"
V06847,Sedan,5,60029,101,2393,36,12.8,11.23,44,50,Moderate,High,8,No,60,"50,001–80,000"
V06848,Sedan,13,198745,99,1594,41,15.3,11.68,34,71,Moderate,High,7,Yes,70,"50,001–80,000"
V06849,SUV,2,24927,87,2474,31,15.3,12.5,36,96,Moderate,High,6,No,80,"80,001+"
V06850,Sedan,10,27572,87,2760,31,12.5,12.97,33,58,Worn,Low,12,No,90,"80,001+"
V06851,Truck,9,26942,110,2907,27,7.8,11.34,40,48,Good,Low,11,No,50,"25,001–50,000"
V06852,SUV,11,162217,107,1919,26,15.7,12.74,40,30,Critical,Medium,1,No,30,"10,001–25,000"
V06853,Hatchback,14,28848,102,2912,48,7.8,12.31,31,108,Moderate,High,6,No,50,"25,001–50,000"
V06854,Sedan,2,178891,86,1865,41,16.7,12.9,40,88,Good,Low,1,No,100,"80,001+"
V06855,SUV,14,71018,96,1515,21,15.3,11.66,37,39,Worn,Medium,2,Yes,70,"50,001–80,000"
V06856,Sedan,3,167095,95,1728,49,5.9,11.26,39,108,Worn,Low,12,Yes,90,"80,001+"
V06857,Sedan,4,165597,87,2108,42,7.2,11.66,37,55,Critical,Low,1,Yes,80,"80,001+"
V06858,SUV,8,40160,104,2970,42,9.2,11.56,32,51,Moderate,High,11,Yes,50,"25,001–50,000"
V06859,Sedan,10,96920,97,2110,31,16.8,12.95,30,74,Good,Medium,5,Yes,100,"80,001+"
V06860,Truck,10,45646,91,2593,21,10.7,12.15,31,82,Moderate,Low,11,Yes,70,"50,001–80,000"
V06861,Sedan,10,47213,100,1576,39,11.2,12.41,35,109,Good,Low,12,No,90,"80,001+"
V06862,Hatchback,2,145503,100,1878,29,8.4,12.03,30,109,Moderate,High,2,Yes,60,"50,001–80,000"
V06863,Hatchback,11,91695,86,2536,43,12.4,12.58,34,96,Critical,Medium,4,Yes,70,"50,001–80,000"
V06864,Sedan,15,98682,99,2516,29,12.6,12.93,32,37,Critical,Low,1,Yes,50,"25,001–50,000"
V06865,Truck,9,139588,109,2086,48,5.5,12.32,33,103,Critical,High,9,Yes,30,"10,001–25,000"
V06866,SUV,14,189667,98,2000,48,15.0,11.44,40,70,Worn,Low,1,No,90,"80,001+"
V06867,SUV,13,49183,101,1631,38,13.5,12.92,36,76,Worn,Medium,1,No,70,"50,001–80,000"
V06868,SUV,13,87062,85,1974,23,5.0,12.94,39,44,Critical,Medium,9,Yes,40,"25,001–50,000"
V06869,Hatchback,13,73266,102,1928,42,19.6,12.96,43,105,Worn,Medium,12,Yes,60,"50,001–80,000"
V06870,Truck,7,170783,85,2696,46,5.3,12.75,44,89,Worn,Medium,5,Yes,100,"80,001+"
V06871,Hatchback,9,163736,106,1604,43,19.0,11.13,37,46,Worn,Low,3,Yes,80,"80,001+"
V06872,Hatchback,12,90594,95,2926,23,19.9,11.16,43,36,Good,High,2,No,50,"25,001–50,000"
V06873,SUV,12,140018,94,1597,25,8.1,12.0,32,85,Good,High,5,No,50,"25,001–50,000"
V06874,Hatchback,13,48760,92,2330,29,13.3,11.8,34,96,Critical,Medium,4,Yes,50,"25,001–50,000"
V06875,Truck,7,123556,109,2361,42,19.5,12.75,39,30,Good,Medium,8,Yes,80,"80,001+"
V06876,Truck,15,182589,91,2002,25,13.7,12.01,43,69,Critical,Low,5,No,50,"25,001–50,000"
V06877,Truck,12,169050,93,1841,29,6.0,11.14,39,33,Moderate,Low,1,No,70,"50,001–80,000"
V06878,Truck,3,103144,109,1866,50,12.5,11.55,39,61,Critical,High,2,Yes,40,"25,001–50,000"
V06879,Hatchback,3,13408,89,1590,31,13.7,11.04,38,102,Worn,Low,8,No,100,"80,001+"
V06880,SUV,4,157700,95,2719,47,19.1,12.34,41,53,Critical,Medium,3,No,80,"80,001+"
V06881,Sedan,15,104809,94,2334,32,17.8,12.31,44,61,Moderate,Low,5,No,90,"80,001+"
V06882,Sedan,5,50046,107,2085,50,13.8,11.94,35,96,Good,Low,7,No,80,"80,001+"
V06883,Sedan,5,146488,103,2246,32,11.2,12.84,34,72,Critical,Medium,6,No,60,"50,001–80,000"
V06884,Hatchback,15,121788,94,2646,40,16.4,11.4,43,76,Moderate,Medium,8,Yes,90,"80,001+"
V06885,Sedan,2,160538,107,1904,32,15.3,12.58,32,90,Moderate,Low,6,No,80,"80,001+"
V06886,Sedan,10,157440,99,1521,40,18.8,11.05,30,47,Worn,High,9,Yes,70,"50,001–80,000"
V06887,Truck,11,179438,92,2454,44,15.0,12.0,37,106,Moderate,High,9,No,60,"50,001–80,000"
V06888,Sedan,13,35698,96,2931,41,9.0,12.37,36,52,Moderate,Medium,6,Yes,90,"80,001+"
V06889,SUV,14,183859,102,1723,43,19.8,12.44,41,108,Good,Low,5,No,70,"50,001–80,000"
V06890,Truck,12,77635,98,1649,41,13.8,11.39,33,44,Worn,Low,7,Yes,90,"80,001+"
V06891,SUV,12,84203,97,2391,48,14.8,11.66,33,79,Moderate,High,7,No,70,"50,001–80,000"
V06892,Sedan,7,68303,92,2579,22,19.4,12.79,35,95,Good,Medium,5,Yes,80,"80,001+"
V06893,Sedan,15,158197,97,2164,46,14.0,12.87,38,73,Worn,Low,9,Yes,80,"80,001+"
V06894,Truck,7,80786,107,1963,29,11.9,11.68,35,48,Critical,Medium,2,Yes,40,"25,001–50,000"
V06895,Hatchback,13,140480,99,1961,25,14.2,12.25,45,65,Moderate,Low,4,No,70,"50,001–80,000"
V06896,Sedan,9,159494,108,1502,29,10.0,11.7,37,88,Good,Medium,3,Yes,60,"50,001–80,000"
V06897,Truck,9,9575,103,2840,50,15.1,12.89,45,59,Critical,Medium,7,No,60,"50,001–80,000"
V06898,Hatchback,4,113349,87,1624,26,17.9,12.2,42,85,Moderate,High,2,No,60,"50,001–80,000"
V06899,Truck,3,78177,101,1879,36,16.8,12.61,39,105,Good,Medium,8,No,80,"80,001+"
V06900,Sedan,13,70032,90,1834,44,9.4,12.11,45,60,Worn,Low,11,No,80,"80,001+"
V06901,Truck,10,170551,89,1764,47,13.5,12.87,41,62,Good,High,12,No,70,"50,001–80,000"
V06902,Truck,2,135763,95,1616,44,10.4,12.34,40,79,Critical,Low,3,Yes,80,"80,001+"
V06903,Hatchback,7,28731,110,2643,45,11.4,12.0,42,35,Worn,High,9,Yes,50,"25,001–50,000"
V06904,Sedan,1,158771,103,1714,28,10.9,11.57,33,90,Good,High,11,No,30,"10,001–25,000"
V06905,Sedan,1,198574,109,2501,24,10.5,11.35,45,109,Critical,Low,4,No,40,"25,001–50,000"
V06906,SUV,7,131222,95,1968,34,12.1,11.88,32,101,Moderate,High,6,Yes,80,"80,001+"
V06907,SUV,14,139369,87,2154,41,8.2,12.86,42,110,Critical,Medium,5,No,70,"50,001–80,000"
V06908,Hatchback,5,90897,90,2802,48,11.8,11.77,32,55,Worn,High,5,No,80,"80,001+"
V06909,SUV,3,13392,110,2339,47,18.7,11.04,43,57,Moderate,High,4,No,60,"50,001–80,000"
V06910,Sedan,10,32365,90,2615,48,5.7,11.91,35,85,Good,Low,9,No,90,"80,001+"
V06911,Sedan,13,67042,87,1667,32,9.6,12.21,39,43,Good,High,1,No,70,"50,001–80,000"
V06912,SUV,2,194763,85,1949,48,17.1,11.13,32,77,Good,Low,6,No,100,"80,001+"
V06913,Truck,12,170191,108,2988,44,12.2,12.98,45,36,Good,High,8,Yes,50,"25,001–50,000"
V06914,SUV,2,39304,110,2161,20,6.6,12.77,33,102,Worn,Medium,10,No,50,"25,001–50,000"
V06915,Sedan,12,185426,86,2438,36,7.9,12.56,37,42,Critical,Medium,6,No,70,"50,001–80,000"
V06916,Hatchback,6,55102,105,2109,22,18.5,11.6,44,56,Critical,Low,8,No,40,"25,001–50,000"
V06917,SUV,3,7274,89,2507,35,10.3,12.96,41,63,Good,Medium,3,No,100,"80,001+"
V06918,SUV,8,162912,92,2653,32,14.5,11.32,31,58,Critical,Medium,5,No,80,"80,001+"
V06919,Truck,9,141410,101,2535,35,16.2,12.15,33,99,Worn,High,12,Yes,50,"25,001–50,000"
V06920,Hatchback,15,174126,86,2639,45,19.8,11.02,44,53,Worn,Medium,4,Yes,90,"80,001+"
V06921,SUV,10,134441,108,2579,20,12.8,11.22,45,48,Good,High,1,No,40,"25,001–50,000"
V06922,SUV,14,193828,102,2645,37,13.3,12.29,32,74,Good,Medium,3,No,70,"50,001–80,000"
V06923,SUV,13,16461,105,1751,27,6.3,12.71,31,95,Worn,High,8,No,30,"10,001–25,000"
V06924,Hatchback,15,114095,109,1923,33,13.3,11.05,39,90,Worn,High,6,No,50,"25,001–50,000"
V06925,Hatchback,4,62834,85,1560,48,18.8,12.78,40,100,Worn,High,6,Yes,80,"80,001+"
V06926,Sedan,7,189641,88,2302,48,12.1,12.04,38,32,Critical,Low,9,Yes,70,"50,001–80,000"
V06927,SUV,15,196495,90,1789,36,15.7,11.19,33,33,Good,Medium,5,Yes,90,"80,001+"
V06928,Sedan,12,93735,94,2262,34,8.6,12.18,33,68,Critical,Low,9,Yes,60,"50,001–80,000"
V06929,SUV,8,73148,106,2871,35,5.8,11.7,41,59,Good,High,9,No,50,"25,001–50,000"
V06930,SUV,11,78316,91,2206,35,10.1,11.31,34,42,Moderate,High,1,Yes,70,"50,001–80,000"
V06931,Sedan,4,196995,103,2904,50,17.5,11.69,32,61,Moderate,Low,1,Yes,80,"80,001+"
V06932,SUV,6,156374,89,1810,46,16.2,11.75,35,47,Worn,Low,6,No,100,"80,001+"
V06933,Sedan,6,187301,103,1824,49,5.4,12.71,38,38,Moderate,Medium,7,Yes,80,"80,001+"
V06934,Sedan,4,80743,106,1834,32,11.3,12.01,33,52,Worn,Low,2,Yes,80,"80,001+"
V06935,SUV,10,196976,104,2648,35,7.7,11.13,44,58,Good,High,3,No,60,"50,001–80,000"
V06936,Truck,5,99628,89,2645,36,17.0,12.6,37,61,Good,Low,8,Yes,100,"80,001+"
V06937,SUV,8,133698,104,2274,50,6.9,11.45,41,32,Worn,Low,6,Yes,80,"80,001+"
V06938,SUV,8,145088,107,1814,20,19.6,12.98,30,36,Critical,High,1,No,20,"10,001–25,000"
V06939,Hatchback,15,186199,96,2420,25,9.0,11.47,31,36,Worn,Medium,11,No,60,"50,001–80,000"
V06940,Hatchback,7,34808,89,2060,25,10.8,11.16,43,94,Moderate,High,10,Yes,50,"25,001–50,000"
V06941,Sedan,11,78258,104,2769,26,15.8,12.65,31,110,Good,Medium,7,Yes,50,"25,001–50,000"
V06942,Sedan,5,185951,107,2300,42,6.1,11.79,37,67,Critical,Medium,3,No,60,"50,001–80,000"
V06943,SUV,1,15045,101,2774,41,13.0,12.32,37,62,Worn,Medium,6,Yes,80,"80,001+"
V06944,SUV,5,18220,105,2498,28,7.7,11.61,40,99,Good,Medium,7,Yes,60,"50,001–80,000"
V06945,Truck,11,96996,98,2629,28,16.7,12.81,45,72,Moderate,High,12,No,40,"25,001–50,000"
V06946,Truck,7,83230,110,2449,30,14.5,12.29,44,40,Worn,Low,10,No,70,"50,001–80,000"
V06947,Truck,8,114860,109,1614,35,14.9,12.89,34,32,Critical,Low,10,No,50,"25,001–50,000"
V06948,Hatchback,14,75134,107,2361,47,17.0,12.96,36,34,Critical,Low,6,No,50,"25,001–50,000"
V06949,Sedan,12,143344,105,1597,35,10.2,12.74,39,100,Good,Low,2,Yes,70,"50,001–80,000"
V06950,SUV,13,137431,99,2150,34,8.0,12.32,43,105,Moderate,Medium,9,Yes,80,"80,001+"
V06951,Truck,13,141635,94,2626,36,18.0,12.48,42,45,Moderate,Medium,1,Yes,90,"80,001+"
V06952,Sedan,5,157341,91,2717,30,9.1,12.21,43,84,Moderate,Medium,5,Yes,100,"80,001+"
V06953,SUV,3,103380,101,2147,28,14.1,12.46,42,57,Worn,Medium,3,No,60,"50,001–80,000"
V06954,Hatchback,3,199395,107,2991,40,13.9,12.01,35,79,Moderate,Low,12,Yes,70,"50,001–80,000"
V06955,SUV,13,27663,89,2817,26,10.2,11.3,30,92,Good,High,5,No,50,"25,001–50,000"
V06956,Truck,9,17068,93,1747,48,18.0,12.56,34,31,Critical,Medium,4,Yes,80,"80,001+"
V06957,Truck,9,61677,100,2882,48,8.9,11.33,34,97,Critical,Low,12,No,70,"50,001–80,000"
V06958,Truck,2,127024,99,2236,50,17.6,12.88,44,44,Moderate,High,1,Yes,80,"80,001+"
V06959,Sedan,14,154078,86,2317,29,6.6,11.83,44,71,Moderate,Low,8,Yes,70,"50,001–80,000"
V06960,SUV,5,32496,103,2783,21,10.3,12.29,30,42,Critical,High,11,No,10,"0–10,000"
V06961,SUV,12,182806,109,2566,29,14.5,12.97,44,103,Moderate,Low,6,No,50,"25,001–50,000"
V06962,SUV,3,58208,99,2190,35,13.9,11.68,32,93,Moderate,High,7,Yes,80,"80,001+"
V06963,SUV,15,9503,85,2714,34,9.7,12.42,39,48,Moderate,Medium,10,Yes,80,"80,001+"
V06964,Sedan,5,23869,108,2170,49,8.1,11.03,42,47,Worn,Low,9,Yes,70,"50,001–80,000"
V06965,Hatchback,4,57122,104,2446,29,18.1,12.58,41,85,Moderate,Low,3,Yes,60,"50,001–80,000"
V06966,SUV,14,93789,85,2046,21,18.2,11.51,30,72,Worn,Low,12,No,60,"50,001–80,000"
V06967,Sedan,13,79626,106,2874,27,11.3,12.46,40,94,Critical,High,11,Yes,0,"0–10,000"
V06968,Truck,9,96757,85,2600,49,10.7,11.13,45,98,Worn,Low,7,Yes,100,"80,001+"
V06969,Truck,15,51692,100,1720,43,8.8,11.17,38,65,Moderate,High,11,No,60,"50,001–80,000"
V06970,Sedan,2,131450,107,1530,21,12.1,12.4,33,44,Moderate,Medium,11,No,50,"25,001–50,000"
V06971,Sedan,8,169869,101,2152,31,17.7,12.77,42,100,Moderate,Low,9,No,70,"50,001–80,000"
V06972,SUV,8,55236,90,1975,42,6.7,12.6,41,69,Good,Medium,4,Yes,100,"80,001+"
V06973,Sedan,1,62311,89,2114,31,11.2,11.66,43,31,Moderate,Low,12,Yes,90,"80,001+"
V06974,SUV,2,178954,86,1993,41,18.4,12.48,40,34,Critical,Medium,7,No,80,"80,001+"
V06975,SUV,10,12108,89,2908,43,10.6,11.61,39,57,Critical,High,6,No,60,"50,001–80,000"
V06976,Truck,10,105690,108,2891,27,18.9,11.15,40,92,Critical,Medium,1,No,40,"25,001–50,000"
V06977,Truck,14,157905,100,2470,49,15.5,12.36,34,93,Worn,Medium,12,No,80,"80,001+"
V06978,Hatchback,15,191692,86,2442,40,7.8,11.78,41,76,Critical,Low,10,No,60,"50,001–80,000"
V06979,Sedan,1,102397,106,2085,24,7.0,12.99,41,39,Good,Low,11,Yes,50,"25,001–50,000"
V06980,Hatchback,2,75066,107,1514,35,15.0,12.92,37,43,Critical,Medium,3,Yes,60,"50,001–80,000"
V06981,Hatchback,1,191149,100,2667,34,8.4,12.82,41,105,Worn,Medium,5,No,100,"80,001+"
V06982,Sedan,5,51704,97,1520,26,15.5,12.26,31,107,Moderate,Low,4,No,80,"80,001+"
V06983,Hatchback,9,119546,90,2774,33,11.2,11.58,38,83,Worn,Medium,8,Yes,100,"80,001+"
V06984,Sedan,15,185967,86,2810,35,6.0,12.79,34,92,Good,High,1,No,70,"50,001–80,000"
V06985,SUV,13,174712,98,2275,31,13.0,12.91,32,63,Moderate,Medium,11,Yes,80,"80,001+"
V06986,Sedan,14,192296,106,2464,34,12.2,12.63,35,89,Moderate,Low,1,Yes,70,"50,001–80,000"
V06987,Hatchback,4,19719,101,2616,27,17.9,11.82,34,84,Moderate,Low,1,No,60,"50,001–80,000"
V06988,SUV,3,106640,106,1642,28,18.9,12.29,38,62,Critical,High,3,Yes,20,"10,001–25,000"
V06989,Truck,13,148108,89,1804,24,6.2,11.3,32,69,Worn,High,2,Yes,50,"25,001–50,000"
V06990,Hatchback,5,7391,97,2972,23,13.6,11.55,45,91,Critical,Low,4,No,60,"50,001–80,000"
V06991,Hatchback,3,61649,92,1861,30,10.6,12.45,41,63,Critical,Medium,2,No,80,"80,001+"
V06992,Hatchback,3,94251,94,2394,47,12.4,11.09,32,71,Moderate,High,7,Yes,80,"80,001+"
V06993,SUV,6,59570,108,2996,32,19.5,11.62,45,40,Good,High,6,No,60,"50,001–80,000"
V06994,Sedan,10,87043,98,2370,48,13.3,12.78,41,40,Moderate,Medium,11,Yes,90,"80,001+"
V06995,Truck,3,171051,104,1905,45,7.5,11.38,35,30,Good,Medium,9,No,70,"50,001–80,000"
V06996,Truck,14,136264,104,2494,24,18.7,12.41,33,104,Worn,Medium,5,No,50,"25,001–50,000"
V06997,Truck,7,97640,104,2869,23,16.9,12.56,39,31,Good,Medium,7,No,60,"50,001–80,000"
V06998,Sedan,2,194860,87,1717,40,10.6,12.28,43,44,Worn,Medium,10,Yes,90,"80,001+"
V06999,SUV,6,33401,96,2766,31,14.7,12.46,37,80,Moderate,Medium,12,No,90,"80,001+"
V07000,Sedan,1,194347,92,1849,24,8.4,11.52,45,68,Critical,Low,6,Yes,60,"50,001–80,000"
V07001,Hatchback,12,50025,97,2766,20,12.3,12.97,37,49,Critical,Medium,12,Yes,40,"25,001–50,000"
V07002,Truck,13,58172,95,2009,24,19.8,12.12,30,105,Worn,High,10,No,40,"25,001–50,000"
V07003,Sedan,13,50265,108,2070,34,10.3,12.08,42,82,Critical,Medium,12,No,40,"25,001–50,000"
V07004,SUV,10,189772,95,2084,27,19.8,11.3,44,62,Good,High,4,No,60,"50,001–80,000"
V07005,SUV,8,146958,101,2793,38,14.2,13.0,33,100,Critical,Medium,8,No,60,"50,001–80,000"
V07006,SUV,4,58272,102,2828,31,6.1,12.57,44,62,Moderate,Medium,5,No,80,"80,001+"
V07007,Hatchback,2,5829,104,1979,29,16.2,12.74,38,68,Good,Low,10,No,50,"25,001–50,000"
V07008,Truck,5,18351,100,2179,24,18.9,12.47,32,67,Critical,Low,7,Yes,60,"50,001–80,000"
V07009,Hatchback,1,51679,108,2922,20,15.4,12.45,38,110,Good,Medium,8,Yes,60,"50,001–80,000"
V07010,Sedan,12,111068,88,2153,47,8.8,12.93,33,81,Critical,Low,2,No,70,"50,001–80,000"
V07011,Hatchback,12,95176,93,2212,50,7.0,12.47,35,78,Critical,Low,6,No,70,"50,001–80,000"
V07012,Hatchback,15,192006,93,2969,21,18.1,12.46,42,46,Critical,Low,9,Yes,40,"25,001–50,000"
V07013,Hatchback,9,147583,88,1579,37,11.4,12.29,45,83,Good,Medium,4,No,100,"80,001+"
V07014,Hatchback,12,27337,107,1862,30,11.2,11.16,43,47,Moderate,Medium,1,No,70,"50,001–80,000"
V07015,Sedan,10,49994,106,2859,24,14.3,12.88,30,63,Moderate,Medium,4,Yes,60,"50,001–80,000"
V07016,Sedan,13,93680,103,2196,32,17.9,11.52,33,81,Moderate,Low,6,No,70,"50,001–80,000"
V07017,SUV,9,84456,107,2790,22,19.6,11.27,35,102,Moderate,Medium,4,No,60,"50,001–80,000"
V07018,Sedan,13,137293,109,2906,21,17.1,11.93,37,74,Critical,Low,4,No,30,"10,001–25,000"
V07019,Hatchback,3,87798,100,1758,36,6.4,12.44,44,52,Good,Low,2,Yes,100,"80,001+"
V07020,SUV,7,55484,92,2753,26,10.6,11.95,44,32,Good,High,5,No,60,"50,001–80,000"
V07021,Hatchback,12,147853,90,1586,46,15.1,12.61,33,41,Critical,Low,10,No,60,"50,001–80,000"
V07022,SUV,9,61909,102,1653,32,7.1,11.46,37,88,Worn,Low,12,No,70,"50,001–80,000"
V07023,Hatchback,3,79464,95,2732,25,18.0,11.6,41,32,Worn,High,11,No,50,"25,001–50,000"
V07024,Hatchback,15,100142,101,2861,21,6.5,11.09,34,42,Good,Medium,12,No,40,"25,001–50,000"
V07025,SUV,1,40245,97,2502,41,14.3,11.15,41,68,Good,Medium,2,Yes,100,"80,001+"
V07026,Sedan,15,13109,87,2680,37,5.5,12.65,31,49,Critical,Medium,1,Yes,70,"50,001–80,000"
V07027,SUV,3,144676,85,2138,37,18.3,11.49,31,57,Good,Medium,3,No,100,"80,001+"
V07028,Hatchback,7,166398,110,1789,21,12.5,11.27,36,35,Critical,Medium,10,Yes,30,"10,001–25,000"
V07029,Sedan,9,75625,91,2638,37,18.0,11.56,30,61,Good,High,10,Yes,70,"50,001–80,000"
V07030,Truck,15,45718,110,2729,41,8.7,12.48,44,56,Worn,Low,11,No,60,"50,001–80,000"
V07031,Sedan,2,81460,106,2860,35,15.5,12.75,31,110,Moderate,Medium,9,No,70,"50,001–80,000"
V07032,SUV,10,169450,93,2886,23,13.2,12.33,30,110,Worn,Low,4,No,80,"80,001+"
V07033,Hatchback,8,9470,105,2266,32,13.2,11.01,39,63,Good,Low,7,No,80,"80,001+"
V07034,Hatchback,13,116656,86,1709,45,14.1,12.14,44,101,Worn,Medium,8,Yes,90,"80,001+"
V07035,Truck,7,198104,110,1822,20,16.3,11.25,35,69,Critical,Low,6,Yes,40,"25,001–50,000"
V07036,Sedan,3,25773,98,1752,37,14.8,12.39,32,43,Worn,Low,8,Yes,100,"80,001+"
V07037,SUV,15,47967,89,1603,27,9.4,11.71,36,82,Good,High,1,Yes,50,"25,001–50,000"
V07038,Hatchback,3,134364,107,1734,40,14.5,12.75,43,35,Good,High,10,Yes,50,"25,001–50,000"
V07039,Truck,8,71778,108,1586,31,10.3,12.94,38,31,Worn,Medium,5,No,80,"80,001+"
V07040,Truck,3,13316,86,2822,43,8.7,11.47,41,44,Good,Low,5,Yes,100,"80,001+"
V07041,Hatchback,6,41906,106,2872,25,16.4,12.28,31,83,Worn,High,2,No,40,"25,001–50,000"
V07042,Hatchback,6,141690,100,1654,38,10.6,12.1,32,39,Good,Medium,10,Yes,90,"80,001+"
V07043,Hatchback,6,150127,94,2870,34,8.9,11.84,41,71,Moderate,Low,5,No,100,"80,001+"
V07044,Truck,14,136037,101,2829,47,10.8,11.39,38,31,Good,High,8,No,50,"25,001–50,000"
V07045,Hatchback,5,155351,107,2706,24,13.5,12.19,37,68,Moderate,Low,11,Yes,50,"25,001–50,000"
V07046,Truck,12,92460,106,1995,30,7.3,12.4,33,89,Moderate,Medium,1,Yes,70,"50,001–80,000"
V07047,Truck,8,167961,89,2285,39,10.4,12.59,39,45,Moderate,Low,9,No,90,"80,001+"
V07048,SUV,10,135130,87,2237,44,19.1,12.94,36,100,Worn,Low,12,No,90,"80,001+"
V07049,Sedan,9,5865,108,1512,36,18.9,12.92,42,79,Critical,Low,8,No,60,"50,001–80,000"
V07050,Truck,14,90552,102,2187,29,8.4,11.59,34,104,Critical,High,5,Yes,10,"0–10,000"
V07051,Truck,13,197642,86,2967,21,11.7,12.92,35,46,Good,High,11,No,40,"25,001–50,000"
V07052,Sedan,9,83862,99,2956,50,11.0,11.83,40,110,Worn,High,2,No,80,"80,001+"
V07053,Sedan,1,126804,92,2294,23,18.0,11.71,35,62,Critical,Low,7,No,60,"50,001–80,000"
V07054,Sedan,8,168895,101,1731,37,6.8,11.39,31,31,Critical,Medium,11,Yes,50,"25,001–50,000"
V07055,Truck,9,58672,91,2810,42,15.9,12.75,31,70,Moderate,High,10,No,70,"50,001–80,000"
V07056,SUV,13,151875,102,2582,25,16.1,12.51,35,83,Moderate,Low,7,No,50,"25,001–50,000"
V07057,Hatchback,8,81141,99,2445,26,19.2,11.22,41,76,Worn,Low,2,No,80,"80,001+"
V07058,SUV,7,185307,104,2802,37,19.9,12.01,39,62,Moderate,High,2,No,60,"50,001–80,000"
V07059,SUV,15,198028,93,1910,26,11.5,12.64,36,65,Critical,High,4,No,30,"10,001–25,000"
V07060,Sedan,12,157915,91,2252,29,16.0,12.69,39,84,Critical,Low,9,Yes,40,"25,001–50,000"
V07061,Hatchback,4,199913,97,1702,32,12.7,11.19,39,41,Moderate,Medium,12,No,90,"80,001+"
V07062,Truck,13,145530,94,1684,25,14.9,11.04,41,36,Worn,High,12,No,40,"25,001–50,000"
V07063,Truck,1,10564,88,1930,27,9.3,12.52,39,57,Good,High,5,No,60,"50,001–80,000"
V07064,SUV,15,146582,94,2413,31,11.5,11.98,45,50,Good,High,6,No,70,"50,001–80,000"
V07065,Truck,15,160362,104,2966,46,17.9,11.87,39,31,Good,Low,1,No,70,"50,001–80,000"
V07066,Sedan,13,194639,98,2256,49,19.1,11.26,41,81,Moderate,Low,10,No,80,"80,001+"
V07067,Truck,10,156672,88,1815,37,18.1,11.03,38,58,Worn,Medium,10,No,90,"80,001+"
V07068,Truck,14,116491,103,2342,50,12.7,12.97,30,77,Worn,Low,5,Yes,70,"50,001–80,000"
V07069,Sedan,15,159797,107,2588,40,12.3,12.73,42,58,Good,Low,10,No,60,"50,001–80,000"
V07070,Sedan,6,18067,89,2766,40,7.5,11.81,38,89,Good,High,10,Yes,70,"50,001–80,000"
V07071,Hatchback,7,183722,94,2137,23,8.8,11.33,32,64,Good,Medium,10,No,70,"50,001–80,000"
V07072,Hatchback,9,119801,92,2123,23,5.7,11.26,40,32,Critical,High,2,No,40,"25,001–50,000"
V07073,SUV,9,20311,97,1635,41,5.9,11.61,31,104,Good,Low,3,Yes,100,"80,001+"
V07074,Hatchback,14,137122,85,2489,37,16.7,12.73,31,97,Moderate,High,10,No,60,"50,001–80,000"
V07075,Hatchback,6,145327,109,2438,37,8.0,11.63,34,53,Critical,Medium,10,No,50,"25,001–50,000"
V07076,Hatchback,15,62956,104,2053,24,16.3,12.71,45,90,Worn,High,9,Yes,20,"10,001–25,000"
V07077,SUV,6,42268,106,2628,42,15.3,11.45,31,94,Good,Low,10,Yes,70,"50,001–80,000"
V07078,SUV,9,192419,96,2165,35,16.2,11.75,37,78,Good,Low,2,No,100,"80,001+"
V07079,Truck,5,61349,106,1876,47,7.6,11.72,45,109,Good,High,10,No,50,"25,001–50,000"
V07080,Sedan,2,39359,96,2523,27,11.5,11.86,41,83,Critical,High,10,Yes,30,"10,001–25,000"
V07081,Hatchback,9,14385,110,2025,27,14.7,11.16,39,96,Moderate,Low,11,No,50,"25,001–50,000"
V07082,SUV,7,89095,105,2708,34,6.3,11.74,43,50,Worn,Medium,6,Yes,80,"80,001+"
V07083,Hatchback,5,141879,94,2752,24,18.6,11.15,30,65,Moderate,High,8,No,60,"50,001–80,000"
V07084,Hatchback,15,5687,94,2767,37,5.9,11.25,36,102,Good,Low,5,No,90,"80,001+"
V07085,Hatchback,3,18152,97,2887,47,17.9,12.69,32,36,Good,Medium,8,No,100,"80,001+"
V07086,Truck,15,151759,106,1705,27,13.2,11.19,40,62,Worn,Low,2,Yes,50,"25,001–50,000"
V07087,Sedan,7,118004,87,2950,22,15.3,11.52,41,42,Good,High,8,No,60,"50,001–80,000"
V07088,SUV,14,178274,104,2198,38,11.8,12.76,39,105,Good,High,5,Yes,50,"25,001–50,000"
V07089,Hatchback,5,171361,109,1833,46,17.6,12.08,30,87,Moderate,Medium,7,Yes,80,"80,001+"
V07090,SUV,6,111510,88,2107,41,8.6,11.81,44,64,Moderate,Medium,1,No,100,"80,001+"
V07091,Hatchback,2,43128,92,2477,25,19.9,11.01,40,61,Moderate,Medium,7,No,80,"80,001+"
V07092,Sedan,5,7992,88,2962,48,14.5,11.9,39,106,Moderate,High,6,Yes,80,"80,001+"
V07093,Hatchback,14,71048,98,1882,30,7.5,12.75,32,86,Moderate,Medium,12,No,80,"80,001+"
V07094,Hatchback,2,160722,95,2305,44,18.1,12.43,42,37,Good,Low,3,Yes,100,"80,001+"
V07095,Truck,10,123857,91,1566,24,19.6,11.38,34,43,Critical,High,5,No,40,"25,001–50,000"
V07096,Truck,5,150542,101,2594,20,11.8,11.11,33,66,Critical,Medium,10,No,30,"10,001–25,000"
V07097,Truck,4,9621,102,2113,45,5.6,12.36,35,90,Moderate,Low,2,No,80,"80,001+"
V07098,Hatchback,14,162296,94,2102,25,16.9,11.21,36,104,Critical,Low,1,No,50,"25,001–50,000"
V07099,Sedan,9,90652,108,2476,41,17.3,12.52,45,78,Critical,Low,7,Yes,60,"50,001–80,000"
V07100,Truck,2,66104,101,2573,48,14.0,12.73,44,56,Critical,High,6,No,40,"25,001–50,000"
V07101,Sedan,14,190652,94,1662,35,6.2,12.15,43,32,Good,Medium,3,No,90,"80,001+"
V07102,Hatchback,12,73094,106,2225,39,16.6,12.42,43,30,Critical,Medium,3,No,50,"25,001–50,000"
V07103,Hatchback,15,49898,94,2261,38,9.4,11.18,38,76,Worn,Medium,5,Yes,90,"80,001+"
V07104,Sedan,5,121548,101,2851,50,10.6,12.54,31,91,Good,High,2,Yes,60,"50,001–80,000"
V07105,Hatchback,5,108151,101,2448,21,11.3,11.69,37,77,Moderate,Medium,9,Yes,50,"25,001–50,000"
V07106,Hatchback,11,156596,106,2535,28,14.2,12.59,31,106,Worn,Medium,1,Yes,50,"25,001–50,000"
V07107,Truck,2,65323,109,2691,36,6.7,12.59,42,74,Worn,Low,4,Yes,80,"80,001+"
V07108,Sedan,7,88902,103,2800,35,8.7,12.51,42,34,Critical,Medium,2,Yes,60,"50,001–80,000"
V07109,Sedan,11,147218,110,2874,50,17.9,11.4,33,86,Worn,High,2,No,50,"25,001–50,000"
V07110,Truck,14,35919,104,2979,44,10.5,12.54,38,47,Moderate,Low,6,Yes,70,"50,001–80,000"
V07111,SUV,3,81789,100,2366,36,19.2,12.26,34,60,Critical,Medium,1,Yes,80,"80,001+"
V07112,Truck,9,50397,110,2433,25,14.5,12.73,34,87,Worn,Low,7,Yes,60,"50,001–80,000"
V07113,SUV,6,27323,95,1913,31,7.5,11.65,33,43,Worn,Medium,4,No,100,"80,001+"
V07114,Sedan,10,105213,90,2078,32,12.7,11.29,34,87,Moderate,Low,12,Yes,90,"80,001+"
V07115,SUV,15,5308,90,2806,49,17.1,12.49,31,94,Critical,Low,2,No,70,"50,001–80,000"
V07116,Sedan,6,63031,95,2868,21,16.9,12.51,42,93,Critical,High,8,Yes,40,"25,001–50,000"
V07117,Sedan,10,162683,106,1715,25,17.9,11.61,45,42,Worn,High,2,No,40,"25,001–50,000"
V07118,Sedan,15,172474,93,2333,21,15.3,11.6,41,58,Critical,High,8,Yes,30,"10,001–25,000"
V07119,SUV,8,20501,86,2868,43,14.3,11.39,42,43,Moderate,High,3,No,80,"80,001+"
V07120,Truck,4,150146,96,2855,50,18.0,12.31,40,93,Worn,Low,1,No,100,"80,001+"
V07121,Sedan,5,68948,89,2496,24,17.1,11.71,43,110,Worn,High,10,Yes,50,"25,001–50,000"
V07122,SUV,5,121803,105,1720,24,13.5,11.53,32,46,Moderate,Medium,8,Yes,60,"50,001–80,000"
V07123,SUV,5,92734,89,2515,48,8.6,12.49,30,81,Good,High,9,Yes,70,"50,001–80,000"
V07124,Hatchback,4,145671,103,2299,24,12.1,12.24,37,49,Worn,High,3,No,40,"25,001–50,000"
V07125,Sedan,9,188882,93,2889,42,15.8,12.6,30,49,Critical,Medium,8,Yes,80,"80,001+"
V07126,Hatchback,3,61086,102,2907,31,9.1,12.29,30,69,Critical,High,7,No,40,"25,001–50,000"
V07127,Sedan,13,46855,100,2732,36,12.5,12.09,38,81,Moderate,Medium,11,No,80,"80,001+"
V07128,SUV,3,28738,93,1597,25,12.6,11.07,44,36,Critical,Medium,11,Yes,50,"25,001–50,000"
V07129,Sedan,11,146174,103,2992,50,15.9,12.99,37,94,Moderate,Low,2,No,70,"50,001–80,000"
V07130,Sedan,8,38469,110,2820,23,12.1,11.55,36,86,Moderate,High,8,No,40,"25,001–50,000"
V07131,Sedan,5,72904,105,2631,31,6.3,11.75,42,67,Critical,Low,11,Yes,50,"25,001–50,000"
V07132,Truck,4,92302,87,1519,47,7.2,11.16,45,73,Worn,Medium,5,Yes,100,"80,001+"
V07133,Truck,1,74580,110,2281,36,9.5,11.96,33,51,Worn,Medium,6,No,80,"80,001+"
V07134,Truck,6,66666,91,1774,47,12.6,13.0,42,51,Worn,High,2,Yes,80,"80,001+"
V07135,SUV,15,78916,110,1569,38,7.0,11.49,33,62,Worn,Medium,4,Yes,70,"50,001–80,000"
V07136,Sedan,13,49699,85,2475,33,16.4,12.39,42,66,Moderate,Medium,7,Yes,90,"80,001+"
V07137,Truck,14,71352,93,1505,28,13.7,11.71,31,53,Moderate,Medium,10,Yes,60,"50,001–80,000"
V07138,Truck,14,32041,101,2713,41,18.6,11.52,42,47,Moderate,High,7,No,50,"25,001–50,000"
V07139,Truck,13,158701,90,1748,49,15.0,12.68,41,35,Moderate,Low,5,Yes,90,"80,001+"
V07140,Hatchback,7,33220,95,1613,34,11.6,12.62,38,34,Critical,High,5,No,60,"50,001–80,000"
V07141,Truck,15,130305,105,1549,47,5.6,11.92,37,105,Critical,High,6,No,30,"10,001–25,000"
V07142,Hatchback,14,42794,95,1736,41,19.9,12.21,42,100,Critical,High,11,No,40,"25,001–50,000"
V07143,Sedan,10,127251,105,2898,36,11.6,12.71,45,59,Critical,Medium,11,No,50,"25,001–50,000"
V07144,SUV,15,137816,91,1865,42,11.7,11.27,41,102,Worn,High,1,No,70,"50,001–80,000"
V07145,Truck,3,182189,85,2223,32,15.4,11.88,45,87,Critical,High,2,No,60,"50,001–80,000"
V07146,Hatchback,4,12853,110,1732,43,18.1,11.28,37,54,Moderate,Low,2,Yes,80,"80,001+"
V07147,SUV,15,118461,85,2570,34,9.2,12.29,36,99,Good,Low,10,No,80,"80,001+"
V07148,Truck,11,178988,98,1972,22,6.1,12.92,35,89,Worn,Medium,3,No,70,"50,001–80,000"
V07149,Hatchback,13,169750,102,1612,27,8.6,12.67,35,84,Critical,Medium,5,Yes,30,"10,001–25,000"
V07150,SUV,10,180416,88,2367,25,12.7,12.74,33,106,Good,Medium,3,Yes,80,"80,001+"
V07151,Sedan,6,105033,85,2811,21,15.1,11.01,36,38,Critical,Low,1,No,60,"50,001–80,000"
V07152,Hatchback,11,15272,101,2734,42,18.4,12.88,39,94,Critical,Low,7,Yes,50,"25,001–50,000"
V07153,Sedan,6,18580,97,2849,33,17.0,11.28,38,44,Worn,Medium,9,Yes,90,"80,001+"
V07154,Truck,13,139954,98,2471,24,11.7,12.85,38,67,Worn,High,5,No,50,"25,001–50,000"
V07155,Truck,13,196338,99,2716,25,10.5,11.01,44,35,Critical,High,11,No,20,"10,001–25,000"
V07156,SUV,11,194816,94,1856,22,7.5,12.94,38,71,Worn,High,7,No,50,"25,001–50,000"
V07157,Sedan,13,155056,105,2307,20,7.2,12.35,35,50,Worn,Medium,11,No,40,"25,001–50,000"
V07158,Sedan,12,72559,98,1521,23,12.1,12.14,42,32,Worn,Medium,6,No,70,"50,001–80,000"
V07159,Truck,12,112728,95,2931,24,19.7,11.5,38,103,Moderate,High,9,Yes,40,"25,001–50,000"
V07160,Sedan,12,40935,103,2379,37,13.6,12.6,32,64,Critical,High,10,Yes,20,"10,001–25,000"
V07161,SUV,10,102142,98,2654,34,13.4,12.66,44,98,Worn,Medium,7,No,100,"80,001+"
V07162,Sedan,8,156357,102,2723,30,6.5,12.27,34,67,Worn,High,9,Yes,50,"25,001–50,000"
V07163,Sedan,2,126095,88,2647,36,15.6,12.36,30,65,Moderate,High,12,Yes,70,"50,001–80,000"
V07164,SUV,2,184700,91,2897,33,16.4,11.98,42,39,Critical,High,4,No,60,"50,001–80,000"
V07165,SUV,12,100019,98,2452,37,8.0,12.93,33,57,Moderate,Low,4,No,90,"80,001+"
V07166,Sedan,10,185354,110,1827,46,7.0,11.85,36,92,Good,Low,4,Yes,80,"80,001+"
V07167,Truck,2,10191,87,2998,46,15.6,11.72,36,90,Worn,Low,5,Yes,100,"80,001+"
V07168,Truck,14,91436,110,2243,39,15.8,11.85,45,92,Moderate,Medium,6,No,70,"50,001–80,000"
V07169,Hatchback,2,144771,85,1629,43,17.1,11.92,44,54,Moderate,Low,5,Yes,100,"80,001+"
V07170,SUV,9,15894,88,2846,31,13.0,12.52,45,98,Good,Low,9,No,90,"80,001+"
V07171,Hatchback,13,176517,98,2109,23,13.9,12.87,43,36,Worn,Low,12,No,60,"50,001–80,000"
V07172,Sedan,7,109896,101,1658,44,9.9,11.51,43,58,Worn,Medium,2,No,80,"80,001+"
V07173,SUV,13,59053,86,1944,27,18.1,11.04,45,95,Critical,Medium,3,No,50,"25,001–50,000"
V07174,Truck,8,97498,94,2299,40,13.3,12.96,40,34,Moderate,Low,12,No,90,"80,001+"
V07175,Sedan,11,30059,107,2245,34,19.2,11.52,43,73,Critical,High,4,Yes,30,"10,001–25,000"
V07176,Sedan,12,116734,99,2840,40,6.9,11.21,34,93,Critical,Medium,5,No,70,"50,001–80,000"
V07177,Sedan,10,18480,86,1835,21,17.2,12.36,35,76,Good,Low,7,Yes,80,"80,001+"
V07178,Truck,11,39084,110,2207,36,7.8,11.73,45,100,Good,Medium,6,Yes,70,"50,001–80,000"
V07179,Sedan,15,137135,88,2613,30,17.0,12.03,37,60,Moderate,Medium,7,Yes,90,"80,001+"
V07180,Hatchback,4,45502,95,2834,45,10.9,12.54,37,82,Worn,High,12,Yes,70,"50,001–80,000"
V07181,Hatchback,11,37959,101,1929,41,13.3,11.66,41,44,Moderate,Low,4,Yes,70,"50,001–80,000"
V07182,Hatchback,13,106109,97,1594,21,6.9,11.93,37,89,Worn,High,6,No,50,"25,001–50,000"
V07183,Truck,2,89304,110,2819,46,6.3,11.76,32,47,Worn,Medium,5,No,80,"80,001+"
V07184,SUV,11,163602,110,2800,23,9.3,12.97,44,80,Good,Medium,4,No,50,"25,001–50,000"
V07185,SUV,5,12792,109,2016,34,7.3,11.32,41,36,Critical,Low,11,No,50,"25,001–50,000"
V07186,SUV,2,118971,89,2939,24,5.6,12.29,43,109,Moderate,Low,9,Yes,70,"50,001–80,000"
V07187,Hatchback,13,37281,85,2600,39,6.5,12.34,43,94,Moderate,Low,6,Yes,90,"80,001+"
V07188,SUV,2,101661,109,2986,30,6.2,11.28,34,63,Moderate,Medium,10,Yes,70,"50,001–80,000"
V07189,Sedan,8,183427,89,2391,45,8.2,12.96,30,59,Critical,High,2,No,60,"50,001–80,000"
V07190,Hatchback,5,30430,87,1748,20,20.0,12.12,40,105,Worn,Medium,1,No,80,"80,001+"
V07191,Sedan,3,196330,104,1928,49,17.1,11.02,31,81,Worn,Medium,11,Yes,70,"50,001–80,000"
V07192,Sedan,5,78683,106,1513,32,8.9,12.01,39,44,Critical,Low,7,Yes,60,"50,001–80,000"
V07193,Hatchback,5,11395,95,1895,37,19.3,11.71,31,47,Critical,Medium,8,Yes,80,"80,001+"
V07194,Hatchback,10,18283,89,2764,30,14.3,11.88,39,102,Good,High,11,Yes,70,"50,001–80,000"
V07195,Truck,3,159018,94,2003,39,16.6,11.59,30,68,Good,High,2,Yes,80,"80,001+"
V07196,Hatchback,12,188524,109,1875,40,12.3,11.48,43,99,Good,Low,6,No,70,"50,001–80,000"
V07197,Hatchback,2,135178,106,2584,33,10.5,11.56,38,36,Moderate,High,2,Yes,60,"50,001–80,000"
V07198,Sedan,12,17591,104,2442,39,11.6,12.39,36,92,Critical,Low,1,No,50,"25,001–50,000"
V07199,SUV,13,49336,105,2988,37,6.2,11.83,36,102,Critical,Medium,3,Yes,50,"25,001–50,000"
V07200,Truck,7,81356,94,2442,39,7.0,12.94,41,102,Critical,Medium,5,Yes,80,"80,001+"
V07201,Truck,12,175375,107,2348,41,7.7,11.5,30,109,Worn,Low,8,Yes,70,"50,001–80,000"
V07202,Sedan,7,107335,91,2440,42,11.3,12.04,35,92,Good,Medium,4,No,100,"80,001+"
V07203,Truck,2,107729,105,2223,20,10.4,11.98,43,40,Good,Low,6,Yes,60,"50,001–80,000"
V07204,Sedan,12,99638,87,2682,40,7.6,11.51,38,49,Good,Low,5,Yes,90,"80,001+"
V07205,Hatchback,6,115497,91,2283,45,6.9,12.72,38,100,Moderate,Low,9,Yes,90,"80,001+"
V07206,Truck,10,193524,106,2226,27,9.8,11.71,42,85,Good,Medium,2,No,60,"50,001–80,000"
V07207,SUV,10,81618,101,2568,22,18.4,11.12,37,61,Moderate,High,10,No,30,"10,001–25,000"
V07208,Sedan,11,108159,88,2604,37,11.1,11.42,30,65,Moderate,Low,9,No,80,"80,001+"
V07209,Sedan,12,186298,98,1751,36,7.4,12.16,30,46,Good,Medium,7,No,90,"80,001+"
V07210,SUV,8,192525,97,2619,29,7.8,12.03,40,31,Moderate,Low,12,Yes,70,"50,001–80,000"
V07211,Truck,12,90648,110,2910,43,7.6,11.69,32,63,Good,Low,3,Yes,70,"50,001–80,000"
V07212,Truck,15,94094,96,2081,48,13.0,12.12,34,38,Good,High,10,Yes,60,"50,001–80,000"
V07213,Hatchback,2,39718,91,1580,43,14.4,11.35,30,62,Critical,Low,2,Yes,80,"80,001+"
V07214,Hatchback,14,166431,85,2976,27,15.2,11.67,33,39,Critical,High,6,Yes,30,"10,001–25,000"
V07215,Truck,11,113216,98,2783,42,6.4,11.48,36,102,Good,Low,6,Yes,90,"80,001+"
V07216,Truck,8,10714,94,2532,34,15.0,12.95,40,68,Critical,High,11,Yes,50,"25,001–50,000"
V07217,Truck,5,73411,102,2974,38,10.2,11.6,42,77,Critical,Medium,3,Yes,60,"50,001–80,000"
V07218,Sedan,4,52384,108,2026,49,17.3,11.57,38,52,Critical,High,11,Yes,30,"10,001–25,000"
V07219,SUV,9,157727,106,1985,29,11.3,12.13,40,36,Critical,High,11,No,10,"0–10,000"
V07220,Sedan,13,183953,85,2484,39,10.3,12.21,38,106,Moderate,High,12,No,60,"50,001–80,000"
V07221,Hatchback,5,11578,96,2747,25,17.7,11.36,43,57,Worn,High,3,No,60,"50,001–80,000"
V07222,Truck,10,86785,90,1660,30,15.5,12.26,31,86,Critical,Medium,3,No,80,"80,001+"
V07223,Sedan,6,66862,91,2532,41,8.3,12.19,32,65,Worn,High,9,Yes,70,"50,001–80,000"
V07224,Sedan,14,139724,108,1829,50,15.6,11.69,30,52,Moderate,Low,8,No,70,"50,001–80,000"
V07225,Sedan,4,97714,100,1956,28,16.9,12.74,38,82,Worn,Medium,9,No,70,"50,001–80,000"
V07226,SUV,4,175937,88,2598,45,7.4,11.21,40,45,Worn,Low,6,No,100,"80,001+"
V07227,Sedan,12,132021,104,2064,50,15.5,12.25,34,65,Good,High,12,Yes,40,"25,001–50,000"
V07228,SUV,2,126176,90,1662,45,16.8,12.36,31,81,Moderate,Low,5,No,100,"80,001+"
V07229,SUV,4,42891,101,1736,21,19.0,11.2,37,109,Good,High,1,No,40,"25,001–50,000"
V07230,SUV,14,150737,86,2131,26,15.0,11.65,40,63,Moderate,Low,8,No,70,"50,001–80,000"
V07231,Hatchback,3,56619,102,1719,24,19.6,11.43,32,39,Critical,High,6,No,20,"10,001–25,000"
V07232,Truck,1,121375,102,2337,42,8.3,11.22,32,94,Good,Low,6,Yes,80,"80,001+"
V07233,Truck,4,34878,92,2309,34,5.4,12.08,41,36,Worn,Low,12,Yes,90,"80,001+"
V07234,Truck,8,186392,105,2107,38,17.7,11.26,40,34,Good,High,12,No,50,"25,001–50,000"
V07235,Truck,10,44055,91,2460,34,6.7,11.05,36,61,Critical,High,7,No,60,"50,001–80,000"
V07236,Sedan,7,5620,108,1888,38,14.2,12.16,38,79,Moderate,Medium,11,Yes,70,"50,001–80,000"
V07237,Hatchback,3,116194,100,1830,48,13.3,12.22,34,30,Critical,Low,2,Yes,80,"80,001+"
V07238,Truck,15,139717,86,2509,43,13.4,11.97,32,39,Worn,High,12,Yes,60,"50,001–80,000"
V07239,Hatchback,11,7776,88,2046,37,11.9,11.89,38,34,Worn,Low,7,No,90,"80,001+"
V07240,SUV,3,29751,93,2422,26,5.8,11.22,31,101,Good,Low,11,No,70,"50,001–80,000"
V07241,SUV,2,50045,105,1691,28,15.8,12.19,40,34,Moderate,High,12,No,30,"10,001–25,000"
V07242,Sedan,12,154613,91,1864,32,7.6,12.75,39,82,Moderate,High,8,Yes,70,"50,001–80,000"
V07243,Hatchback,14,87259,97,2093,30,6.0,11.37,30,42,Critical,Low,5,No,70,"50,001–80,000"
V07244,Sedan,13,189810,95,2196,42,18.4,11.53,38,52,Critical,Medium,10,No,60,"50,001–80,000"
V07245,Sedan,7,43986,109,1746,43,15.0,12.36,37,48,Moderate,Medium,10,No,70,"50,001–80,000"
V07246,SUV,6,59847,86,2762,20,15.6,11.53,41,83,Good,High,12,Yes,50,"25,001–50,000"
V07247,Truck,4,80586,99,1689,46,17.9,11.55,34,32,Critical,Low,10,Yes,70,"50,001–80,000"
V07248,Sedan,11,9354,89,1749,24,15.3,12.47,32,88,Moderate,Low,9,Yes,60,"50,001–80,000"
V07249,SUV,2,137869,91,2305,27,19.7,11.26,40,66,Moderate,Medium,9,No,70,"50,001–80,000"
V07250,Sedan,8,103803,96,2714,49,9.9,12.37,35,42,Good,Low,9,No,90,"80,001+"
V07251,Truck,12,69072,99,2650,38,8.9,12.69,44,110,Critical,Medium,1,No,70,"50,001–80,000"
V07252,Hatchback,1,81537,100,2350,31,16.1,12.67,31,101,Moderate,High,6,Yes,80,"80,001+"
V07253,Truck,9,63136,108,2928,30,15.5,12.4,30,57,Good,High,12,No,50,"25,001–50,000"
V07254,SUV,5,75834,105,2977,34,8.3,11.64,39,107,Worn,Medium,8,Yes,80,"80,001+"
V07255,SUV,11,125977,110,2251,30,12.4,12.43,32,76,Moderate,High,5,Yes,50,"25,001–50,000"
V07256,Sedan,2,178628,110,2229,23,17.9,12.31,44,78,Good,Medium,10,No,50,"25,001–50,000"
V07257,Sedan,15,85393,96,2062,40,9.6,12.04,31,55,Critical,High,8,Yes,50,"25,001–50,000"
V07258,Hatchback,14,134452,106,2402,44,6.4,11.27,32,82,Critical,High,7,No,30,"10,001–25,000"
V07259,Sedan,8,20790,86,2208,25,11.7,11.21,35,96,Good,Medium,1,Yes,80,"80,001+"
V07260,SUV,6,110973,96,1852,27,7.8,12.37,42,75,Moderate,Low,7,Yes,80,"80,001+"
V07261,SUV,9,107069,85,2089,36,11.2,11.28,39,100,Good,Medium,9,Yes,90,"80,001+"
V07262,Sedan,8,113168,102,2951,45,10.2,12.17,41,46,Good,High,2,Yes,60,"50,001–80,000"
V07263,Hatchback,4,92850,88,1686,41,16.2,11.27,41,76,Moderate,High,3,Yes,80,"80,001+"
V07264,Hatchback,6,104353,105,2074,24,7.5,11.15,32,42,Critical,High,5,Yes,20,"10,001–25,000"
V07265,SUV,2,167267,104,2361,24,16.4,12.27,43,90,Worn,Medium,1,Yes,60,"50,001–80,000"
V07266,Truck,4,135501,104,1992,36,13.7,11.51,39,70,Worn,High,8,No,60,"50,001–80,000"
V07267,SUV,6,123944,100,2193,45,5.8,12.86,43,106,Worn,Medium,7,Yes,100,"80,001+"
V07268,SUV,8,113981,95,2340,40,9.8,12.58,39,43,Moderate,Low,4,No,100,"80,001+"
V07269,Truck,15,121672,96,1953,33,16.2,12.86,35,84,Worn,Low,9,Yes,80,"80,001+"
V07270,Truck,7,82893,86,2985,30,8.1,12.0,42,84,Good,High,5,Yes,80,"80,001+"
V07271,Hatchback,15,97792,103,1996,37,18.0,11.7,41,58,Good,Low,4,Yes,70,"50,001–80,000"
V07272,Hatchback,1,13794,107,1979,50,12.9,11.21,40,81,Critical,High,6,Yes,40,"25,001–50,000"
V07273,Sedan,11,166976,110,2851,42,6.0,11.88,45,33,Moderate,Medium,5,No,70,"50,001–80,000"
V07274,Sedan,14,72357,90,2431,50,12.5,12.06,37,84,Critical,Medium,6,Yes,70,"50,001–80,000"
V07275,Sedan,1,16592,106,2009,33,6.4,11.13,34,61,Critical,High,1,No,40,"25,001–50,000"
V07276,Hatchback,9,176021,96,1954,30,15.1,11.9,40,83,Critical,Low,10,No,70,"50,001–80,000"
V07277,Truck,15,151538,86,2518,35,19.2,11.98,36,96,Critical,High,11,No,40,"25,001–50,000"
V07278,Hatchback,6,52444,96,1951,29,10.6,12.0,31,62,Critical,Low,11,Yes,50,"25,001–50,000"
V07279,Hatchback,4,118101,107,2495,36,16.8,11.17,33,38,Critical,Medium,11,No,50,"25,001–50,000"
V07280,Hatchback,5,32374,97,2708,31,9.3,11.79,33,31,Worn,Medium,6,No,100,"80,001+"
V07281,Hatchback,8,71893,101,1542,45,13.8,12.81,44,65,Moderate,Low,10,No,70,"50,001–80,000"
V07282,Sedan,6,150142,102,2915,44,10.5,12.09,40,85,Worn,High,10,No,50,"25,001–50,000"
V07283,Sedan,14,60317,86,2043,25,11.2,12.64,33,109,Moderate,Low,10,No,60,"50,001–80,000"
V07284,Truck,8,122355,86,2467,30,16.3,12.59,39,84,Moderate,Low,6,Yes,100,"80,001+"
V07285,Sedan,3,28774,104,2736,36,18.5,11.48,45,109,Critical,High,6,No,40,"25,001–50,000"
V07286,Truck,8,162371,85,2356,24,5.4,11.96,36,60,Good,Low,1,No,80,"80,001+"
V07287,Truck,6,12049,88,2461,47,13.5,12.49,43,108,Good,Low,4,No,100,"80,001+"
V07288,SUV,8,61344,100,1522,49,7.8,12.46,34,82,Good,Medium,1,Yes,100,"80,001+"
V07289,Sedan,8,147608,98,1522,41,12.9,12.21,45,51,Good,Medium,9,No,90,"80,001+"
V07290,SUV,2,90796,103,2392,45,13.5,12.88,34,99,Moderate,Low,5,No,80,"80,001+"
V07291,SUV,8,152547,106,2121,45,10.9,12.76,40,70,Moderate,Low,10,Yes,70,"50,001–80,000"
V07292,Hatchback,7,106672,95,1952,50,9.0,12.42,42,69,Moderate,Low,5,No,100,"80,001+"
V07293,Truck,2,8356,100,1857,26,16.1,11.18,43,51,Good,Low,10,Yes,70,"50,001–80,000"
V07294,Sedan,1,117726,85,2660,49,9.8,12.24,41,70,Critical,High,2,Yes,60,"50,001–80,000"
V07295,Sedan,3,168794,85,2223,35,19.6,12.37,37,105,Good,High,5,No,80,"80,001+"
V07296,Truck,1,51397,107,1914,24,19.7,11.77,39,55,Good,High,8,No,40,"25,001–50,000"
V07297,Hatchback,11,36108,102,2558,34,10.3,11.12,32,82,Moderate,High,5,No,50,"25,001–50,000"
V07298,Hatchback,9,98626,98,2735,50,8.2,12.6,41,49,Worn,Low,4,No,100,"80,001+"
V07299,Sedan,6,106045,89,1534,46,5.6,11.87,44,57,Good,Medium,9,Yes,90,"80,001+"
V07300,Sedan,6,40020,105,2747,38,7.1,12.96,31,102,Critical,High,12,Yes,30,"10,001–25,000"
V07301,SUV,5,189016,101,2465,38,7.2,11.75,37,41,Critical,Medium,2,Yes,60,"50,001–80,000"
V07302,Hatchback,11,160188,109,2915,30,9.7,12.27,39,68,Good,High,12,Yes,40,"25,001–50,000"
V07303,Truck,5,145244,92,1901,50,15.0,12.54,43,103,Moderate,High,5,No,80,"80,001+"
V07304,Hatchback,6,108062,104,2619,31,9.1,12.68,30,49,Good,High,6,No,60,"50,001–80,000"
V07305,SUV,3,109903,93,2059,29,8.1,11.9,31,90,Critical,Medium,7,No,60,"50,001–80,000"
V07306,Hatchback,9,25501,106,1813,39,10.0,11.19,33,32,Moderate,High,5,No,60,"50,001–80,000"
V07307,Hatchback,12,121356,104,1675,30,7.8,12.94,32,105,Worn,Low,4,Yes,70,"50,001–80,000"
V07308,SUV,8,73750,90,2102,40,9.7,11.52,33,31,Critical,High,5,Yes,60,"50,001–80,000"
V07309,SUV,15,179559,108,1790,31,14.4,11.86,40,66,Moderate,High,7,Yes,50,"25,001–50,000"
V07310,Truck,4,79546,107,2365,47,19.6,11.55,30,83,Worn,High,12,Yes,50,"25,001–50,000"
V07311,Sedan,13,67795,96,2213,25,6.1,11.58,35,75,Critical,High,12,No,20,"10,001–25,000"
V07312,Sedan,2,117431,104,2529,45,17.4,11.32,42,100,Critical,Medium,7,Yes,60,"50,001–80,000"
V07313,Truck,15,105505,95,2349,40,7.8,12.28,38,95,Worn,Low,9,No,80,"80,001+"
V07314,Hatchback,15,54696,98,2533,43,17.0,12.65,42,68,Good,Low,7,No,90,"80,001+"
V07315,Hatchback,1,90982,87,1732,40,7.3,11.31,40,46,Critical,High,5,Yes,60,"50,001–80,000"
V07316,Sedan,7,92504,109,2377,37,8.0,11.97,33,58,Moderate,Medium,5,No,80,"80,001+"
V07317,Hatchback,6,66261,93,2331,34,14.3,12.07,45,37,Critical,High,4,Yes,60,"50,001–80,000"
V07318,Truck,7,151410,102,2878,32,17.6,12.82,42,56,Good,Medium,4,No,80,"80,001+"
V07319,Hatchback,1,189640,87,1834,43,9.0,11.21,44,93,Critical,High,12,Yes,50,"25,001–50,000"
V07320,Hatchback,13,196339,93,2332,36,16.3,11.43,40,73,Worn,High,4,No,70,"50,001–80,000"
V07321,Truck,7,97531,106,1584,22,6.0,11.06,34,42,Critical,Low,3,No,40,"25,001–50,000"
V07322,Sedan,3,196701,104,2287,47,9.6,11.32,41,110,Critical,Medium,8,Yes,60,"50,001–80,000"
V07323,SUV,15,116634,97,2493,50,6.0,12.11,42,43,Critical,Medium,6,No,70,"50,001–80,000"
V07324,Truck,6,135190,102,2574,38,19.5,12.47,37,68,Worn,Medium,10,Yes,70,"50,001–80,000"
V07325,SUV,1,45778,93,2950,24,14.0,11.94,41,110,Good,High,11,Yes,50,"25,001–50,000"
V07326,SUV,9,50474,90,2845,34,14.8,12.72,30,45,Moderate,High,3,No,80,"80,001+"
V07327,Hatchback,10,70414,105,1808,30,17.4,12.22,42,61,Worn,Low,1,Yes,80,"80,001+"
V07328,Truck,8,100546,92,1636,29,12.0,11.93,40,94,Critical,High,6,Yes,40,"25,001–50,000"
V07329,Truck,1,104143,103,2472,43,5.1,12.87,44,82,Worn,Medium,12,Yes,70,"50,001–80,000"
V07330,SUV,8,62156,109,2490,21,14.1,11.25,35,54,Critical,High,1,Yes,20,"10,001–25,000"
V07331,Hatchback,15,82956,108,2651,37,18.4,12.81,44,45,Moderate,Low,5,Yes,70,"50,001–80,000"
V07332,Truck,1,199676,105,2044,50,13.4,12.37,42,68,Good,High,10,No,50,"25,001–50,000"
V07333,Hatchback,8,12166,103,2999,34,11.8,12.23,43,49,Worn,Medium,11,No,70,"50,001–80,000"
V07334,Truck,4,33773,92,2222,41,19.8,11.69,37,47,Good,High,9,No,70,"50,001–80,000"
V07335,Hatchback,15,187145,103,2320,32,14.0,11.68,45,85,Critical,High,12,Yes,20,"10,001–25,000"
V07336,Sedan,13,102618,85,2154,32,15.4,11.54,41,98,Worn,Medium,8,Yes,90,"80,001+"
V07337,Sedan,10,20964,87,2551,50,15.8,12.32,39,36,Worn,High,9,Yes,70,"50,001–80,000"
V07338,SUV,14,13420,101,2205,46,7.0,11.85,33,72,Moderate,Medium,5,Yes,70,"50,001–80,000"
V07339,Truck,14,181148,89,2053,33,17.7,12.3,45,45,Worn,Low,6,Yes,90,"80,001+"
V07340,Hatchback,15,166036,98,2073,25,6.6,12.47,44,76,Critical,Low,4,Yes,50,"25,001–50,000"
V07341,Sedan,8,53337,87,2996,36,17.0,11.49,41,49,Good,Low,6,No,100,"80,001+"
V07342,Truck,9,40634,108,1921,34,14.5,12.63,38,65,Moderate,Medium,4,Yes,80,"80,001+"
V07343,Truck,15,43127,98,1502,38,18.6,12.66,44,103,Good,Medium,11,Yes,80,"80,001+"
V07344,Sedan,10,117930,98,2718,28,16.5,11.71,41,99,Moderate,Low,4,Yes,80,"80,001+"
V07345,Truck,3,170291,91,2289,41,5.3,11.07,45,38,Moderate,High,6,Yes,80,"80,001+"
V07346,SUV,14,108177,108,2453,21,5.4,11.59,42,106,Moderate,Low,6,Yes,50,"25,001–50,000"
V07347,Truck,1,178031,96,1605,48,9.6,12.27,34,105,Good,Medium,8,No,100,"80,001+"
V07348,Sedan,4,191726,97,2946,35,6.6,12.83,34,106,Good,Low,10,No,90,"80,001+"
V07349,Truck,8,149392,106,1795,43,6.6,12.15,40,68,Moderate,Low,11,No,70,"50,001–80,000"
V07350,Truck,12,197930,103,1865,23,9.6,12.07,33,81,Moderate,Low,4,Yes,50,"25,001–50,000"
V07351,Sedan,11,86401,88,2691,40,8.9,11.5,33,63,Worn,Medium,4,Yes,90,"80,001+"
V07352,Hatchback,13,170023,92,2745,48,18.5,12.17,36,40,Moderate,High,2,Yes,70,"50,001–80,000"
V07353,Sedan,11,187635,93,2943,45,11.4,12.65,32,95,Moderate,Low,6,Yes,90,"80,001+"
V07354,Hatchback,4,87121,106,2756,35,14.8,12.88,44,45,Moderate,High,8,No,60,"50,001–80,000"
V07355,Sedan,14,126324,107,1741,31,11.9,12.94,36,99,Worn,High,2,Yes,50,"25,001–50,000"
V07356,Truck,2,92225,107,2999,39,9.1,11.93,45,69,Good,Low,2,Yes,80,"80,001+"
V07357,Sedan,2,57453,90,2713,33,6.9,11.31,35,74,Good,Medium,6,No,100,"80,001+"
V07358,Hatchback,5,174784,107,2457,34,18.7,11.24,39,43,Critical,High,3,No,40,"25,001–50,000"
V07359,SUV,1,37043,107,2271,26,10.7,11.88,42,97,Critical,High,11,Yes,10,"0–10,000"
V07360,SUV,15,47820,92,2061,34,9.4,12.14,38,69,Moderate,Medium,5,No,90,"80,001+"
V07361,Sedan,15,113361,97,2464,25,16.5,11.33,36,36,Good,Medium,7,No,70,"50,001–80,000"
V07362,SUV,5,123773,107,2818,40,16.3,12.13,39,42,Moderate,High,10,No,50,"25,001–50,000"
V07363,Truck,14,81087,109,2684,48,19.2,12.32,41,42,Critical,Low,8,Yes,50,"25,001–50,000"
V07364,SUV,2,118801,97,1668,29,17.5,12.37,32,31,Worn,Low,1,Yes,80,"80,001+"
V07365,Sedan,9,173969,109,2555,29,10.7,12.89,44,69,Good,Low,5,No,60,"50,001–80,000"
V07366,Truck,3,163557,96,2129,44,17.3,12.71,45,94,Worn,Medium,10,Yes,90,"80,001+"
V07367,Hatchback,7,168432,89,2353,36,18.4,12.18,43,87,Good,High,9,No,70,"50,001–80,000"
V07368,SUV,9,78115,108,1506,24,6.5,12.64,31,38,Critical,Medium,11,No,30,"10,001–25,000"
V07369,Sedan,12,176409,101,2039,49,17.1,12.82,35,97,Worn,High,7,No,50,"25,001–50,000"
V07370,SUV,5,43646,89,1888,40,19.0,12.05,35,60,Critical,Medium,8,No,80,"80,001+"
V07371,Hatchback,12,179393,91,1520,37,5.3,11.77,41,73,Critical,High,8,Yes,50,"25,001–50,000"
V07372,SUV,2,115414,98,1588,37,9.3,12.28,33,42,Good,Low,8,Yes,100,"80,001+"
V07373,Hatchback,4,38017,110,2644,38,7.5,12.9,34,81,Worn,Medium,7,Yes,80,"80,001+"
V07374,Hatchback,15,178517,103,2962,36,16.8,12.53,32,86,Moderate,Low,6,Yes,70,"50,001–80,000"
V07375,Truck,12,45999,90,2655,34,8.6,11.42,42,89,Good,Medium,1,No,90,"80,001+"
V07376,SUV,12,42582,95,1835,47,12.5,11.43,40,62,Worn,Low,8,No,90,"80,001+"
V07377,Sedan,9,99155,91,2955,45,8.0,12.36,45,54,Worn,Medium,4,No,100,"80,001+"
V07378,Hatchback,7,184591,86,1502,29,11.0,12.94,39,81,Good,High,12,No,50,"25,001–50,000"
V07379,Hatchback,1,107927,96,1730,38,18.2,11.95,40,40,Worn,Low,11,No,90,"80,001+"
V07380,Sedan,14,99513,102,2350,37,6.4,12.7,38,57,Critical,Low,5,No,50,"25,001–50,000"
V07381,Hatchback,15,194412,90,1667,22,5.9,11.28,36,69,Good,High,10,Yes,40,"25,001–50,000"
V07382,Sedan,1,66501,85,1762,43,14.4,11.97,33,57,Critical,Low,11,No,70,"50,001–80,000"
V07383,Sedan,13,166186,107,2589,35,7.0,12.39,34,100,Critical,High,8,Yes,30,"10,001–25,000"
V07384,Sedan,12,196132,101,1582,27,6.6,12.62,31,42,Moderate,Medium,1,Yes,50,"25,001–50,000"
V07385,Hatchback,2,197363,87,2181,34,17.5,11.01,43,72,Worn,Low,2,Yes,100,"80,001+"
V07386,Hatchback,14,88830,87,2355,43,18.3,11.47,34,100,Moderate,High,10,Yes,60,"50,001–80,000"
V07387,Truck,15,46990,104,2028,26,15.6,11.49,39,39,Good,Low,4,No,50,"25,001–50,000"
V07388,Truck,12,21600,91,2761,43,10.7,12.48,41,104,Worn,Low,10,No,80,"80,001+"
V07389,SUV,1,21346,86,1624,43,8.3,12.72,34,62,Good,Low,6,Yes,100,"80,001+"
V07390,Truck,8,160472,94,1958,28,6.2,12.62,35,47,Good,Medium,3,No,80,"80,001+"
V07391,Hatchback,6,53782,102,2219,27,14.7,11.97,38,108,Good,High,10,No,30,"10,001–25,000"
V07392,Sedan,6,10204,91,2123,35,10.1,11.22,38,103,Moderate,High,9,No,70,"50,001–80,000"
V07393,Hatchback,12,17752,88,2500,29,9.3,11.06,38,47,Worn,Medium,7,Yes,70,"50,001–80,000"
V07394,Hatchback,7,22805,93,2480,46,14.8,11.8,45,84,Worn,High,6,No,80,"80,001+"
V07395,Truck,9,80805,107,2429,45,16.0,12.08,39,74,Worn,Low,9,Yes,70,"50,001–80,000"
V07396,Truck,1,6620,109,2476,23,13.0,12.59,35,71,Moderate,High,4,No,40,"25,001–50,000"
V07397,Sedan,1,197922,108,1695,23,6.9,12.86,34,79,Worn,Low,5,No,60,"50,001–80,000"
V07398,Sedan,7,91620,92,2490,22,13.4,11.3,40,104,Good,High,7,No,60,"50,001–80,000"
V07399,SUV,1,136024,109,2531,33,14.9,11.43,30,32,Moderate,Medium,5,No,80,"80,001+"
V07400,Hatchback,11,30981,89,2053,23,7.4,12.7,43,109,Worn,Medium,1,Yes,70,"50,001–80,000"
V07401,SUV,12,104731,105,2142,46,5.4,12.63,45,91,Moderate,High,9,Yes,40,"25,001–50,000"
V07402,SUV,1,73221,104,2130,23,11.4,12.57,34,54,Critical,Medium,2,No,40,"25,001–50,000"
V07403,Hatchback,13,52446,90,1916,34,17.9,11.06,34,78,Critical,Medium,8,Yes,70,"50,001–80,000"
V07404,Truck,15,180260,106,1676,35,16.9,11.96,45,44,Critical,Low,2,No,50,"25,001–50,000"
V07405,Truck,11,41414,88,2419,38,14.6,11.04,43,80,Moderate,High,2,No,70,"50,001–80,000"
V07406,Hatchback,4,76340,110,2806,37,7.4,11.47,44,105,Moderate,Medium,6,No,80,"80,001+"
V07407,Hatchback,11,119741,95,2113,22,5.5,12.23,33,103,Critical,Low,1,No,50,"25,001–50,000"
V07408,SUV,5,171158,91,1785,31,15.2,12.39,37,60,Moderate,Low,1,Yes,100,"80,001+"
V07409,SUV,2,23249,107,1661,23,19.6,12.8,44,101,Critical,Low,2,No,40,"25,001–50,000"
V07410,SUV,13,103474,93,2195,42,8.4,12.53,35,34,Worn,Low,6,No,90,"80,001+"
V07411,Truck,9,69287,86,2749,38,15.4,11.36,43,44,Moderate,Medium,8,No,100,"80,001+"
V07412,Hatchback,3,158249,106,2384,43,6.7,11.47,45,38,Good,High,2,Yes,60,"50,001–80,000"
V07413,Sedan,14,69538,101,1650,26,18.3,12.24,44,37,Good,Medium,8,No,50,"25,001–50,000"
V07414,Hatchback,7,7616,104,1593,42,11.5,11.18,44,109,Worn,Low,4,Yes,80,"80,001+"
V07415,Hatchback,1,86282,108,2750,45,19.4,11.68,35,66,Worn,High,12,Yes,50,"25,001–50,000"
V07416,Sedan,6,97221,105,2013,35,15.0,12.38,37,68,Critical,Medium,2,No,60,"50,001–80,000"
V07417,Truck,11,154045,101,1661,37,14.5,11.07,34,51,Worn,Low,4,Yes,70,"50,001–80,000"
V07418,Hatchback,1,15122,105,2275,22,10.0,11.86,34,79,Moderate,Low,1,No,60,"50,001–80,000"
V07419,Sedan,7,102574,106,2065,40,19.9,11.33,35,86,Critical,High,6,No,40,"25,001–50,000"
V07420,Sedan,6,119271,106,2082,30,19.6,12.22,38,47,Moderate,Medium,3,Yes,80,"80,001+"
V07421,Truck,2,86396,92,1711,36,13.1,12.0,35,43,Good,High,4,Yes,80,"80,001+"
V07422,Truck,1,124980,99,2457,38,8.6,12.63,40,42,Critical,High,4,No,60,"50,001–80,000"
V07423,Sedan,14,124750,106,2873,42,9.5,12.3,36,30,Critical,Medium,4,Yes,50,"25,001–50,000"
V07424,Sedan,7,65756,109,2345,34,17.9,12.64,45,47,Worn,Low,5,Yes,80,"80,001+"
V07425,SUV,14,162515,85,2362,42,12.7,11.67,43,83,Worn,Low,3,No,90,"80,001+"
V07426,Sedan,1,89097,106,2326,20,6.8,11.0,41,54,Worn,Medium,1,Yes,60,"50,001–80,000"
V07427,Hatchback,4,38624,98,1763,40,15.4,12.48,44,41,Worn,High,6,Yes,80,"80,001+"
V07428,Truck,12,24646,102,2582,32,8.3,12.77,35,64,Worn,Medium,9,Yes,60,"50,001–80,000"
V07429,Sedan,6,144096,95,1767,33,9.4,12.12,31,102,Moderate,Low,4,No,100,"80,001+"
V07430,Sedan,11,142485,104,2215,48,9.7,11.06,36,36,Moderate,Medium,9,Yes,60,"50,001–80,000"
V07431,Sedan,6,120278,96,2554,43,10.2,12.77,44,84,Critical,Low,12,Yes,70,"50,001–80,000"
V07432,Hatchback,10,97697,92,2778,27,12.5,11.47,44,34,Moderate,High,3,Yes,60,"50,001–80,000"
V07433,Hatchback,5,172013,95,2031,41,11.0,12.6,45,68,Moderate,Medium,6,No,100,"80,001+"
V07434,Truck,12,39712,101,1853,23,11.6,11.07,38,65,Moderate,Low,5,Yes,50,"25,001–50,000"
V07435,Hatchback,4,76918,110,2911,28,8.3,12.59,31,85,Critical,Medium,8,Yes,40,"25,001–50,000"
V07436,Truck,8,134944,92,2743,46,18.7,11.04,44,94,Moderate,Low,12,Yes,90,"80,001+"
V07437,Hatchback,6,152613,103,2724,21,17.7,12.13,38,80,Moderate,Medium,3,No,60,"50,001–80,000"
V07438,SUV,4,13043,109,2480,46,19.0,12.28,30,105,Critical,Low,12,No,50,"25,001–50,000"
V07439,Sedan,7,160114,91,1901,30,6.9,11.79,31,77,Good,High,12,Yes,70,"50,001–80,000"
V07440,Truck,10,138531,104,2107,31,6.2,12.89,30,101,Worn,Low,5,No,80,"80,001+"
V07441,Truck,10,31558,109,1800,40,16.0,13.0,37,42,Moderate,Medium,6,Yes,80,"80,001+"
V07442,Hatchback,12,159662,86,1655,21,12.3,12.47,33,86,Critical,High,5,Yes,30,"10,001–25,000"
V07443,Sedan,7,171806,100,1938,30,13.8,11.28,33,62,Moderate,High,3,Yes,80,"80,001+"
V07444,Sedan,6,180060,95,1949,29,15.6,11.79,34,60,Worn,Low,1,No,80,"80,001+"
V07445,Truck,9,12453,88,1799,50,13.2,11.85,33,85,Good,High,2,Yes,80,"80,001+"
V07446,Sedan,1,146530,105,1527,22,6.5,11.1,34,76,Moderate,Medium,11,No,50,"25,001–50,000"
V07447,Hatchback,9,134880,90,2114,39,14.6,11.37,35,41,Moderate,Low,8,Yes,100,"80,001+"
V07448,Sedan,3,96494,107,1522,35,19.3,12.33,31,57,Moderate,Medium,4,Yes,80,"80,001+"
V07449,Truck,7,49897,90,2689,38,9.7,12.23,44,104,Worn,Low,3,No,100,"80,001+"
V07450,Sedan,4,151344,101,2003,49,5.2,11.29,34,43,Worn,Medium,6,No,80,"80,001+"
V07451,Hatchback,4,39163,106,2643,44,19.8,11.07,35,76,Moderate,Medium,2,Yes,80,"80,001+"
V07452,SUV,3,113716,93,2215,39,14.8,11.02,30,87,Critical,Medium,4,Yes,80,"80,001+"
V07453,Sedan,15,37579,88,1960,33,11.6,12.57,38,33,Moderate,Low,9,Yes,80,"80,001+"
V07454,SUV,9,16124,106,1745,48,19.9,12.7,33,54,Worn,Low,9,No,70,"50,001–80,000"
V07455,Truck,15,9290,100,2288,31,18.6,11.36,34,96,Good,Medium,11,Yes,80,"80,001+"
V07456,SUV,13,33164,110,1579,22,13.6,11.23,44,79,Good,High,4,Yes,30,"10,001–25,000"
V07457,Truck,3,115550,90,2652,48,13.6,11.12,35,71,Good,Low,8,Yes,100,"80,001+"
V07458,Sedan,2,15916,106,1836,36,8.4,11.6,31,45,Worn,Low,2,No,80,"80,001+"
V07459,Hatchback,14,9483,107,1872,35,10.6,12.32,43,59,Worn,Medium,1,Yes,70,"50,001–80,000"
V07460,SUV,9,148915,87,2865,23,12.2,11.11,38,90,Moderate,Medium,12,No,70,"50,001–80,000"
V07461,SUV,11,189430,89,1533,20,14.9,12.88,33,100,Critical,High,10,Yes,20,"10,001–25,000"
V07462,SUV,14,175925,86,2465,30,9.1,12.13,45,56,Worn,Low,5,Yes,90,"80,001+"
V07463,Truck,14,137871,91,2983,36,7.3,12.57,30,49,Critical,High,6,No,50,"25,001–50,000"
V07464,SUV,1,185459,109,1589,37,18.8,11.87,44,102,Moderate,Medium,12,No,70,"50,001–80,000"
V07465,Sedan,9,123041,105,1842,31,16.7,12.88,38,30,Moderate,Medium,2,Yes,80,"80,001+"
V07466,Truck,11,186125,89,2096,30,7.4,11.3,40,58,Critical,Low,6,Yes,70,"50,001–80,000"
V07467,Truck,13,105180,103,2017,24,10.0,12.35,42,44,Worn,Low,4,No,50,"25,001–50,000"
V07468,Sedan,15,172016,106,2638,27,7.7,12.57,44,94,Good,Low,4,Yes,50,"25,001–50,000"
V07469,Sedan,9,109474,108,2373,38,6.5,11.44,44,59,Moderate,Low,12,Yes,70,"50,001–80,000"
V07470,Hatchback,14,28480,92,1963,42,13.4,11.45,31,54,Critical,High,5,No,50,"25,001–50,000"
V07471,Hatchback,2,141023,87,1730,42,14.7,12.87,43,57,Critical,High,7,Yes,60,"50,001–80,000"
V07472,SUV,6,100499,93,2922,31,17.2,12.42,38,80,Good,High,4,Yes,80,"80,001+"
V07473,Hatchback,5,93443,97,2845,27,19.7,11.98,33,33,Good,Low,9,Yes,70,"50,001–80,000"
V07474,Sedan,8,8474,104,2904,31,11.6,11.56,33,98,Moderate,Medium,4,Yes,80,"80,001+"
V07475,Truck,8,66502,85,1620,28,10.0,11.18,42,73,Moderate,Medium,3,No,80,"80,001+"
V07476,Truck,1,77326,104,1901,40,10.6,12.1,36,33,Worn,High,3,No,60,"50,001–80,000"
V07477,Hatchback,8,49710,110,2820,39,8.3,11.48,34,81,Worn,Medium,6,No,80,"80,001+"
V07478,SUV,4,35034,97,2855,47,7.7,12.16,42,58,Moderate,Medium,7,No,100,"80,001+"
V07479,Sedan,6,155846,105,2154,21,14.8,11.53,40,74,Worn,Low,4,No,60,"50,001–80,000"
V07480,Hatchback,8,45767,109,1782,27,10.7,12.9,32,36,Worn,High,7,No,40,"25,001–50,000"
V07481,Truck,14,43546,95,1557,49,14.2,11.14,41,47,Worn,High,11,No,60,"50,001–80,000"
V07482,Truck,12,117294,102,2265,35,13.8,12.82,31,78,Good,Medium,6,Yes,70,"50,001–80,000"
V07483,Truck,2,73997,93,2419,43,17.5,11.62,33,65,Good,Low,8,Yes,100,"80,001+"
V07484,Hatchback,9,46138,101,2027,40,6.2,11.71,40,105,Good,Medium,11,Yes,70,"50,001–80,000"
V07485,Truck,15,155287,109,1564,30,15.8,12.81,31,75,Critical,Low,3,Yes,50,"25,001–50,000"
V07486,Sedan,1,146791,108,1516,42,17.4,11.53,32,59,Critical,Medium,2,No,60,"50,001–80,000"
V07487,Hatchback,8,19221,88,2708,50,7.1,11.62,34,66,Worn,Low,5,Yes,100,"80,001+"
V07488,Truck,11,12656,85,2654,27,14.6,11.74,38,50,Good,Low,4,Yes,70,"50,001–80,000"
V07489,SUV,3,97483,101,1732,34,17.2,11.41,42,93,Moderate,Low,7,Yes,80,"80,001+"
V07490,Truck,10,52525,100,1588,46,19.0,12.01,32,69,Critical,High,8,No,60,"50,001–80,000"
V07491,Hatchback,10,160319,100,2821,49,15.5,12.52,40,102,Worn,High,10,No,70,"50,001–80,000"
V07492,Truck,5,95105,103,2199,35,16.3,11.06,41,53,Moderate,High,1,No,60,"50,001–80,000"
V07493,SUV,14,77263,108,2043,30,9.7,11.29,37,97,Moderate,Medium,7,Yes,70,"50,001–80,000"
V07494,Truck,7,115925,88,2232,48,11.1,12.61,30,70,Good,Medium,3,Yes,100,"80,001+"
V07495,Sedan,4,81285,97,2540,36,7.1,12.99,33,102,Moderate,Low,7,No,100,"80,001+"
V07496,Hatchback,8,35017,101,2756,26,18.1,12.88,38,34,Moderate,High,10,Yes,30,"10,001–25,000"
V07497,Truck,8,115309,107,2128,43,15.0,11.74,44,91,Moderate,High,9,Yes,50,"25,001–50,000"
V07498,Truck,15,141584,87,2664,41,16.0,11.19,32,109,Good,High,7,Yes,70,"50,001–80,000"
V07499,Sedan,13,181773,104,2356,40,18.6,12.94,34,110,Good,Low,2,Yes,70,"50,001–80,000"
V07500,Hatchback,15,141239,97,2898,27,15.6,12.27,30,59,Moderate,Low,6,No,70,"50,001–80,000"
V07501,Sedan,12,150431,110,1739,21,10.5,12.65,40,77,Good,High,1,No,30,"10,001–25,000"
V07502,SUV,9,41841,106,2929,31,6.5,12.51,41,107,Moderate,Medium,2,Yes,80,"80,001+"
V07503,Truck,4,86505,96,2739,45,13.4,12.18,42,62,Worn,Low,6,No,100,"80,001+"
V07504,Sedan,10,99181,90,2775,28,12.2,12.44,37,75,Good,Medium,4,Yes,80,"80,001+"
V07505,SUV,2,192273,86,1573,42,8.7,12.51,40,109,Moderate,High,9,Yes,70,"50,001–80,000"
V07506,SUV,3,45061,103,2488,22,8.2,12.92,36,96,Good,Medium,12,No,50,"25,001–50,000"
V07507,SUV,11,70142,110,1585,23,7.8,12.7,32,34,Worn,Medium,9,No,40,"25,001–50,000"
V07508,Truck,14,70765,93,2659,21,13.6,12.26,30,83,Critical,Medium,10,Yes,40,"25,001–50,000"
V07509,Hatchback,10,132932,90,2135,30,16.4,11.31,34,93,Moderate,Medium,7,No,100,"80,001+"
V07510,Sedan,1,47756,106,2815,25,18.7,11.68,35,36,Critical,High,2,No,20,"10,001–25,000"
V07511,Sedan,7,197719,95,1965,30,5.8,12.14,30,107,Moderate,High,11,No,70,"50,001–80,000"
V07512,Hatchback,4,51934,92,2186,41,16.7,12.38,45,74,Good,High,1,Yes,80,"80,001+"
V07513,Sedan,9,137410,110,2646,35,18.4,11.5,43,74,Critical,Low,6,No,60,"50,001–80,000"
V07514,SUV,1,150653,102,2204,47,12.5,12.8,39,82,Moderate,Medium,7,Yes,80,"80,001+"
V07515,Truck,2,121004,102,2875,24,17.2,13.0,30,85,Moderate,Low,1,Yes,60,"50,001–80,000"
V07516,Hatchback,15,28904,97,2610,40,11.3,12.68,43,82,Worn,Medium,10,No,80,"80,001+"
V07517,Truck,2,63631,94,2688,38,19.3,11.17,37,106,Good,Medium,11,Yes,90,"80,001+"
V07518,Truck,13,135027,106,1979,36,10.3,12.99,32,89,Worn,High,9,Yes,40,"25,001–50,000"
V07519,Hatchback,14,63558,106,2221,33,10.7,11.53,31,66,Moderate,Low,12,Yes,60,"50,001–80,000"
V07520,Truck,5,101362,94,2388,22,7.8,11.97,30,49,Worn,High,9,No,50,"25,001–50,000"
V07521,SUV,15,25470,105,2727,44,13.3,12.94,41,90,Good,High,11,Yes,40,"25,001–50,000"
V07522,SUV,13,19618,92,2878,38,9.8,11.74,33,86,Moderate,High,4,Yes,70,"50,001–80,000"
V07523,Hatchback,2,63306,96,2629,20,19.9,12.47,45,35,Good,Medium,4,Yes,80,"80,001+"
V07524,SUV,8,139099,102,2403,50,5.1,11.68,36,76,Moderate,Low,4,Yes,80,"80,001+"
V07525,SUV,15,161815,86,2704,50,12.7,12.99,39,70,Worn,High,8,Yes,70,"50,001–80,000"
V07526,Sedan,15,63189,89,1581,48,19.6,12.47,39,56,Critical,Low,6,No,70,"50,001–80,000"
V07527,SUV,12,28474,109,1577,41,12.5,12.35,33,67,Critical,High,11,No,20,"10,001–25,000"
V07528,Hatchback,8,13994,88,2616,35,19.8,12.34,36,51,Critical,High,4,Yes,60,"50,001–80,000"
V07529,Sedan,11,153271,101,2969,33,13.8,11.48,43,90,Good,Medium,1,No,70,"50,001–80,000"
V07530,Truck,3,27189,94,2180,25,11.7,11.83,30,38,Good,Medium,3,No,80,"80,001+"
V07531,SUV,11,98453,109,1754,30,5.2,11.63,43,110,Good,Low,6,No,70,"50,001–80,000"
V07532,Hatchback,12,159520,105,1744,23,12.3,11.16,41,60,Moderate,High,11,No,20,"10,001–25,000"
V07533,Truck,8,163148,103,1506,29,8.3,11.46,30,40,Moderate,Medium,3,No,60,"50,001–80,000"
V07534,Sedan,5,137566,89,2960,27,12.1,12.77,35,46,Critical,High,12,Yes,30,"10,001–25,000"
V07535,Hatchback,13,71745,101,2563,39,13.8,12.98,40,71,Moderate,Low,4,Yes,70,"50,001–80,000"
V07536,Hatchback,6,167957,97,2298,28,14.1,11.36,30,90,Critical,Medium,5,Yes,60,"50,001–80,000"
V07537,Truck,1,102020,92,2594,21,10.8,12.33,41,97,Critical,High,2,Yes,40,"25,001–50,000"
V07538,SUV,11,92960,107,2749,37,19.9,11.32,39,100,Worn,Medium,6,No,70,"50,001–80,000"
V07539,Truck,14,113872,106,2159,47,7.8,12.74,39,75,Moderate,Low,5,No,70,"50,001–80,000"
V07540,Hatchback,6,148607,110,2768,44,8.1,12.85,37,64,Worn,High,9,No,50,"25,001–50,000"
V07541,Truck,8,175375,107,1688,26,7.8,11.33,31,101,Moderate,Low,7,Yes,60,"50,001–80,000"
V07542,Hatchback,1,103490,92,1984,44,6.3,12.01,33,65,Moderate,High,4,No,80,"80,001+"
V07543,Sedan,5,103967,102,1993,25,19.8,11.72,36,45,Good,Medium,6,No,60,"50,001–80,000"
V07544,Truck,7,122381,104,2248,27,6.2,11.32,39,60,Good,Medium,9,No,50,"25,001–50,000"
V07545,Hatchback,2,168427,108,2842,27,10.2,12.11,36,58,Worn,Low,10,No,50,"25,001–50,000"
V07546,Truck,9,106911,96,1813,21,17.5,11.88,41,88,Good,Medium,10,No,70,"50,001–80,000"
V07547,Sedan,6,108594,99,1654,30,6.3,12.95,42,58,Moderate,Medium,6,No,100,"80,001+"
V07548,Truck,13,88159,88,2175,27,17.7,11.85,34,82,Good,High,6,No,50,"25,001–50,000"
V07549,Hatchback,11,94059,97,1905,38,19.5,11.58,30,96,Good,High,9,No,60,"50,001–80,000"
V07550,Truck,3,74047,97,2737,21,10.4,12.91,43,36,Worn,High,3,No,60,"50,001–80,000"
V07551,Hatchback,1,33448,92,1626,33,18.0,12.94,33,68,Critical,High,10,Yes,50,"25,001–50,000"
V07552,SUV,12,193958,96,2505,35,16.3,11.33,38,82,Moderate,Low,2,Yes,90,"80,001+"
V07553,SUV,3,196776,108,1962,21,5.7,12.49,41,43,Worn,Medium,2,Yes,60,"50,001–80,000"
V07554,Sedan,9,61578,108,2018,44,13.0,12.38,43,37,Critical,Low,4,Yes,60,"50,001–80,000"
V07555,Truck,7,96719,94,2033,38,18.1,12.37,35,107,Moderate,Low,8,Yes,100,"80,001+"
V07556,Hatchback,8,132250,90,1755,36,12.3,11.32,33,58,Moderate,High,4,Yes,80,"80,001+"
V07557,Hatchback,12,120097,98,1518,40,12.2,11.74,42,108,Critical,Medium,8,Yes,70,"50,001–80,000"
V07558,SUV,1,114898,85,2412,21,11.6,11.35,36,88,Worn,Medium,10,No,70,"50,001–80,000"
V07559,Hatchback,6,161724,90,2121,42,6.7,12.06,44,73,Critical,Medium,2,No,80,"80,001+"
V07560,SUV,15,107252,86,1634,40,6.8,11.32,39,32,Good,Medium,11,No,80,"80,001+"
V07561,SUV,8,85831,99,1819,45,6.0,12.34,34,43,Good,Low,1,Yes,100,"80,001+"
V07562,Truck,3,79362,108,2791,40,15.7,12.57,41,106,Moderate,High,9,Yes,50,"25,001–50,000"
V07563,Hatchback,9,194939,87,1798,42,8.8,12.51,42,92,Critical,High,7,No,60,"50,001–80,000"
V07564,Sedan,8,10226,104,2552,21,13.3,11.66,32,81,Good,High,4,No,40,"25,001–50,000"
V07565,Truck,1,70020,86,1960,34,14.9,11.54,34,42,Worn,Medium,10,No,90,"80,001+"
V07566,Hatchback,3,112362,89,2789,22,16.1,12.39,34,99,Good,Medium,1,Yes,80,"80,001+"
V07567,Sedan,12,43376,108,2077,33,6.7,12.63,33,87,Good,High,11,No,40,"25,001–50,000"
V07568,Truck,9,93920,105,1719,40,14.2,11.85,36,63,Critical,Low,3,Yes,60,"50,001–80,000"
V07569,Sedan,8,193257,98,1738,46,19.9,11.17,34,55,Moderate,Low,12,No,90,"80,001+"
V07570,SUV,14,32572,87,1963,30,6.1,11.6,38,52,Moderate,Low,1,Yes,90,"80,001+"
V07571,Sedan,4,26231,91,2774,38,18.7,12.24,42,63,Moderate,Medium,11,Yes,90,"80,001+"
V07572,Truck,2,101262,110,2231,24,16.5,11.56,42,32,Worn,Medium,2,Yes,60,"50,001–80,000"
V07573,Hatchback,1,87613,97,2568,26,15.7,12.43,34,82,Critical,Medium,7,Yes,60,"50,001–80,000"
V07574,SUV,15,116694,87,1920,38,14.6,12.27,34,104,Moderate,Medium,9,No,80,"80,001+"
V07575,Hatchback,2,135713,86,2955,39,5.5,12.02,44,79,Worn,High,7,Yes,80,"80,001+"
V07576,Sedan,3,126878,107,2811,39,11.5,11.84,36,32,Worn,Low,9,No,70,"50,001–80,000"
V07577,Truck,13,176398,94,2543,28,9.0,12.03,44,88,Critical,High,6,Yes,30,"10,001–25,000"
V07578,Hatchback,11,185734,101,2922,40,19.0,12.68,37,108,Moderate,Low,9,Yes,60,"50,001–80,000"
V07579,SUV,1,40571,86,2161,24,6.0,12.41,37,102,Critical,High,1,No,40,"25,001–50,000"
V07580,Hatchback,4,154162,103,2827,21,15.5,11.35,39,63,Critical,Low,9,Yes,30,"10,001–25,000"
V07581,Hatchback,15,14819,109,1738,48,17.8,11.19,44,65,Critical,Low,9,Yes,40,"25,001–50,000"
V07582,Truck,1,93487,98,1674,21,14.2,12.12,39,84,Critical,High,9,Yes,30,"10,001–25,000"
V07583,Sedan,15,194520,102,2747,35,11.1,11.26,39,40,Good,Medium,11,No,60,"50,001–80,000"
V07584,Hatchback,1,154992,88,2722,28,12.1,11.72,33,93,Worn,Medium,3,Yes,80,"80,001+"
V07585,SUV,3,19151,110,1931,42,17.4,12.06,38,54,Good,High,8,Yes,60,"50,001–80,000"
V07586,SUV,2,196840,94,2635,27,6.7,12.82,32,97,Critical,Medium,8,Yes,60,"50,001–80,000"
V07587,Truck,6,134562,102,1859,20,6.7,12.42,30,34,Good,High,2,Yes,40,"25,001–50,000"
V07588,Truck,14,10895,99,1534,22,10.2,11.07,38,38,Critical,High,5,Yes,30,"10,001–25,000"
V07589,SUV,2,72267,106,2779,37,13.5,11.28,40,101,Good,Low,1,No,80,"80,001+"
V07590,Truck,15,88014,90,1527,46,13.0,11.25,45,105,Good,Medium,7,Yes,90,"80,001+"
V07591,Hatchback,7,58618,105,2818,40,12.6,11.44,31,106,Moderate,Medium,1,Yes,80,"80,001+"
V07592,Truck,5,74943,103,2949,47,9.2,12.04,38,60,Worn,Medium,3,No,80,"80,001+"
V07593,Truck,5,107649,103,2938,29,18.4,12.0,33,95,Moderate,Low,11,No,50,"25,001–50,000"
V07594,SUV,7,68811,110,2187,46,13.8,11.24,40,88,Worn,High,4,Yes,60,"50,001–80,000"
V07595,Truck,15,19411,100,2898,44,15.5,11.88,44,46,Critical,Low,4,No,70,"50,001–80,000"
V07596,Sedan,10,31708,98,2067,31,16.2,12.93,38,109,Moderate,High,3,Yes,80,"80,001+"
V07597,Hatchback,11,153744,90,2509,37,11.4,12.26,44,75,Worn,Medium,2,Yes,90,"80,001+"
V07598,Sedan,9,76419,100,1890,25,9.9,11.41,42,87,Critical,Medium,5,No,60,"50,001–80,000"
V07599,SUV,3,21423,107,1777,22,12.8,12.08,30,101,Moderate,High,12,Yes,30,"10,001–25,000"
V07600,Sedan,13,74771,98,2477,36,14.2,12.03,36,68,Worn,High,4,Yes,70,"50,001–80,000"
V07601,SUV,6,109418,103,1655,46,9.6,12.23,41,63,Moderate,Medium,3,No,80,"80,001+"
V07602,Truck,4,110834,103,2044,27,16.0,12.3,41,99,Good,Low,12,Yes,50,"25,001–50,000"
V07603,SUV,9,152101,90,2487,40,8.8,11.63,35,109,Critical,High,12,No,50,"25,001–50,000"
V07604,Hatchback,15,29662,95,2699,21,16.2,12.35,39,60,Worn,Medium,11,Yes,60,"50,001–80,000"
V07605,Truck,10,191216,99,2468,22,11.1,11.68,33,81,Worn,Low,11,Yes,70,"50,001–80,000"
V07606,SUV,15,27186,97,2773,30,13.4,12.27,44,94,Critical,High,11,Yes,40,"25,001–50,000"
V07607,Truck,1,29388,93,1523,42,18.7,12.53,35,85,Good,High,12,Yes,70,"50,001–80,000"
V07608,SUV,9,71154,95,1689,32,11.5,12.68,38,30,Critical,Medium,10,Yes,70,"50,001–80,000"
V07609,SUV,14,81382,98,2831,21,19.8,12.47,37,81,Good,Low,12,Yes,60,"50,001–80,000"
V07610,Sedan,15,18863,105,1800,25,14.3,12.06,37,33,Worn,High,7,No,30,"10,001–25,000"
V07611,Truck,13,153138,99,2117,27,15.6,11.23,33,98,Critical,Low,6,No,50,"25,001–50,000"
V07612,SUV,2,47186,105,1885,45,13.4,12.49,39,102,Good,High,11,Yes,50,"25,001–50,000"
V07613,Sedan,14,16971,85,2470,28,14.9,11.35,38,35,Critical,Low,4,Yes,50,"25,001–50,000"
V07614,Hatchback,5,105831,108,1912,27,12.6,11.38,37,36,Moderate,Low,1,Yes,60,"50,001–80,000"
V07615,Truck,12,198565,105,2635,44,19.8,12.77,35,94,Critical,High,5,Yes,30,"10,001–25,000"
V07616,Sedan,6,153529,109,1889,33,16.3,11.07,42,39,Worn,Medium,6,No,80,"80,001+"
V07617,SUV,15,119709,103,2022,42,8.5,11.6,38,63,Moderate,Medium,4,No,70,"50,001–80,000"
V07618,Sedan,3,158944,93,2116,37,9.0,11.87,40,57,Critical,Low,11,Yes,70,"50,001–80,000"
V07619,Hatchback,6,184539,100,2387,32,11.7,11.11,30,56,Worn,High,10,Yes,70,"50,001–80,000"
V07620,Truck,5,85484,106,2228,46,10.3,12.49,37,108,Moderate,High,4,No,60,"50,001–80,000"
V07621,Truck,4,25763,88,2548,31,7.5,12.79,45,53,Good,Medium,4,No,100,"80,001+"
V07622,SUV,12,195909,109,1639,40,13.1,12.12,39,108,Critical,High,7,Yes,30,"10,001–25,000"
V07623,SUV,8,43267,98,2944,41,5.7,12.23,40,109,Good,High,7,No,80,"80,001+"
V07624,Truck,5,137744,98,2299,25,14.9,11.92,42,96,Good,High,4,Yes,60,"50,001–80,000"
V07625,Truck,10,125184,95,2085,37,11.7,12.78,43,76,Worn,Low,4,Yes,100,"80,001+"
V07626,SUV,1,91796,105,2058,21,13.0,12.61,34,95,Worn,High,11,Yes,30,"10,001–25,000"
V07627,Sedan,7,146994,91,2308,33,10.8,12.48,33,42,Critical,Medium,2,No,80,"80,001+"
V07628,SUV,10,118366,86,2907,37,17.6,11.12,39,76,Critical,High,5,No,60,"50,001–80,000"
V07629,Hatchback,15,183353,108,2365,30,5.9,12.09,42,44,Critical,Medium,4,No,50,"25,001–50,000"
V07630,Sedan,1,29609,91,1962,21,12.1,12.86,45,101,Good,Medium,10,No,70,"50,001–80,000"
V07631,Hatchback,14,85483,94,2752,40,13.6,12.09,44,77,Worn,High,9,Yes,60,"50,001–80,000"
V07632,Sedan,1,60907,100,2068,36,8.4,12.38,40,99,Critical,Medium,9,Yes,70,"50,001–80,000"
V07633,SUV,8,59102,96,2191,37,14.7,12.01,43,108,Moderate,Medium,9,No,90,"80,001+"
V07634,Sedan,12,125943,103,2423,35,11.1,12.0,31,50,Critical,Low,6,Yes,50,"25,001–50,000"
V07635,Hatchback,1,162752,105,2276,42,17.5,11.62,36,62,Worn,Low,11,No,70,"50,001–80,000"
V07636,Hatchback,1,115009,100,2820,31,14.3,11.86,34,57,Good,High,7,Yes,80,"80,001+"
V07637,Hatchback,7,32051,97,2069,41,12.1,12.99,40,73,Good,Medium,9,No,90,"80,001+"
V07638,SUV,12,169773,88,1977,25,6.7,11.88,42,92,Worn,Low,8,Yes,70,"50,001–80,000"
V07639,Truck,7,121699,99,1907,41,7.4,12.61,37,76,Moderate,Medium,11,Yes,90,"80,001+"
V07640,Truck,12,142264,107,2339,27,13.2,11.14,39,102,Critical,Medium,12,Yes,20,"10,001–25,000"
V07641,Sedan,5,159074,104,2483,21,17.6,12.43,36,96,Moderate,High,3,No,40,"25,001–50,000"
V07642,Sedan,8,97842,91,1753,47,13.1,12.38,34,57,Moderate,Medium,5,No,100,"80,001+"
V07643,Hatchback,3,31439,87,2676,50,6.3,11.32,31,104,Moderate,Medium,7,No,100,"80,001+"
V07644,Hatchback,8,195696,93,1915,37,11.0,12.09,43,69,Worn,Medium,12,No,90,"80,001+"
V07645,Sedan,2,32982,92,2350,42,18.2,11.07,30,30,Good,Low,5,Yes,100,"80,001+"
V07646,SUV,5,29106,96,2204,35,19.4,12.2,45,97,Worn,Low,12,Yes,90,"80,001+"
V07647,Truck,1,27982,85,2059,29,7.1,11.41,32,68,Critical,Medium,4,No,60,"50,001–80,000"
V07648,Hatchback,13,193752,88,2861,31,9.8,11.29,44,108,Worn,High,1,Yes,70,"50,001–80,000"
V07649,SUV,14,146202,99,2481,44,15.1,11.84,44,67,Critical,High,9,No,40,"25,001–50,000"
V07650,Truck,6,39704,90,2160,30,15.8,11.06,45,96,Critical,High,6,Yes,60,"50,001–80,000"
V07651,Hatchback,8,140417,98,2820,39,13.4,12.32,37,87,Good,Low,2,No,100,"80,001+"
V07652,SUV,1,8624,109,1975,30,14.2,12.16,33,63,Good,Low,10,No,70,"50,001–80,000"
V07653,Sedan,3,67355,107,2083,48,6.0,12.4,30,92,Critical,Low,12,No,50,"25,001–50,000"
V07654,Truck,13,180893,91,1968,34,12.9,12.5,30,80,Moderate,Low,8,No,90,"80,001+"
V07655,SUV,5,178268,93,1562,24,11.5,12.23,44,99,Good,Medium,7,No,80,"80,001+"
V07656,Hatchback,10,58079,103,2268,38,8.0,11.51,38,92,Critical,Medium,12,No,50,"25,001–50,000"
V07657,SUV,3,179399,93,2008,20,17.0,11.0,30,70,Worn,Medium,9,Yes,70,"50,001–80,000"
V07658,SUV,8,175706,102,2398,48,14.1,11.29,32,81,Moderate,Medium,11,Yes,70,"50,001–80,000"
V07659,Truck,3,74308,98,2808,38,13.1,11.07,43,45,Critical,Low,6,No,80,"80,001+"
V07660,SUV,8,140914,107,2179,35,9.9,12.01,44,35,Good,High,8,Yes,60,"50,001–80,000"
V07661,Hatchback,1,196113,109,2930,23,10.0,11.24,37,63,Critical,High,3,Yes,20,"10,001–25,000"
V07662,Hatchback,11,25252,96,2342,30,9.8,11.66,35,90,Critical,High,9,No,40,"25,001–50,000"
V07663,Sedan,7,178426,109,1849,32,7.8,11.12,36,66,Good,Low,2,No,80,"80,001+"
V07664,Sedan,14,194866,108,1673,37,18.0,12.99,37,90,Worn,Medium,4,Yes,70,"50,001–80,000"
V07665,Truck,13,122670,89,1945,39,16.9,12.64,39,106,Moderate,High,11,No,60,"50,001–80,000"
V07666,Truck,12,161236,94,1881,20,5.8,12.63,31,86,Moderate,Medium,6,Yes,70,"50,001–80,000"
V07667,Truck,13,94180,93,2046,27,13.1,12.64,38,53,Moderate,High,6,No,50,"25,001–50,000"
V07668,Sedan,12,88121,107,2293,50,8.4,11.72,39,107,Good,High,7,No,50,"25,001–50,000"
V07669,Truck,13,159194,105,2932,26,10.2,11.99,40,72,Worn,Medium,7,Yes,50,"25,001–50,000"
V07670,SUV,8,30551,94,2831,24,7.0,12.26,32,79,Good,Medium,11,Yes,70,"50,001–80,000"
V07671,Sedan,7,135647,110,1548,39,19.6,12.78,35,105,Good,Medium,8,Yes,80,"80,001+"
V07672,Sedan,2,89603,96,2050,50,16.2,11.38,44,96,Critical,Low,3,Yes,80,"80,001+"
V07673,Hatchback,10,59438,91,2217,31,12.0,11.79,39,31,Good,Low,5,No,100,"80,001+"
V07674,Sedan,11,174995,89,1557,33,11.7,11.02,38,76,Critical,Low,7,Yes,70,"50,001–80,000"
V07675,Hatchback,6,87578,92,1569,36,11.8,11.67,32,31,Worn,Medium,6,No,100,"80,001+"
V07676,SUV,8,187296,109,2225,26,9.6,12.63,42,42,Critical,Low,8,No,40,"25,001–50,000"
V07677,Hatchback,8,184819,96,2796,48,6.3,12.28,37,42,Critical,High,3,No,60,"50,001–80,000"
V07678,SUV,8,165122,95,1778,28,9.1,12.39,31,40,Worn,Low,9,Yes,70,"50,001–80,000"
V07679,Sedan,14,196417,91,2094,32,15.3,11.27,40,101,Good,Medium,1,No,90,"80,001+"
V07680,Hatchback,1,33500,100,1691,47,12.7,11.62,36,39,Critical,High,6,Yes,60,"50,001–80,000"
V07681,Truck,8,64295,90,2663,36,6.4,12.36,35,76,Good,Medium,10,Yes,90,"80,001+"
V07682,SUV,12,165843,86,2457,33,17.3,12.23,32,101,Good,Medium,12,Yes,80,"80,001+"
V07683,Hatchback,8,96893,108,2799,21,19.1,11.77,40,78,Critical,High,4,No,20,"10,001–25,000"
V07684,Sedan,13,89546,103,2405,28,8.4,11.6,37,82,Good,High,1,Yes,30,"10,001–25,000"
V07685,SUV,12,87857,88,2799,34,12.0,12.92,40,54,Worn,High,6,No,70,"50,001–80,000"
V07686,Hatchback,5,72510,91,2787,22,7.8,11.34,33,57,Worn,High,12,No,50,"25,001–50,000"
V07687,Sedan,14,160194,109,1531,26,15.7,11.93,32,74,Critical,High,6,No,10,"0–10,000"
V07688,Hatchback,5,150025,91,1623,46,14.5,11.53,32,80,Critical,High,8,Yes,60,"50,001–80,000"
V07689,Truck,1,104205,97,2314,39,14.8,11.38,36,41,Critical,Medium,8,Yes,80,"80,001+"
V07690,Hatchback,6,138004,107,2256,29,12.9,12.82,33,78,Good,Low,1,No,60,"50,001–80,000"
V07691,Truck,10,153115,89,1569,29,13.5,11.92,44,40,Moderate,Low,4,Yes,80,"80,001+"
V07692,Truck,6,194783,88,1814,25,10.1,12.91,32,30,Good,High,5,No,60,"50,001–80,000"
V07693,SUV,2,94484,98,2737,29,14.3,12.73,33,44,Moderate,Low,3,No,80,"80,001+"
V07694,Sedan,3,12031,106,2676,23,18.2,12.62,38,78,Critical,High,4,No,20,"10,001–25,000"
V07695,SUV,7,36851,95,2359,48,16.0,12.77,30,84,Worn,Medium,8,Yes,100,"80,001+"
V07696,Sedan,3,102353,109,1879,24,12.8,11.05,34,89,Worn,Low,3,Yes,60,"50,001–80,000"
V07697,Hatchback,4,20171,86,1563,42,17.1,12.41,31,90,Moderate,High,12,Yes,70,"50,001–80,000"
V07698,SUV,5,61404,96,2328,50,5.4,12.16,42,73,Moderate,Medium,6,Yes,100,"80,001+"
V07699,Hatchback,6,132450,110,2233,50,12.1,12.1,36,107,Moderate,Low,3,Yes,80,"80,001+"
V07700,SUV,2,46301,85,1601,40,10.6,11.99,36,68,Good,High,9,Yes,70,"50,001–80,000"
V07701,Hatchback,2,162855,93,2913,49,15.3,11.06,34,96,Critical,High,2,No,60,"50,001–80,000"
V07702,Sedan,10,136085,85,2944,31,7.6,12.38,38,84,Worn,Medium,4,Yes,100,"80,001+"
V07703,Truck,3,165122,94,2539,42,5.1,11.08,44,88,Moderate,High,11,Yes,70,"50,001–80,000"
V07704,SUV,8,143695,104,2836,26,17.2,12.36,35,67,Good,Medium,4,No,60,"50,001–80,000"
V07705,Sedan,11,154276,93,2672,24,10.5,12.75,30,58,Moderate,Medium,10,Yes,60,"50,001–80,000"
V07706,Hatchback,1,117741,110,2088,50,6.1,12.77,32,57,Moderate,High,3,Yes,60,"50,001–80,000"
V07707,Hatchback,14,190497,93,2979,26,7.6,12.83,30,69,Critical,Low,12,No,40,"25,001–50,000"
V07708,Hatchback,7,43863,103,2608,48,5.3,12.01,32,52,Critical,High,11,Yes,30,"10,001–25,000"
V07709,Truck,11,167970,90,2985,48,19.8,11.28,38,58,Critical,Low,3,No,70,"50,001–80,000"
V07710,Hatchback,14,185325,110,2685,32,13.7,12.63,42,104,Moderate,High,12,Yes,40,"25,001–50,000"
V07711,Truck,3,21086,98,2608,42,6.8,11.91,36,59,Moderate,High,5,No,80,"80,001+"
V07712,SUV,15,140254,109,1805,38,8.5,11.37,38,57,Moderate,High,5,No,50,"25,001–50,000"
V07713,SUV,7,104226,86,2101,48,9.0,12.82,38,76,Worn,Low,10,No,90,"80,001+"
V07714,Sedan,5,104617,90,2373,42,11.6,12.73,39,74,Good,High,1,Yes,80,"80,001+"
V07715,SUV,4,6214,99,2473,46,8.4,12.16,35,31,Good,High,2,No,80,"80,001+"
V07716,SUV,6,63030,88,1610,22,6.1,11.15,32,87,Critical,High,4,Yes,40,"25,001–50,000"
V07717,Sedan,12,196933,103,2150,47,13.2,12.85,35,58,Worn,Low,5,Yes,70,"50,001–80,000"
V07718,SUV,10,191475,101,2294,50,7.6,11.23,35,93,Worn,High,1,No,60,"50,001–80,000"
V07719,SUV,4,110692,85,2616,43,19.5,12.58,40,61,Critical,High,6,Yes,60,"50,001–80,000"
V07720,SUV,13,139374,105,1729,46,15.0,12.81,38,89,Critical,Medium,10,No,40,"25,001–50,000"
V07721,SUV,1,54860,90,1840,36,16.2,11.98,33,49,Moderate,High,7,Yes,80,"80,001+"
V07722,Hatchback,2,53522,85,2122,39,13.7,11.32,34,36,Critical,Low,12,No,70,"50,001–80,000"
V07723,Sedan,12,170164,105,2181,48,15.2,12.44,33,50,Moderate,High,1,No,50,"25,001–50,000"
V07724,SUV,1,194199,98,2372,35,6.1,12.76,34,34,Critical,High,1,No,60,"50,001–80,000"
V07725,SUV,2,51551,108,2582,47,12.6,11.34,35,49,Critical,Low,11,Yes,50,"25,001–50,000"
V07726,SUV,1,127659,96,1792,36,7.4,11.6,42,96,Good,Low,7,Yes,100,"80,001+"
V07727,Sedan,11,157594,89,2105,40,5.9,12.7,38,90,Critical,Low,2,No,70,"50,001–80,000"
V07728,Truck,7,199830,85,1739,32,16.1,11.88,45,56,Critical,Low,12,No,70,"50,001–80,000"
V07729,Truck,3,79532,98,1743,41,11.4,11.79,35,43,Critical,Low,4,Yes,80,"80,001+"
V07730,SUV,11,5432,94,2562,30,9.7,11.09,30,80,Critical,Medium,3,Yes,70,"50,001–80,000"
V07731,Sedan,2,160391,102,2533,48,14.6,11.04,44,67,Worn,Medium,10,Yes,70,"50,001–80,000"
V07732,SUV,14,148779,102,2113,33,6.4,12.92,38,61,Good,High,3,No,50,"25,001–50,000"
V07733,SUV,5,134636,100,2386,48,14.7,12.73,33,72,Critical,Low,5,No,80,"80,001+"
V07734,Hatchback,4,47043,87,1905,32,15.1,12.86,45,104,Critical,Low,11,No,70,"50,001–80,000"
V07735,Sedan,6,30282,87,1809,37,6.3,11.11,38,53,Worn,Low,12,No,90,"80,001+"
V07736,Hatchback,1,84070,94,1502,33,10.7,11.82,30,30,Worn,High,9,No,70,"50,001–80,000"
V07737,Truck,13,104184,93,1823,32,17.5,11.89,41,102,Moderate,Medium,11,Yes,80,"80,001+"
V07738,Hatchback,14,59870,108,2142,24,7.1,11.17,42,43,Good,High,8,Yes,30,"10,001–25,000"
V07739,Truck,7,194789,100,2774,32,18.4,11.32,33,72,Worn,Low,11,Yes,90,"80,001+"
V07740,Hatchback,12,111905,98,2461,46,19.1,11.29,37,45,Worn,High,3,No,70,"50,001–80,000"
V07741,Sedan,12,9820,105,2873,34,13.2,12.12,45,51,Critical,Medium,6,No,50,"25,001–50,000"
V07742,Hatchback,5,120745,97,2524,40,19.3,11.2,41,93,Good,High,2,Yes,80,"80,001+"
V07743,Sedan,12,51224,86,2287,48,18.0,11.4,31,104,Worn,Low,7,No,90,"80,001+"
V07744,SUV,1,7141,87,2767,44,9.5,11.41,36,33,Good,Medium,12,Yes,90,"80,001+"
V07745,Truck,14,153974,86,2305,44,13.4,11.25,35,60,Good,High,9,Yes,60,"50,001–80,000"
V07746,SUV,6,70939,107,2145,32,12.7,11.83,30,31,Good,Medium,12,Yes,70,"50,001–80,000"
V07747,Hatchback,12,176564,88,2880,48,8.8,13.0,40,41,Good,High,1,No,70,"50,001–80,000"
V07748,Hatchback,8,113796,110,2934,31,15.2,11.38,35,73,Critical,Low,11,Yes,50,"25,001–50,000"
V07749,SUV,13,155230,85,2235,30,9.3,12.39,31,62,Critical,Low,1,No,70,"50,001–80,000"
V07750,Hatchback,7,145767,94,2506,42,9.2,12.73,41,50,Critical,Low,7,Yes,80,"80,001+"
V07751,Sedan,2,34860,105,2785,21,19.6,11.84,45,36,Critical,Low,3,Yes,40,"25,001–50,000"
V07752,Truck,10,119110,108,2904,24,11.2,11.92,40,50,Moderate,High,4,No,40,"25,001–50,000"
V07753,Truck,11,65915,87,2194,49,18.2,12.12,37,30,Good,Low,9,Yes,80,"80,001+"
V07754,SUV,1,8669,93,1613,46,16.3,12.61,32,44,Good,Medium,6,No,100,"80,001+"
V07755,SUV,15,166751,93,1910,22,17.5,11.13,37,96,Critical,High,10,No,20,"10,001–25,000"
V07756,Truck,12,79492,95,2739,47,12.3,11.85,32,110,Worn,High,10,No,60,"50,001–80,000"
V07757,Sedan,15,192475,109,2830,34,18.9,11.14,42,64,Worn,Medium,2,Yes,70,"50,001–80,000"
V07758,Sedan,8,31910,105,2149,25,9.8,12.25,43,46,Critical,Low,1,No,40,"25,001–50,000"
V07759,Hatchback,1,102246,104,2877,48,5.4,12.48,42,31,Moderate,High,8,Yes,60,"50,001–80,000"
V07760,SUV,1,124059,107,1801,49,15.8,12.04,36,75,Moderate,Low,12,No,70,"50,001–80,000"
V07761,Hatchback,4,192040,104,1531,27,16.0,11.45,37,105,Worn,Low,3,No,60,"50,001–80,000"
V07762,Sedan,15,106443,103,2052,40,6.5,11.49,34,98,Good,High,6,Yes,50,"25,001–50,000"
V07763,Hatchback,13,179531,94,1764,35,7.4,12.3,32,60,Moderate,Medium,12,Yes,80,"80,001+"
V07764,SUV,3,112867,102,2546,25,15.0,11.51,40,100,Moderate,High,11,No,30,"10,001–25,000"
V07765,Hatchback,9,55310,95,1816,49,17.8,12.3,34,57,Critical,High,2,No,60,"50,001–80,000"
V07766,Hatchback,14,71271,95,2218,42,12.8,12.71,38,49,Good,Low,12,Yes,80,"80,001+"
V07767,Sedan,5,150726,90,2285,24,16.0,11.7,32,109,Moderate,Medium,6,Yes,80,"80,001+"
V07768,SUV,10,44366,94,2149,26,5.1,12.16,32,109,Moderate,High,6,Yes,60,"50,001–80,000"
V07769,Truck,12,78686,106,2153,21,19.2,11.1,36,39,Critical,High,1,Yes,10,"0–10,000"
V07770,Sedan,12,98898,93,2977,20,15.5,12.15,32,55,Worn,Medium,6,Yes,70,"50,001–80,000"
V07771,Hatchback,13,141258,102,2452,37,14.7,12.05,30,85,Worn,Medium,4,Yes,70,"50,001–80,000"
V07772,Sedan,15,196963,109,1924,22,11.3,11.57,41,42,Good,High,8,Yes,30,"10,001–25,000"
V07773,Sedan,9,164002,93,1804,31,6.4,12.55,33,89,Moderate,Low,6,Yes,100,"80,001+"
V07774,Truck,13,16930,107,2984,29,18.0,12.05,40,36,Good,Medium,8,Yes,50,"25,001–50,000"
V07775,Sedan,7,87747,106,2199,38,15.1,11.68,45,75,Worn,Low,1,Yes,80,"80,001+"
V07776,Sedan,9,38941,105,2695,48,19.1,11.66,34,91,Worn,Low,10,Yes,70,"50,001–80,000"
V07777,Truck,12,99968,106,2585,29,19.0,12.02,45,100,Critical,High,2,No,10,"0–10,000"
V07778,Truck,13,39122,93,1767,38,10.1,11.76,31,92,Worn,High,9,Yes,60,"50,001–80,000"
V07779,Hatchback,13,127606,92,1937,34,5.2,12.62,40,63,Moderate,High,2,Yes,70,"50,001–80,000"
V07780,Hatchback,13,30981,107,2858,28,10.2,11.24,36,76,Worn,Medium,10,No,40,"25,001–50,000"
V07781,Hatchback,3,33970,90,2255,43,9.0,12.17,40,67,Good,High,7,Yes,80,"80,001+"
V07782,SUV,14,13032,93,2616,36,16.0,11.81,35,64,Moderate,Medium,12,Yes,80,"80,001+"
V07783,SUV,13,7900,110,1725,24,6.6,11.07,34,56,Worn,Low,9,Yes,40,"25,001–50,000"
V07784,Truck,9,90217,105,2000,34,5.1,11.43,31,108,Moderate,High,11,No,50,"25,001–50,000"
V07785,Hatchback,10,76407,86,2677,37,15.2,12.42,45,56,Worn,Medium,5,Yes,100,"80,001+"
V07786,SUV,15,51576,105,1737,34,8.9,12.92,45,79,Critical,Low,10,Yes,40,"25,001–50,000"
V07787,SUV,7,103041,104,2463,33,13.7,11.58,37,106,Moderate,Medium,1,Yes,80,"80,001+"
V07788,Hatchback,1,32108,86,1740,27,17.4,11.26,43,89,Worn,Low,2,No,80,"80,001+"
V07789,SUV,10,24674,103,1963,20,19.7,11.6,32,33,Worn,High,6,No,40,"25,001–50,000"
V07790,SUV,12,14682,90,2208,37,19.4,11.95,34,66,Moderate,Low,3,No,90,"80,001+"
V07791,Truck,9,22903,106,2163,21,18.4,11.02,30,108,Moderate,High,7,No,40,"25,001–50,000"
V07792,Sedan,11,117458,87,1796,40,12.1,11.31,42,47,Worn,Low,9,Yes,80,"80,001+"
V07793,Truck,8,170671,90,2239,25,10.6,11.19,44,81,Critical,Low,10,No,50,"25,001–50,000"
V07794,Sedan,9,119044,107,1756,32,12.0,12.86,30,109,Moderate,High,1,No,60,"50,001–80,000"
V07795,SUV,2,20506,90,2125,31,11.2,12.19,43,55,Good,Low,8,No,100,"80,001+"
V07796,SUV,10,127773,93,1753,38,19.4,12.39,31,68,Good,Medium,7,Yes,100,"80,001+"
V07797,Truck,9,143546,108,2928,22,18.1,12.51,33,94,Good,Low,5,Yes,60,"50,001–80,000"
V07798,SUV,4,66181,89,2908,42,9.4,11.14,45,90,Worn,High,2,No,80,"80,001+"
V07799,Hatchback,7,179284,91,2924,29,11.7,11.72,38,82,Moderate,Low,2,Yes,80,"80,001+"
V07800,Truck,10,62487,104,2833,30,11.1,12.99,45,53,Worn,Medium,1,Yes,80,"80,001+"
V07801,SUV,1,18133,107,1664,43,10.2,11.19,41,37,Moderate,High,5,No,60,"50,001–80,000"
V07802,Truck,9,171513,102,2348,20,15.6,11.52,38,61,Critical,High,5,No,20,"10,001–25,000"
V07803,Hatchback,2,59619,101,2528,44,8.5,12.29,30,72,Moderate,High,8,No,60,"50,001–80,000"
V07804,Hatchback,11,66549,87,2198,21,12.8,12.31,30,49,Good,Medium,2,No,70,"50,001–80,000"
V07805,Hatchback,12,74900,105,1580,31,9.8,11.4,45,43,Critical,High,11,Yes,20,"10,001–25,000"
V07806,Sedan,5,116027,94,1650,26,5.8,11.38,41,70,Moderate,High,12,No,50,"25,001–50,000"
V07807,Sedan,5,191962,107,2109,25,17.4,11.39,41,90,Good,High,10,No,30,"10,001–25,000"
V07808,Sedan,6,69392,103,2185,23,14.6,12.73,42,46,Moderate,Medium,11,No,50,"25,001–50,000"
V07809,Truck,7,198826,87,2193,20,15.4,12.97,40,52,Good,Medium,7,No,80,"80,001+"
V07810,Truck,15,188432,108,1639,29,5.4,12.51,42,101,Good,Low,5,No,50,"25,001–50,000"
V07811,Sedan,6,20603,87,2031,29,15.9,11.82,45,53,Critical,Low,11,No,50,"25,001–50,000"
V07812,Truck,15,73073,105,2604,41,18.4,11.87,35,81,Moderate,Low,4,Yes,70,"50,001–80,000"
V07813,SUV,5,24026,92,2177,37,17.7,12.55,32,94,Worn,Medium,7,Yes,100,"80,001+"
V07814,Truck,11,40725,93,1935,45,5.5,11.59,33,44,Moderate,High,10,Yes,60,"50,001–80,000"
V07815,Truck,14,30834,104,1650,26,12.5,11.22,39,85,Critical,High,5,No,10,"0–10,000"
V07816,Sedan,6,145495,88,1870,23,6.4,11.3,31,84,Moderate,Low,7,No,80,"80,001+"
V07817,Truck,5,110967,92,2913,45,5.7,11.24,39,32,Worn,Medium,3,Yes,100,"80,001+"
V07818,Hatchback,2,99855,110,1860,26,13.3,11.57,38,66,Critical,Medium,9,No,30,"10,001–25,000"
V07819,Sedan,13,27102,108,2079,46,11.8,12.93,34,110,Good,Medium,1,Yes,70,"50,001–80,000"
V07820,SUV,4,94754,91,2633,40,17.0,12.25,30,110,Worn,Low,11,No,90,"80,001+"
V07821,Sedan,9,69178,96,2228,25,5.9,11.34,42,90,Critical,Medium,11,Yes,50,"25,001–50,000"
V07822,Truck,1,78208,85,1729,31,15.1,11.74,30,81,Good,Medium,7,Yes,100,"80,001+"
V07823,Hatchback,15,16095,107,2715,50,11.7,11.01,35,74,Moderate,High,4,Yes,50,"25,001–50,000"
V07824,Truck,15,68026,85,2637,28,10.8,12.03,44,47,Good,High,2,No,50,"25,001–50,000"
V07825,Truck,6,113514,97,2671,42,12.0,11.96,31,106,Moderate,Low,4,Yes,100,"80,001+"
V07826,Truck,12,180009,110,1831,42,6.9,11.17,41,103,Critical,Medium,8,Yes,50,"25,001–50,000"
V07827,Hatchback,9,136993,108,2230,24,10.7,12.6,45,104,Good,Medium,11,Yes,50,"25,001–50,000"
V07828,Hatchback,6,13399,88,2216,34,13.5,11.23,44,32,Critical,Low,10,No,70,"50,001–80,000"
V07829,Hatchback,7,50513,89,1843,28,13.1,11.45,31,35,Moderate,High,10,No,50,"25,001–50,000"
V07830,Sedan,6,199473,103,2525,33,11.9,11.4,41,81,Moderate,Low,8,No,80,"80,001+"
V07831,Sedan,11,174437,102,2531,39,19.8,11.87,38,44,Worn,Medium,7,No,70,"50,001–80,000"
V07832,Hatchback,13,198698,105,1853,29,19.6,11.12,35,74,Good,Low,11,Yes,40,"25,001–50,000"
V07833,SUV,15,104974,106,2605,23,16.4,11.7,44,72,Worn,Low,11,No,40,"25,001–50,000"
V07834,Hatchback,2,29639,88,2247,36,17.9,11.99,32,105,Worn,Low,3,Yes,100,"80,001+"
V07835,Sedan,5,172489,110,2131,33,7.9,12.67,43,69,Worn,High,8,Yes,60,"50,001–80,000"
V07836,Sedan,9,56736,93,2591,45,13.3,12.12,33,59,Good,Low,1,Yes,100,"80,001+"
V07837,Sedan,9,137937,96,2351,43,6.1,11.94,43,91,Good,High,7,Yes,80,"80,001+"
V07838,Truck,12,171802,107,2073,34,10.2,12.76,41,74,Critical,Low,11,Yes,40,"25,001–50,000"
V07839,SUV,11,124085,85,2149,31,5.7,11.59,36,44,Critical,Low,11,No,60,"50,001–80,000"
V07840,SUV,6,194047,103,2802,46,13.0,12.71,41,60,Good,Medium,8,No,80,"80,001+"
V07841,Truck,7,55308,93,2633,22,11.8,11.5,37,84,Good,Low,4,No,80,"80,001+"
V07842,Sedan,5,52451,101,2434,29,5.3,12.06,32,82,Good,High,4,No,40,"25,001–50,000"
V07843,Truck,7,125692,92,2106,31,11.9,11.95,33,86,Worn,Low,11,Yes,90,"80,001+"
V07844,Truck,6,176093,109,1515,35,16.4,11.14,40,103,Worn,High,5,Yes,60,"50,001–80,000"
V07845,SUV,8,81803,89,2418,27,13.6,12.71,35,69,Good,High,11,No,50,"25,001–50,000"
V07846,Sedan,4,68439,109,1855,29,6.2,11.89,30,84,Worn,Medium,12,No,50,"25,001–50,000"
V07847,Hatchback,15,195684,110,2945,20,6.5,11.82,41,68,Good,High,9,Yes,20,"10,001–25,000"
V07848,Sedan,8,9994,91,2884,31,9.6,11.83,33,88,Critical,High,4,Yes,60,"50,001–80,000"
V07849,SUV,2,118650,97,2529,22,13.9,11.96,30,41,Moderate,High,11,Yes,50,"25,001–50,000"
V07850,Hatchback,6,25759,100,2837,43,15.2,12.08,44,50,Worn,Low,6,Yes,100,"80,001+"
V07851,Hatchback,11,178738,98,2912,41,19.0,11.51,43,34,Moderate,Low,3,Yes,90,"80,001+"
V07852,SUV,10,55431,91,1594,49,6.7,11.14,37,41,Worn,Low,10,Yes,90,"80,001+"
V07853,SUV,8,190880,104,1556,49,13.2,12.57,32,31,Critical,Medium,8,No,60,"50,001–80,000"
V07854,SUV,9,192082,96,1910,41,9.9,11.72,39,104,Critical,Medium,12,Yes,70,"50,001–80,000"
V07855,Hatchback,3,175334,93,1763,37,7.8,12.04,39,36,Worn,Low,11,No,90,"80,001+"
V07856,SUV,2,147234,109,2373,46,9.5,12.86,40,66,Critical,High,1,No,40,"25,001–50,000"
V07857,Truck,11,156267,94,2851,25,7.2,11.74,36,70,Worn,Low,11,Yes,60,"50,001–80,000"
V07858,Hatchback,10,72131,97,2347,40,15.1,12.99,37,69,Critical,Medium,8,No,80,"80,001+"
V07859,Sedan,7,156850,88,1913,42,12.4,11.87,30,33,Critical,Medium,3,Yes,80,"80,001+"
V07860,Truck,4,5709,101,2846,34,6.1,11.14,37,31,Good,High,6,No,60,"50,001–80,000"
V07861,Sedan,12,121858,106,2634,29,5.1,12.42,45,107,Critical,High,3,Yes,10,"0–10,000"
V07862,Hatchback,4,196075,105,2102,34,19.1,12.19,35,53,Good,Medium,1,No,80,"80,001+"
V07863,Truck,13,26746,109,2321,42,7.6,12.33,31,79,Moderate,High,12,Yes,40,"25,001–50,000"
V07864,Sedan,15,177259,102,1566,28,14.0,11.46,37,84,Worn,Low,11,Yes,40,"25,001–50,000"
V07865,Truck,4,178698,101,2999,31,15.3,11.87,32,81,Moderate,Medium,6,Yes,80,"80,001+"
V07866,Hatchback,6,38549,93,1609,26,9.5,12.68,38,100,Worn,Low,9,Yes,70,"50,001–80,000"
V07867,Hatchback,2,152811,98,2090,33,16.5,12.6,32,93,Worn,Medium,9,Yes,90,"80,001+"
V07868,Hatchback,10,10325,87,2178,48,6.2,12.69,40,53,Worn,High,7,Yes,80,"80,001+"
V07869,SUV,2,94371,91,2377,27,17.7,11.3,31,39,Good,High,4,No,60,"50,001–80,000"
V07870,Hatchback,1,47688,108,2809,20,17.4,12.72,44,109,Good,Low,9,No,50,"25,001–50,000"
V07871,Truck,8,128980,91,1662,44,19.2,12.67,36,76,Worn,Medium,10,Yes,90,"80,001+"
V07872,SUV,13,145809,109,1795,25,10.8,11.17,39,58,Good,Medium,12,No,40,"25,001–50,000"
V07873,Hatchback,6,110068,110,2315,48,13.4,11.98,41,56,Critical,High,10,No,30,"10,001–25,000"
V07874,SUV,15,84172,106,2251,30,17.1,12.36,45,84,Good,Low,2,No,70,"50,001–80,000"
V07875,Hatchback,5,145020,92,2488,24,6.4,11.11,36,105,Worn,Medium,12,No,70,"50,001–80,000"
V07876,Hatchback,8,18322,95,1663,36,11.8,11.18,38,84,Moderate,High,12,Yes,70,"50,001–80,000"
V07877,Truck,2,43932,85,2724,39,6.3,12.8,35,85,Critical,Low,12,No,70,"50,001–80,000"
V07878,Sedan,12,86327,107,2778,35,13.5,12.39,42,47,Worn,Medium,2,Yes,70,"50,001–80,000"
V07879,Hatchback,1,186529,89,2698,21,6.0,12.79,30,51,Worn,Low,1,No,80,"80,001+"
V07880,Truck,11,173667,103,1881,22,8.0,12.86,33,51,Worn,Low,9,Yes,40,"25,001–50,000"
V07881,Truck,1,143891,101,2478,28,12.5,12.02,35,35,Good,Medium,4,No,60,"50,001–80,000"
V07882,Sedan,9,36352,92,2954,20,19.6,11.38,32,42,Good,High,3,Yes,60,"50,001–80,000"
V07883,SUV,12,115356,93,2697,46,17.4,12.95,32,35,Worn,Low,7,Yes,90,"80,001+"
V07884,Sedan,3,81118,102,2495,47,12.1,12.4,31,105,Critical,Low,6,No,60,"50,001–80,000"
V07885,SUV,10,162557,94,2918,25,13.6,11.17,40,101,Moderate,High,7,No,60,"50,001–80,000"
V07886,Hatchback,12,57032,106,1858,31,10.9,12.93,37,103,Moderate,High,9,No,40,"25,001–50,000"
V07887,Hatchback,4,177960,94,2749,20,11.3,11.46,43,99,Good,Low,11,No,70,"50,001–80,000"
V07888,Hatchback,8,101305,100,1996,50,17.2,11.45,36,31,Moderate,Medium,3,No,100,"80,001+"
V07889,Truck,4,81620,110,1823,43,14.3,11.38,44,30,Worn,High,5,Yes,60,"50,001–80,000"
V07890,Truck,9,16181,86,2246,34,5.8,12.51,37,73,Worn,Medium,9,Yes,90,"80,001+"
V07891,Truck,10,12443,95,1694,27,16.6,11.46,43,60,Good,Low,3,No,80,"80,001+"
V07892,SUV,14,187797,106,1567,49,6.9,12.92,37,70,Critical,Low,5,Yes,50,"25,001–50,000"
V07893,Hatchback,8,49835,110,1780,29,15.6,12.51,31,72,Moderate,Low,4,Yes,60,"50,001–80,000"
V07894,Truck,13,197715,93,1539,28,13.6,11.22,38,109,Good,Low,1,No,70,"50,001–80,000"
V07895,Sedan,11,113941,101,2750,48,12.6,11.21,45,106,Critical,Low,3,No,50,"25,001–50,000"
V07896,Truck,15,116037,102,2526,38,13.2,12.93,34,84,Worn,Medium,12,No,60,"50,001–80,000"
V07897,SUV,9,46308,94,2707,45,10.0,12.48,36,37,Good,Low,8,Yes,100,"80,001+"
V07898,Truck,5,30222,103,1871,23,6.8,11.3,34,52,Moderate,High,10,No,30,"10,001–25,000"
V07899,Hatchback,3,25109,90,2607,30,5.8,11.57,34,80,Critical,Medium,9,No,70,"50,001–80,000"
V07900,Hatchback,7,156880,92,2104,28,9.4,11.54,43,94,Critical,Low,2,No,60,"50,001–80,000"
V07901,Sedan,4,122405,89,2803,30,10.2,11.19,36,44,Moderate,Medium,9,No,90,"80,001+"
V07902,SUV,3,44017,95,1523,49,10.0,12.05,35,79,Critical,Medium,1,Yes,80,"80,001+"
V07903,SUV,11,21375,94,2640,45,8.2,11.82,40,46,Good,Medium,9,No,80,"80,001+"
V07904,Truck,15,98014,110,1785,44,11.9,11.58,42,61,Worn,Low,9,No,60,"50,001–80,000"
V07905,Truck,11,24902,107,2587,45,5.1,12.17,38,71,Critical,Medium,12,No,40,"25,001–50,000"
V07906,Sedan,7,58017,109,2733,44,16.0,12.6,43,92,Good,High,6,Yes,60,"50,001–80,000"
V07907,Truck,5,27347,91,2652,27,15.7,11.05,32,108,Critical,Low,8,Yes,60,"50,001–80,000"
V07908,Hatchback,15,163365,99,2883,45,15.7,12.94,42,74,Worn,High,12,No,60,"50,001–80,000"
V07909,Truck,10,69632,85,1765,21,15.5,11.67,37,94,Worn,Low,12,Yes,70,"50,001–80,000"
V07910,Sedan,1,14686,98,1543,22,16.8,11.86,38,66,Critical,High,11,No,30,"10,001–25,000"
V07911,Sedan,6,184134,90,2142,23,9.9,12.05,39,39,Worn,Medium,9,No,70,"50,001–80,000"
V07912,Hatchback,15,85829,87,2178,20,17.8,12.52,37,58,Moderate,Medium,6,Yes,70,"50,001–80,000"
V07913,Sedan,13,12146,96,2119,33,19.8,12.77,45,51,Moderate,High,2,No,70,"50,001–80,000"
V07914,SUV,15,126028,93,1976,43,16.9,11.73,32,70,Moderate,Low,9,Yes,80,"80,001+"
V07915,Sedan,2,12571,86,2382,23,5.6,12.23,36,95,Critical,Low,2,No,60,"50,001–80,000"
V07916,SUV,8,199138,105,1605,29,7.0,11.83,40,81,Moderate,Low,5,No,60,"50,001–80,000"
V07917,Truck,4,146021,105,2460,39,18.2,11.35,33,39,Worn,Medium,5,Yes,80,"80,001+"
V07918,Sedan,14,12069,104,2059,28,18.1,12.86,35,89,Good,Low,11,Yes,40,"25,001–50,000"
V07919,Hatchback,3,112020,108,2861,24,19.1,12.61,30,108,Critical,Medium,3,Yes,40,"25,001–50,000"
V07920,SUV,1,51662,109,2297,23,11.1,11.12,32,55,Critical,Medium,6,Yes,40,"25,001–50,000"
V07921,Hatchback,1,12390,103,1601,47,11.5,11.43,33,34,Good,Medium,1,No,80,"80,001+"
V07922,Sedan,8,135206,99,2381,48,8.6,12.32,37,70,Critical,Low,5,No,80,"80,001+"
V07923,Sedan,1,20663,104,1675,48,17.2,11.61,32,95,Worn,High,8,Yes,60,"50,001–80,000"
V07924,SUV,9,25971,93,2760,26,14.0,12.7,35,89,Worn,High,9,Yes,50,"25,001–50,000"
V07925,Sedan,12,47404,103,2470,24,19.2,11.92,37,56,Good,Medium,1,Yes,50,"25,001–50,000"
V07926,SUV,5,49721,107,2833,23,17.8,11.7,37,45,Critical,Low,7,No,40,"25,001–50,000"
V07927,Truck,9,128177,93,2179,30,19.0,11.35,39,89,Critical,Medium,4,Yes,80,"80,001+"
V07928,Sedan,13,15492,85,2765,22,10.1,12.04,41,91,Worn,Low,8,Yes,70,"50,001–80,000"
V07929,SUV,11,156157,89,2302,21,5.6,11.94,39,34,Critical,High,8,No,30,"10,001–25,000"
V07930,Truck,15,48647,109,2240,32,16.2,11.97,44,57,Worn,High,3,No,50,"25,001–50,000"
V07931,Hatchback,3,160486,97,2236,21,12.8,11.93,44,88,Critical,Medium,3,Yes,60,"50,001–80,000"
V07932,Hatchback,10,25715,105,2172,29,10.4,11.98,34,61,Critical,High,7,No,20,"10,001–25,000"
V07933,Truck,9,63994,85,2961,44,17.8,11.02,45,33,Critical,High,1,No,60,"50,001–80,000"
V07934,Hatchback,1,187882,89,2783,31,15.1,12.41,40,85,Moderate,Medium,2,Yes,100,"80,001+"
V07935,Hatchback,10,195214,99,2334,41,17.8,11.64,42,70,Moderate,Low,8,Yes,100,"80,001+"
V07936,Hatchback,5,166995,107,2613,47,15.1,11.5,37,76,Moderate,Medium,10,Yes,70,"50,001–80,000"
V07937,Sedan,6,77076,91,2823,35,10.8,12.45,30,46,Good,Medium,10,Yes,90,"80,001+"
V07938,Truck,13,23673,91,2358,25,12.0,11.4,36,87,Good,Low,9,Yes,60,"50,001–80,000"
V07939,Sedan,3,87039,91,1654,27,9.5,11.93,45,36,Good,Low,5,Yes,80,"80,001+"
V07940,Sedan,11,47146,110,2239,23,15.1,12.12,37,99,Moderate,Medium,8,No,50,"25,001–50,000"
V07941,SUV,9,53399,87,2756,36,16.0,11.21,37,90,Worn,Low,1,Yes,100,"80,001+"
V07942,Sedan,15,114475,102,1696,25,8.5,11.29,35,67,Worn,High,3,No,30,"10,001–25,000"
V07943,Truck,7,157156,87,2392,32,12.1,12.46,44,83,Moderate,High,9,Yes,70,"50,001–80,000"
V07944,Truck,15,194869,93,2829,33,11.4,11.4,35,63,Good,Medium,9,Yes,80,"80,001+"
V07945,Sedan,8,121700,100,2645,50,5.4,11.09,31,50,Worn,Medium,11,Yes,90,"80,001+"
V07946,Truck,12,128275,99,2357,34,19.0,11.43,45,50,Critical,High,6,No,50,"25,001–50,000"
V07947,Hatchback,13,107953,86,2081,32,10.7,11.62,31,88,Critical,High,11,Yes,40,"25,001–50,000"
V07948,Hatchback,9,132327,104,2084,46,19.4,11.76,37,95,Moderate,Low,10,Yes,70,"50,001–80,000"
V07949,Hatchback,6,66930,110,2178,36,19.9,11.59,36,46,Good,Low,2,Yes,80,"80,001+"
V07950,Sedan,15,194138,104,1644,27,15.8,11.56,30,55,Good,Low,9,Yes,40,"25,001–50,000"
V07951,Sedan,4,157081,96,1919,30,14.9,12.41,30,40,Good,Medium,11,Yes,90,"80,001+"
V07952,Sedan,9,76958,90,2625,25,13.8,12.68,36,41,Good,Medium,2,Yes,80,"80,001+"
V07953,Hatchback,13,62823,96,2040,22,19.9,12.54,43,40,Critical,Low,6,No,50,"25,001–50,000"
V07954,Truck,2,68547,92,1712,41,10.4,11.31,30,88,Good,Medium,9,No,90,"80,001+"
V07955,Sedan,12,151109,110,2099,43,14.4,12.87,40,68,Moderate,Low,1,No,70,"50,001–80,000"
V07956,Truck,3,30683,93,1846,35,13.2,11.04,31,76,Critical,Medium,7,Yes,80,"80,001+"
V07957,Truck,12,18652,90,2291,44,11.3,11.29,45,79,Moderate,High,9,Yes,60,"50,001–80,000"
V07958,Truck,15,46707,101,2422,30,20.0,11.87,34,46,Good,Low,10,Yes,60,"50,001–80,000"
V07959,SUV,2,35519,86,2454,31,13.5,11.66,33,37,Moderate,Low,11,No,90,"80,001+"
V07960,Truck,1,195187,85,1601,45,19.3,12.32,31,39,Worn,Low,10,No,90,"80,001+"
V07961,Hatchback,15,143366,87,2347,50,7.2,12.09,32,107,Good,Medium,7,Yes,90,"80,001+"
V07962,Hatchback,6,64225,92,2972,23,15.3,11.36,31,99,Good,Medium,8,No,80,"80,001+"
V07963,Hatchback,10,191091,91,1905,47,14.7,12.42,44,80,Good,Medium,3,Yes,100,"80,001+"
V07964,Hatchback,6,117931,97,1556,38,17.9,12.77,36,59,Moderate,Low,7,Yes,100,"80,001+"
V07965,SUV,6,107784,85,1838,50,12.1,12.86,34,104,Worn,Low,3,No,100,"80,001+"
V07966,Truck,4,93639,88,2593,28,12.7,12.43,36,45,Worn,High,8,Yes,60,"50,001–80,000"
V07967,Sedan,6,31067,100,2051,41,14.2,12.31,30,95,Critical,Medium,4,Yes,80,"80,001+"
V07968,Truck,15,94331,91,3000,50,5.8,11.04,43,59,Critical,Low,4,No,70,"50,001–80,000"
V07969,Truck,7,58802,101,1569,42,13.3,11.87,39,61,Worn,Low,8,No,80,"80,001+"
V07970,Sedan,14,21375,94,2741,25,5.1,11.45,36,70,Worn,High,10,No,40,"25,001–50,000"
V07971,SUV,1,22282,96,2795,44,8.5,12.86,39,64,Critical,Medium,10,Yes,70,"50,001–80,000"
V07972,Truck,12,130335,88,2165,29,13.8,11.33,41,65,Critical,Low,9,Yes,40,"25,001–50,000"
V07973,Sedan,7,123424,110,1575,47,17.7,11.79,31,35,Worn,High,12,Yes,50,"25,001–50,000"
V07974,Sedan,6,73208,97,2910,46,16.5,11.74,32,97,Critical,High,11,No,50,"25,001–50,000"
V07975,Hatchback,7,15219,89,2719,49,6.8,11.58,36,77,Moderate,High,8,No,80,"80,001+"
V07976,SUV,1,46110,105,2909,38,18.3,12.64,43,37,Good,Low,10,No,70,"50,001–80,000"
V07977,Sedan,13,67151,99,2453,22,10.4,11.16,35,92,Worn,Medium,1,No,70,"50,001–80,000"
V07978,Truck,14,84835,100,2557,28,10.2,12.63,36,67,Good,Medium,3,No,70,"50,001–80,000"
V07979,Truck,9,39348,109,1697,47,18.5,12.56,38,41,Worn,Medium,10,No,70,"50,001–80,000"
V07980,Sedan,4,112791,91,1531,44,13.7,12.98,41,32,Moderate,Medium,4,No,100,"80,001+"
V07981,SUV,13,98146,103,2931,24,16.8,11.13,45,80,Worn,High,7,Yes,30,"10,001–25,000"
V07982,SUV,8,79916,92,2180,21,18.6,12.89,43,42,Moderate,Low,6,No,80,"80,001+"
V07983,Hatchback,5,40753,96,1669,45,12.5,12.35,43,70,Good,High,11,Yes,70,"50,001–80,000"
V07984,SUV,10,73576,95,2333,44,8.3,12.33,34,52,Good,Medium,2,No,100,"80,001+"
V07985,Truck,15,194035,108,2866,36,18.1,12.59,31,40,Critical,High,1,Yes,30,"10,001–25,000"
V07986,Truck,14,78349,107,1788,42,7.6,11.02,44,80,Moderate,Medium,9,No,60,"50,001–80,000"
V07987,Truck,3,164358,106,1810,36,16.5,12.51,42,51,Worn,Low,10,No,70,"50,001–80,000"
V07988,Sedan,11,118989,107,2604,28,19.4,12.67,45,109,Critical,Medium,2,No,30,"10,001–25,000"
V07989,Sedan,11,174680,91,2631,33,13.7,11.18,30,108,Critical,Medium,6,Yes,70,"50,001–80,000"
V07990,SUV,6,39648,90,2023,48,19.0,11.69,45,62,Critical,Low,11,No,70,"50,001–80,000"
V07991,Hatchback,13,111900,102,2179,29,8.1,11.61,35,41,Worn,High,4,Yes,30,"10,001–25,000"
V07992,Sedan,13,140315,87,1725,38,17.7,12.4,43,58,Good,Medium,8,Yes,90,"80,001+"
V07993,Hatchback,8,149713,92,2115,26,11.3,12.23,45,86,Good,High,4,No,60,"50,001–80,000"
V07994,Truck,14,98103,87,2786,47,16.1,12.1,41,75,Worn,High,8,No,70,"50,001–80,000"
V07995,SUV,9,175111,101,2271,28,11.2,11.93,32,56,Critical,Medium,5,Yes,40,"25,001–50,000"
V07996,Hatchback,13,193486,98,2583,26,18.5,12.95,30,63,Critical,Low,6,Yes,50,"25,001–50,000"
V07997,SUV,5,80206,102,1816,22,13.7,12.71,33,66,Good,High,9,Yes,30,"10,001–25,000"
V07998,SUV,11,90046,93,2458,41,15.7,12.28,44,43,Critical,Low,10,No,60,"50,001–80,000"
V07999,Hatchback,15,100134,90,2012,20,13.9,11.26,39,98,Good,High,4,No,50,"25,001–50,000"
V08000,SUV,7,199014,92,2712,49,16.8,11.33,34,110,Worn,Low,9,No,90,"80,001+"
V08001,SUV,7,164029,109,2417,22,6.8,12.95,34,48,Worn,Medium,1,Yes,60,"50,001–80,000"
V08002,Truck,8,38535,91,1564,39,7.5,12.31,43,87,Moderate,High,5,No,80,"80,001+"
V08003,Hatchback,3,17476,97,2128,34,10.9,12.73,32,32,Critical,Low,5,No,80,"80,001+"
V08004,SUV,10,192222,89,2254,41,6.7,11.99,31,72,Moderate,High,8,Yes,80,"80,001+"
V08005,SUV,3,167661,93,2975,42,18.4,12.79,42,75,Good,Low,4,No,100,"80,001+"
V08006,Hatchback,8,6774,89,1973,46,19.5,11.89,33,100,Good,High,8,No,80,"80,001+"
V08007,Hatchback,3,137737,96,2773,43,15.4,11.8,41,50,Critical,Low,4,Yes,80,"80,001+"
V08008,Sedan,2,40988,108,2326,32,9.9,11.86,43,49,Moderate,Low,9,Yes,70,"50,001–80,000"
V08009,Truck,12,26852,110,2807,20,12.0,11.68,31,84,Critical,Low,12,Yes,20,"10,001–25,000"
V08010,Hatchback,1,56925,107,2242,21,16.3,11.16,42,101,Moderate,Medium,6,Yes,60,"50,001–80,000"
V08011,Hatchback,11,12497,99,1517,26,14.1,11.52,36,74,Critical,High,3,Yes,30,"10,001–25,000"
V08012,Sedan,2,97940,92,2418,47,17.5,11.41,34,66,Worn,Low,9,Yes,90,"80,001+"
V08013,Truck,7,33770,87,2561,24,13.3,12.64,43,39,Good,High,4,No,60,"50,001–80,000"
V08014,Truck,10,182900,108,2228,32,19.9,12.07,38,53,Worn,Medium,4,Yes,80,"80,001+"
V08015,Truck,1,101217,89,2858,29,12.9,12.61,41,93,Worn,Low,2,Yes,80,"80,001+"
V08016,Sedan,9,182250,86,1776,39,17.3,12.25,34,42,Worn,Medium,11,No,90,"80,001+"
V08017,Truck,6,40292,106,2676,32,7.1,11.93,45,42,Worn,High,8,Yes,60,"50,001–80,000"
V08018,Sedan,2,9203,95,2345,28,9.3,12.74,43,55,Worn,High,11,Yes,50,"25,001–50,000"
V08019,SUV,1,84048,95,2114,25,11.1,11.22,34,61,Critical,Low,6,No,60,"50,001–80,000"
V08020,Hatchback,15,123598,105,2589,37,7.9,12.12,38,108,Critical,Low,3,Yes,50,"25,001–50,000"
V08021,Sedan,15,199676,106,2100,23,14.0,11.63,36,69,Good,Medium,10,No,40,"25,001–50,000"
V08022,Hatchback,2,87186,98,2213,26,16.5,11.6,35,82,Good,Low,3,Yes,80,"80,001+"
V08023,Truck,14,98352,104,1826,28,9.5,12.46,31,99,Critical,Low,5,Yes,30,"10,001–25,000"
V08024,SUV,7,151554,91,2895,40,18.8,12.76,42,92,Good,Low,11,Yes,90,"80,001+"
V08025,Hatchback,13,11056,110,1546,40,12.7,11.49,44,90,Good,High,8,Yes,50,"25,001–50,000"
V08026,Hatchback,8,135625,102,2470,39,5.0,11.55,32,72,Good,Medium,9,Yes,70,"50,001–80,000"
V08027,SUV,7,35532,93,2070,31,18.3,12.91,31,68,Good,Medium,9,Yes,90,"80,001+"
V08028,SUV,8,117295,105,2070,44,10.2,11.11,39,110,Worn,High,6,No,60,"50,001–80,000"
V08029,SUV,7,111511,88,2939,39,11.2,12.99,33,63,Good,Low,7,Yes,100,"80,001+"
V08030,Truck,7,101796,85,2704,43,6.1,11.44,34,76,Critical,High,6,Yes,60,"50,001–80,000"
V08031,Hatchback,2,111797,89,2143,27,15.1,12.6,33,96,Critical,Low,7,No,60,"50,001–80,000"
V08032,Truck,10,71267,95,1608,39,8.0,12.5,40,74,Good,Medium,11,No,90,"80,001+"
V08033,Sedan,11,37035,96,2530,39,17.2,11.47,33,48,Moderate,Low,4,Yes,90,"80,001+"
V08034,Hatchback,2,150524,95,2899,26,19.5,12.18,45,69,Moderate,Low,9,No,70,"50,001–80,000"
V08035,Hatchback,14,189318,103,1719,39,14.8,12.28,40,77,Critical,High,10,Yes,20,"10,001–25,000"
V08036,SUV,11,160572,95,1585,42,19.0,11.99,37,63,Moderate,High,4,No,70,"50,001–80,000"
V08037,Truck,7,104543,100,2931,25,8.6,11.46,32,53,Good,Medium,9,Yes,70,"50,001–80,000"
V08038,Sedan,15,179197,97,2385,34,19.0,11.33,40,107,Good,Medium,9,No,80,"80,001+"
V08039,SUV,4,180732,92,2042,27,8.9,12.66,42,66,Critical,Low,3,Yes,60,"50,001–80,000"
V08040,SUV,9,29660,110,1895,41,6.1,12.84,31,48,Good,Medium,2,No,80,"80,001+"
V08041,Sedan,10,130914,107,1905,44,6.8,11.5,37,67,Good,Low,12,No,70,"50,001–80,000"
V08042,Hatchback,9,54882,108,1795,30,13.4,12.79,36,33,Good,Medium,3,Yes,80,"80,001+"
V08043,Truck,3,184535,96,2316,32,17.3,12.1,36,103,Moderate,High,4,Yes,80,"80,001+"
V08044,Sedan,12,23874,93,2817,39,14.8,11.03,41,41,Moderate,Low,12,Yes,80,"80,001+"
V08045,Truck,2,5622,90,2424,37,15.4,12.19,44,83,Good,Medium,12,No,90,"80,001+"
V08046,Hatchback,11,53134,97,2548,20,15.0,12.63,31,52,Critical,High,7,Yes,30,"10,001–25,000"
V08047,Truck,3,40833,96,2730,48,9.0,11.21,34,32,Good,Low,3,Yes,100,"80,001+"
V08048,Sedan,6,99055,87,2586,33,10.2,11.16,36,33,Worn,Medium,4,Yes,100,"80,001+"
V08049,Sedan,4,158309,92,1880,47,17.5,11.64,42,36,Critical,Low,7,Yes,80,"80,001+"
V08050,SUV,7,80600,91,2084,29,9.2,11.49,32,35,Good,High,7,Yes,60,"50,001–80,000"
V08051,Hatchback,13,62794,100,2937,32,12.3,12.4,30,73,Good,Medium,7,No,90,"80,001+"
V08052,Truck,14,102001,85,2628,50,18.6,11.05,30,89,Worn,Low,4,Yes,90,"80,001+"
V08053,Truck,11,33630,95,1516,39,11.9,12.42,44,46,Moderate,High,7,Yes,70,"50,001–80,000"
V08054,Sedan,6,192648,108,1617,49,14.9,12.88,42,90,Worn,Medium,4,No,80,"80,001+"
V08055,SUV,4,114806,86,2350,34,13.4,11.21,42,97,Worn,Medium,2,No,100,"80,001+"
V08056,Sedan,10,12486,109,2104,50,12.3,12.65,43,99,Good,High,2,Yes,60,"50,001–80,000"
V08057,Truck,14,14863,110,2366,38,13.6,12.23,37,79,Good,Low,9,No,60,"50,001–80,000"
V08058,Hatchback,11,146184,86,2750,37,11.8,11.21,43,42,Critical,Medium,12,No,60,"50,001–80,000"
V08059,Truck,14,67255,106,1678,25,19.1,12.72,44,36,Good,Low,7,No,50,"25,001–50,000"
V08060,Hatchback,2,5530,92,2510,44,5.8,11.44,44,110,Good,High,6,No,80,"80,001+"
V08061,Truck,3,125486,95,2758,34,5.7,12.42,31,71,Moderate,Low,5,Yes,100,"80,001+"
V08062,SUV,13,13480,103,2838,37,10.0,11.99,44,110,Moderate,Low,4,Yes,70,"50,001–80,000"
V08063,SUV,1,194208,103,1903,24,19.7,11.53,35,61,Good,High,12,Yes,30,"10,001–25,000"
V08064,Truck,8,166336,91,1624,25,16.7,12.42,43,58,Worn,Medium,3,Yes,80,"80,001+"
V08065,SUV,10,90369,107,1734,31,6.0,12.2,31,66,Moderate,High,12,No,50,"25,001–50,000"
V08066,Truck,1,58001,102,1982,41,16.7,12.86,39,59,Worn,Medium,1,No,80,"80,001+"
V08067,Truck,15,65515,91,1513,41,15.4,11.23,42,79,Good,High,6,Yes,70,"50,001–80,000"
V08068,Hatchback,3,15917,106,1768,26,11.5,12.57,31,101,Good,High,12,No,30,"10,001–25,000"
V08069,SUV,4,25517,104,2736,50,5.1,11.92,34,81,Good,High,8,Yes,60,"50,001–80,000"
V08070,Hatchback,2,49834,93,1764,24,7.2,12.32,32,97,Critical,High,8,No,40,"25,001–50,000"
V08071,Hatchback,12,94633,109,1920,49,14.3,12.71,39,101,Worn,Low,10,Yes,60,"50,001–80,000"
V08072,Hatchback,5,111102,87,2311,25,17.0,12.99,43,54,Good,High,9,Yes,50,"25,001–50,000"
V08073,Hatchback,15,133598,87,2496,42,18.7,11.85,38,108,Worn,Low,5,Yes,90,"80,001+"
V08074,Truck,13,177137,89,1624,42,5.7,11.13,42,108,Moderate,High,9,No,60,"50,001–80,000"
V08075,Sedan,4,70812,107,1941,32,11.7,12.84,37,38,Critical,Medium,8,No,60,"50,001–80,000"
V08076,SUV,10,9290,101,1682,24,6.2,12.96,41,62,Good,Low,4,Yes,60,"50,001–80,000"
V08077,Truck,2,146032,95,2956,31,9.6,11.25,40,102,Moderate,Low,7,Yes,100,"80,001+"
V08078,Sedan,7,99136,101,1954,20,15.9,12.43,43,92,Moderate,Low,1,Yes,60,"50,001–80,000"
V08079,Truck,14,81000,85,2823,38,8.3,11.83,40,71,Worn,High,9,Yes,60,"50,001–80,000"
V08080,Hatchback,1,183525,92,1864,41,19.9,11.54,34,70,Worn,High,5,Yes,80,"80,001+"
V08081,Truck,15,60214,92,2089,32,19.2,12.36,42,73,Critical,High,12,Yes,40,"25,001–50,000"
V08082,Truck,11,62944,101,2036,25,5.1,11.11,38,37,Worn,High,2,Yes,30,"10,001–25,000"
V08083,SUV,8,123118,107,1594,49,11.0,12.34,42,47,Worn,Low,11,No,70,"50,001–80,000"
V08084,Truck,6,50875,97,2863,32,15.7,12.11,31,60,Good,Medium,10,Yes,90,"80,001+"
V08085,Sedan,6,114558,103,2246,47,6.3,11.72,40,61,Worn,Medium,10,Yes,70,"50,001–80,000"
V08086,Sedan,7,114469,92,1953,31,17.6,11.17,38,43,Moderate,Medium,8,Yes,100,"80,001+"
V08087,Truck,1,16422,103,2832,29,14.7,12.74,44,59,Good,Low,8,Yes,60,"50,001–80,000"
V08088,Sedan,11,129742,99,1580,46,19.3,11.2,31,103,Critical,High,7,Yes,50,"25,001–50,000"
V08089,SUV,5,100984,103,1742,33,7.3,12.66,30,90,Critical,Medium,3,No,60,"50,001–80,000"
V08090,Hatchback,4,153447,94,1889,50,19.6,11.3,42,52,Good,High,10,No,70,"50,001–80,000"
V08091,Truck,11,94136,94,1517,45,11.9,12.45,37,84,Moderate,Medium,3,No,90,"80,001+"
V08092,Truck,1,33831,94,1806,45,18.6,11.52,44,42,Worn,Low,1,No,100,"80,001+"
V08093,SUV,8,16784,100,2181,23,18.9,12.71,32,31,Good,Low,12,Yes,70,"50,001–80,000"
V08094,Hatchback,6,120153,107,2932,26,6.6,11.9,31,63,Moderate,Low,1,No,60,"50,001–80,000"
V08095,Sedan,11,172681,85,2509,39,8.7,11.58,36,68,Critical,Medium,9,Yes,60,"50,001–80,000"
V08096,Hatchback,2,169477,87,2182,28,9.3,11.07,44,101,Moderate,Medium,6,No,80,"80,001+"
V08097,Truck,2,86976,100,2499,32,18.1,11.09,38,40,Critical,High,2,Yes,60,"50,001–80,000"
V08098,Hatchback,6,165992,91,1952,49,19.0,12.2,34,110,Moderate,Medium,1,Yes,100,"80,001+"
V08099,Sedan,15,45421,89,2468,35,13.0,12.78,43,85,Good,High,11,Yes,60,"50,001–80,000"
V08100,Hatchback,9,198905,107,2308,30,16.7,12.24,42,49,Good,Low,7,No,80,"80,001+"
V08101,Truck,9,8939,102,2273,36,5.2,12.89,43,34,Worn,Low,12,No,70,"50,001–80,000"
V08102,SUV,8,48768,93,2050,27,8.0,11.82,31,34,Moderate,Medium,11,No,70,"50,001–80,000"
V08103,Hatchback,8,145082,107,1830,21,10.4,11.29,33,80,Critical,High,4,Yes,20,"10,001–25,000"
V08104,Sedan,3,79181,100,1793,20,17.5,11.22,40,75,Critical,Low,8,Yes,60,"50,001–80,000"
V08105,SUV,8,85718,104,2114,27,8.3,12.28,39,31,Moderate,Medium,4,No,60,"50,001–80,000"
V08106,Sedan,3,96677,93,1883,42,16.2,12.65,37,55,Worn,Low,9,No,90,"80,001+"
V08107,Sedan,5,113965,88,2130,20,18.1,12.03,38,86,Critical,Medium,1,No,60,"50,001–80,000"
V08108,Sedan,6,126605,86,2177,35,9.0,12.32,38,57,Worn,High,2,No,80,"80,001+"
V08109,Sedan,8,145187,110,2469,28,7.4,11.07,32,35,Moderate,Medium,6,No,60,"50,001–80,000"
V08110,Hatchback,1,152030,95,2002,40,14.3,11.12,34,101,Moderate,Medium,2,No,100,"80,001+"
V08111,Truck,9,33138,89,2988,28,7.1,12.38,30,105,Good,High,3,Yes,60,"50,001–80,000"
V08112,SUV,15,56535,98,2572,49,15.9,12.25,42,91,Worn,Low,10,No,80,"80,001+"
V08113,Truck,11,11153,109,1676,48,17.0,11.47,43,51,Critical,High,5,Yes,30,"10,001–25,000"
V08114,SUV,3,170367,90,1880,39,7.1,12.34,43,89,Moderate,High,1,Yes,80,"80,001+"
V08115,Truck,4,119720,104,2803,45,7.3,11.48,43,92,Moderate,Medium,9,No,70,"50,001–80,000"
V08116,Sedan,1,19555,96,2322,30,18.9,11.04,45,49,Worn,High,1,Yes,80,"80,001+"
V08117,Sedan,4,89341,105,2207,37,5.2,11.54,35,87,Critical,High,6,Yes,40,"25,001–50,000"
V08118,SUV,5,197537,101,1706,41,8.8,11.57,31,103,Critical,High,11,No,30,"10,001–25,000"
V08119,Hatchback,7,6013,91,1648,40,7.5,11.67,36,44,Worn,Low,7,No,100,"80,001+"
V08120,Truck,9,107126,100,1757,39,6.0,12.19,31,77,Good,Low,9,No,90,"80,001+"
V08121,Sedan,7,83491,91,2657,26,17.4,11.92,42,49,Moderate,High,9,No,50,"25,001–50,000"
V08122,SUV,3,89812,106,2166,26,7.2,11.11,44,46,Moderate,Low,4,No,60,"50,001–80,000"
V08123,SUV,8,163513,110,2655,37,7.1,11.54,35,31,Worn,High,11,Yes,50,"25,001–50,000"
V08124,Truck,15,175835,107,1564,41,19.3,12.28,36,44,Moderate,Low,1,No,70,"50,001–80,000"
V08125,Hatchback,2,112257,102,2725,50,19.7,12.09,45,79,Critical,Medium,11,Yes,50,"25,001–50,000"
V08126,Truck,15,179558,96,1726,23,10.0,11.38,36,97,Moderate,High,7,No,50,"25,001–50,000"
V08127,SUV,5,19151,105,2339,38,15.5,11.6,31,48,Moderate,High,8,No,60,"50,001–80,000"
V08128,Truck,15,128052,92,2483,26,7.2,11.16,42,108,Good,High,11,Yes,40,"25,001–50,000"
V08129,Sedan,1,12110,95,1748,23,17.0,11.2,44,106,Moderate,Medium,11,Yes,70,"50,001–80,000"
V08130,SUV,5,180366,94,1785,20,9.6,12.55,42,63,Good,Low,4,Yes,80,"80,001+"
V08131,SUV,12,105465,102,1582,29,9.5,12.98,31,85,Worn,Medium,1,No,50,"25,001–50,000"
V08132,Hatchback,11,152500,102,1566,41,19.0,12.45,31,63,Critical,Medium,5,Yes,50,"25,001–50,000"
V08133,Truck,4,116710,109,1620,45,12.7,12.32,37,109,Moderate,High,9,No,50,"25,001–50,000"
V08134,Truck,7,133106,95,2780,22,14.4,12.52,45,73,Good,High,5,Yes,60,"50,001–80,000"
V08135,Hatchback,10,114480,89,2464,27,19.3,11.94,38,40,Critical,Low,9,Yes,50,"25,001–50,000"
V08136,Truck,9,161228,101,2175,34,13.9,12.16,39,37,Good,High,7,Yes,60,"50,001–80,000"
V08137,Truck,5,170091,98,1550,45,9.1,11.3,45,101,Moderate,Low,1,No,100,"80,001+"
V08138,Sedan,4,136520,100,1878,43,19.4,12.36,34,71,Moderate,Medium,11,Yes,90,"80,001+"
V08139,SUV,3,111645,96,1605,23,10.7,12.2,38,110,Moderate,High,2,Yes,60,"50,001–80,000"
V08140,Sedan,13,178935,87,1531,30,10.6,12.56,43,33,Good,Low,7,No,90,"80,001+"
V08141,Sedan,14,133475,90,2400,30,8.5,12.98,35,60,Critical,Low,1,Yes,70,"50,001–80,000"
V08142,SUV,11,150797,97,1645,46,15.4,12.45,31,52,Critical,High,5,Yes,50,"25,001–50,000"
V08143,Hatchback,4,44466,85,1789,46,19.3,11.59,42,38,Critical,Medium,10,Yes,70,"50,001–80,000"
V08144,Truck,8,119566,97,1634,34,15.0,11.76,35,75,Critical,Medium,9,No,70,"50,001–80,000"
V08145,SUV,2,174500,106,2590,32,14.5,12.99,44,48,Critical,Low,5,Yes,60,"50,001–80,000"
V08146,Truck,1,68372,100,2623,46,8.6,11.41,36,107,Good,Low,11,Yes,90,"80,001+"
V08147,Hatchback,7,168225,87,2857,30,19.6,12.62,33,81,Critical,Medium,5,No,80,"80,001+"
V08148,Hatchback,15,83395,89,2975,48,19.1,11.71,38,65,Good,Low,10,Yes,80,"80,001+"
V08149,SUV,11,82430,109,2719,27,18.0,12.53,32,74,Moderate,Medium,10,No,40,"25,001–50,000"
V08150,Hatchback,11,45307,95,2192,26,19.2,12.07,33,62,Moderate,High,8,Yes,50,"25,001–50,000"
V08151,SUV,4,130523,96,1866,35,7.6,12.62,35,54,Moderate,Medium,9,No,90,"80,001+"
V08152,Sedan,15,101152,87,1828,35,15.7,12.78,42,87,Critical,Low,8,Yes,70,"50,001–80,000"
V08153,Hatchback,8,81932,87,1544,27,7.1,11.06,44,38,Worn,High,1,No,60,"50,001–80,000"
V08154,Truck,15,198248,93,1817,21,9.5,11.27,33,56,Good,Low,5,Yes,70,"50,001–80,000"
V08155,Sedan,9,161624,92,2218,43,14.6,12.16,33,36,Good,Low,7,No,100,"80,001+"
V08156,Truck,6,139368,105,1518,31,10.7,12.99,45,32,Worn,High,9,No,50,"25,001–50,000"
V08157,Hatchback,13,79985,91,2582,30,6.4,12.88,42,91,Worn,Medium,5,Yes,90,"80,001+"
V08158,Hatchback,8,20528,99,2958,22,20.0,12.45,34,55,Good,Low,2,No,80,"80,001+"
V08159,Hatchback,11,29234,93,2262,29,16.2,11.61,40,39,Worn,Low,6,Yes,70,"50,001–80,000"
V08160,Hatchback,5,27359,108,2510,43,13.8,11.02,42,50,Moderate,Medium,12,Yes,70,"50,001–80,000"
V08161,Sedan,8,140529,90,2050,39,7.0,11.86,35,87,Worn,Low,11,Yes,90,"80,001+"
V08162,Truck,8,125867,103,2560,38,11.9,11.78,31,84,Worn,High,11,No,50,"25,001–50,000"
V08163,Truck,3,167962,85,1806,44,7.5,12.41,36,84,Worn,High,4,No,80,"80,001+"
V08164,Sedan,14,108922,90,1792,36,15.8,11.69,44,42,Critical,High,11,No,40,"25,001–50,000"
V08165,SUV,3,52630,88,2032,45,11.4,11.05,32,106,Worn,High,9,No,70,"50,001–80,000"
V08166,Sedan,10,29656,88,2529,36,5.9,12.93,45,58,Moderate,Low,12,No,90,"80,001+"
V08167,SUV,13,57943,102,1733,35,7.0,11.97,43,79,Moderate,High,11,No,40,"25,001–50,000"
V08168,Truck,14,75806,109,2295,48,5.1,11.73,42,105,Good,Low,5,Yes,70,"50,001–80,000"
V08169,Hatchback,7,96447,100,1810,38,7.7,11.23,31,79,Good,High,1,Yes,80,"80,001+"
V08170,Sedan,7,70480,86,2139,47,14.4,11.87,38,46,Moderate,High,2,Yes,80,"80,001+"
V08171,SUV,2,174724,85,1659,26,15.3,11.59,34,66,Critical,Medium,11,No,50,"25,001–50,000"
V08172,Truck,3,164942,103,1941,46,19.8,11.94,43,38,Critical,High,11,Yes,30,"10,001–25,000"
V08173,Sedan,5,98604,110,2845,40,5.5,12.98,33,82,Good,Low,8,Yes,80,"80,001+"
V08174,SUV,6,147211,93,2545,26,15.2,11.35,45,46,Critical,Low,11,Yes,50,"25,001–50,000"
V08175,Truck,4,130372,88,1533,36,19.5,11.2,37,101,Good,Medium,4,Yes,100,"80,001+"
V08176,Sedan,9,62431,90,1898,31,5.1,11.48,37,62,Good,High,5,Yes,80,"80,001+"
V08177,SUV,11,119350,110,2153,27,11.9,12.9,31,107,Good,High,7,Yes,30,"10,001–25,000"
V08178,Sedan,15,191924,101,1798,44,14.3,11.17,39,42,Critical,Medium,7,Yes,50,"25,001–50,000"
V08179,Sedan,1,116389,85,1845,41,13.8,11.48,30,31,Worn,Low,5,Yes,100,"80,001+"
V08180,Hatchback,2,165552,94,2946,47,17.2,12.59,34,45,Good,High,10,Yes,70,"50,001–80,000"
V08181,SUV,7,56025,95,2203,30,7.5,12.07,32,85,Good,High,7,No,80,"80,001+"
V08182,Sedan,11,169425,110,1628,40,12.4,11.75,44,99,Good,High,7,Yes,50,"25,001–50,000"
V08183,Hatchback,10,107464,108,1579,30,17.5,11.73,40,38,Critical,High,7,Yes,40,"25,001–50,000"
V08184,SUV,13,69336,99,1791,48,9.1,12.08,35,73,Good,Medium,1,No,90,"80,001+"
V08185,Sedan,5,163280,98,1770,27,17.4,11.69,34,84,Good,Low,6,No,80,"80,001+"
V08186,Truck,4,196418,91,1552,20,19.9,12.56,42,38,Moderate,High,5,No,60,"50,001–80,000"
V08187,SUV,1,104345,110,2835,44,9.0,12.18,37,93,Critical,High,3,No,40,"25,001–50,000"
V08188,SUV,6,47658,96,2695,39,13.1,11.4,34,47,Critical,Medium,1,Yes,80,"80,001+"
V08189,Truck,5,28442,100,2394,33,16.9,11.75,33,77,Good,Low,11,Yes,90,"80,001+"
V08190,Hatchback,11,44463,90,2616,40,9.3,12.31,34,81,Worn,High,6,Yes,70,"50,001–80,000"
V08191,Hatchback,13,147062,110,2404,26,14.2,12.72,33,69,Critical,High,1,Yes,10,"0–10,000"
V08192,Sedan,11,195687,94,2629,28,13.3,11.85,34,95,Good,Low,7,Yes,70,"50,001–80,000"
V08193,Sedan,10,10558,96,2352,39,15.4,11.58,44,73,Worn,Medium,7,No,100,"80,001+"
V08194,SUV,12,129584,108,2824,24,16.2,11.33,43,100,Worn,High,6,No,30,"10,001–25,000"
V08195,Truck,5,175634,90,2523,35,15.8,11.68,36,83,Good,Low,9,No,90,"80,001+"
V08196,Hatchback,4,139585,94,2563,48,8.8,12.06,45,100,Moderate,High,2,Yes,80,"80,001+"
V08197,SUV,10,167653,87,2637,44,13.8,11.72,32,68,Moderate,Medium,1,No,100,"80,001+"
V08198,SUV,11,129498,94,1520,24,13.4,12.64,41,44,Worn,Low,10,Yes,60,"50,001–80,000"
V08199,Sedan,5,146824,106,2682,29,8.2,11.29,40,63,Moderate,High,7,No,40,"25,001–50,000"
V08200,Truck,9,62032,101,1748,21,19.8,12.27,45,89,Critical,Medium,1,No,40,"25,001–50,000"
V08201,Sedan,8,140820,105,1964,31,18.5,12.04,40,73,Critical,Low,2,No,60,"50,001–80,000"
V08202,Sedan,2,173353,92,2033,22,19.4,12.6,44,42,Moderate,High,1,Yes,60,"50,001–80,000"
V08203,Sedan,13,174885,96,2578,38,7.4,12.03,32,58,Critical,Medium,8,No,70,"50,001–80,000"
V08204,Truck,14,6431,87,2430,28,10.2,11.14,35,43,Worn,Medium,9,Yes,60,"50,001–80,000"
V08205,Sedan,15,105725,99,1821,24,17.9,11.07,32,86,Moderate,High,9,No,40,"25,001–50,000"
V08206,Truck,11,67481,90,2937,25,16.3,12.58,43,97,Moderate,Medium,5,No,70,"50,001–80,000"
V08207,Truck,7,85210,109,2693,22,11.3,11.79,37,45,Critical,Low,12,Yes,30,"10,001–25,000"
V08208,Sedan,7,125082,106,1606,36,15.9,11.45,44,88,Worn,Low,7,Yes,80,"80,001+"
V08209,SUV,8,134792,94,2899,35,10.8,11.13,38,95,Moderate,Medium,5,Yes,100,"80,001+"
V08210,SUV,15,163002,85,2913,23,12.1,12.66,38,107,Critical,High,10,No,20,"10,001–25,000"
V08211,SUV,6,77663,98,2061,41,15.2,12.36,37,103,Critical,High,3,No,60,"50,001–80,000"
V08212,Truck,7,77522,104,1841,37,18.9,11.93,31,107,Worn,Low,9,Yes,70,"50,001–80,000"
V08213,Hatchback,3,52456,104,2318,23,13.6,12.21,44,99,Moderate,Low,7,No,60,"50,001–80,000"
V08214,Sedan,12,37344,93,1817,43,13.4,11.97,37,32,Worn,Medium,10,No,80,"80,001+"
V08215,SUV,10,190290,90,2443,44,16.9,11.12,32,105,Good,High,1,No,80,"80,001+"
V08216,SUV,9,32935,108,2849,43,11.3,12.04,42,89,Moderate,High,2,Yes,60,"50,001–80,000"
V08217,SUV,10,36109,102,1898,49,5.3,12.96,44,97,Critical,Medium,7,No,60,"50,001–80,000"
V08218,SUV,8,19810,104,1773,40,14.4,12.08,42,59,Good,Medium,3,No,80,"80,001+"
V08219,SUV,10,40648,105,1935,24,8.5,11.11,31,72,Worn,Medium,2,Yes,60,"50,001–80,000"
V08220,Truck,9,156678,89,2056,37,10.7,12.67,35,63,Worn,Medium,5,No,100,"80,001+"
V08221,SUV,11,30057,101,2471,37,17.1,11.15,38,74,Critical,High,5,Yes,30,"10,001–25,000"
V08222,Sedan,11,173400,88,1908,48,5.2,11.49,43,55,Moderate,Medium,1,No,90,"80,001+"
V08223,Truck,8,56691,103,2674,25,14.3,11.26,33,42,Worn,Medium,1,No,60,"50,001–80,000"
V08224,Hatchback,8,60911,91,2235,22,7.7,12.0,34,67,Worn,High,2,No,60,"50,001–80,000"
V08225,Sedan,15,195569,85,2054,32,17.4,11.77,37,66,Critical,Medium,1,Yes,70,"50,001–80,000"
V08226,Hatchback,14,128007,87,2082,23,10.9,12.57,30,99,Good,High,7,No,50,"25,001–50,000"
V08227,Hatchback,9,140518,106,2589,46,19.5,11.64,32,80,Worn,Medium,8,Yes,80,"80,001+"
V08228,Hatchback,15,111467,108,2295,45,7.2,12.85,37,39,Moderate,Low,5,No,70,"50,001–80,000"
V08229,SUV,14,7099,110,2680,36,6.5,12.79,41,58,Worn,Low,9,No,60,"50,001–80,000"
V08230,Truck,15,150326,110,2583,30,11.2,12.81,31,58,Critical,Low,1,Yes,50,"25,001–50,000"
V08231,Hatchback,14,20472,95,1578,26,8.5,11.26,35,35,Worn,High,6,Yes,50,"25,001–50,000"
V08232,SUV,3,192338,110,1535,41,17.1,12.07,44,32,Moderate,Medium,11,Yes,70,"50,001–80,000"
V08233,Sedan,12,65091,98,2033,22,15.4,11.7,44,98,Worn,Medium,11,Yes,60,"50,001–80,000"
V08234,Sedan,12,64196,90,1937,25,18.2,11.47,45,47,Worn,High,3,Yes,50,"25,001–50,000"
V08235,Hatchback,7,119085,101,2064,24,11.4,13.0,45,97,Worn,High,11,No,30,"10,001–25,000"
V08236,SUV,9,21834,109,2648,42,11.7,12.94,30,87,Moderate,Low,1,No,80,"80,001+"
V08237,Hatchback,14,190107,100,2079,21,8.7,11.03,45,34,Critical,Low,7,Yes,50,"25,001–50,000"
V08238,SUV,11,83448,108,1968,33,5.7,11.23,40,101,Worn,High,7,Yes,50,"25,001–50,000"
V08239,Sedan,8,17562,85,2591,42,19.3,12.17,42,100,Worn,Low,8,Yes,100,"80,001+"
V08240,SUV,6,128930,94,1819,39,14.2,12.56,35,45,Worn,High,5,No,80,"80,001+"
V08241,Truck,9,10243,108,2238,38,13.9,12.63,44,91,Critical,High,9,Yes,30,"10,001–25,000"
V08242,Hatchback,15,114577,90,2935,42,19.5,12.62,31,65,Worn,Low,8,No,90,"80,001+"
V08243,Sedan,13,160484,110,2523,47,5.1,12.17,40,80,Good,Low,5,No,70,"50,001–80,000"
V08244,Hatchback,13,128609,88,1980,28,17.7,11.37,31,60,Good,Medium,6,Yes,70,"50,001–80,000"
V08245,Sedan,15,153963,93,2617,43,6.0,12.13,30,105,Worn,High,4,No,70,"50,001–80,000"
V08246,Truck,14,166023,104,2416,45,12.1,12.31,35,50,Good,Medium,5,Yes,70,"50,001–80,000"
V08247,SUV,2,166082,109,2817,31,7.1,12.35,32,89,Worn,High,12,Yes,50,"25,001–50,000"
V08248,Truck,6,181133,91,2099,50,16.5,12.8,40,58,Good,Medium,8,Yes,100,"80,001+"
V08249,SUV,4,159808,102,2127,31,19.2,11.45,37,79,Critical,Medium,6,No,60,"50,001–80,000"
V08250,Sedan,3,66377,89,2709,20,19.0,12.53,35,76,Good,High,1,Yes,60,"50,001–80,000"
V08251,Hatchback,11,191858,105,2704,34,13.1,12.55,33,41,Worn,High,3,No,50,"25,001–50,000"
V08252,SUV,5,92249,96,2773,48,18.4,12.06,42,101,Critical,High,6,No,60,"50,001–80,000"
V08253,Sedan,14,79243,107,2436,21,7.6,11.64,36,98,Good,Low,4,No,50,"25,001–50,000"
V08254,Sedan,11,108607,97,2251,44,5.6,12.21,41,82,Moderate,High,7,Yes,70,"50,001–80,000"
V08255,Hatchback,3,32542,89,2937,48,17.4,11.85,36,83,Worn,Medium,4,Yes,100,"80,001+"
V08256,SUV,11,129113,101,2028,20,9.7,12.15,32,78,Good,Low,3,No,50,"25,001–50,000"
V08257,Sedan,1,69438,101,2361,49,6.2,11.05,43,100,Good,Low,12,No,70,"50,001–80,000"
V08258,Truck,8,169016,102,1849,29,5.9,11.16,33,63,Worn,Medium,11,Yes,50,"25,001–50,000"
V08259,Sedan,5,64545,92,2643,43,15.7,12.32,30,35,Critical,Medium,7,Yes,80,"80,001+"
V08260,Hatchback,9,129411,108,1898,47,10.3,11.01,33,106,Good,Low,1,No,80,"80,001+"
V08261,Hatchback,4,51312,90,1657,26,18.8,11.63,36,51,Moderate,Medium,1,No,80,"80,001+"
V08262,Truck,7,38051,99,1708,46,8.7,11.1,32,96,Worn,Medium,10,No,90,"80,001+"
V08263,Truck,14,68387,95,1998,30,6.3,12.92,31,102,Critical,High,1,No,50,"25,001–50,000"
V08264,SUV,14,29774,101,2611,27,6.7,12.81,38,88,Good,Low,6,No,50,"25,001–50,000"
V08265,SUV,12,154123,106,2965,43,16.2,11.57,34,61,Good,Low,6,Yes,70,"50,001–80,000"
V08266,Truck,2,147139,97,2337,47,15.9,11.93,34,68,Worn,High,2,No,80,"80,001+"
V08267,Truck,15,30023,100,2651,26,18.0,11.28,42,32,Good,High,8,Yes,50,"25,001–50,000"
V08268,Hatchback,13,127654,102,2122,40,9.3,11.02,45,89,Good,Medium,2,No,70,"50,001–80,000"
V08269,Sedan,7,137747,89,2999,30,15.5,11.97,33,92,Worn,Medium,3,No,100,"80,001+"
V08270,Sedan,7,171954,92,1547,48,17.3,11.57,39,79,Good,High,2,No,80,"80,001+"
V08271,Hatchback,12,190818,95,1760,38,19.4,11.09,41,43,Worn,Low,9,No,80,"80,001+"
V08272,Sedan,9,121246,104,1754,29,7.5,11.74,42,97,Worn,Medium,4,No,60,"50,001–80,000"
V08273,SUV,10,113238,88,1582,34,18.4,11.86,36,97,Moderate,Medium,5,Yes,100,"80,001+"
V08274,SUV,11,165597,91,2667,44,6.6,11.67,30,30,Moderate,Low,12,No,80,"80,001+"
V08275,Hatchback,4,61862,91,1646,29,15.9,12.14,37,89,Worn,Medium,2,Yes,80,"80,001+"
V08276,SUV,9,60189,97,2245,22,18.8,12.99,38,63,Critical,Low,5,No,60,"50,001–80,000"
V08277,Truck,9,59601,103,2028,28,13.7,12.39,32,59,Good,Low,11,Yes,50,"25,001–50,000"
V08278,Sedan,6,65163,91,2340,32,19.7,11.4,36,101,Worn,High,9,No,70,"50,001–80,000"
V08279,SUV,14,182804,110,2347,48,14.3,12.28,43,36,Critical,Medium,6,No,50,"25,001–50,000"
V08280,Truck,3,82371,97,1539,41,13.5,11.26,31,47,Good,High,2,Yes,80,"80,001+"
V08281,Sedan,15,124533,96,2675,49,9.9,11.2,43,66,Worn,Medium,6,No,90,"80,001+"
V08282,SUV,14,44176,104,2178,39,19.6,11.14,44,40,Moderate,Low,6,Yes,70,"50,001–80,000"
V08283,Truck,2,60814,93,2922,25,7.1,12.21,40,66,Moderate,High,11,No,50,"25,001–50,000"
V08284,Sedan,4,100489,108,2214,32,10.0,11.56,39,81,Critical,Low,8,Yes,60,"50,001–80,000"
V08285,SUV,8,123056,85,1852,46,11.7,11.51,42,46,Worn,Low,10,No,90,"80,001+"
V08286,Sedan,14,185585,85,2975,27,19.4,12.02,41,84,Worn,Medium,10,No,60,"50,001–80,000"
V08287,Sedan,1,13021,97,2998,20,18.3,11.26,36,81,Critical,Medium,3,No,60,"50,001–80,000"
V08288,Truck,3,89007,95,2755,26,9.3,11.79,45,71,Moderate,Medium,5,Yes,80,"80,001+"
V08289,Hatchback,6,96560,102,2967,47,19.5,11.61,31,69,Worn,Medium,2,Yes,80,"80,001+"
V08290,Truck,11,10889,103,2596,38,18.8,11.43,39,76,Critical,High,9,No,20,"10,001–25,000"
V08291,Sedan,1,36275,98,2013,43,11.4,11.46,31,53,Worn,High,2,No,80,"80,001+"
V08292,Sedan,10,116857,89,2606,45,18.4,12.67,30,46,Critical,Medium,12,Yes,70,"50,001–80,000"
V08293,Truck,14,157607,96,1706,38,11.6,12.88,41,98,Critical,Low,11,No,60,"50,001–80,000"
V08294,SUV,9,20366,89,2060,21,17.9,12.51,31,48,Moderate,Medium,10,No,70,"50,001–80,000"
V08295,Truck,6,132535,100,1943,42,19.0,12.62,33,84,Good,Low,8,No,100,"80,001+"
V08296,Truck,8,187701,92,1570,40,8.0,12.81,38,52,Worn,Medium,6,Yes,100,"80,001+"
V08297,Hatchback,10,82658,93,2406,49,17.4,11.57,44,94,Critical,High,10,Yes,50,"25,001–50,000"
V08298,SUV,15,116906,108,2606,20,5.2,12.37,40,86,Moderate,Medium,5,Yes,50,"25,001–50,000"
V08299,Sedan,6,154079,94,2283,41,7.3,12.55,39,91,Worn,Medium,9,No,90,"80,001+"
V08300,Truck,15,148359,110,2959,28,8.6,12.95,33,35,Good,High,9,Yes,20,"10,001–25,000"
V08301,Hatchback,4,109948,101,2946,30,5.2,12.99,44,95,Critical,Low,4,No,60,"50,001–80,000"
V08302,Hatchback,2,34249,85,2238,48,6.6,12.93,43,60,Good,Medium,12,Yes,90,"80,001+"
V08303,SUV,5,196998,95,1581,39,6.0,12.0,45,80,Worn,Medium,9,Yes,90,"80,001+"
V08304,SUV,3,70685,90,2321,45,17.7,11.09,31,49,Critical,Medium,5,Yes,80,"80,001+"
V08305,Truck,11,66843,99,1872,42,17.0,12.9,40,96,Worn,Low,3,Yes,90,"80,001+"
V08306,Sedan,3,67040,87,1875,33,9.6,12.19,40,71,Worn,High,10,No,70,"50,001–80,000"
V08307,Hatchback,10,156230,108,2533,36,9.0,12.85,34,59,Critical,High,10,No,30,"10,001–25,000"
V08308,Truck,13,197665,97,1898,36,8.0,11.54,39,73,Moderate,High,8,No,70,"50,001–80,000"
V08309,Sedan,7,67738,88,2115,45,17.4,11.27,36,106,Moderate,High,1,No,80,"80,001+"
V08310,Truck,11,19703,93,2450,33,7.9,11.85,32,50,Critical,Low,3,Yes,70,"50,001–80,000"
V08311,Truck,3,182292,108,2040,36,11.1,11.52,34,58,Critical,Low,1,Yes,60,"50,001–80,000"
V08312,Truck,11,113756,90,2176,34,16.0,12.57,31,109,Moderate,Medium,12,Yes,80,"80,001+"
V08313,Truck,1,145882,87,1858,33,19.4,12.28,37,77,Moderate,Low,3,No,100,"80,001+"
V08314,SUV,14,62128,101,2713,32,6.8,12.52,44,48,Worn,Medium,11,Yes,60,"50,001–80,000"
V08315,SUV,14,140356,96,1915,36,10.7,11.41,34,64,Good,Low,10,No,80,"80,001+"
V08316,Truck,4,100038,91,2590,35,13.3,12.27,34,90,Critical,High,6,No,60,"50,001–80,000"
V08317,Hatchback,8,117063,105,1760,28,17.5,12.27,35,64,Critical,High,9,Yes,10,"0–10,000"
V08318,SUV,12,199686,93,1765,43,5.2,11.39,39,52,Critical,Low,5,No,70,"50,001–80,000"
V08319,Sedan,8,91780,103,1971,46,11.1,11.35,34,57,Good,High,12,No,50,"25,001–50,000"
V08320,SUV,8,141402,105,2233,47,17.5,12.96,37,100,Critical,High,5,No,40,"25,001–50,000"
V08321,Sedan,4,81052,110,2610,47,7.1,12.04,45,37,Moderate,High,8,No,60,"50,001–80,000"
V08322,Sedan,4,71127,108,1539,34,15.9,11.2,36,78,Good,Low,5,Yes,80,"80,001+"
V08323,Hatchback,14,19554,98,2204,43,12.8,11.95,34,69,Worn,High,6,No,70,"50,001–80,000"
V08324,Sedan,3,53674,86,2933,30,10.2,11.63,41,90,Worn,Medium,11,No,90,"80,001+"
V08325,Truck,14,55724,98,2367,40,16.7,12.23,31,77,Worn,High,11,No,60,"50,001–80,000"
V08326,SUV,9,191853,95,2329,28,14.2,11.98,35,58,Good,Low,5,No,80,"80,001+"
V08327,SUV,14,161828,101,2229,39,18.8,11.88,40,109,Good,Low,3,No,70,"50,001–80,000"
V08328,SUV,9,192411,93,1721,31,14.9,11.56,44,59,Moderate,Medium,7,Yes,100,"80,001+"
V08329,Truck,1,24600,97,1988,36,19.0,11.9,36,82,Worn,Low,9,Yes,90,"80,001+"
V08330,SUV,10,187068,98,1656,24,19.5,11.26,38,35,Worn,Low,5,Yes,80,"80,001+"
V08331,SUV,4,5040,96,2182,44,11.8,11.83,37,78,Moderate,High,2,Yes,80,"80,001+"
V08332,SUV,10,34362,92,2122,50,12.0,11.93,39,58,Moderate,Low,4,Yes,100,"80,001+"
V08333,Truck,15,85708,94,2040,28,15.8,12.77,40,101,Moderate,High,10,No,40,"25,001–50,000"
V08334,Truck,14,178107,86,2364,22,10.0,12.02,35,94,Good,Low,1,No,70,"50,001–80,000"
V08335,Truck,11,198032,91,2484,22,6.0,12.1,45,34,Critical,Low,1,Yes,50,"25,001–50,000"
V08336,SUV,1,175113,91,2299,37,15.4,12.21,35,63,Good,Medium,9,No,90,"80,001+"
V08337,Truck,2,50431,94,2307,38,19.1,12.13,37,58,Moderate,Low,2,Yes,100,"80,001+"
V08338,Truck,3,123044,97,1708,24,7.2,12.73,35,50,Worn,High,6,Yes,60,"50,001–80,000"
V08339,Truck,6,30045,93,1653,47,15.4,11.77,36,61,Good,Low,1,Yes,100,"80,001+"
V08340,Hatchback,11,100961,101,1653,45,18.5,11.81,39,108,Worn,Medium,8,Yes,70,"50,001–80,000"
V08341,Hatchback,4,78206,101,2979,31,5.3,11.43,30,44,Moderate,High,5,No,60,"50,001–80,000"
V08342,Truck,11,54299,92,2743,25,15.9,11.6,38,103,Worn,Medium,7,No,70,"50,001–80,000"
V08343,SUV,2,141469,101,1957,23,9.2,12.14,33,69,Worn,Low,1,Yes,60,"50,001–80,000"
V08344,Hatchback,2,182608,91,1735,23,11.7,11.98,39,82,Moderate,Low,2,Yes,80,"80,001+"
V08345,Sedan,11,108891,109,2965,32,12.6,12.15,39,110,Moderate,High,8,Yes,50,"25,001–50,000"
V08346,Sedan,12,89065,89,2985,22,12.7,11.59,31,107,Moderate,Low,3,No,70,"50,001–80,000"
V08347,Truck,13,188959,88,2769,40,18.1,11.44,45,64,Critical,High,11,No,40,"25,001–50,000"
V08348,Sedan,12,78220,92,2770,48,14.0,11.44,32,54,Worn,Medium,6,Yes,90,"80,001+"
V08349,Truck,11,104433,95,2001,20,11.0,12.6,35,31,Critical,High,3,Yes,30,"10,001–25,000"
V08350,Sedan,9,120551,108,2531,34,6.2,12.12,39,72,Good,Low,8,Yes,80,"80,001+"
V08351,Sedan,11,138858,104,2999,42,6.7,11.14,39,39,Critical,Medium,6,No,50,"25,001–50,000"
V08352,Hatchback,15,53835,94,2816,29,15.1,12.44,34,63,Moderate,Medium,2,Yes,70,"50,001–80,000"
V08353,Truck,3,12102,104,2456,35,15.7,12.71,30,76,Good,High,9,Yes,50,"25,001–50,000"
V08354,Sedan,3,133796,104,2439,25,14.7,11.67,44,92,Worn,Low,5,Yes,60,"50,001–80,000"
V08355,Sedan,10,75006,110,2122,29,16.0,12.74,45,42,Critical,Low,6,No,40,"25,001–50,000"
V08356,Sedan,6,53665,102,2007,37,13.1,11.12,35,70,Good,Low,10,No,70,"50,001–80,000"
V08357,Sedan,6,159250,105,1527,50,17.3,12.23,45,100,Moderate,Medium,3,Yes,80,"80,001+"
V08358,Hatchback,5,8904,105,1632,38,5.0,12.31,44,110,Worn,High,8,Yes,60,"50,001–80,000"
V08359,SUV,11,50884,92,2158,44,15.9,11.86,44,86,Moderate,Low,12,No,80,"80,001+"
V08360,Hatchback,8,69050,108,1947,46,14.5,12.98,44,82,Critical,Low,2,No,60,"50,001–80,000"
V08361,Truck,13,119553,91,2800,22,14.7,12.97,31,91,Moderate,Medium,11,No,60,"50,001–80,000"
V08362,Hatchback,12,168841,104,2983,22,18.6,12.93,40,47,Worn,High,4,No,30,"10,001–25,000"
V08363,Truck,12,159192,94,2872,36,13.2,11.87,35,89,Good,Low,6,No,90,"80,001+"
V08364,Hatchback,3,31069,108,1958,32,13.5,11.84,34,51,Good,High,9,Yes,50,"25,001–50,000"
V08365,Sedan,5,199695,96,2770,48,6.8,11.92,45,47,Critical,High,6,Yes,60,"50,001–80,000"
V08366,Truck,8,126537,87,2715,28,18.7,11.94,38,62,Good,Low,3,Yes,80,"80,001+"
V08367,Hatchback,12,98383,92,2657,30,9.3,11.94,43,52,Moderate,Medium,4,No,90,"80,001+"
V08368,Hatchback,12,49649,105,1816,28,18.7,12.5,32,80,Moderate,Medium,10,No,40,"25,001–50,000"
V08369,Hatchback,13,137665,86,2712,23,6.2,11.0,39,31,Critical,Medium,2,No,50,"25,001–50,000"
V08370,Sedan,9,135816,94,2995,39,11.3,12.69,41,106,Moderate,High,5,Yes,80,"80,001+"
V08371,Sedan,14,155633,101,1527,47,13.2,12.47,40,110,Good,Medium,5,Yes,70,"50,001–80,000"
V08372,Truck,12,89401,91,2493,25,20.0,12.69,38,44,Critical,Medium,1,Yes,50,"25,001–50,000"
V08373,Hatchback,8,184500,92,2103,49,20.0,12.65,37,75,Good,Low,5,Yes,100,"80,001+"
V08374,Truck,15,163709,98,2073,31,16.0,11.16,31,104,Critical,Medium,5,No,70,"50,001–80,000"
V08375,Sedan,2,15509,91,2933,41,19.0,12.3,34,43,Good,Low,7,No,100,"80,001+"
V08376,Sedan,1,123551,105,1899,21,6.8,11.08,36,96,Moderate,Low,7,Yes,60,"50,001–80,000"
V08377,SUV,12,128189,92,2934,49,19.9,12.13,33,102,Critical,Low,8,No,70,"50,001–80,000"
V08378,Truck,2,197249,100,2107,31,11.4,11.46,42,42,Good,Medium,8,No,100,"80,001+"
V08379,SUV,2,183278,95,2921,46,19.7,11.54,33,64,Critical,Medium,7,Yes,80,"80,001+"
V08380,Truck,7,21029,99,1692,44,16.1,11.92,45,72,Moderate,High,5,No,80,"80,001+"
V08381,Sedan,11,75123,109,2956,35,17.7,12.6,30,35,Worn,High,3,Yes,50,"25,001–50,000"
V08382,Hatchback,15,187701,89,2435,28,5.9,12.16,44,43,Good,Medium,10,Yes,60,"50,001–80,000"
V08383,Sedan,7,70569,92,2652,50,11.2,12.69,33,108,Moderate,High,9,Yes,70,"50,001–80,000"
V08384,Hatchback,2,109525,104,2089,32,17.6,11.63,43,94,Worn,Low,11,Yes,70,"50,001–80,000"
V08385,Hatchback,12,109072,86,2790,26,12.4,12.82,44,40,Worn,Low,12,Yes,60,"50,001–80,000"
V08386,SUV,6,72560,87,2062,32,18.4,11.96,35,30,Critical,Low,6,No,80,"80,001+"
V08387,Sedan,1,153140,91,2114,44,9.1,11.69,41,75,Good,High,12,Yes,70,"50,001–80,000"
V08388,SUV,4,78479,104,2208,43,8.7,12.95,35,109,Moderate,Low,6,Yes,80,"80,001+"
V08389,SUV,14,26303,109,2693,23,18.6,12.36,45,82,Critical,Medium,1,Yes,30,"10,001–25,000"
V08390,Sedan,6,141831,103,2048,28,15.5,12.14,44,37,Moderate,High,1,No,40,"25,001–50,000"
V08391,SUV,6,99556,102,1835,49,12.9,11.41,30,82,Moderate,High,2,Yes,60,"50,001–80,000"
V08392,Sedan,15,46840,91,2758,44,13.3,12.07,31,49,Worn,High,8,Yes,70,"50,001–80,000"
V08393,Truck,7,127440,103,2871,21,13.2,12.47,32,63,Moderate,Low,8,Yes,60,"50,001–80,000"
V08394,Truck,6,117526,101,1623,28,12.3,11.83,45,30,Moderate,High,2,Yes,40,"25,001–50,000"
V08395,Hatchback,13,161356,105,2589,29,13.6,11.39,34,36,Critical,High,6,Yes,10,"0–10,000"
V08396,Sedan,5,35974,109,2033,43,13.2,11.24,31,53,Good,High,9,No,50,"25,001–50,000"
V08397,Hatchback,6,120454,103,2434,25,19.2,11.83,43,35,Good,High,2,No,40,"25,001–50,000"
V08398,Sedan,5,18996,94,2379,24,10.0,12.63,40,61,Good,Low,11,Yes,70,"50,001–80,000"
V08399,Sedan,5,126848,90,2472,44,10.3,11.68,38,61,Critical,Medium,11,No,70,"50,001–80,000"
V08400,Sedan,12,45647,85,1779,49,9.1,12.15,43,47,Worn,Low,4,Yes,90,"80,001+"
V08401,Sedan,6,134507,85,1598,40,10.4,12.7,31,81,Worn,Medium,9,No,90,"80,001+"
V08402,Truck,10,142958,98,1806,49,15.6,12.63,38,91,Critical,Low,10,No,70,"50,001–80,000"
V08403,Sedan,12,151091,87,1777,45,10.6,12.32,32,66,Good,Low,9,No,80,"80,001+"
V08404,SUV,2,107757,91,2020,21,6.6,12.39,30,101,Critical,Low,1,Yes,60,"50,001–80,000"
V08405,Sedan,11,121001,102,2032,40,14.8,12.86,44,53,Critical,Low,11,Yes,40,"25,001–50,000"
V08406,Sedan,11,110153,107,2839,30,8.1,12.6,43,110,Critical,Medium,9,No,40,"25,001–50,000"
V08407,SUV,6,31812,110,2871,39,18.3,11.29,34,53,Good,Medium,5,Yes,80,"80,001+"
V08408,SUV,2,157400,101,1536,22,7.4,11.26,42,44,Worn,Low,6,Yes,60,"50,001–80,000"
V08409,Truck,2,45273,85,2584,39,5.0,11.33,33,74,Moderate,Medium,12,Yes,90,"80,001+"
V08410,SUV,6,124566,99,2442,21,10.4,12.62,44,69,Good,High,3,No,60,"50,001–80,000"
V08411,SUV,9,98224,85,2146,45,19.0,11.55,34,49,Moderate,High,3,No,80,"80,001+"
V08412,SUV,7,12815,91,1696,47,19.6,11.63,30,93,Moderate,Medium,7,Yes,100,"80,001+"
V08413,Truck,12,18750,85,1607,26,18.6,12.55,42,61,Critical,Medium,3,Yes,50,"25,001–50,000"
V08414,Hatchback,3,70101,101,2374,45,5.3,11.38,40,109,Moderate,High,1,No,60,"50,001–80,000"
V08415,Truck,11,195447,103,2319,21,8.8,12.02,44,58,Worn,Low,4,No,50,"25,001–50,000"
V08416,Hatchback,10,110526,99,2334,50,14.6,11.45,33,49,Critical,Low,11,No,70,"50,001–80,000"
V08417,SUV,12,158103,105,2123,34,14.2,12.38,43,58,Critical,High,1,No,30,"10,001–25,000"
V08418,Truck,14,37331,103,1543,42,15.9,12.91,36,88,Critical,High,5,Yes,30,"10,001–25,000"
V08419,Hatchback,15,71376,92,2576,39,13.4,11.97,30,73,Good,Low,7,Yes,90,"80,001+"
V08420,Sedan,3,123408,100,1938,27,6.2,12.09,39,92,Good,Medium,7,Yes,80,"80,001+"
V08421,Truck,12,81152,88,1698,44,19.4,11.36,41,75,Worn,Medium,7,Yes,90,"80,001+"
V08422,Sedan,4,6691,97,2399,39,18.2,11.53,37,82,Moderate,Medium,1,Yes,100,"80,001+"
V08423,Truck,15,112117,108,2665,47,11.4,11.0,43,102,Critical,High,9,No,20,"10,001–25,000"
V08424,Hatchback,15,90707,105,2583,23,10.8,11.66,32,91,Critical,Low,3,Yes,30,"10,001–25,000"
V08425,Hatchback,14,44610,88,1587,43,13.5,12.93,42,63,Good,Medium,6,Yes,90,"80,001+"
V08426,Hatchback,13,14254,108,1539,45,17.6,12.29,38,44,Moderate,Medium,10,No,60,"50,001–80,000"
V08427,Hatchback,9,73951,106,2404,26,6.4,12.98,31,32,Moderate,Medium,2,No,60,"50,001–80,000"
V08428,Truck,1,135807,101,2756,34,7.4,11.06,37,72,Moderate,Low,1,No,80,"80,001+"
V08429,Truck,15,53817,102,2747,28,17.2,11.54,35,53,Critical,Medium,11,Yes,20,"10,001–25,000"
V08430,SUV,15,42007,93,2431,43,14.7,11.05,38,45,Moderate,Medium,6,Yes,90,"80,001+"
V08431,Truck,5,196326,109,1524,36,12.7,12.81,39,108,Good,Medium,7,No,80,"80,001+"
V08432,Truck,12,75295,93,2070,30,10.3,11.73,32,86,Critical,High,6,No,50,"25,001–50,000"
V08433,SUV,7,78701,92,2380,49,18.4,12.23,41,97,Good,Medium,11,No,90,"80,001+"
V08434,Truck,1,18738,104,1758,32,9.2,11.38,33,68,Critical,Medium,2,No,60,"50,001–80,000"
V08435,Hatchback,11,75000,105,2825,41,10.1,12.5,33,62,Moderate,Low,12,Yes,60,"50,001–80,000"
V08436,Sedan,14,124040,94,2996,42,19.9,12.24,37,82,Worn,Low,9,Yes,80,"80,001+"
V08437,SUV,12,155179,94,1686,25,13.2,11.54,44,91,Moderate,Medium,4,Yes,70,"50,001–80,000"
V08438,Hatchback,6,49688,95,2346,24,16.1,11.59,30,91,Critical,Low,5,No,60,"50,001–80,000"
V08439,Hatchback,15,185599,95,1887,21,11.6,12.82,35,62,Critical,Low,6,No,50,"25,001–50,000"
V08440,Sedan,3,32608,103,2141,50,18.8,12.8,43,35,Critical,High,7,No,40,"25,001–50,000"
V08441,Truck,9,71491,96,2313,26,9.3,11.66,34,86,Moderate,High,2,Yes,60,"50,001–80,000"
V08442,SUV,13,135115,93,2559,47,12.1,12.72,37,50,Critical,Low,1,No,70,"50,001–80,000"
V08443,Truck,6,16874,95,1540,46,17.9,11.65,30,51,Critical,Low,11,Yes,70,"50,001–80,000"
V08444,Sedan,11,13519,110,2959,47,9.3,11.24,34,43,Moderate,Medium,11,No,60,"50,001–80,000"
V08445,SUV,6,151114,86,2764,47,15.4,12.33,38,34,Moderate,High,9,Yes,70,"50,001–80,000"
V08446,SUV,4,156919,96,2204,32,5.3,12.73,43,97,Critical,Low,4,No,80,"80,001+"
V08447,SUV,2,50716,106,2137,25,9.1,11.18,45,100,Worn,High,8,No,40,"25,001–50,000"
V08448,Hatchback,3,81728,108,2068,48,18.4,12.4,38,68,Moderate,High,9,Yes,50,"25,001–50,000"
V08449,Truck,2,73860,87,2866,26,19.9,11.84,41,65,Critical,Low,2,No,60,"50,001–80,000"
V08450,Truck,1,174076,96,1917,33,8.6,12.33,37,102,Worn,High,3,No,80,"80,001+"
V08451,Hatchback,12,9419,91,2206,29,18.6,11.62,32,56,Critical,Low,9,Yes,40,"25,001–50,000"
V08452,Sedan,2,48619,99,2754,50,18.1,11.44,30,102,Moderate,Low,9,No,90,"80,001+"
V08453,Hatchback,10,8220,101,1824,26,6.5,11.63,40,39,Good,Medium,3,Yes,60,"50,001–80,000"
V08454,SUV,4,32040,86,2704,49,18.1,12.92,33,104,Critical,Medium,7,No,80,"80,001+"
V08455,SUV,8,37202,102,1861,31,14.1,11.71,44,56,Moderate,High,9,No,50,"25,001–50,000"
V08456,Truck,12,37409,89,2865,31,9.6,11.32,39,47,Moderate,Medium,2,Yes,90,"80,001+"
V08457,SUV,1,175037,85,1745,47,6.6,12.22,40,77,Good,High,12,Yes,70,"50,001–80,000"
V08458,Hatchback,15,37783,91,1970,36,19.4,12.69,42,30,Good,High,10,No,60,"50,001–80,000"
V08459,Truck,4,177866,97,2034,50,11.7,12.15,35,95,Critical,Low,5,No,80,"80,001+"
V08460,Hatchback,9,166260,99,2835,20,13.9,11.49,37,32,Worn,Medium,6,Yes,80,"80,001+"
V08461,SUV,14,16475,101,2346,28,9.7,12.41,33,82,Critical,Low,11,No,20,"10,001–25,000"
V08462,Truck,11,165706,89,2262,25,9.3,12.48,39,101,Critical,High,11,Yes,20,"10,001–25,000"
V08463,Hatchback,4,113829,103,2259,32,6.5,12.01,39,99,Moderate,Medium,7,Yes,80,"80,001+"
V08464,SUV,7,189882,102,1572,48,15.3,11.29,31,82,Good,Low,4,No,80,"80,001+"
V08465,Hatchback,2,129227,85,1720,46,12.3,12.16,44,54,Moderate,Medium,3,No,100,"80,001+"
V08466,Truck,9,104157,94,1587,40,15.4,12.38,34,59,Moderate,Low,5,Yes,100,"80,001+"
V08467,Truck,1,140846,102,2368,47,18.0,11.84,42,76,Good,Low,7,Yes,80,"80,001+"
V08468,Hatchback,15,83560,89,1714,21,7.2,11.25,35,55,Good,Medium,2,No,70,"50,001–80,000"
V08469,SUV,9,7805,95,2154,20,8.9,11.81,42,53,Worn,Low,5,No,80,"80,001+"
V08470,Sedan,9,91299,109,1800,21,7.0,12.69,31,83,Worn,Low,12,Yes,50,"25,001–50,000"
V08471,Truck,13,84150,95,2214,50,16.0,12.89,44,82,Moderate,High,2,Yes,70,"50,001–80,000"
V08472,Truck,11,43855,97,1833,28,12.6,12.38,42,46,Worn,High,3,No,50,"25,001–50,000"
V08473,Hatchback,4,162377,101,1872,47,17.4,11.69,41,101,Moderate,Medium,7,No,80,"80,001+"
V08474,Sedan,2,118471,89,2461,30,11.4,12.57,44,109,Critical,Medium,8,No,80,"80,001+"
V08475,Sedan,7,111707,97,1913,46,14.4,12.85,33,56,Moderate,Medium,6,Yes,100,"80,001+"
V08476,SUV,15,162293,98,2498,45,12.4,11.59,40,37,Good,Medium,7,No,90,"80,001+"
V08477,SUV,14,164562,93,2833,36,11.5,12.47,32,55,Good,Medium,11,Yes,80,"80,001+"
V08478,SUV,11,44666,97,1757,49,13.7,11.35,39,53,Good,Medium,3,Yes,90,"80,001+"
V08479,Hatchback,5,45267,98,1569,31,5.5,11.65,40,49,Good,High,12,No,70,"50,001–80,000"
V08480,SUV,9,80572,91,2088,43,11.0,12.75,41,78,Moderate,Low,11,No,90,"80,001+"
V08481,Hatchback,13,141188,92,2599,48,19.2,12.07,34,87,Moderate,Medium,10,Yes,80,"80,001+"
V08482,Truck,9,87543,86,2764,30,18.3,12.29,43,59,Critical,Low,8,No,80,"80,001+"
V08483,Truck,15,122683,88,2245,49,17.8,12.22,32,78,Worn,High,4,Yes,70,"50,001–80,000"
V08484,Sedan,2,76132,85,2364,30,11.7,12.66,32,61,Worn,Medium,2,No,100,"80,001+"
V08485,Sedan,11,56844,86,2645,34,6.0,12.31,39,36,Worn,High,7,No,70,"50,001–80,000"
V08486,Truck,15,93832,89,1689,26,14.4,12.65,42,35,Worn,High,10,Yes,40,"25,001–50,000"
V08487,Truck,14,158712,101,1971,34,17.6,11.14,33,108,Worn,Medium,6,Yes,70,"50,001–80,000"
V08488,SUV,4,113195,91,2525,37,10.8,12.82,39,53,Moderate,High,2,Yes,80,"80,001+"
V08489,SUV,9,132521,110,2985,35,13.3,12.11,38,56,Moderate,Low,12,No,70,"50,001–80,000"
V08490,Hatchback,3,8129,89,2518,42,15.8,11.84,45,59,Worn,Medium,12,No,90,"80,001+"
V08491,SUV,1,189779,96,2398,27,5.2,11.03,32,53,Good,Medium,7,No,80,"80,001+"
V08492,Truck,10,141091,87,2297,45,18.1,11.58,38,103,Worn,Medium,3,Yes,100,"80,001+"
V08493,SUV,13,187238,88,2627,29,14.5,11.94,38,58,Critical,Medium,9,No,40,"25,001–50,000"
V08494,Truck,2,79139,95,2289,41,11.5,12.62,42,30,Good,Low,8,Yes,100,"80,001+"
V08495,SUV,4,113263,105,2916,28,6.1,12.06,43,52,Critical,Medium,5,No,40,"25,001–50,000"
V08496,SUV,14,182241,97,2733,32,16.6,12.12,30,44,Good,Low,1,No,90,"80,001+"
V08497,Truck,2,106100,98,2502,36,6.6,12.47,37,50,Worn,High,9,No,70,"50,001–80,000"
V08498,Sedan,7,6760,109,2955,38,8.7,11.21,44,97,Critical,Medium,12,No,50,"25,001–50,000"
V08499,Hatchback,7,97301,107,2999,33,18.7,12.81,45,108,Good,Low,3,Yes,80,"80,001+"
V08500,SUV,12,37715,98,2595,48,17.0,12.64,41,55,Moderate,Medium,8,Yes,90,"80,001+"
V08501,Truck,10,17574,85,2090,26,17.2,12.44,44,32,Good,Medium,12,No,70,"50,001–80,000"
V08502,Truck,6,124013,91,1751,25,19.2,11.69,36,98,Moderate,High,12,No,50,"25,001–50,000"
V08503,Hatchback,10,47826,95,1723,36,19.9,11.37,30,31,Moderate,High,3,No,80,"80,001+"
V08504,Sedan,3,100939,100,2003,20,9.7,12.86,31,51,Critical,High,3,No,40,"25,001–50,000"
V08505,Truck,4,152817,94,2557,20,12.3,11.62,32,65,Worn,Low,12,Yes,70,"50,001–80,000"
V08506,SUV,10,164606,102,2455,35,9.0,11.78,44,106,Critical,Low,2,No,60,"50,001–80,000"
V08507,Hatchback,5,128220,88,1734,47,18.8,12.16,34,53,Critical,High,9,Yes,50,"25,001–50,000"
V08508,Sedan,14,130229,88,2760,35,10.7,11.29,30,36,Critical,Medium,2,Yes,70,"50,001–80,000"
V08509,Truck,15,44577,89,1509,26,17.2,11.44,32,93,Good,High,6,No,50,"25,001–50,000"
V08510,SUV,13,33055,85,2574,21,19.3,11.9,43,81,Critical,High,1,Yes,30,"10,001–25,000"
V08511,Sedan,15,72982,99,1777,43,7.1,11.41,30,72,Good,Low,1,No,90,"80,001+"
V08512,Hatchback,7,55998,98,1822,39,14.7,11.97,41,103,Worn,High,8,Yes,80,"80,001+"
V08513,Truck,11,82585,102,2890,39,5.2,12.03,39,65,Moderate,Medium,6,Yes,70,"50,001–80,000"
V08514,Hatchback,2,55628,97,2050,21,12.2,12.93,33,91,Worn,High,12,Yes,50,"25,001–50,000"
V08515,Truck,4,198595,90,2622,42,14.4,12.64,41,75,Moderate,High,11,Yes,70,"50,001–80,000"
V08516,Hatchback,9,115878,87,2376,48,14.3,11.56,30,48,Worn,Medium,4,No,100,"80,001+"
V08517,Sedan,1,90677,86,1512,46,13.8,12.61,44,64,Worn,High,7,Yes,80,"80,001+"
V08518,Hatchback,5,25147,87,1938,41,18.5,11.84,34,67,Good,Low,7,No,100,"80,001+"
V08519,Hatchback,15,147565,108,1579,47,13.3,11.82,39,84,Moderate,High,1,No,50,"25,001–50,000"
V08520,Sedan,3,5448,99,2498,44,16.8,12.84,44,65,Moderate,High,6,No,80,"80,001+"
V08521,Sedan,4,34100,110,2218,36,19.7,12.26,41,72,Critical,Medium,12,No,50,"25,001–50,000"
V08522,SUV,12,184601,91,1561,39,12.6,11.86,33,65,Good,Medium,1,No,90,"80,001+"
V08523,Hatchback,1,125475,89,1939,39,19.3,11.82,35,91,Worn,Medium,1,No,100,"80,001+"
V08524,Truck,3,82500,91,1977,40,17.2,12.67,33,41,Moderate,Low,1,Yes,100,"80,001+"
V08525,Truck,9,103462,88,2337,33,14.5,12.74,31,104,Good,Medium,2,Yes,100,"80,001+"
V08526,Truck,4,189951,88,2850,38,18.8,12.42,30,50,Moderate,Low,9,Yes,90,"80,001+"
V08527,Sedan,3,77176,104,2728,44,14.4,11.25,34,48,Worn,High,8,No,60,"50,001–80,000"
V08528,SUV,14,145712,106,1560,48,14.0,11.96,39,81,Worn,Low,3,Yes,70,"50,001–80,000"
V08529,Sedan,8,162882,109,2506,30,8.9,11.91,44,72,Good,High,2,No,60,"50,001–80,000"
V08530,Sedan,1,37568,85,1741,29,18.4,12.29,31,60,Good,Medium,4,Yes,80,"80,001+"
V08531,SUV,10,34317,108,2485,25,18.4,11.83,45,55,Moderate,High,1,No,40,"25,001–50,000"
V08532,Sedan,14,10646,99,2432,43,14.7,11.4,34,48,Good,Medium,1,No,90,"80,001+"
V08533,Hatchback,1,182828,87,1814,36,15.0,12.53,36,82,Worn,High,1,Yes,80,"80,001+"
V08534,Sedan,8,174070,88,2517,46,13.7,11.75,42,74,Moderate,Low,5,Yes,100,"80,001+"
V08535,Hatchback,4,50185,86,2497,30,8.0,11.18,33,35,Worn,Low,12,Yes,90,"80,001+"
V08536,Hatchback,14,27080,102,1754,43,5.4,11.56,42,33,Moderate,High,10,No,40,"25,001–50,000"
V08537,Hatchback,14,51243,104,2815,28,6.4,11.71,33,85,Moderate,Medium,9,No,40,"25,001–50,000"
V08538,Hatchback,12,98656,102,2571,34,14.8,11.88,36,86,Critical,High,9,Yes,20,"10,001–25,000"
V08539,Sedan,13,34412,104,1969,36,13.1,11.13,32,56,Good,High,5,No,50,"25,001–50,000"
V08540,Truck,7,132694,87,1829,27,9.8,12.04,37,37,Moderate,High,2,Yes,60,"50,001–80,000"
V08541,Sedan,15,63798,103,2856,39,17.0,11.54,39,83,Worn,Low,6,Yes,70,"50,001–80,000"
V08542,Hatchback,6,154099,92,2168,30,15.4,12.06,38,90,Worn,High,7,Yes,80,"80,001+"
V08543,Hatchback,13,26645,109,2071,47,9.6,11.98,43,102,Worn,High,6,Yes,50,"25,001–50,000"
V08544,Hatchback,10,151656,98,2881,38,8.9,12.17,37,36,Worn,Low,1,Yes,100,"80,001+"
V08545,Truck,10,52072,98,2860,32,6.5,11.94,33,73,Moderate,Low,4,Yes,100,"80,001+"
V08546,Sedan,1,84411,93,1815,43,10.1,11.79,40,46,Good,Medium,9,No,90,"80,001+"
V08547,SUV,5,151041,107,2208,45,18.0,11.17,44,71,Worn,Low,11,Yes,70,"50,001–80,000"
V08548,Sedan,3,54336,104,2873,49,14.5,12.92,43,48,Good,Medium,6,No,80,"80,001+"
V08549,Truck,4,76500,93,2150,42,18.8,11.68,34,65,Good,High,6,Yes,80,"80,001+"
V08550,SUV,12,40465,109,2229,26,7.9,11.39,35,86,Moderate,Low,12,No,40,"25,001–50,000"
V08551,Sedan,15,173953,101,1687,41,11.3,12.55,38,89,Worn,Low,2,No,70,"50,001–80,000"
V08552,Sedan,11,34515,100,2432,25,16.6,12.84,43,97,Moderate,Low,11,Yes,60,"50,001–80,000"
V08553,Hatchback,6,161328,94,2657,28,14.6,12.79,35,76,Critical,Medium,7,No,60,"50,001–80,000"
V08554,Truck,3,78497,100,2544,22,15.7,11.68,32,73,Moderate,High,2,No,60,"50,001–80,000"
V08555,Hatchback,13,80027,103,1832,47,5.3,12.58,44,102,Moderate,Low,3,No,70,"50,001–80,000"
V08556,Truck,15,180324,101,2758,31,5.1,11.01,32,46,Moderate,Low,5,Yes,70,"50,001–80,000"
V08557,Hatchback,12,36338,91,2042,36,16.0,11.23,34,72,Worn,Low,11,No,80,"80,001+"
V08558,Hatchback,8,157384,108,2778,33,15.3,11.65,31,78,Good,Low,3,No,80,"80,001+"
V08559,Sedan,9,131739,93,1529,41,6.6,12.8,31,35,Worn,Low,4,Yes,100,"80,001+"
V08560,Truck,5,34880,93,2942,27,12.9,11.69,35,49,Worn,Low,8,Yes,80,"80,001+"
V08561,SUV,5,118229,89,2931,32,6.2,11.15,37,78,Good,Low,4,No,100,"80,001+"
V08562,Sedan,14,24456,107,2558,21,13.8,11.52,45,55,Good,Low,11,Yes,40,"25,001–50,000"
V08563,Hatchback,3,128361,109,2514,38,12.9,11.28,31,68,Moderate,Medium,6,No,80,"80,001+"
V08564,Truck,10,120295,109,1553,40,5.1,12.32,36,46,Moderate,High,2,Yes,60,"50,001–80,000"
V08565,Hatchback,6,100324,92,2912,29,18.1,12.05,34,107,Critical,Low,9,Yes,50,"25,001–50,000"
V08566,SUV,5,121464,88,2241,32,14.5,11.36,42,94,Moderate,Low,6,Yes,100,"80,001+"
V08567,SUV,9,77265,94,2205,32,13.5,11.89,40,34,Moderate,Medium,10,Yes,90,"80,001+"
V08568,Truck,12,131773,97,2090,36,19.9,11.29,32,52,Critical,High,9,No,40,"25,001–50,000"
V08569,SUV,14,165873,94,2364,22,15.2,11.05,35,95,Critical,Medium,2,No,50,"25,001–50,000"
V08570,Sedan,14,54059,89,2543,29,17.0,12.58,43,85,Moderate,Low,10,Yes,60,"50,001–80,000"
V08571,Sedan,2,43496,110,2454,38,12.5,12.98,31,65,Worn,Low,8,No,80,"80,001+"
V08572,Sedan,15,192175,94,1572,26,18.7,11.69,37,96,Moderate,High,3,No,50,"25,001–50,000"
V08573,Truck,7,44984,103,1861,49,6.6,11.89,39,94,Worn,Low,1,No,80,"80,001+"
V08574,Hatchback,7,65096,102,2066,50,11.1,12.03,32,88,Moderate,Medium,12,Yes,70,"50,001–80,000"
V08575,Hatchback,4,57032,100,2674,31,18.5,12.96,36,77,Moderate,Medium,9,No,90,"80,001+"
V08576,SUV,8,32715,87,2445,50,19.5,11.43,32,40,Worn,Medium,2,No,100,"80,001+"
V08577,Hatchback,14,180790,99,1611,34,15.8,12.48,34,102,Critical,Low,12,Yes,60,"50,001–80,000"
V08578,Truck,15,154270,92,2761,33,11.0,11.19,32,76,Moderate,Medium,10,Yes,80,"80,001+"
V08579,Sedan,9,88689,97,2404,33,11.3,12.48,45,103,Critical,High,6,Yes,60,"50,001–80,000"
V08580,Truck,14,82762,106,2679,46,17.4,12.27,42,103,Good,High,8,Yes,50,"25,001–50,000"
V08581,SUV,2,116525,95,1885,35,14.2,12.0,33,100,Moderate,Medium,12,Yes,90,"80,001+"
V08582,Truck,12,40163,103,2145,43,18.3,11.06,38,45,Critical,Medium,3,No,50,"25,001–50,000"
V08583,Truck,10,51844,110,2306,42,8.4,11.4,32,96,Moderate,Medium,6,No,80,"80,001+"
V08584,Sedan,8,190247,85,1778,25,14.7,11.84,41,105,Worn,Medium,10,No,70,"50,001–80,000"
V08585,SUV,5,40068,96,2569,50,15.5,12.24,35,92,Worn,Medium,10,Yes,90,"80,001+"
V08586,Hatchback,11,176680,87,2057,23,19.6,12.93,43,93,Worn,Medium,3,Yes,70,"50,001–80,000"
V08587,Sedan,15,161465,104,1546,31,12.2,12.53,34,79,Critical,High,4,No,30,"10,001–25,000"
V08588,Hatchback,15,112624,96,2985,24,16.6,12.39,38,109,Moderate,Medium,6,Yes,70,"50,001–80,000"
V08589,Truck,3,7743,85,2422,45,19.7,11.46,45,78,Critical,Low,4,Yes,80,"80,001+"
V08590,Sedan,14,36780,85,1982,38,16.5,12.45,43,50,Moderate,High,5,Yes,70,"50,001–80,000"
V08591,Hatchback,14,151335,94,2376,29,16.7,12.61,36,110,Worn,High,8,No,50,"25,001–50,000"
V08592,Truck,15,107322,95,2951,28,13.4,11.28,38,80,Good,Low,2,Yes,70,"50,001–80,000"
V08593,SUV,10,155359,105,1774,45,7.7,12.54,34,84,Moderate,Medium,8,No,80,"80,001+"
V08594,Truck,9,168919,102,1534,47,10.4,11.92,41,107,Critical,Medium,4,No,60,"50,001–80,000"
V08595,Hatchback,5,6666,108,2032,28,11.9,12.93,41,89,Good,Medium,2,No,60,"50,001–80,000"
V08596,Sedan,5,12733,104,2830,45,10.5,12.83,41,70,Good,Medium,10,No,70,"50,001–80,000"
V08597,SUV,10,191290,94,1951,30,19.4,12.03,36,95,Worn,Medium,9,No,90,"80,001+"
V08598,Sedan,12,47403,108,2069,49,14.5,12.31,32,35,Critical,Low,12,No,40,"25,001–50,000"
V08599,Hatchback,7,115638,106,1604,31,8.2,12.96,37,109,Critical,Medium,2,No,60,"50,001–80,000"
V08600,SUV,1,17056,86,2417,40,19.6,12.22,45,77,Moderate,Medium,9,No,90,"80,001+"
V08601,Sedan,13,180427,109,2745,21,15.2,12.17,43,84,Critical,Low,11,No,20,"10,001–25,000"
V08602,Truck,7,28119,97,2784,27,6.0,12.78,35,86,Moderate,High,2,Yes,60,"50,001–80,000"
V08603,SUV,4,152200,108,2856,43,14.3,11.46,40,78,Worn,High,7,No,60,"50,001–80,000"
V08604,Truck,10,116107,90,1784,23,9.9,11.83,31,77,Critical,Low,10,Yes,50,"25,001–50,000"
V08605,Hatchback,8,21638,92,2671,22,18.4,12.78,33,73,Worn,Medium,9,No,70,"50,001–80,000"
V08606,Truck,4,177346,104,2135,35,8.4,12.53,31,38,Worn,High,2,Yes,60,"50,001–80,000"
V08607,Hatchback,6,184671,107,1599,50,8.8,11.28,31,56,Critical,High,3,No,40,"25,001–50,000"
V08608,Truck,3,45326,101,1846,30,15.7,11.41,37,102,Critical,Low,6,No,60,"50,001–80,000"
V08609,Truck,8,62932,96,2446,43,18.3,11.93,45,59,Good,Medium,4,No,100,"80,001+"
V08610,Hatchback,13,126926,87,2864,36,9.5,11.64,31,85,Moderate,High,8,No,70,"50,001–80,000"
V08611,Truck,11,144194,97,2204,20,8.1,12.13,30,82,Good,High,8,No,50,"25,001–50,000"
V08612,Hatchback,12,50057,97,2448,32,9.5,11.27,37,44,Critical,High,2,No,50,"25,001–50,000"
V08613,Truck,8,113381,106,1560,30,18.7,11.45,37,100,Moderate,Low,2,Yes,80,"80,001+"
V08614,Sedan,9,97826,100,1558,22,11.2,12.93,37,59,Moderate,High,4,Yes,60,"50,001–80,000"
V08615,Hatchback,4,31712,96,2689,39,14.6,11.38,42,96,Moderate,Low,5,Yes,100,"80,001+"
V08616,SUV,7,165246,85,1857,42,9.7,12.03,30,95,Moderate,Medium,6,Yes,100,"80,001+"
V08617,SUV,10,35585,101,1896,39,10.4,12.79,39,45,Critical,Medium,2,Yes,60,"50,001–80,000"
V08618,Hatchback,15,24047,106,2647,26,18.3,11.01,37,83,Moderate,Low,4,Yes,50,"25,001–50,000"
V08619,SUV,2,179275,109,1658,41,12.1,12.97,42,108,Critical,Low,8,Yes,60,"50,001–80,000"
V08620,Sedan,4,143193,92,1775,24,7.7,12.64,44,37,Critical,High,9,Yes,30,"10,001–25,000"
V08621,SUV,7,172103,98,2399,29,7.7,12.24,43,80,Good,Medium,3,Yes,80,"80,001+"
V08622,Hatchback,13,65735,99,2110,26,16.6,12.01,35,47,Good,Medium,5,No,70,"50,001–80,000"
V08623,Hatchback,15,91944,96,1797,32,5.9,12.8,33,70,Moderate,Low,2,Yes,90,"80,001+"
V08624,Truck,10,134665,87,2379,24,8.2,12.21,36,83,Worn,High,9,Yes,50,"25,001–50,000"
V08625,Sedan,7,54097,86,1688,36,12.5,12.46,33,60,Critical,Medium,7,Yes,80,"80,001+"
V08626,Hatchback,3,146553,93,1881,44,17.2,11.17,44,62,Critical,Low,4,No,80,"80,001+"
V08627,SUV,2,37038,97,2866,22,11.5,12.63,42,80,Worn,Medium,9,Yes,70,"50,001–80,000"
V08628,Sedan,11,77646,89,2077,27,19.1,12.48,30,82,Moderate,High,10,Yes,40,"25,001–50,000"
V08629,Truck,3,39049,110,2149,40,8.4,12.23,33,100,Worn,Medium,7,Yes,80,"80,001+"
V08630,Sedan,1,125278,93,2966,24,13.5,12.49,33,45,Good,Medium,12,Yes,70,"50,001–80,000"
V08631,Truck,2,130046,98,2940,38,8.8,12.83,42,67,Critical,Low,12,Yes,70,"50,001–80,000"
V08632,SUV,11,136609,105,1890,24,13.8,11.5,43,103,Moderate,Low,2,Yes,50,"25,001–50,000"
V08633,SUV,14,151832,96,2410,44,17.8,11.66,34,89,Worn,High,9,No,60,"50,001–80,000"
V08634,Sedan,9,178867,85,2233,40,10.5,11.82,33,31,Worn,Medium,4,Yes,100,"80,001+"
V08635,Truck,1,170713,92,2700,20,19.1,11.8,43,88,Moderate,High,3,No,60,"50,001–80,000"
V08636,Hatchback,2,160663,90,2022,41,16.8,11.48,42,71,Critical,Medium,11,No,70,"50,001–80,000"
V08637,SUV,13,156852,94,1629,39,17.3,12.88,31,53,Good,Low,2,No,90,"80,001+"
V08638,SUV,1,145079,88,1646,20,7.7,12.76,37,80,Good,High,6,Yes,60,"50,001–80,000"
V08639,Sedan,1,159136,90,2942,37,13.1,11.13,30,74,Moderate,Low,6,Yes,100,"80,001+"
V08640,Truck,1,32328,88,2932,35,14.9,12.82,38,49,Moderate,Medium,7,Yes,100,"80,001+"
V08641,Hatchback,12,161622,86,2700,24,18.0,11.87,44,68,Critical,Low,5,Yes,50,"25,001–50,000"
V08642,Sedan,14,50385,89,2612,50,8.2,12.54,31,42,Critical,Medium,4,Yes,70,"50,001–80,000"
V08643,SUV,6,137883,85,2583,36,15.4,12.43,31,70,Good,Medium,11,Yes,90,"80,001+"
V08644,Truck,11,153937,101,1733,39,18.0,12.95,38,47,Good,Medium,9,No,60,"50,001–80,000"
V08645,Sedan,4,180506,95,1798,23,13.5,12.64,36,88,Moderate,Low,10,No,70,"50,001–80,000"
V08646,Sedan,12,194786,89,1920,22,7.3,12.67,34,82,Critical,Low,10,No,40,"25,001–50,000"
V08647,Hatchback,11,68367,104,1621,41,10.8,11.92,34,70,Moderate,Low,5,No,70,"50,001–80,000"
V08648,Truck,13,186965,105,2967,25,14.2,11.03,39,87,Worn,Low,10,No,40,"25,001–50,000"
V08649,Hatchback,12,145719,100,2581,20,14.1,11.32,38,31,Critical,High,8,Yes,30,"10,001–25,000"
V08650,Sedan,4,48842,91,2733,24,17.7,12.79,35,75,Worn,Low,6,No,80,"80,001+"
V08651,Truck,7,66993,99,2496,37,10.2,12.44,45,75,Moderate,Medium,4,Yes,100,"80,001+"
V08652,Sedan,7,22895,97,2428,24,5.2,11.83,31,47,Worn,Medium,12,Yes,70,"50,001–80,000"
V08653,SUV,10,102876,106,2285,46,19.7,11.41,31,43,Critical,Low,7,Yes,60,"50,001–80,000"
V08654,Sedan,12,74882,107,2313,35,13.2,12.3,40,51,Good,High,5,Yes,50,"25,001–50,000"
V08655,Sedan,6,16443,86,2474,22,19.2,12.61,41,69,Good,Low,1,No,80,"80,001+"
V08656,Truck,11,113911,108,2490,36,8.3,12.7,37,107,Critical,Low,3,Yes,50,"25,001–50,000"
V08657,Hatchback,2,159065,109,1843,44,17.2,12.95,37,101,Worn,Medium,8,No,80,"80,001+"
V08658,SUV,4,124821,108,2827,50,6.5,11.53,37,70,Critical,Low,1,No,60,"50,001–80,000"
V08659,Sedan,14,56064,96,2066,32,9.9,11.05,41,101,Moderate,Low,7,Yes,90,"80,001+"
V08660,Hatchback,5,26359,89,1902,24,16.9,12.7,37,59,Worn,Low,6,No,80,"80,001+"
V08661,Sedan,9,53329,105,1973,45,19.6,11.48,36,90,Critical,High,9,No,30,"10,001–25,000"
V08662,Sedan,15,192851,103,2291,22,9.1,12.05,38,84,Critical,Low,12,No,20,"10,001–25,000"
V08663,Truck,15,68506,102,2569,26,15.4,11.16,42,73,Moderate,High,5,No,30,"10,001–25,000"
V08664,SUV,9,48563,103,2279,32,17.4,12.27,35,40,Good,High,1,Yes,60,"50,001–80,000"
V08665,Hatchback,8,34913,90,2771,24,8.0,11.14,37,64,Critical,Medium,11,No,50,"25,001–50,000"
V08666,Sedan,3,117509,88,2177,36,16.8,11.72,38,57,Critical,Medium,5,No,80,"80,001+"
V08667,Sedan,5,124367,98,2877,23,15.1,12.15,40,51,Critical,Low,11,No,50,"25,001–50,000"
V08668,Truck,9,84162,101,2426,49,11.9,12.51,31,33,Moderate,Medium,7,Yes,80,"80,001+"
V08669,Hatchback,5,22308,106,1870,34,17.5,11.22,44,78,Good,Medium,10,Yes,70,"50,001–80,000"
V08670,Truck,15,124472,88,1642,37,15.5,12.09,34,105,Worn,Low,12,Yes,80,"80,001+"
V08671,Truck,9,103330,97,1740,45,18.5,12.42,40,40,Critical,Medium,5,Yes,80,"80,001+"
V08672,Truck,8,78540,97,2018,28,14.4,12.8,30,73,Moderate,Low,7,No,80,"80,001+"
V08673,SUV,11,153978,88,2550,21,19.4,11.56,36,109,Worn,Low,10,Yes,60,"50,001–80,000"
V08674,Hatchback,13,166345,94,1997,45,9.2,11.36,39,104,Critical,Medium,5,No,70,"50,001–80,000"
V08675,SUV,9,81643,85,2265,38,16.4,12.96,37,57,Critical,Low,11,Yes,70,"50,001–80,000"
V08676,Truck,1,175496,105,2711,50,14.8,11.91,31,82,Worn,High,10,Yes,50,"25,001–50,000"
V08677,Hatchback,5,63303,101,2530,30,18.1,11.77,30,53,Moderate,Medium,1,Yes,80,"80,001+"
V08678,Hatchback,8,87926,100,2452,50,8.2,12.77,31,41,Good,Low,9,Yes,90,"80,001+"
V08679,SUV,7,163268,105,1976,22,10.6,11.41,44,107,Moderate,Low,8,Yes,60,"50,001–80,000"
V08680,Truck,5,122555,89,1540,31,12.7,12.11,41,96,Worn,Low,11,No,90,"80,001+"
V08681,Hatchback,8,108409,107,1573,43,6.2,12.79,45,65,Good,Medium,8,Yes,80,"80,001+"
V08682,Sedan,8,67601,103,2020,35,10.6,11.89,40,57,Critical,Low,6,Yes,60,"50,001–80,000"
V08683,SUV,6,118265,104,2180,44,12.2,12.69,41,108,Good,High,8,Yes,60,"50,001–80,000"
V08684,SUV,9,163217,103,2339,20,19.7,12.71,44,98,Worn,Low,3,Yes,60,"50,001–80,000"
V08685,Truck,2,111934,99,2737,26,7.2,11.34,32,91,Good,Medium,6,No,80,"80,001+"
V08686,Sedan,7,160159,91,2800,48,7.8,12.69,35,62,Moderate,High,5,Yes,80,"80,001+"
V08687,Truck,13,173166,85,1825,35,12.3,11.19,38,57,Moderate,High,3,Yes,70,"50,001–80,000"
V08688,Sedan,10,86499,91,1663,38,8.4,12.37,37,64,Critical,Low,10,Yes,70,"50,001–80,000"
V08689,Truck,13,126852,88,2269,28,5.6,11.38,42,55,Good,Medium,4,Yes,70,"50,001–80,000"
V08690,Truck,13,185702,107,2228,34,18.3,12.34,32,58,Moderate,High,5,Yes,50,"25,001–50,000"
V08691,Hatchback,3,151253,105,1978,41,5.1,12.21,33,48,Critical,Medium,3,No,60,"50,001–80,000"
V08692,Sedan,1,158980,87,2839,43,12.8,12.87,39,62,Good,Medium,6,No,100,"80,001+"
V08693,Truck,9,133293,106,1803,21,11.3,11.49,43,52,Worn,Medium,10,No,50,"25,001–50,000"
V08694,Sedan,9,163477,103,2309,38,8.7,11.97,39,75,Moderate,High,7,No,60,"50,001–80,000"
V08695,SUV,5,191006,90,2185,34,19.1,11.94,37,61,Moderate,Low,6,No,100,"80,001+"
V08696,Sedan,14,46301,102,2978,20,10.8,11.38,38,86,Good,Medium,3,Yes,50,"25,001–50,000"
V08697,Truck,8,198462,95,2543,35,13.8,12.0,40,93,Good,Medium,1,Yes,100,"80,001+"
V08698,Truck,14,71337,110,1952,22,17.6,12.29,34,58,Critical,Medium,9,Yes,20,"10,001–25,000"
V08699,Sedan,6,123370,93,2683,41,15.9,11.85,35,91,Worn,Low,12,No,90,"80,001+"
V08700,Hatchback,7,119378,104,2295,50,10.8,11.93,33,93,Critical,Medium,6,Yes,60,"50,001–80,000"
V08701,SUV,11,129153,101,2870,36,5.9,12.9,35,60,Moderate,High,10,Yes,40,"25,001–50,000"
V08702,Truck,4,132853,96,2984,42,14.5,12.88,43,76,Worn,High,10,No,70,"50,001–80,000"
V08703,Sedan,12,143251,86,2528,37,19.5,12.41,42,67,Critical,Low,7,Yes,70,"50,001–80,000"
V08704,Hatchback,12,156610,110,1757,31,14.9,11.71,34,106,Moderate,Low,11,Yes,60,"50,001–80,000"
V08705,Truck,11,76900,102,2266,37,10.5,11.27,38,81,Worn,Low,3,No,70,"50,001–80,000"
V08706,SUV,11,109868,104,2332,35,18.3,11.86,33,108,Moderate,Medium,10,Yes,60,"50,001–80,000"
V08707,SUV,14,185998,86,1841,31,15.4,12.52,40,56,Good,High,2,Yes,70,"50,001–80,000"
V08708,Hatchback,14,21332,102,2080,45,11.5,11.12,37,49,Critical,Medium,2,Yes,50,"25,001–50,000"
V08709,Truck,13,194436,85,2184,32,7.3,12.3,37,79,Moderate,High,2,No,70,"50,001–80,000"
V08710,SUV,10,127035,95,2707,44,11.7,11.54,30,76,Critical,Low,8,Yes,80,"80,001+"
V08711,Truck,5,155295,109,2380,20,9.7,12.49,44,40,Moderate,Low,6,Yes,60,"50,001–80,000"
V08712,Sedan,9,134845,104,1566,22,9.4,11.51,44,53,Moderate,High,5,Yes,40,"25,001–50,000"
V08713,Hatchback,10,22496,86,2915,39,18.7,12.65,36,71,Worn,Low,3,No,100,"80,001+"
V08714,Sedan,2,163289,101,2075,30,17.3,11.64,38,56,Moderate,High,3,Yes,60,"50,001–80,000"
V08715,SUV,11,180725,105,2652,29,5.6,12.02,41,38,Good,Medium,5,Yes,50,"25,001–50,000"
V08716,SUV,8,37006,104,2220,43,6.5,12.61,36,110,Moderate,High,5,No,60,"50,001–80,000"
V08717,Hatchback,1,106288,101,2741,33,15.2,11.84,44,75,Critical,High,9,No,30,"10,001–25,000"
V08718,Sedan,10,61140,92,2832,42,7.0,11.05,30,87,Critical,Low,1,Yes,80,"80,001+"
V08719,Sedan,6,31993,96,1657,46,14.9,11.8,39,80,Worn,Low,4,Yes,100,"80,001+"
V08720,Truck,6,24752,86,2723,44,6.5,11.72,34,90,Critical,Medium,8,Yes,80,"80,001+"
V08721,Truck,3,197420,95,2606,25,12.6,12.23,42,98,Good,Medium,2,No,80,"80,001+"
V08722,Sedan,4,105951,98,1530,26,11.4,11.58,45,96,Worn,High,11,No,50,"25,001–50,000"
V08723,SUV,2,110048,104,2112,37,19.5,12.21,44,64,Critical,High,3,No,40,"25,001–50,000"
V08724,Truck,3,114855,96,1522,47,13.2,12.31,35,30,Moderate,Low,6,No,100,"80,001+"
V08725,Hatchback,3,106342,90,1869,31,16.8,12.92,43,32,Worn,High,10,No,70,"50,001–80,000"
V08726,Truck,13,106126,85,2893,21,18.4,11.3,33,110,Good,Medium,3,No,70,"50,001–80,000"
V08727,Hatchback,3,95227,101,2472,30,11.9,11.56,37,90,Critical,Medium,6,No,60,"50,001–80,000"
V08728,Sedan,13,55365,91,2173,21,13.0,12.37,39,48,Good,Medium,1,Yes,70,"50,001–80,000"
V08729,Truck,8,156536,85,1775,23,17.6,12.65,45,92,Moderate,Low,11,No,70,"50,001–80,000"
V08730,Sedan,2,56085,89,2296,48,13.5,11.69,45,66,Good,Low,2,No,100,"80,001+"
V08731,Truck,7,106639,109,2794,42,8.4,12.86,45,33,Moderate,High,8,No,60,"50,001–80,000"
V08732,SUV,9,199463,101,2690,34,12.2,12.09,33,98,Worn,Low,5,Yes,80,"80,001+"
V08733,Truck,3,39906,104,2953,45,12.2,12.63,40,91,Moderate,Low,6,No,80,"80,001+"
V08734,Hatchback,3,199620,110,2043,33,14.7,11.2,41,101,Good,Medium,11,Yes,70,"50,001–80,000"
V08735,SUV,3,79016,106,1958,22,10.0,11.43,45,96,Worn,Low,4,Yes,60,"50,001–80,000"
V08736,SUV,15,49832,97,2016,36,18.2,11.25,32,52,Critical,High,1,No,50,"25,001–50,000"
V08737,SUV,1,180759,99,1617,46,13.4,12.92,31,88,Moderate,Low,3,Yes,100,"80,001+"
V08738,SUV,8,15344,96,2200,27,17.9,12.67,34,76,Moderate,High,4,Yes,60,"50,001–80,000"
V08739,Hatchback,1,169812,87,2390,28,15.8,12.12,34,45,Moderate,High,4,No,60,"50,001–80,000"
V08740,Truck,4,197021,94,1505,48,12.4,12.84,34,105,Worn,Low,5,No,100,"80,001+"
V08741,Sedan,5,45459,90,1718,40,7.1,12.64,36,72,Critical,High,1,Yes,60,"50,001–80,000"
V08742,Sedan,8,154706,94,2258,41,9.3,12.1,40,77,Critical,High,3,Yes,60,"50,001–80,000"
V08743,Sedan,15,176019,94,1910,29,11.2,12.69,40,48,Critical,Medium,12,Yes,40,"25,001–50,000"
V08744,SUV,7,149026,105,2654,33,15.7,11.81,34,57,Moderate,Low,7,Yes,80,"80,001+"
V08745,SUV,6,55951,101,2478,20,16.0,12.22,35,59,Critical,Low,6,No,40,"25,001–50,000"
V08746,Hatchback,11,79519,101,1708,30,5.4,11.76,40,62,Critical,High,12,No,20,"10,001–25,000"
V08747,Truck,2,6705,95,1815,34,18.2,11.77,37,102,Good,High,10,Yes,70,"50,001–80,000"
V08748,Hatchback,4,95806,108,2768,37,17.0,12.23,40,91,Worn,High,5,Yes,60,"50,001–80,000"
V08749,Hatchback,10,110641,88,2607,39,12.9,11.53,33,69,Worn,High,7,No,80,"80,001+"
V08750,Sedan,1,64399,92,2813,36,17.7,12.45,36,71,Good,Low,2,No,100,"80,001+"
V08751,SUV,11,113443,90,1879,45,6.6,11.56,36,40,Worn,High,2,Yes,70,"50,001–80,000"
V08752,Sedan,5,162700,87,2294,48,13.2,12.29,45,110,Worn,Low,7,No,100,"80,001+"
V08753,Sedan,9,125835,107,1913,20,10.3,11.43,39,110,Moderate,Medium,9,No,50,"25,001–50,000"
V08754,Sedan,13,77452,104,2760,33,7.0,12.44,31,73,Moderate,Low,7,No,70,"50,001–80,000"
V08755,Sedan,11,47097,99,1981,32,13.6,11.65,31,87,Good,Low,5,Yes,90,"80,001+"
V08756,Hatchback,3,50441,106,2812,37,16.8,12.32,39,99,Good,High,10,Yes,50,"25,001–50,000"
V08757,Hatchback,3,138036,104,1515,41,15.5,12.44,31,104,Critical,High,3,No,40,"25,001–50,000"
V08758,Truck,11,49284,104,2433,49,18.7,12.23,36,104,Critical,Medium,8,No,50,"25,001–50,000"
V08759,SUV,9,124290,89,1762,23,16.2,11.7,44,69,Critical,Medium,10,No,50,"25,001–50,000"
V08760,SUV,15,57669,92,1629,30,13.6,11.22,45,103,Good,Medium,9,No,80,"80,001+"
V08761,Truck,1,168689,102,2789,31,5.5,12.4,43,108,Worn,Low,11,Yes,70,"50,001–80,000"
V08762,Sedan,1,57944,103,2581,20,17.7,11.6,37,53,Worn,High,11,Yes,30,"10,001–25,000"
V08763,Sedan,4,67421,100,2740,39,11.9,12.0,45,62,Worn,Medium,7,No,100,"80,001+"
V08764,Truck,10,121874,110,1965,40,5.9,11.37,44,73,Worn,Medium,7,Yes,80,"80,001+"
V08765,Hatchback,2,102066,105,2011,25,15.3,11.72,43,65,Critical,Low,4,No,40,"25,001–50,000"
V08766,SUV,14,107430,95,2055,37,8.0,11.44,35,65,Critical,High,11,Yes,40,"25,001–50,000"
V08767,Hatchback,1,63549,96,1565,25,5.9,11.31,42,61,Critical,High,8,Yes,40,"25,001–50,000"
V08768,Truck,6,30433,95,2870,35,17.1,11.44,44,75,Good,Low,5,No,100,"80,001+"
V08769,SUV,4,191140,100,1803,23,8.0,12.93,45,58,Worn,High,7,No,60,"50,001–80,000"
V08770,SUV,8,147837,97,2156,25,19.7,11.41,40,96,Moderate,High,11,No,50,"25,001–50,000"
V08771,SUV,5,113439,106,1982,47,14.7,11.39,40,42,Critical,Low,11,Yes,50,"25,001–50,000"
V08772,Hatchback,15,7005,96,2557,46,13.9,11.56,40,98,Critical,High,3,No,50,"25,001–50,000"
V08773,Truck,12,73730,87,2775,42,19.5,11.67,43,92,Good,Medium,12,No,80,"80,001+"
V08774,Hatchback,9,158710,101,2669,47,6.4,11.67,30,92,Good,High,7,No,60,"50,001–80,000"
V08775,SUV,5,113099,93,1507,28,19.1,11.05,32,37,Worn,Medium,3,Yes,80,"80,001+"
V08776,SUV,7,69368,85,1567,29,10.3,12.51,36,100,Critical,Low,6,Yes,60,"50,001–80,000"
V08777,Hatchback,1,190386,96,1616,33,10.8,11.13,32,74,Good,High,10,No,70,"50,001–80,000"
V08778,Hatchback,4,93477,90,2588,28,11.1,11.01,45,88,Worn,High,4,No,60,"50,001–80,000"
V08779,Truck,7,43027,107,1706,22,18.2,12.88,45,61,Worn,Medium,8,No,60,"50,001–80,000"
V08780,SUV,12,185948,109,1754,43,13.9,11.37,36,37,Moderate,Low,6,Yes,70,"50,001–80,000"
V08781,SUV,9,72551,94,2015,48,18.9,11.4,32,91,Moderate,High,5,Yes,80,"80,001+"
V08782,Sedan,8,90361,110,2098,43,14.2,11.18,30,38,Worn,Low,4,No,80,"80,001+"
V08783,Sedan,1,138790,109,2339,25,9.1,11.52,42,50,Moderate,High,9,No,30,"10,001–25,000"
V08784,Hatchback,9,13984,96,2445,39,12.3,11.69,43,67,Good,High,6,No,80,"80,001+"
V08785,Hatchback,6,74036,91,2289,20,16.9,12.5,33,79,Moderate,Medium,10,No,70,"50,001–80,000"
V08786,Hatchback,1,103329,98,2085,39,11.9,11.16,35,60,Worn,Low,1,No,100,"80,001+"
V08787,Sedan,13,77372,87,2276,31,15.7,12.41,41,99,Worn,High,3,No,70,"50,001–80,000"
V08788,Truck,6,198930,92,1920,23,14.4,11.24,36,93,Worn,Medium,11,Yes,70,"50,001–80,000"
V08789,Hatchback,11,76236,89,2139,37,15.7,11.9,41,80,Critical,Medium,11,No,60,"50,001–80,000"
V08790,Hatchback,10,133740,94,2622,43,16.9,12.52,30,82,Critical,Medium,3,No,80,"80,001+"
V08791,Sedan,5,184545,87,2462,37,13.4,11.42,35,37,Good,Low,9,Yes,90,"80,001+"
V08792,Truck,14,141623,110,1687,30,7.5,11.59,42,56,Critical,Low,3,Yes,50,"25,001–50,000"
V08793,Truck,2,10865,86,2642,28,14.2,11.95,42,85,Critical,Low,2,No,60,"50,001–80,000"
V08794,Truck,4,153210,88,2064,38,12.4,11.04,35,95,Critical,Medium,6,Yes,80,"80,001+"
V08795,Truck,13,122201,98,2083,44,12.1,12.32,41,86,Critical,Low,12,No,60,"50,001–80,000"
V08796,SUV,15,176655,93,1990,36,8.2,11.5,39,70,Worn,Low,2,No,90,"80,001+"
V08797,Truck,15,7291,100,2394,34,13.7,11.97,37,102,Moderate,High,11,No,60,"50,001–80,000"
V08798,Truck,15,76580,93,1975,21,5.8,11.48,42,86,Critical,Low,6,Yes,50,"25,001–50,000"
V08799,Truck,7,12991,101,2314,40,6.2,11.8,41,108,Worn,Medium,2,Yes,80,"80,001+"
V08800,SUV,13,121838,90,2465,35,5.6,12.76,36,85,Good,Medium,4,Yes,90,"80,001+"
V08801,Sedan,10,40258,100,2876,23,6.5,12.08,45,90,Good,Low,5,No,80,"80,001+"
V08802,Sedan,13,83655,102,2730,41,10.8,11.05,36,50,Critical,Medium,5,Yes,50,"25,001–50,000"
V08803,SUV,15,118220,86,1823,29,16.3,12.43,30,92,Critical,Medium,1,No,50,"25,001–50,000"
V08804,Truck,11,152608,109,2753,29,17.3,12.37,44,42,Moderate,Low,7,Yes,50,"25,001–50,000"
V08805,Hatchback,11,175971,105,2988,50,18.5,11.83,44,109,Critical,High,2,No,30,"10,001–25,000"
V08806,Hatchback,4,142313,85,1500,41,5.4,12.49,35,106,Moderate,Low,8,Yes,100,"80,001+"
V08807,Hatchback,2,116108,89,2164,44,14.9,11.86,38,107,Moderate,High,6,Yes,80,"80,001+"
V08808,Hatchback,4,97822,96,2316,29,10.6,12.63,38,51,Moderate,High,11,Yes,50,"25,001–50,000"
V08809,SUV,8,185529,92,2415,32,14.0,11.16,36,50,Critical,High,8,Yes,60,"50,001–80,000"
V08810,Hatchback,5,187938,85,2234,42,5.2,11.03,31,43,Worn,Medium,9,No,90,"80,001+"
V08811,Sedan,5,188397,85,2163,22,14.4,12.74,40,76,Moderate,High,10,Yes,50,"25,001–50,000"
V08812,Sedan,9,110528,98,2163,24,10.9,12.02,44,106,Worn,High,5,No,60,"50,001–80,000"
V08813,Truck,4,167403,95,2634,33,13.6,12.4,30,102,Worn,Medium,11,No,90,"80,001+"
V08814,Truck,2,61048,97,1530,43,10.5,11.64,35,45,Critical,High,8,No,60,"50,001–80,000"
V08815,Hatchback,8,76898,99,1668,24,9.8,11.89,32,54,Moderate,Medium,4,No,80,"80,001+"
V08816,Sedan,8,171075,110,2308,34,14.3,12.69,39,110,Critical,High,11,No,30,"10,001–25,000"
V08817,Truck,12,38489,100,2447,37,15.2,11.4,41,72,Worn,High,5,Yes,70,"50,001–80,000"
V08818,Hatchback,1,151690,107,2441,50,13.1,12.8,33,38,Good,High,7,Yes,60,"50,001–80,000"
V08819,SUV,1,11780,99,1712,21,10.0,12.97,32,68,Good,Medium,7,No,80,"80,001+"
V08820,Truck,9,59845,87,1822,41,15.1,11.72,37,61,Worn,High,12,No,70,"50,001–80,000"
V08821,Sedan,1,17384,90,2925,41,9.8,12.51,38,40,Moderate,High,11,Yes,70,"50,001–80,000"
V08822,Truck,12,63990,91,2147,36,10.4,11.53,38,79,Moderate,High,5,Yes,70,"50,001–80,000"
V08823,SUV,13,120345,96,2396,33,16.4,11.32,32,63,Worn,Medium,4,No,90,"80,001+"
V08824,Sedan,12,107519,98,2450,36,18.6,11.26,33,48,Good,Medium,11,Yes,80,"80,001+"
V08825,SUV,4,68730,99,2648,38,10.4,11.58,41,56,Critical,Medium,1,Yes,80,"80,001+"
V08826,Hatchback,1,8209,106,2152,44,13.2,12.39,39,81,Moderate,Medium,6,Yes,80,"80,001+"
V08827,SUV,13,73270,105,2752,30,16.6,11.6,42,81,Good,Medium,3,No,70,"50,001–80,000"
V08828,Truck,10,165639,85,2068,40,6.8,12.98,41,50,Moderate,Medium,3,Yes,100,"80,001+"
V08829,Truck,1,45325,108,2277,25,12.2,12.5,45,99,Moderate,Medium,9,No,50,"25,001–50,000"
V08830,Sedan,14,185444,89,2200,36,6.1,11.7,31,47,Critical,Medium,2,Yes,70,"50,001–80,000"
V08831,SUV,11,16430,85,1626,32,18.6,11.07,34,84,Moderate,Low,12,No,80,"80,001+"
V08832,SUV,1,58311,108,2358,39,7.8,11.58,40,30,Critical,Medium,8,Yes,60,"50,001–80,000"
V08833,SUV,15,185547,99,1643,46,11.6,11.42,30,108,Moderate,Medium,6,Yes,90,"80,001+"
V08834,SUV,6,187058,102,1741,43,11.5,12.06,34,37,Critical,Low,11,Yes,50,"25,001–50,000"
V08835,SUV,10,17125,100,1563,31,13.5,12.49,37,74,Moderate,Low,8,No,100,"80,001+"
V08836,Sedan,13,187671,107,2685,26,15.2,12.24,31,46,Critical,Medium,4,No,30,"10,001–25,000"
V08837,Hatchback,6,142574,105,2316,25,10.6,12.36,36,54,Moderate,High,3,No,40,"25,001–50,000"
V08838,Hatchback,15,146981,102,2116,20,8.2,12.33,33,57,Good,Medium,6,Yes,50,"25,001–50,000"
V08839,Sedan,2,152607,108,2609,33,11.5,12.47,34,90,Moderate,Medium,9,Yes,70,"50,001–80,000"
V08840,Sedan,2,103414,100,2865,34,11.5,11.05,35,73,Good,Low,1,No,100,"80,001+"
V08841,Truck,5,184260,89,1923,29,11.9,12.21,39,70,Good,Medium,12,Yes,70,"50,001–80,000"
V08842,Truck,5,111286,105,1842,32,9.1,11.12,37,42,Good,High,1,No,60,"50,001–80,000"
V08843,Hatchback,13,184972,105,2913,38,11.6,11.94,31,107,Moderate,Low,3,No,70,"50,001–80,000"
V08844,Sedan,4,59308,92,2990,48,19.8,11.11,37,42,Good,Medium,12,Yes,90,"80,001+"
V08845,SUV,15,76298,108,2658,25,15.0,11.52,43,30,Critical,Medium,12,Yes,20,"10,001–25,000"
V08846,Truck,6,11117,99,2137,34,12.5,12.26,43,85,Good,High,7,No,80,"80,001+"
V08847,Truck,8,75959,104,2074,32,10.2,12.84,37,35,Worn,Low,11,No,70,"50,001–80,000"
V08848,Sedan,13,52269,88,2565,28,9.0,12.62,40,37,Moderate,Low,2,Yes,70,"50,001–80,000"
V08849,Truck,9,37804,110,2244,41,19.8,11.09,37,53,Moderate,Medium,5,Yes,80,"80,001+"
V08850,Truck,2,71470,91,1836,46,16.2,12.3,42,85,Moderate,High,12,No,70,"50,001–80,000"
V08851,SUV,4,138217,104,2087,33,7.1,11.49,38,90,Worn,High,5,Yes,60,"50,001–80,000"
V08852,Truck,8,35659,104,1733,21,8.8,12.34,39,80,Worn,Medium,9,Yes,50,"25,001–50,000"
V08853,Hatchback,3,97897,91,2785,39,8.6,11.25,42,50,Critical,Low,12,No,70,"50,001–80,000"
V08854,Truck,10,145411,85,2704,33,15.5,12.61,45,63,Worn,High,8,Yes,80,"80,001+"
V08855,Sedan,11,6936,94,1541,35,12.4,11.1,45,48,Moderate,High,3,Yes,70,"50,001–80,000"
V08856,Sedan,11,134651,101,1912,23,17.6,12.16,40,70,Worn,High,4,No,30,"10,001–25,000"
V08857,Truck,3,63642,91,1885,38,17.6,11.42,34,96,Good,High,11,Yes,70,"50,001–80,000"
V08858,Truck,9,60839,106,1521,42,6.5,12.34,35,106,Moderate,Medium,3,Yes,80,"80,001+"
V08859,Hatchback,9,7154,103,1803,29,17.1,11.4,35,51,Worn,High,4,No,40,"25,001–50,000"
V08860,Hatchback,4,29082,101,1615,29,16.2,11.36,43,69,Moderate,Medium,8,Yes,60,"50,001–80,000"
V08861,Truck,4,50734,108,2638,33,6.6,12.85,40,60,Good,Medium,2,No,80,"80,001+"
V08862,Hatchback,9,33335,104,2672,46,12.2,12.34,44,33,Critical,Medium,12,Yes,50,"25,001–50,000"
V08863,Sedan,5,161765,107,2180,41,7.2,12.45,42,45,Critical,High,8,Yes,40,"25,001–50,000"
V08864,SUV,2,118480,102,2722,41,8.6,12.9,34,57,Good,Low,6,Yes,80,"80,001+"
V08865,Truck,6,116498,108,2010,47,19.8,12.52,42,42,Critical,Medium,12,No,50,"25,001–50,000"
V08866,Sedan,6,48222,85,1921,31,19.3,12.66,43,80,Worn,High,3,No,80,"80,001+"
V08867,Truck,15,49385,93,2345,41,16.0,11.27,37,63,Critical,High,12,No,40,"25,001–50,000"
V08868,SUV,7,151019,91,2554,47,8.7,12.33,32,50,Critical,High,8,No,60,"50,001–80,000"
V08869,Sedan,14,123947,106,2263,38,12.6,12.34,40,81,Critical,Medium,10,No,40,"25,001–50,000"
V08870,Sedan,9,20740,107,2245,26,9.2,12.91,37,99,Critical,High,4,No,20,"10,001–25,000"
V08871,Sedan,3,91275,96,1922,45,10.4,11.99,40,100,Critical,Medium,10,No,70,"50,001–80,000"
V08872,Hatchback,4,45198,106,2081,28,10.6,12.55,38,45,Worn,High,7,Yes,40,"25,001–50,000"
V08873,SUV,14,96203,101,2056,26,17.4,11.46,45,75,Good,High,7,Yes,30,"10,001–25,000"
V08874,SUV,1,126196,110,2071,48,13.6,11.16,44,66,Critical,High,3,No,40,"25,001–50,000"
V08875,Hatchback,7,188917,100,2751,40,17.1,12.92,42,43,Good,High,6,No,80,"80,001+"
V08876,Truck,15,77169,99,2999,34,5.7,12.91,40,57,Good,Low,7,No,90,"80,001+"
V08877,Sedan,9,27658,97,2640,23,12.7,12.24,30,94,Critical,Medium,9,Yes,50,"25,001–50,000"
V08878,Sedan,13,47790,104,2493,36,15.1,12.53,39,39,Worn,Medium,1,No,70,"50,001–80,000"
V08879,Truck,4,124094,90,2410,20,12.9,11.24,30,38,Good,Medium,12,No,70,"50,001–80,000"
V08880,Truck,11,199134,96,2228,22,7.5,11.54,35,90,Moderate,High,11,Yes,40,"25,001–50,000"
V08881,Sedan,1,195722,92,2738,21,7.1,12.26,41,69,Critical,Medium,11,Yes,50,"25,001–50,000"
V08882,Hatchback,9,79742,106,2870,32,17.6,12.99,41,37,Critical,Low,10,Yes,50,"25,001–50,000"
V08883,SUV,6,165539,94,1874,48,14.2,12.72,30,34,Worn,High,12,No,70,"50,001–80,000"
V08884,Sedan,12,83052,104,2590,21,10.4,11.53,45,103,Moderate,Medium,3,No,50,"25,001–50,000"
V08885,Hatchback,5,53423,105,1777,36,10.6,11.89,39,109,Moderate,Low,8,No,80,"80,001+"
V08886,Sedan,2,76369,96,2169,28,18.7,11.77,39,109,Good,Low,12,Yes,70,"50,001–80,000"
V08887,Sedan,5,144050,89,1891,42,11.7,11.56,30,32,Moderate,Medium,12,No,90,"80,001+"
V08888,Hatchback,9,194517,106,1915,28,10.2,11.89,44,64,Worn,Low,3,No,60,"50,001–80,000"
V08889,Truck,3,87688,100,1899,35,12.9,12.71,38,36,Critical,Medium,5,Yes,80,"80,001+"
V08890,Hatchback,3,183718,88,1743,39,17.7,11.82,30,31,Worn,Low,12,Yes,90,"80,001+"
V08891,SUV,2,131270,94,1767,21,18.3,12.72,35,107,Worn,Medium,2,Yes,80,"80,001+"
V08892,SUV,13,158364,100,2896,42,10.1,12.46,43,103,Moderate,High,12,Yes,60,"50,001–80,000"
V08893,SUV,7,88045,98,1959,31,10.3,12.1,44,79,Good,High,6,No,80,"80,001+"
V08894,Truck,5,55355,87,2848,41,9.5,12.97,35,68,Moderate,Medium,6,Yes,100,"80,001+"
V08895,SUV,5,108469,104,2548,34,14.4,11.18,34,61,Critical,Medium,3,Yes,60,"50,001–80,000"
V08896,Sedan,10,84397,108,1758,23,7.3,12.83,36,82,Critical,High,6,Yes,20,"10,001–25,000"
V08897,Hatchback,10,49494,110,2866,32,14.9,11.2,44,54,Critical,Medium,7,Yes,60,"50,001–80,000"
V08898,Truck,4,145334,89,1872,50,10.2,11.71,42,75,Moderate,High,8,Yes,80,"80,001+"
V08899,Truck,11,199612,88,1995,44,6.1,12.15,39,83,Worn,Medium,10,Yes,80,"80,001+"
V08900,Truck,5,155462,109,2107,26,12.2,11.27,30,34,Worn,Low,1,No,60,"50,001–80,000"
V08901,SUV,10,64469,88,2000,33,8.9,11.48,44,71,Good,Medium,6,No,100,"80,001+"
V08902,Hatchback,3,29902,106,2673,42,8.6,11.59,41,59,Worn,High,7,Yes,60,"50,001–80,000"
V08903,Sedan,6,94195,100,2603,35,15.1,11.72,39,76,Critical,High,10,No,50,"25,001–50,000"
V08904,Truck,12,157802,89,1900,31,15.7,12.25,30,79,Good,Medium,1,No,90,"80,001+"
V08905,Sedan,4,142766,105,2117,35,9.9,12.67,42,41,Good,Low,3,No,80,"80,001+"
V08906,Hatchback,5,14513,94,2138,28,19.5,12.87,31,59,Worn,Low,9,Yes,70,"50,001–80,000"
V08907,Hatchback,8,35748,95,2884,24,9.4,13.0,37,77,Good,Medium,5,Yes,80,"80,001+"
V08908,Sedan,2,166473,106,2567,41,11.3,12.59,33,86,Good,High,11,No,50,"25,001–50,000"
V08909,SUV,15,87255,110,2335,40,11.4,11.25,45,109,Moderate,High,5,Yes,50,"25,001–50,000"
V08910,SUV,4,49354,108,1581,22,13.0,11.92,40,85,Worn,High,10,No,30,"10,001–25,000"
V08911,Hatchback,3,174477,95,2124,34,16.0,11.89,39,92,Worn,Medium,12,No,90,"80,001+"
V08912,Sedan,8,26862,94,2176,39,16.8,12.42,44,62,Worn,High,2,Yes,80,"80,001+"
V08913,Truck,1,42361,91,1789,46,13.5,11.86,32,84,Critical,Low,12,No,70,"50,001–80,000"
V08914,SUV,8,49026,99,2931,30,9.2,11.02,31,41,Worn,High,4,No,80,"80,001+"
V08915,Truck,6,57116,106,2822,47,7.6,12.38,45,62,Worn,High,5,Yes,60,"50,001–80,000"
V08916,Sedan,11,159439,103,2850,46,12.3,11.09,36,103,Worn,Medium,12,No,60,"50,001–80,000"
V08917,Sedan,13,174920,89,2716,47,14.8,11.98,32,61,Moderate,Low,1,No,90,"80,001+"
V08918,SUV,1,152304,102,2149,30,16.8,11.55,31,61,Worn,High,12,Yes,50,"25,001–50,000"
V08919,Hatchback,5,143141,104,2399,43,7.2,11.27,33,54,Moderate,Medium,6,No,80,"80,001+"
V08920,Sedan,4,55797,102,1705,21,18.8,12.12,34,75,Worn,High,6,No,40,"25,001–50,000"
V08921,SUV,8,110406,88,1779,49,10.8,11.83,40,101,Worn,Low,5,Yes,100,"80,001+"
V08922,Hatchback,4,181930,106,2866,20,15.2,12.31,33,88,Good,High,7,No,40,"25,001–50,000"
V08923,Sedan,7,32071,100,1921,35,7.4,12.36,43,66,Critical,Low,12,Yes,70,"50,001–80,000"
V08924,Hatchback,5,163101,102,2826,24,9.5,11.01,41,99,Moderate,Medium,4,Yes,60,"50,001–80,000"
V08925,SUV,12,92963,87,2379,42,14.6,12.04,32,30,Critical,Low,9,Yes,60,"50,001–80,000"
V08926,SUV,12,56663,107,1506,22,13.4,12.36,36,67,Worn,Medium,5,No,50,"25,001–50,000"
V08927,SUV,2,74355,108,2383,36,19.3,12.26,34,105,Moderate,High,7,Yes,60,"50,001–80,000"
V08928,Sedan,3,42215,104,2207,31,10.0,12.89,43,57,Moderate,Low,2,No,80,"80,001+"
V08929,Truck,6,103399,100,1815,23,19.5,12.86,45,71,Worn,High,10,No,50,"25,001–50,000"
V08930,Hatchback,5,43246,105,1831,25,7.6,11.1,37,88,Worn,Low,3,Yes,60,"50,001–80,000"
V08931,SUV,12,178602,103,1561,27,12.4,11.92,31,89,Worn,Low,12,No,40,"25,001–50,000"
V08932,Sedan,10,93757,85,2054,40,16.8,12.06,34,41,Worn,Low,7,No,100,"80,001+"
V08933,Hatchback,7,93776,93,2704,21,7.1,11.57,34,91,Worn,Medium,7,No,80,"80,001+"
V08934,Hatchback,6,7081,97,2451,40,12.4,12.62,33,110,Good,High,5,Yes,80,"80,001+"
V08935,Sedan,11,5585,97,2720,42,16.0,12.79,32,41,Moderate,Medium,3,No,90,"80,001+"
V08936,Sedan,9,62895,85,2486,22,6.0,12.18,30,80,Good,High,8,Yes,60,"50,001–80,000"
V08937,Hatchback,9,159800,105,2645,48,17.3,12.6,34,52,Worn,High,5,No,60,"50,001–80,000"
V08938,SUV,6,26538,104,1887,20,19.6,12.04,41,93,Critical,High,2,Yes,20,"10,001–25,000"
V08939,Sedan,10,45493,110,1607,41,9.9,11.12,43,56,Good,Medium,10,Yes,70,"50,001–80,000"
V08940,Truck,3,40366,108,2010,32,16.2,12.12,39,55,Good,Low,3,No,80,"80,001+"
V08941,Sedan,2,62255,110,2474,43,10.1,12.86,36,110,Good,High,11,No,50,"25,001–50,000"
V08942,Hatchback,11,169786,88,1617,35,10.2,11.88,44,60,Critical,Low,1,No,70,"50,001–80,000"
V08943,Truck,10,173671,109,1751,21,6.1,11.3,42,77,Worn,High,7,No,40,"25,001–50,000"
V08944,Sedan,12,129594,87,2049,50,15.5,12.82,33,52,Critical,High,3,No,50,"25,001–50,000"
V08945,Truck,4,84765,105,1709,37,16.2,12.04,39,36,Good,High,12,Yes,50,"25,001–50,000"
V08946,Hatchback,12,156535,90,1933,41,11.2,11.39,42,35,Moderate,High,3,No,70,"50,001–80,000"
V08947,Truck,3,37067,98,1707,41,8.1,11.52,44,45,Good,Low,12,No,90,"80,001+"
V08948,Truck,11,142946,98,2798,33,5.5,12.35,37,65,Good,Medium,7,No,90,"80,001+"
V08949,Sedan,1,161569,97,2405,35,14.2,12.41,30,44,Critical,Low,12,Yes,70,"50,001–80,000"
V08950,Hatchback,14,160641,101,2345,37,16.1,11.31,41,91,Moderate,Medium,1,Yes,70,"50,001–80,000"
V08951,Truck,5,45109,89,2025,30,6.3,12.26,43,87,Worn,Medium,11,No,90,"80,001+"
V08952,Hatchback,11,191104,96,2530,21,10.5,11.09,36,89,Critical,Low,6,No,50,"25,001–50,000"
V08953,Truck,12,166901,85,1964,33,12.4,12.95,34,48,Worn,Medium,9,Yes,80,"80,001+"
V08954,Truck,9,174281,96,2364,48,12.6,11.79,31,102,Good,Medium,1,Yes,100,"80,001+"
V08955,Hatchback,4,92939,92,1709,49,6.6,11.02,34,44,Worn,High,12,No,70,"50,001–80,000"
V08956,Sedan,4,93097,92,1648,29,14.4,11.94,31,38,Moderate,Medium,9,No,70,"50,001–80,000"
V08957,Sedan,12,47716,102,2577,39,9.2,12.97,38,110,Critical,Medium,4,Yes,50,"25,001–50,000"
V08958,Truck,3,62184,106,1733,27,6.7,12.67,37,31,Moderate,Medium,1,No,60,"50,001–80,000"
V08959,SUV,10,176322,97,1852,45,18.3,12.47,36,60,Worn,Low,5,Yes,100,"80,001+"
V08960,Hatchback,1,187452,107,1890,49,13.5,12.82,40,99,Critical,High,10,Yes,30,"10,001–25,000"
V08961,Truck,14,125448,108,2074,44,14.1,11.49,33,69,Worn,High,2,Yes,50,"25,001–50,000"
V08962,Sedan,2,178916,86,2097,38,15.5,11.02,30,95,Good,Low,9,Yes,90,"80,001+"
V08963,Hatchback,8,31217,110,1589,45,15.3,12.65,41,34,Good,Medium,3,Yes,80,"80,001+"
V08964,Truck,1,194716,98,1877,33,10.6,11.23,30,68,Worn,High,7,No,80,"80,001+"
V08965,Hatchback,8,124800,98,2608,39,17.3,12.05,38,102,Good,Medium,5,No,100,"80,001+"
V08966,Truck,8,29977,107,1739,45,11.0,12.35,40,110,Good,High,5,Yes,60,"50,001–80,000"
V08967,Hatchback,1,172037,106,2107,47,17.4,11.86,42,60,Moderate,High,7,Yes,60,"50,001–80,000"
V08968,Sedan,14,20359,107,2155,30,10.6,11.37,42,103,Worn,Medium,1,Yes,70,"50,001–80,000"
V08969,Hatchback,8,51057,96,2888,43,15.6,12.72,40,39,Moderate,Low,5,Yes,100,"80,001+"
V08970,SUV,5,49214,92,2474,21,18.9,12.16,32,78,Critical,High,6,No,40,"25,001–50,000"
V08971,Sedan,6,12477,93,2172,35,12.6,12.53,33,36,Moderate,High,11,Yes,70,"50,001–80,000"
V08972,Truck,10,118687,92,1542,40,14.9,12.46,42,38,Worn,High,10,Yes,70,"50,001–80,000"
V08973,Truck,3,185597,95,2680,40,13.9,11.93,40,70,Worn,Low,8,Yes,100,"80,001+"
V08974,Hatchback,3,186477,110,1818,33,9.5,11.91,40,101,Critical,High,8,No,40,"25,001–50,000"
V08975,SUV,13,23388,104,2275,32,15.5,11.16,41,75,Good,High,10,Yes,40,"25,001–50,000"
V08976,SUV,11,140173,93,2027,23,16.5,11.76,34,106,Moderate,Low,6,No,70,"50,001–80,000"
V08977,SUV,4,20907,96,2899,30,10.8,11.13,41,96,Moderate,Medium,12,Yes,90,"80,001+"
V08978,SUV,11,184448,88,2313,45,19.6,11.73,37,59,Worn,Low,6,No,90,"80,001+"
V08979,Hatchback,7,165092,107,2822,21,5.5,11.1,44,40,Critical,Low,10,No,30,"10,001–25,000"
V08980,Truck,11,28795,110,1897,25,11.7,11.31,38,98,Worn,High,10,No,20,"10,001–25,000"
V08981,Truck,14,158611,110,2585,32,18.3,12.47,34,108,Good,Low,6,No,70,"50,001–80,000"
V08982,SUV,4,20182,97,2882,30,19.0,11.02,31,98,Worn,High,2,No,80,"80,001+"
V08983,Truck,10,100635,92,2735,37,19.0,12.49,34,47,Critical,High,5,No,60,"50,001–80,000"
V08984,Hatchback,1,37129,105,2424,22,7.3,11.71,44,62,Good,Low,12,No,50,"25,001–50,000"
V08985,Hatchback,2,23916,101,2088,39,12.7,12.93,38,66,Critical,High,3,Yes,40,"25,001–50,000"
V08986,Hatchback,14,177015,95,1838,27,18.4,12.26,41,105,Good,Low,9,No,60,"50,001–80,000"
V08987,Truck,7,27427,100,1834,29,19.7,12.08,34,84,Critical,High,6,No,40,"25,001–50,000"
V08988,Truck,4,17899,89,2458,37,19.0,12.41,33,31,Good,High,7,No,80,"80,001+"
V08989,Truck,9,21255,109,2266,46,9.4,12.03,38,44,Moderate,Low,7,Yes,80,"80,001+"
V08990,SUV,5,51685,110,2507,39,7.9,12.26,32,47,Worn,High,6,Yes,60,"50,001–80,000"
V08991,Truck,14,178051,101,2979,36,10.8,11.35,36,72,Critical,Medium,1,Yes,50,"25,001–50,000"
V08992,Sedan,13,140121,95,2429,26,12.7,12.82,40,59,Moderate,Low,10,No,60,"50,001–80,000"
V08993,Hatchback,6,179819,91,1746,26,5.3,11.52,32,30,Worn,Low,3,No,80,"80,001+"
V08994,SUV,4,184374,109,1725,47,6.0,11.84,37,96,Good,High,11,No,50,"25,001–50,000"
V08995,SUV,6,104394,88,1813,20,7.7,11.61,36,99,Good,High,6,Yes,60,"50,001–80,000"
V08996,SUV,8,176544,93,1903,25,17.5,12.66,45,90,Good,High,1,Yes,60,"50,001–80,000"
V08997,Sedan,10,116293,88,2886,24,15.8,12.42,39,73,Moderate,High,2,Yes,60,"50,001–80,000"
V08998,SUV,4,100478,97,2430,28,19.5,11.77,36,87,Worn,High,2,Yes,60,"50,001–80,000"
V08999,Hatchback,13,37230,88,2933,31,11.0,12.35,40,57,Worn,Medium,5,No,90,"80,001+"
V09000,Sedan,15,161440,91,2828,40,18.4,12.75,42,101,Worn,High,7,Yes,70,"50,001–80,000"
V09001,Truck,13,128073,108,1551,35,15.3,12.99,44,62,Good,Low,2,Yes,70,"50,001–80,000"
V09002,SUV,14,43690,105,2064,47,14.9,12.39,42,54,Worn,High,2,Yes,50,"25,001–50,000"
V09003,Sedan,12,21476,88,2333,31,15.3,12.89,43,41,Good,Medium,6,Yes,90,"80,001+"
V09004,Hatchback,10,136073,99,1940,45,11.4,12.32,34,63,Moderate,High,10,Yes,70,"50,001–80,000"
V09005,Hatchback,2,69821,98,2604,42,12.9,11.94,30,77,Critical,Low,4,Yes,80,"80,001+"
V09006,Sedan,5,163177,95,1549,45,17.1,12.35,40,65,Moderate,High,4,Yes,80,"80,001+"
V09007,Sedan,15,183967,93,2760,32,11.1,11.27,36,109,Moderate,Low,10,Yes,80,"80,001+"
V09008,Sedan,8,68261,96,2005,22,14.3,11.09,38,65,Worn,Low,1,Yes,80,"80,001+"
V09009,SUV,14,59966,102,2557,36,11.7,12.11,30,94,Critical,Low,4,Yes,50,"25,001–50,000"
V09010,Sedan,1,84645,91,2711,39,6.5,11.34,45,81,Good,High,3,No,80,"80,001+"
V09011,Truck,9,73374,102,1623,29,5.8,12.58,33,32,Good,Low,12,No,50,"25,001–50,000"
V09012,Truck,10,185847,107,2773,41,18.7,12.76,36,78,Worn,Low,2,Yes,80,"80,001+"
V09013,Hatchback,7,96523,92,2529,30,12.9,11.83,39,34,Moderate,Medium,12,Yes,90,"80,001+"
V09014,Hatchback,13,194112,97,1518,49,7.3,12.66,34,99,Worn,High,3,No,70,"50,001–80,000"
V09015,Hatchback,13,115787,108,2160,29,14.1,11.92,35,101,Good,Low,11,No,40,"25,001–50,000"
V09016,Hatchback,5,57788,89,1702,33,20.0,11.16,35,41,Good,Medium,2,No,100,"80,001+"
V09017,SUV,6,50665,95,1902,34,19.3,11.24,31,97,Moderate,Low,7,Yes,100,"80,001+"
V09018,Sedan,3,189640,92,2439,23,16.1,11.12,31,102,Moderate,High,7,Yes,60,"50,001–80,000"
V09019,SUV,14,36923,100,2773,45,17.3,11.37,37,48,Critical,Low,10,Yes,60,"50,001–80,000"
V09020,Truck,14,141850,90,2005,45,12.6,12.28,44,97,Critical,Low,9,Yes,60,"50,001–80,000"
V09021,SUV,14,177228,88,1847,39,18.9,12.81,31,110,Worn,High,4,Yes,70,"50,001–80,000"
V09022,Sedan,5,182490,98,2534,41,10.9,12.46,40,108,Moderate,High,9,No,70,"50,001–80,000"
V09023,Sedan,13,190448,104,1843,36,15.5,12.36,38,91,Worn,Low,3,Yes,70,"50,001–80,000"
V09024,Hatchback,6,38907,110,2842,43,9.3,12.56,42,76,Moderate,Medium,5,No,80,"80,001+"
V09025,SUV,8,97683,104,2638,46,17.6,12.5,31,44,Moderate,Low,9,Yes,70,"50,001–80,000"
V09026,Hatchback,4,185326,85,2954,36,14.9,11.44,32,48,Worn,Medium,1,Yes,100,"80,001+"
V09027,Hatchback,10,109098,104,2690,32,14.3,11.06,44,106,Good,High,10,No,50,"25,001–50,000"
V09028,Truck,2,108375,102,1690,28,14.3,12.62,30,70,Moderate,Medium,3,Yes,60,"50,001–80,000"
V09029,SUV,1,72788,85,1708,30,19.2,12.17,31,74,Critical,Low,11,No,70,"50,001–80,000"
V09030,Sedan,1,157559,101,2701,25,11.1,11.15,45,69,Moderate,High,6,No,40,"25,001–50,000"
V09031,SUV,11,98314,99,2342,21,9.9,12.38,45,55,Moderate,Medium,3,Yes,70,"50,001–80,000"
V09032,Truck,5,147588,86,2841,46,11.8,12.85,42,81,Moderate,Low,3,Yes,100,"80,001+"
V09033,Sedan,9,146892,101,2969,30,7.2,12.27,34,45,Good,Low,12,Yes,70,"50,001–80,000"
V09034,SUV,10,40855,91,2524,41,7.0,11.94,44,87,Good,Low,10,No,90,"80,001+"
V09035,Truck,8,93935,109,1688,34,12.6,12.67,35,100,Worn,Medium,1,No,80,"80,001+"
V09036,Truck,12,198816,85,1882,32,18.5,11.44,36,30,Good,Low,5,No,90,"80,001+"
V09037,SUV,7,52203,107,2701,25,10.1,11.25,40,76,Critical,Medium,7,No,40,"25,001–50,000"
V09038,SUV,15,44441,94,1915,38,11.6,11.73,40,107,Good,High,7,No,70,"50,001–80,000"
V09039,Hatchback,8,30346,91,2331,20,16.5,12.81,35,31,Worn,High,12,No,50,"25,001–50,000"
V09040,Sedan,3,159625,86,2689,21,12.7,12.12,34,51,Good,Low,7,No,80,"80,001+"
V09041,Sedan,14,103224,91,1669,38,9.7,12.14,35,37,Worn,Low,12,No,80,"80,001+"
V09042,Sedan,9,32313,110,2122,35,6.4,12.45,32,79,Worn,High,12,No,50,"25,001–50,000"
V09043,SUV,9,51263,104,2126,23,11.7,11.82,43,82,Good,Medium,4,Yes,60,"50,001–80,000"
V09044,SUV,10,118367,106,1570,44,10.0,12.99,37,109,Good,Medium,9,Yes,70,"50,001–80,000"
V09045,SUV,11,22243,100,2843,35,18.3,11.0,32,50,Critical,High,12,No,40,"25,001–50,000"
V09046,Truck,13,199542,95,2852,43,19.1,11.28,38,45,Critical,Low,7,Yes,70,"50,001–80,000"
V09047,Sedan,13,143361,97,2520,25,18.1,12.39,31,99,Moderate,Low,7,Yes,70,"50,001–80,000"
V09048,Hatchback,12,161760,90,2627,32,12.5,12.2,36,43,Worn,Medium,3,Yes,90,"80,001+"
V09049,Sedan,10,71939,95,1912,47,16.6,11.92,36,40,Moderate,Low,8,Yes,100,"80,001+"
V09050,Hatchback,1,175069,108,2961,34,13.9,11.08,44,90,Worn,Low,10,Yes,70,"50,001–80,000"
V09051,SUV,1,163463,96,1804,32,6.1,12.25,35,48,Good,High,3,Yes,80,"80,001+"
V09052,SUV,5,74700,110,2147,20,19.5,12.01,34,81,Worn,Medium,7,No,60,"50,001–80,000"
V09053,Sedan,11,56679,107,2792,43,18.6,11.18,43,37,Good,Low,12,No,60,"50,001–80,000"
V09054,Hatchback,13,30908,104,1731,38,13.9,12.32,36,102,Moderate,Low,5,No,70,"50,001–80,000"
V09055,Sedan,6,147174,106,2489,32,5.6,11.56,31,35,Worn,High,10,Yes,50,"25,001–50,000"
V09056,Hatchback,12,170907,99,2877,41,16.5,12.31,33,83,Worn,Medium,6,No,90,"80,001+"
V09057,Truck,9,19307,85,2987,41,14.7,11.68,31,107,Good,Low,8,No,100,"80,001+"
V09058,Hatchback,8,52329,100,2552,36,10.8,12.89,30,30,Worn,High,11,Yes,70,"50,001–80,000"
V09059,Truck,1,122846,110,2105,44,6.8,12.37,33,78,Critical,Low,4,No,60,"50,001–80,000"
V09060,Hatchback,5,173304,102,1800,34,11.6,12.17,35,108,Moderate,High,5,No,60,"50,001–80,000"
V09061,Hatchback,9,153714,87,1643,35,13.9,13.0,45,109,Worn,Low,10,Yes,90,"80,001+"
V09062,Hatchback,9,189591,105,2302,27,10.3,12.6,37,48,Critical,Low,5,No,40,"25,001–50,000"
V09063,SUV,13,160760,93,2944,36,6.3,11.86,34,67,Moderate,Low,1,Yes,90,"80,001+"
V09064,Hatchback,15,187655,91,2431,24,12.1,11.93,42,32,Worn,High,9,Yes,40,"25,001–50,000"
V09065,Sedan,11,37810,107,1856,41,14.5,12.68,33,109,Critical,Low,12,No,40,"25,001–50,000"
V09066,Hatchback,11,31300,105,2215,37,9.0,11.68,33,65,Critical,Medium,10,Yes,40,"25,001–50,000"
V09067,Truck,4,57132,86,1638,34,16.9,11.27,31,82,Moderate,Medium,9,No,90,"80,001+"
V09068,Truck,1,55534,103,2868,27,16.9,12.07,40,80,Worn,Medium,12,No,50,"25,001–50,000"
V09069,Hatchback,8,75497,108,1938,26,7.6,13.0,37,63,Worn,Low,12,Yes,50,"25,001–50,000"
V09070,Hatchback,6,57701,89,1800,36,5.6,11.86,40,61,Good,Low,6,No,100,"80,001+"
V09071,SUV,12,60907,107,1857,35,14.4,12.1,38,104,Moderate,Low,12,Yes,60,"50,001–80,000"
V09072,Truck,12,194032,108,2003,47,7.7,11.1,42,33,Worn,Low,10,Yes,60,"50,001–80,000"
V09073,SUV,10,169518,110,2431,26,5.4,12.14,45,37,Moderate,Medium,11,Yes,50,"25,001–50,000"
V09074,SUV,15,60530,93,2244,41,15.1,12.68,33,37,Moderate,Low,5,No,90,"80,001+"
V09075,Hatchback,6,123450,96,1900,48,13.2,11.94,30,76,Worn,Low,12,No,90,"80,001+"
V09076,SUV,11,130108,90,2502,21,8.4,11.34,31,104,Good,Low,10,Yes,60,"50,001–80,000"
V09077,SUV,7,181210,110,2080,42,11.7,12.6,44,86,Critical,Medium,10,Yes,50,"25,001–50,000"
V09078,Sedan,11,72464,88,2492,48,8.1,11.33,31,97,Worn,Low,4,Yes,90,"80,001+"
V09079,Sedan,5,93300,101,2091,23,15.7,11.19,35,70,Moderate,Medium,10,Yes,50,"25,001–50,000"
V09080,Hatchback,15,179322,86,2040,34,13.2,12.28,36,41,Worn,High,12,No,60,"50,001–80,000"
V09081,Truck,11,50274,88,2528,39,10.8,12.14,31,67,Critical,Medium,2,Yes,70,"50,001–80,000"
V09082,Hatchback,1,169128,93,2584,41,11.9,11.88,38,103,Critical,Medium,11,No,70,"50,001–80,000"
V09083,Hatchback,11,119145,93,1689,43,12.9,11.11,32,100,Good,Low,2,No,90,"80,001+"
V09084,Sedan,3,54628,88,1659,38,19.8,11.36,31,101,Good,Medium,5,No,100,"80,001+"
V09085,Truck,9,34660,106,2418,42,5.8,12.6,31,76,Critical,High,11,No,30,"10,001–25,000"
V09086,SUV,5,108431,106,2444,38,9.2,11.95,31,107,Good,Medium,2,Yes,80,"80,001+"
V09087,SUV,6,82650,85,1713,32,9.7,12.1,34,104,Good,Medium,7,Yes,100,"80,001+"
V09088,Sedan,2,130693,99,2608,22,13.9,12.81,32,56,Worn,Medium,2,Yes,80,"80,001+"
V09089,SUV,6,129479,101,2315,47,14.5,11.54,36,87,Good,Low,11,No,70,"50,001–80,000"
V09090,Sedan,4,11606,96,2059,45,17.0,12.26,40,52,Moderate,High,3,No,80,"80,001+"
V09091,Hatchback,9,35924,99,2567,31,17.5,11.52,37,30,Critical,High,2,No,60,"50,001–80,000"
V09092,Sedan,6,66905,94,1689,44,9.6,12.2,38,90,Critical,Medium,9,No,70,"50,001–80,000"
V09093,Sedan,4,92138,87,1915,22,13.5,11.81,44,41,Good,High,4,Yes,60,"50,001–80,000"
V09094,Sedan,14,9910,94,2637,23,16.7,12.13,38,71,Critical,Low,7,Yes,50,"25,001–50,000"
V09095,Sedan,7,179470,91,1804,42,7.1,12.55,39,88,Worn,Low,11,Yes,90,"80,001+"
V09096,Sedan,8,71696,92,2226,48,13.9,12.98,34,42,Critical,Low,6,No,80,"80,001+"
V09097,Hatchback,14,15003,105,1835,24,7.4,11.07,34,64,Worn,Medium,10,Yes,40,"25,001–50,000"
V09098,Hatchback,2,87450,102,2550,36,15.3,12.18,44,75,Worn,Medium,12,Yes,70,"50,001–80,000"
V09099,Hatchback,9,18747,89,1874,30,19.9,12.15,39,48,Good,Low,5,Yes,100,"80,001+"
V09100,SUV,2,49543,87,2458,43,9.7,11.8,34,31,Good,Medium,9,No,90,"80,001+"
V09101,Truck,14,53107,106,2671,48,16.5,11.63,35,86,Moderate,Low,5,No,70,"50,001–80,000"
V09102,Sedan,11,73038,87,2548,50,16.8,12.85,33,79,Worn,Medium,10,No,80,"80,001+"
V09103,Hatchback,11,33079,99,2646,35,12.1,11.41,42,60,Worn,Low,11,No,80,"80,001+"
V09104,Hatchback,13,92781,91,2756,21,13.2,12.44,34,70,Good,High,6,Yes,50,"25,001–50,000"
V09105,Sedan,6,12573,106,2726,21,13.3,12.32,32,110,Critical,Low,7,No,40,"25,001–50,000"
V09106,Sedan,11,71353,89,1995,31,11.2,12.12,32,48,Good,High,3,No,70,"50,001–80,000"
V09107,Hatchback,5,135667,106,2404,24,6.4,11.36,41,55,Critical,Medium,4,No,40,"25,001–50,000"
V09108,Hatchback,14,100976,87,1890,49,16.8,12.71,39,85,Moderate,High,3,No,70,"50,001–80,000"
V09109,SUV,2,43252,86,2924,44,19.4,12.39,30,31,Moderate,Medium,2,No,100,"80,001+"
V09110,SUV,9,76207,91,2274,39,8.0,11.75,39,30,Good,High,8,No,80,"80,001+"
V09111,SUV,1,45874,95,1785,24,17.2,12.25,42,79,Critical,Medium,3,No,60,"50,001–80,000"
V09112,Truck,8,196385,105,2481,29,8.7,11.09,36,84,Worn,Medium,7,Yes,60,"50,001–80,000"
V09113,Truck,12,182376,105,2638,20,15.8,11.21,35,102,Worn,Medium,10,No,40,"25,001–50,000"
V09114,Sedan,3,117903,108,1953,44,17.8,11.18,32,48,Worn,Low,8,No,80,"80,001+"
V09115,SUV,5,141451,93,2854,33,17.9,12.57,43,106,Moderate,High,3,Yes,80,"80,001+"
V09116,SUV,15,36139,104,2133,28,11.7,12.21,42,96,Critical,Medium,8,Yes,30,"10,001–25,000"
V09117,Truck,3,109091,92,2143,36,17.8,11.7,45,62,Worn,Low,6,Yes,100,"80,001+"
V09118,Sedan,12,100973,93,2907,36,11.2,11.6,32,55,Critical,Low,12,No,60,"50,001–80,000"
V09119,Hatchback,1,120026,110,1689,39,8.4,12.89,45,85,Critical,High,12,Yes,30,"10,001–25,000"
V09120,Truck,10,166047,99,2940,42,12.8,11.0,41,77,Worn,High,10,Yes,70,"50,001–80,000"
V09121,Hatchback,11,104512,105,2241,35,10.1,12.3,42,38,Worn,Medium,7,No,70,"50,001–80,000"
V09122,SUV,10,31419,86,2781,31,9.5,11.93,40,96,Good,High,3,No,80,"80,001+"
V09123,Truck,13,197078,97,1579,41,5.3,11.69,39,70,Critical,High,5,Yes,50,"25,001–50,000"
V09124,Sedan,6,140084,92,1678,24,18.2,12.63,31,48,Good,Medium,9,Yes,70,"50,001–80,000"
V09125,SUV,11,110886,103,2436,45,11.7,12.84,38,83,Moderate,High,10,Yes,40,"25,001–50,000"
V09126,SUV,6,133403,87,2825,42,15.8,12.76,42,38,Critical,Medium,4,No,80,"80,001+"
V09127,Truck,11,118519,93,1776,31,17.8,12.59,45,63,Critical,Low,2,No,70,"50,001–80,000"
V09128,Truck,11,144333,104,2188,29,16.3,12.51,30,37,Good,Medium,12,No,40,"25,001–50,000"
V09129,SUV,2,10052,94,2537,28,17.4,12.41,40,65,Critical,High,10,No,30,"10,001–25,000"
V09130,SUV,12,58933,110,2848,50,5.7,11.49,36,70,Worn,Low,11,Yes,60,"50,001–80,000"
V09131,SUV,13,140909,97,2869,27,12.4,11.18,45,67,Moderate,Low,8,Yes,70,"50,001–80,000"
V09132,Sedan,14,66835,100,1637,36,12.8,11.45,33,82,Worn,Low,6,Yes,90,"80,001+"
V09133,Sedan,13,14044,97,2663,41,5.2,12.89,44,81,Critical,High,5,Yes,50,"25,001–50,000"
V09134,Hatchback,12,178314,88,2303,23,12.5,11.11,35,77,Critical,Medium,10,No,40,"25,001–50,000"
V09135,SUV,10,79063,107,2780,41,9.7,11.58,39,86,Moderate,Medium,2,Yes,80,"80,001+"
V09136,Truck,1,98085,103,2257,33,7.5,11.75,41,39,Moderate,Low,11,Yes,70,"50,001–80,000"
V09137,Truck,4,152401,98,2009,40,19.9,12.45,42,57,Good,High,5,Yes,80,"80,001+"
V09138,Sedan,7,8387,89,2701,49,18.7,11.82,42,37,Critical,High,11,Yes,50,"25,001–50,000"
V09139,SUV,15,195607,93,2724,35,18.6,12.42,32,78,Moderate,High,3,No,70,"50,001–80,000"
V09140,Truck,12,174653,108,2182,36,16.2,12.88,30,82,Moderate,Medium,10,Yes,60,"50,001–80,000"
V09141,Truck,10,88299,87,2397,44,15.4,11.33,34,84,Critical,High,11,No,50,"25,001–50,000"
V09142,Sedan,11,9257,90,2361,50,19.4,12.03,42,35,Good,Medium,12,Yes,80,"80,001+"
V09143,Hatchback,8,169055,106,2138,44,18.4,11.87,37,107,Worn,Medium,11,No,70,"50,001–80,000"
V09144,Sedan,3,163564,104,2128,22,17.5,12.54,42,33,Good,High,1,Yes,40,"25,001–50,000"
V09145,Truck,5,46868,89,2702,35,14.5,12.74,41,31,Worn,Low,8,Yes,100,"80,001+"
V09146,Hatchback,8,103529,103,1831,33,19.9,11.35,30,68,Critical,Low,8,No,60,"50,001–80,000"
V09147,Sedan,10,143744,87,2977,35,10.2,11.28,33,95,Worn,Medium,6,No,100,"80,001+"
V09148,Sedan,13,181032,110,1841,30,5.9,11.97,43,32,Moderate,High,2,No,50,"25,001–50,000"
V09149,Hatchback,13,169023,100,1939,29,5.2,11.21,43,33,Moderate,Medium,10,No,60,"50,001–80,000"
V09150,Hatchback,5,108851,87,2930,42,12.1,11.82,30,45,Critical,Low,5,Yes,80,"80,001+"
V09151,Hatchback,15,86693,87,1575,36,8.0,12.83,38,31,Critical,Low,4,Yes,70,"50,001–80,000"
V09152,Hatchback,4,33142,105,1717,45,15.1,12.14,32,92,Worn,High,10,Yes,50,"25,001–50,000"
V09153,SUV,13,128926,107,2607,48,10.9,11.46,31,64,Moderate,High,11,No,40,"25,001–50,000"
V09154,Truck,1,93873,85,1962,30,9.2,12.48,36,38,Critical,High,8,No,60,"50,001–80,000"
V09155,Sedan,4,166394,99,2970,35,16.0,12.11,43,60,Critical,High,3,No,60,"50,001–80,000"
V09156,Hatchback,15,195345,92,2159,33,18.0,12.87,42,101,Critical,Medium,10,Yes,60,"50,001–80,000"
V09157,SUV,15,49123,89,2767,20,10.0,11.65,40,31,Moderate,Medium,12,No,60,"50,001–80,000"
V09158,Truck,12,155970,101,2356,37,7.8,11.79,45,85,Moderate,High,1,Yes,50,"25,001–50,000"
V09159,SUV,15,27302,96,2443,32,8.1,11.66,44,32,Worn,Low,9,No,80,"80,001+"
V09160,Sedan,14,173776,94,2990,36,9.6,12.04,32,100,Critical,High,9,Yes,40,"25,001–50,000"
V09161,SUV,7,169873,108,1633,33,18.9,12.69,43,66,Critical,Medium,11,No,50,"25,001–50,000"
V09162,SUV,14,81420,87,2166,29,6.8,12.56,31,70,Good,High,2,No,50,"25,001–50,000"
V09163,Truck,3,179891,107,2376,30,14.0,12.88,45,61,Moderate,Low,9,No,70,"50,001–80,000"
V09164,Hatchback,3,151676,90,2920,28,19.5,11.06,34,81,Worn,High,2,No,60,"50,001–80,000"
V09165,Sedan,8,169105,107,1647,25,8.6,12.37,31,97,Worn,Medium,11,Yes,50,"25,001–50,000"
V09166,Sedan,7,55065,101,2936,32,12.6,11.55,42,62,Good,Medium,12,No,70,"50,001–80,000"
V09167,Hatchback,8,142344,107,2349,35,12.1,11.97,31,30,Critical,High,10,No,30,"10,001–25,000"
V09168,Truck,7,28517,104,1502,21,12.0,12.42,31,74,Good,Low,7,No,60,"50,001–80,000"
V09169,Sedan,12,80674,103,2345,28,8.5,12.48,36,75,Critical,High,9,No,0,"0–10,000"
V09170,Hatchback,1,10900,85,2928,36,9.5,11.48,42,82,Worn,High,9,No,70,"50,001–80,000"
V09171,Hatchback,14,189492,100,2968,48,15.7,12.21,35,84,Good,Medium,10,Yes,80,"80,001+"
V09172,Truck,4,39117,89,2852,40,19.0,12.07,33,84,Moderate,Low,3,Yes,100,"80,001+"
V09173,Hatchback,12,22894,86,2570,42,14.8,11.91,39,86,Worn,Medium,8,No,90,"80,001+"
V09174,Truck,9,152061,93,2227,42,9.5,11.37,40,45,Worn,High,3,No,80,"80,001+"
V09175,Hatchback,5,55694,102,1639,25,16.3,12.08,37,63,Worn,Low,4,No,60,"50,001–80,000"
V09176,Hatchback,8,143574,108,2696,45,11.4,12.77,30,61,Good,High,1,No,60,"50,001–80,000"
V09177,Sedan,9,84032,105,1891,29,18.1,12.74,30,99,Good,Low,10,No,50,"25,001–50,000"
V09178,SUV,2,10038,108,1607,32,11.6,12.71,40,102,Critical,Low,4,No,60,"50,001–80,000"
V09179,SUV,1,143944,104,2366,44,14.1,12.44,30,93,Moderate,Low,6,Yes,80,"80,001+"
V09180,Sedan,14,37383,86,2216,41,19.1,11.38,41,31,Critical,Low,10,Yes,60,"50,001–80,000"
V09181,SUV,9,55474,95,2713,21,16.3,12.76,41,62,Moderate,High,8,Yes,60,"50,001–80,000"
V09182,Sedan,3,41308,93,2957,47,10.0,12.95,41,73,Moderate,Low,1,No,100,"80,001+"
V09183,SUV,4,121305,86,2544,48,5.0,11.86,30,66,Good,Low,10,Yes,90,"80,001+"
V09184,Truck,3,23558,97,2564,27,18.6,12.09,38,33,Worn,Low,7,Yes,80,"80,001+"
V09185,Sedan,10,150909,89,2569,20,17.2,11.54,37,95,Good,Medium,4,Yes,80,"80,001+"
V09186,Sedan,1,31521,105,2350,40,6.1,12.39,30,55,Critical,Medium,5,Yes,60,"50,001–80,000"
V09187,Truck,12,195822,102,2940,30,6.6,12.4,42,55,Good,High,5,Yes,50,"25,001–50,000"
V09188,Hatchback,9,133249,88,2746,36,16.1,12.62,37,95,Worn,High,7,No,80,"80,001+"
V09189,Hatchback,12,23723,105,2629,45,13.6,12.42,44,73,Critical,High,8,No,30,"10,001–25,000"
V09190,SUV,2,40736,104,2928,48,18.3,11.41,36,86,Good,Medium,3,Yes,80,"80,001+"
V09191,Hatchback,4,150202,109,2045,21,9.0,12.53,32,37,Critical,High,11,Yes,10,"0–10,000"
V09192,Truck,6,183748,94,2757,20,15.8,12.91,30,53,Good,Medium,11,No,70,"50,001–80,000"
V09193,SUV,10,198595,110,2022,23,16.7,12.93,44,66,Worn,High,4,No,40,"25,001–50,000"
V09194,SUV,3,7064,92,2510,36,16.8,12.54,40,67,Critical,High,3,No,60,"50,001–80,000"
V09195,Sedan,14,113410,104,1657,25,17.5,11.0,30,65,Moderate,Low,8,Yes,50,"25,001–50,000"
V09196,Sedan,11,106717,97,2995,21,10.5,11.46,41,43,Moderate,Low,6,No,70,"50,001–80,000"
V09197,Truck,14,45459,101,1515,35,18.4,12.92,34,66,Good,Low,8,Yes,70,"50,001–80,000"
V09198,SUV,13,123911,107,1893,34,5.9,11.85,45,103,Moderate,Low,5,Yes,70,"50,001–80,000"
V09199,Sedan,5,37669,95,1695,26,19.7,12.94,41,97,Worn,Medium,1,Yes,80,"80,001+"
V09200,Truck,12,76732,106,1696,21,19.6,11.38,39,107,Critical,High,6,No,10,"0–10,000"
V09201,SUV,7,124400,108,2618,24,12.7,11.65,32,94,Good,Low,1,Yes,60,"50,001–80,000"
V09202,Sedan,12,159088,92,2844,49,12.9,11.21,39,96,Good,Medium,3,No,90,"80,001+"
V09203,Truck,12,24963,106,2636,46,11.6,11.18,41,39,Moderate,Low,12,No,60,"50,001–80,000"
V09204,Hatchback,11,171181,105,1714,45,16.0,12.26,43,75,Worn,High,6,Yes,50,"25,001–50,000"
V09205,SUV,10,191338,87,1815,44,11.3,11.94,30,47,Worn,High,6,Yes,80,"80,001+"
V09206,Truck,15,23910,87,2296,24,16.0,11.45,37,103,Critical,High,3,Yes,30,"10,001–25,000"
V09207,Sedan,2,39605,106,2562,46,5.7,11.4,38,109,Worn,High,11,Yes,50,"25,001–50,000"
V09208,SUV,10,44508,104,1883,35,11.4,12.04,35,46,Critical,High,9,No,30,"10,001–25,000"
V09209,Truck,10,38386,91,2090,40,10.3,11.25,44,100,Good,Medium,10,Yes,90,"80,001+"
V09210,Truck,1,122775,104,1997,29,13.4,12.22,30,78,Moderate,High,4,Yes,40,"25,001–50,000"
V09211,SUV,9,127953,107,2705,32,9.7,11.23,38,80,Critical,Low,2,Yes,60,"50,001–80,000"
V09212,Truck,6,121400,99,2125,25,8.9,11.38,45,65,Worn,High,11,No,50,"25,001–50,000"
V09213,Hatchback,5,50195,100,2673,23,19.9,12.35,44,86,Moderate,Low,4,No,80,"80,001+"
V09214,Sedan,2,120451,95,2874,28,7.4,12.3,44,97,Critical,Low,11,Yes,50,"25,001–50,000"
V09215,Hatchback,3,6818,93,2996,23,17.3,12.8,42,91,Moderate,Medium,12,Yes,70,"50,001–80,000"
V09216,Sedan,11,48767,103,1598,47,19.9,11.69,33,96,Moderate,High,4,Yes,50,"25,001–50,000"
V09217,Sedan,5,59078,104,2107,36,14.3,12.71,42,65,Worn,Medium,10,Yes,70,"50,001–80,000"
V09218,SUV,8,172973,107,2463,21,12.7,11.71,34,81,Moderate,Low,3,No,60,"50,001–80,000"
V09219,Sedan,7,121960,85,2450,42,18.7,11.84,41,110,Good,Medium,7,Yes,100,"80,001+"
V09220,Hatchback,2,130481,108,1826,20,14.8,11.13,31,42,Critical,Low,4,No,40,"25,001–50,000"
V09221,Sedan,14,152745,101,1580,32,6.0,12.91,37,106,Moderate,High,10,No,40,"25,001–50,000"
V09222,Hatchback,8,150904,88,1899,29,19.6,12.58,35,62,Worn,Medium,5,Yes,80,"80,001+"
V09223,Sedan,1,114373,104,2092,32,6.1,11.22,39,37,Moderate,Medium,7,Yes,80,"80,001+"
V09224,Hatchback,1,156560,96,2392,34,5.8,11.02,34,96,Moderate,High,4,No,80,"80,001+"
V09225,Hatchback,1,15759,108,1763,44,9.3,11.93,43,97,Good,High,3,No,60,"50,001–80,000"
V09226,Hatchback,8,41714,110,2330,33,13.4,12.67,40,58,Worn,Medium,10,No,70,"50,001–80,000"
V09227,Truck,11,79367,88,2045,27,19.9,11.5,42,66,Moderate,Medium,7,No,70,"50,001–80,000"
V09228,Sedan,14,31502,92,2746,27,5.3,11.36,30,48,Good,High,5,Yes,50,"25,001–50,000"
V09229,Sedan,4,122392,106,1689,27,16.7,11.37,36,85,Worn,Low,8,No,60,"50,001–80,000"
V09230,Hatchback,10,93227,105,2108,48,8.5,11.13,33,93,Good,Low,8,No,80,"80,001+"
V09231,Truck,7,193070,92,1813,36,19.7,12.59,30,54,Moderate,Low,10,Yes,90,"80,001+"
V09232,SUV,12,121743,85,2497,29,19.1,12.8,39,49,Worn,Medium,3,Yes,70,"50,001–80,000"
V09233,SUV,10,104008,95,1594,35,8.1,11.1,30,101,Worn,Low,12,Yes,90,"80,001+"
V09234,Sedan,7,149418,96,1595,23,12.8,11.4,34,69,Worn,Low,2,Yes,80,"80,001+"
V09235,Truck,12,105311,106,2977,23,10.5,12.99,36,49,Good,Low,10,No,40,"25,001–50,000"
V09236,SUV,1,41770,87,2930,27,16.9,11.02,33,70,Good,Medium,5,Yes,80,"80,001+"
V09237,SUV,7,188130,92,3000,38,6.3,11.52,38,93,Worn,Medium,7,No,100,"80,001+"
V09238,Sedan,14,118160,89,1766,44,13.6,11.4,33,87,Worn,Low,12,No,80,"80,001+"
V09239,Sedan,2,129734,101,1596,25,12.2,12.78,37,32,Moderate,High,2,No,40,"25,001–50,000"
V09240,SUV,9,114012,109,2183,28,8.3,12.94,32,83,Critical,Medium,2,No,40,"25,001–50,000"
V09241,Truck,12,148876,93,2767,35,11.4,12.42,30,67,Moderate,Medium,1,No,90,"80,001+"
V09242,SUV,9,6255,95,2352,50,10.8,12.71,45,87,Good,Low,7,No,100,"80,001+"
V09243,SUV,5,175827,96,2845,32,8.7,12.4,30,57,Worn,Low,12,Yes,90,"80,001+"
V09244,Sedan,11,67203,93,2698,32,9.5,11.94,31,57,Critical,High,5,Yes,50,"25,001–50,000"
V09245,Truck,9,153362,86,1745,25,8.1,12.39,41,37,Good,High,5,Yes,60,"50,001–80,000"
V09246,Hatchback,3,161138,97,1979,48,11.5,12.49,33,66,Moderate,Medium,1,Yes,100,"80,001+"
V09247,SUV,15,185750,86,2919,26,15.9,11.47,35,39,Critical,Medium,8,No,50,"25,001–50,000"
V09248,Hatchback,1,13712,93,2782,26,11.2,11.45,42,53,Good,Low,11,Yes,70,"50,001–80,000"
V09249,Truck,12,104307,94,2474,29,13.4,12.18,35,31,Critical,Low,1,Yes,50,"25,001–50,000"
V09250,Sedan,1,14907,91,2124,27,19.3,12.75,41,48,Critical,High,10,Yes,30,"10,001–25,000"
V09251,Hatchback,8,195028,93,2967,31,9.2,12.93,45,60,Worn,Medium,9,Yes,90,"80,001+"
V09252,Truck,7,42888,105,2632,47,19.3,12.75,45,71,Worn,Low,5,No,80,"80,001+"
V09253,SUV,13,135073,106,2382,35,18.2,12.44,34,31,Critical,Medium,4,No,50,"25,001–50,000"
V09254,Sedan,9,30151,85,1532,29,13.7,12.86,44,79,Moderate,High,6,No,60,"50,001–80,000"
V09255,SUV,4,78608,92,2853,25,14.7,11.02,33,77,Worn,High,7,No,60,"50,001–80,000"
V09256,Hatchback,8,70869,91,1703,23,11.3,11.72,33,54,Good,Low,12,Yes,70,"50,001–80,000"
V09257,Truck,8,53498,103,2759,31,18.7,11.92,32,64,Worn,Medium,8,Yes,80,"80,001+"
V09258,SUV,5,165867,107,2432,26,7.3,11.83,38,79,Good,Low,7,Yes,60,"50,001–80,000"
V09259,SUV,7,67970,98,2654,43,17.2,12.76,39,55,Moderate,Low,5,Yes,100,"80,001+"
V09260,Sedan,8,122022,105,1819,44,12.3,12.41,43,58,Critical,High,6,Yes,40,"25,001–50,000"
V09261,SUV,4,193251,106,2453,29,12.1,12.24,41,51,Good,Low,9,No,50,"25,001–50,000"
V09262,Truck,8,49383,97,1876,34,16.2,12.03,43,39,Moderate,Medium,2,Yes,100,"80,001+"
V09263,SUV,1,20217,102,1798,28,10.2,12.4,44,78,Moderate,High,6,No,40,"25,001–50,000"
V09264,SUV,14,184159,108,2835,29,18.8,12.81,41,44,Good,Medium,7,No,50,"25,001–50,000"
V09265,Hatchback,3,82337,99,2318,22,17.4,11.44,30,88,Good,High,10,Yes,50,"25,001–50,000"
V09266,Truck,9,184147,106,2460,40,16.0,12.76,32,69,Critical,Medium,7,Yes,60,"50,001–80,000"
V09267,Truck,13,149102,107,1648,35,7.8,12.18,31,68,Good,High,7,No,50,"25,001–50,000"
V09268,Sedan,4,131140,87,1607,29,15.4,11.13,43,102,Good,High,1,No,60,"50,001–80,000"
V09269,Truck,10,168345,92,1864,35,12.2,11.87,33,49,Moderate,High,6,No,80,"80,001+"
V09270,Truck,5,56199,88,2557,20,18.2,12.86,44,45,Worn,Low,1,Yes,80,"80,001+"
V09271,Hatchback,7,72202,88,1665,31,11.3,11.17,34,110,Worn,Medium,12,No,90,"80,001+"
V09272,Truck,9,174156,92,2354,30,13.6,11.64,33,84,Worn,High,8,Yes,80,"80,001+"
V09273,SUV,9,47514,92,2930,32,10.7,11.86,35,47,Critical,High,6,No,60,"50,001–80,000"
V09274,Hatchback,5,108849,104,2194,24,7.8,12.45,34,68,Critical,Medium,6,Yes,40,"25,001–50,000"
V09275,Hatchback,9,49284,98,1802,47,18.0,12.59,39,110,Good,Low,4,Yes,100,"80,001+"
V09276,Hatchback,6,179081,94,2603,40,15.7,12.75,36,100,Critical,High,7,Yes,60,"50,001–80,000"
V09277,Truck,9,55934,85,2075,37,19.9,11.33,43,53,Good,High,5,No,80,"80,001+"
V09278,Sedan,13,173608,108,1947,48,9.9,11.74,41,86,Worn,High,9,Yes,40,"25,001–50,000"
V09279,Truck,13,79549,85,2381,42,17.1,12.0,41,81,Critical,Medium,10,Yes,60,"50,001–80,000"
V09280,Hatchback,3,114530,101,2782,35,19.6,11.32,43,51,Critical,High,9,No,30,"10,001–25,000"
V09281,Truck,13,153042,97,2672,24,10.3,12.09,40,35,Critical,Medium,1,No,50,"25,001–50,000"
V09282,Truck,4,173183,107,2412,50,11.9,11.16,30,109,Good,Low,11,No,70,"50,001–80,000"
V09283,Truck,13,126276,89,2700,22,14.9,11.66,31,59,Critical,Low,6,No,50,"25,001–50,000"
V09284,SUV,12,155686,92,2600,43,17.9,11.14,34,46,Good,Medium,8,Yes,90,"80,001+"
V09285,Sedan,8,197365,88,2169,37,19.5,11.94,30,109,Critical,Low,1,No,80,"80,001+"
V09286,Sedan,13,29772,96,1924,47,14.3,11.24,44,101,Critical,Medium,8,No,70,"50,001–80,000"
V09287,SUV,7,5300,99,2771,35,18.6,12.77,32,93,Critical,Medium,4,No,80,"80,001+"
V09288,Hatchback,10,130847,104,1741,35,7.4,11.17,42,109,Critical,Low,7,No,60,"50,001–80,000"
V09289,SUV,13,148729,85,2336,46,10.0,12.47,44,92,Worn,Low,11,Yes,80,"80,001+"
V09290,Sedan,7,46177,91,2663,46,19.7,12.24,30,36,Critical,Low,3,Yes,80,"80,001+"
V09291,Truck,3,84781,85,1508,20,17.7,11.81,39,89,Good,High,1,No,60,"50,001–80,000"
V09292,Sedan,2,19721,110,2253,38,7.7,11.9,36,105,Moderate,Medium,5,No,80,"80,001+"
V09293,Truck,4,160269,86,1966,47,14.8,11.8,30,56,Moderate,Low,3,Yes,100,"80,001+"
V09294,Hatchback,4,66844,100,2869,24,7.1,12.06,33,76,Critical,High,2,No,40,"25,001–50,000"
V09295,Truck,11,177633,110,1589,32,13.5,11.42,31,109,Good,High,5,No,50,"25,001–50,000"
V09296,SUV,14,81256,89,2456,34,14.1,12.49,33,107,Moderate,Low,12,No,80,"80,001+"
V09297,Sedan,2,51076,101,1716,43,13.1,11.61,41,81,Moderate,Low,11,No,70,"50,001–80,000"
V09298,SUV,12,72268,98,1787,34,13.1,11.7,30,94,Good,High,2,Yes,70,"50,001–80,000"
V09299,Sedan,4,182590,98,2280,42,17.2,11.8,32,58,Good,Low,10,Yes,90,"80,001+"
V09300,SUV,1,37366,98,2495,48,5.7,11.09,37,49,Good,Medium,11,Yes,90,"80,001+"
V09301,SUV,6,141327,109,2189,49,9.2,12.9,44,77,Critical,High,11,Yes,30,"10,001–25,000"
V09302,Truck,4,68137,100,2231,21,12.3,11.19,44,109,Moderate,Low,6,Yes,80,"80,001+"
V09303,Hatchback,2,120940,103,2260,35,18.5,11.15,30,72,Good,Medium,4,No,80,"80,001+"
V09304,SUV,6,183722,90,2600,37,15.4,12.89,36,83,Worn,High,7,Yes,80,"80,001+"
V09305,Sedan,9,119875,93,2280,31,14.6,12.78,39,73,Good,High,3,No,80,"80,001+"
V09306,Hatchback,8,155780,95,2167,47,18.7,11.85,41,102,Good,Low,1,No,100,"80,001+"
V09307,Truck,10,195146,85,1948,47,17.2,12.69,45,69,Good,Low,3,No,100,"80,001+"
V09308,SUV,9,72691,90,2867,49,10.5,11.99,35,87,Good,Medium,4,Yes,100,"80,001+"
V09309,Truck,7,87267,98,1504,24,14.9,11.09,39,39,Critical,Medium,3,Yes,60,"50,001–80,000"
V09310,Truck,14,35424,85,2549,37,17.0,12.92,43,65,Good,High,9,No,60,"50,001–80,000"
V09311,SUV,10,149131,90,1824,46,15.6,11.56,37,75,Critical,Low,7,No,80,"80,001+"
V09312,Hatchback,11,71182,87,2348,37,8.7,12.58,43,67,Critical,Low,6,No,70,"50,001–80,000"
V09313,Truck,6,20423,98,2300,34,13.0,12.15,35,33,Good,Low,11,No,90,"80,001+"
V09314,Truck,4,74258,103,2320,26,12.8,11.71,31,93,Critical,High,6,No,20,"10,001–25,000"
V09315,SUV,1,134056,94,2495,24,5.8,12.83,32,90,Moderate,Low,2,No,80,"80,001+"
V09316,SUV,10,101135,88,1812,25,10.6,12.38,32,88,Good,Medium,8,No,80,"80,001+"
V09317,SUV,5,46277,110,1632,42,5.6,12.4,35,94,Moderate,High,8,No,60,"50,001–80,000"
V09318,SUV,3,111349,105,1724,43,10.1,11.76,31,88,Critical,High,8,No,40,"25,001–50,000"
V09319,Sedan,7,137707,89,2028,44,8.4,11.83,34,43,Good,Medium,8,Yes,100,"80,001+"
V09320,SUV,12,75494,101,2220,38,8.1,12.67,33,72,Moderate,High,2,No,50,"25,001–50,000"
V09321,Sedan,4,27390,109,1621,49,18.0,11.26,39,86,Worn,Low,7,Yes,80,"80,001+"
V09322,Sedan,15,56829,104,2721,34,11.9,12.66,34,109,Moderate,High,10,Yes,40,"25,001–50,000"
V09323,Hatchback,9,189010,89,2070,33,9.1,12.25,32,58,Worn,Low,7,Yes,100,"80,001+"
V09324,Hatchback,8,57272,91,2171,28,5.1,12.25,37,84,Critical,Medium,5,Yes,60,"50,001–80,000"
V09325,Truck,10,46949,95,2762,50,8.0,11.57,38,38,Critical,High,4,No,60,"50,001–80,000"
V09326,Hatchback,2,46411,108,2497,39,15.1,11.78,40,92,Good,High,10,Yes,50,"25,001–50,000"
V09327,Truck,14,172222,105,2210,43,8.0,12.06,31,56,Critical,Low,5,No,50,"25,001–50,000"
V09328,SUV,15,129230,108,2708,27,7.9,12.93,37,92,Good,Medium,6,No,50,"25,001–50,000"
V09329,SUV,9,110364,98,2504,38,8.7,12.3,37,48,Worn,Low,4,No,100,"80,001+"
V09330,SUV,15,135396,96,2705,27,16.8,12.63,44,86,Worn,Medium,8,No,70,"50,001–80,000"
V09331,SUV,12,177030,106,2897,27,8.2,11.86,35,75,Good,Medium,3,No,50,"25,001–50,000"
V09332,SUV,1,23727,101,1945,46,18.0,11.16,36,92,Good,Low,1,No,80,"80,001+"
V09333,Truck,12,178883,108,2988,38,15.6,11.44,40,43,Moderate,Low,5,No,70,"50,001–80,000"
V09334,Truck,12,44309,93,1741,43,12.3,11.82,34,83,Critical,Medium,12,Yes,60,"50,001–80,000"
V09335,SUV,5,96682,93,1650,21,13.6,12.04,40,84,Critical,Medium,6,Yes,60,"50,001–80,000"
V09336,Hatchback,6,61671,110,2721,42,14.4,11.32,45,61,Good,Low,10,No,70,"50,001–80,000"
V09337,Truck,1,47549,103,1965,33,13.0,12.56,30,88,Worn,Medium,5,Yes,80,"80,001+"
V09338,Truck,13,89241,85,2666,31,6.5,11.02,43,110,Moderate,Medium,6,No,90,"80,001+"
V09339,Hatchback,3,70629,107,2291,35,7.5,12.77,38,48,Good,Medium,9,No,70,"50,001–80,000"
V09340,Hatchback,13,13606,95,2396,45,8.3,12.51,36,32,Critical,High,3,No,50,"25,001–50,000"
V09341,Sedan,3,55277,93,2852,27,9.3,12.57,38,37,Good,Low,12,Yes,70,"50,001–80,000"
V09342,Truck,14,138156,96,2972,50,17.2,12.84,34,75,Worn,Medium,7,No,90,"80,001+"
V09343,Truck,6,44350,108,2098,39,8.2,11.07,36,32,Moderate,Low,9,No,70,"50,001–80,000"
V09344,Sedan,7,12354,104,2132,24,6.4,11.72,33,79,Critical,Low,11,No,30,"10,001–25,000"
V09345,Hatchback,10,163328,92,2403,24,18.6,12.77,41,58,Worn,Low,10,No,70,"50,001–80,000"
V09346,SUV,14,20492,97,2271,48,8.7,11.88,45,96,Worn,Low,2,No,90,"80,001+"
V09347,Sedan,12,27380,93,2743,29,13.9,11.23,42,66,Good,High,7,No,50,"25,001–50,000"
V09348,SUV,15,190127,105,1660,25,13.4,12.1,43,83,Good,High,1,No,30,"10,001–25,000"
V09349,SUV,1,173199,89,2935,27,16.5,11.27,37,87,Worn,Low,5,No,80,"80,001+"
V09350,Truck,9,49899,96,2768,29,12.6,12.13,42,78,Good,High,3,No,60,"50,001–80,000"
V09351,Hatchback,13,104108,91,1877,42,11.8,12.88,42,66,Good,Low,3,No,90,"80,001+"
V09352,Sedan,13,70522,88,2181,50,13.8,11.26,43,41,Worn,High,8,No,70,"50,001–80,000"
V09353,Sedan,14,51645,109,1657,46,11.0,11.99,40,71,Worn,Medium,4,Yes,70,"50,001–80,000"
V09354,Hatchback,14,95664,109,2810,47,9.7,11.25,37,89,Critical,High,2,No,30,"10,001–25,000"
V09355,SUV,7,141363,95,2263,46,7.9,12.29,30,70,Worn,Low,9,Yes,90,"80,001+"
V09356,Truck,12,110723,87,2621,29,9.6,12.62,40,49,Critical,High,9,Yes,20,"10,001–25,000"
V09357,Sedan,15,87837,104,2909,29,11.9,11.84,34,41,Worn,High,11,Yes,20,"10,001–25,000"
V09358,Sedan,10,69542,109,2033,42,8.7,11.65,32,84,Moderate,High,3,Yes,60,"50,001–80,000"
V09359,Hatchback,10,195381,95,1658,26,15.9,12.7,44,31,Critical,High,11,No,30,"10,001–25,000"
V09360,SUV,5,104340,87,2588,35,12.6,12.1,41,34,Good,High,12,Yes,70,"50,001–80,000"
V09361,Truck,10,127414,90,2281,44,17.8,12.07,39,67,Moderate,High,3,Yes,80,"80,001+"
V09362,SUV,11,87283,110,2139,48,8.1,12.26,41,49,Good,High,8,No,50,"25,001–50,000"
V09363,Sedan,10,17062,105,2986,25,6.8,12.18,36,72,Moderate,Medium,7,Yes,60,"50,001–80,000"
V09364,SUV,11,90590,105,2224,23,16.6,11.31,43,54,Moderate,Medium,10,Yes,40,"25,001–50,000"
V09365,Sedan,14,93798,89,1966,41,17.4,12.25,36,34,Worn,High,6,Yes,70,"50,001–80,000"
V09366,SUV,6,89153,110,1638,32,15.8,11.16,34,51,Critical,Medium,2,Yes,60,"50,001–80,000"
V09367,SUV,3,31767,103,1973,39,10.3,11.93,32,53,Moderate,Low,7,Yes,80,"80,001+"
V09368,Hatchback,8,102573,110,2069,30,17.2,12.98,36,87,Good,Medium,11,No,70,"50,001–80,000"
V09369,Hatchback,1,131498,102,1708,24,18.5,12.72,35,107,Worn,Medium,9,Yes,50,"25,001–50,000"
V09370,Sedan,10,155153,105,1519,41,6.7,11.22,44,34,Worn,Low,12,Yes,70,"50,001–80,000"
V09371,SUV,9,100779,103,2902,40,17.1,11.66,40,82,Good,Medium,10,No,70,"50,001–80,000"
V09372,Sedan,15,109351,100,1652,36,14.1,11.42,33,66,Worn,High,3,Yes,70,"50,001–80,000"
V09373,Hatchback,14,13156,104,2148,33,19.3,12.12,38,55,Good,High,5,No,50,"25,001–50,000"
V09374,Truck,3,194361,95,2538,41,12.4,11.57,34,75,Good,High,12,No,70,"50,001–80,000"
V09375,Hatchback,6,137378,95,2556,36,17.7,11.83,40,70,Good,Medium,6,No,100,"80,001+"
V09376,Sedan,7,29670,95,1681,20,13.1,11.14,30,50,Moderate,Medium,2,Yes,80,"80,001+"
V09377,SUV,6,167782,102,1816,35,13.2,11.25,34,51,Worn,Low,8,No,80,"80,001+"
V09378,Hatchback,15,24288,104,1734,24,11.2,11.03,45,100,Worn,Low,9,No,40,"25,001–50,000"
V09379,Hatchback,1,138904,89,1632,43,9.7,11.13,33,60,Critical,Medium,1,Yes,80,"80,001+"
V09380,Sedan,3,50018,86,2205,40,7.3,12.65,32,43,Moderate,Low,12,No,90,"80,001+"
V09381,Sedan,10,110432,87,1677,43,19.0,12.25,44,65,Moderate,High,3,Yes,80,"80,001+"
V09382,Hatchback,8,195601,87,1846,27,5.8,12.22,40,35,Moderate,Low,8,Yes,80,"80,001+"
V09383,SUV,5,102385,87,2504,20,13.3,12.86,41,31,Critical,Low,6,Yes,60,"50,001–80,000"
V09384,Hatchback,7,186405,97,1912,48,7.1,11.61,32,53,Critical,Low,4,Yes,80,"80,001+"
V09385,Truck,13,193298,105,1689,50,8.4,12.37,37,74,Worn,Low,9,No,60,"50,001–80,000"
V09386,Hatchback,15,68011,96,1674,36,15.2,12.98,36,47,Good,High,1,Yes,70,"50,001–80,000"
V09387,Sedan,1,18007,93,1978,42,14.1,12.21,45,80,Critical,Medium,9,No,70,"50,001–80,000"
V09388,Truck,12,138527,105,2390,42,13.3,12.69,43,42,Good,Medium,3,Yes,70,"50,001–80,000"
V09389,Hatchback,12,142326,93,1702,23,9.3,11.46,38,96,Moderate,Medium,7,No,70,"50,001–80,000"
V09390,Sedan,10,124478,101,1801,47,18.3,12.27,30,53,Moderate,Medium,1,Yes,80,"80,001+"
V09391,Hatchback,14,90575,104,2104,32,8.1,12.52,36,108,Moderate,Low,12,No,60,"50,001–80,000"
V09392,Sedan,12,169930,88,2309,31,17.0,11.84,37,42,Moderate,Low,4,Yes,90,"80,001+"
V09393,Hatchback,4,115005,105,2002,22,10.3,12.84,44,53,Critical,Medium,9,Yes,30,"10,001–25,000"
V09394,Truck,8,47093,97,2678,45,18.3,12.62,39,100,Critical,Low,7,Yes,80,"80,001+"
V09395,Truck,14,144788,102,2782,37,7.1,12.21,43,59,Worn,High,2,No,50,"25,001–50,000"
V09396,Hatchback,6,117045,110,1871,47,14.6,11.11,32,37,Moderate,Low,8,Yes,80,"80,001+"
V09397,Hatchback,15,127140,87,2722,46,15.8,12.7,40,30,Critical,High,6,Yes,50,"25,001–50,000"
V09398,Hatchback,13,142297,87,2552,43,14.5,11.93,36,88,Worn,Medium,8,No,90,"80,001+"
V09399,SUV,10,142587,100,2986,41,19.1,11.07,41,62,Good,Low,2,Yes,100,"80,001+"
V09400,Hatchback,10,48900,100,1710,48,5.2,11.65,44,78,Moderate,Low,12,Yes,90,"80,001+"
V09401,Truck,9,21429,99,2770,28,11.9,12.39,45,49,Worn,High,4,No,60,"50,001–80,000"
V09402,Sedan,3,31740,86,2761,45,14.5,12.37,30,44,Worn,High,12,No,70,"50,001–80,000"
V09403,SUV,5,69460,85,1855,38,16.3,12.74,31,39,Good,Low,4,No,100,"80,001+"
V09404,Hatchback,7,83668,94,2161,47,9.3,12.54,45,102,Good,Low,11,Yes,90,"80,001+"
V09405,SUV,13,140180,86,2619,29,10.0,12.67,33,77,Worn,Low,12,Yes,60,"50,001–80,000"
V09406,Truck,5,139374,91,1695,47,11.8,11.73,38,48,Worn,High,11,No,70,"50,001–80,000"
V09407,Sedan,15,94422,96,1912,23,6.8,11.44,34,43,Worn,High,5,No,50,"25,001–50,000"
V09408,Hatchback,14,198847,86,2789,26,16.2,11.86,36,59,Good,Low,1,No,70,"50,001–80,000"
V09409,Truck,4,26827,88,2157,46,13.6,12.8,30,82,Critical,Medium,6,Yes,80,"80,001+"
V09410,Sedan,15,42181,89,1509,34,19.0,11.12,32,34,Worn,High,1,No,70,"50,001–80,000"
V09411,Truck,14,164618,110,2015,49,12.2,12.24,38,48,Worn,High,1,No,50,"25,001–50,000"
V09412,Sedan,11,81051,106,1656,36,16.1,12.71,30,49,Moderate,High,9,Yes,40,"25,001–50,000"
V09413,Sedan,6,60596,105,1851,37,5.6,11.4,43,90,Good,High,7,No,60,"50,001–80,000"
V09414,Sedan,2,155343,110,1549,35,14.4,11.66,38,87,Good,High,8,Yes,60,"50,001–80,000"
V09415,SUV,5,188599,107,2747,50,13.6,11.23,33,71,Critical,High,4,No,40,"25,001–50,000"
V09416,Truck,1,95740,85,2699,33,6.0,12.01,42,38,Critical,Medium,1,No,80,"80,001+"
V09417,Hatchback,10,124324,93,2977,34,7.9,12.67,41,53,Moderate,High,12,Yes,70,"50,001–80,000"
V09418,Truck,7,102286,87,2063,49,5.4,11.19,40,99,Critical,High,9,No,50,"25,001–50,000"
V09419,Truck,2,47579,102,1557,33,8.4,11.18,43,55,Moderate,High,4,Yes,60,"50,001–80,000"
V09420,Truck,3,178858,93,1815,38,5.8,11.77,35,53,Good,Medium,8,No,100,"80,001+"
V09421,Truck,7,86001,95,1896,32,17.0,11.07,32,93,Worn,Medium,5,Yes,100,"80,001+"
V09422,Sedan,8,9383,108,2941,24,16.1,12.3,32,38,Good,High,7,No,40,"25,001–50,000"
V09423,SUV,10,72835,109,2059,41,8.0,12.38,35,87,Critical,Low,11,No,50,"25,001–50,000"
V09424,Sedan,2,16564,110,2769,29,6.8,12.42,34,30,Worn,Medium,8,Yes,60,"50,001–80,000"
V09425,Truck,15,5697,100,2334,34,13.4,11.82,32,73,Good,Medium,11,No,80,"80,001+"
V09426,Truck,12,161340,99,1949,34,18.3,12.02,45,97,Critical,Medium,1,Yes,70,"50,001–80,000"
V09427,Sedan,6,158811,102,2962,26,15.6,11.01,33,87,Worn,High,4,Yes,40,"25,001–50,000"
V09428,SUV,5,99988,93,1654,20,18.9,11.42,33,33,Worn,Medium,12,Yes,70,"50,001–80,000"
V09429,Hatchback,13,65253,100,1897,26,19.4,12.22,30,78,Worn,Low,10,Yes,60,"50,001–80,000"
V09430,Hatchback,3,166518,108,2148,27,18.5,11.58,42,87,Moderate,High,7,Yes,40,"25,001–50,000"
V09431,Truck,8,156750,92,2196,34,14.4,12.24,40,107,Critical,High,5,No,60,"50,001–80,000"
V09432,SUV,5,145815,91,2959,45,11.6,12.35,40,57,Moderate,High,7,No,80,"80,001+"
V09433,SUV,7,13393,91,2386,50,13.3,12.08,33,34,Worn,Medium,9,No,90,"80,001+"
V09434,Truck,2,158899,107,2745,36,17.3,12.94,30,84,Worn,Medium,10,Yes,70,"50,001–80,000"
V09435,Sedan,13,102680,109,2213,29,14.1,12.65,40,46,Worn,Medium,2,No,50,"25,001–50,000"
V09436,Sedan,8,94292,100,2068,43,16.2,12.45,31,71,Moderate,Low,1,No,100,"80,001+"
V09437,Truck,12,140721,94,2225,45,6.5,12.21,40,92,Good,Medium,10,No,80,"80,001+"
V09438,Hatchback,2,29452,109,1998,29,8.3,12.84,42,80,Worn,High,11,No,30,"10,001–25,000"
V09439,Hatchback,11,126987,92,1886,45,10.0,11.11,37,62,Critical,Medium,8,Yes,70,"50,001–80,000"
V09440,Sedan,7,183072,98,2322,46,14.8,11.15,34,107,Critical,Low,4,Yes,80,"80,001+"
V09441,Sedan,4,133206,101,2200,23,10.8,12.73,30,105,Critical,Low,7,Yes,40,"25,001–50,000"
V09442,SUV,13,9294,87,2980,49,8.6,12.35,44,91,Good,High,12,Yes,60,"50,001–80,000"
V09443,SUV,2,85309,91,2410,49,15.2,12.33,34,104,Worn,High,1,Yes,80,"80,001+"
V09444,Truck,9,197146,91,2470,44,10.6,12.82,44,67,Worn,High,9,No,70,"50,001–80,000"
V09445,Hatchback,1,145752,94,2458,27,11.5,12.81,44,77,Worn,Medium,2,No,80,"80,001+"
V09446,Sedan,14,58270,108,2583,37,9.6,11.04,39,43,Critical,Low,5,Yes,50,"25,001–50,000"
V09447,Truck,9,173639,105,1887,37,10.1,12.13,39,110,Good,Low,10,No,70,"50,001–80,000"
V09448,Sedan,1,76728,89,1685,50,15.3,11.56,45,61,Critical,Medium,8,Yes,80,"80,001+"
V09449,Sedan,6,171368,108,2910,25,19.5,12.3,33,35,Worn,High,2,Yes,40,"25,001–50,000"
V09450,SUV,7,176070,93,1830,30,7.8,11.16,33,45,Worn,High,8,Yes,80,"80,001+"
V09451,Sedan,2,56641,92,2078,27,5.3,12.6,45,58,Critical,High,5,No,40,"25,001–50,000"
V09452,Sedan,6,103715,98,2681,39,13.1,12.88,40,33,Worn,Low,8,Yes,100,"80,001+"
V09453,Hatchback,13,177633,96,2616,40,5.2,11.56,30,41,Good,High,6,Yes,70,"50,001–80,000"
V09454,Sedan,2,75393,86,1971,22,18.4,11.36,42,73,Critical,High,12,Yes,30,"10,001–25,000"
V09455,Truck,14,46881,89,2982,44,17.7,12.68,45,39,Critical,Medium,11,No,60,"50,001–80,000"
V09456,Sedan,7,101142,99,2215,22,11.6,12.67,41,58,Critical,Medium,2,Yes,60,"50,001–80,000"
V09457,Sedan,15,28608,95,1712,32,7.8,11.36,45,69,Moderate,Medium,6,Yes,90,"80,001+"
V09458,Hatchback,6,35749,95,2742,42,8.9,11.39,38,62,Critical,High,4,Yes,60,"50,001–80,000"
V09459,Truck,2,181506,99,1731,43,7.7,12.83,30,77,Critical,High,7,Yes,60,"50,001–80,000"
V09460,SUV,4,7469,98,2146,43,17.6,12.1,44,95,Good,Low,12,No,90,"80,001+"
V09461,SUV,6,93389,100,2318,46,10.1,12.67,31,104,Good,High,3,No,80,"80,001+"
V09462,SUV,9,26944,102,2486,43,5.8,12.76,36,80,Worn,Medium,8,Yes,80,"80,001+"
V09463,Hatchback,11,61514,102,2841,27,15.4,12.95,45,92,Worn,High,4,No,30,"10,001–25,000"
V09464,Truck,15,51536,102,2424,46,19.5,12.84,33,85,Good,High,6,Yes,50,"25,001–50,000"
V09465,Truck,9,144561,89,2945,29,18.8,12.57,34,107,Worn,Medium,1,Yes,80,"80,001+"
V09466,SUV,7,72870,93,1757,22,15.4,11.07,39,51,Good,Low,8,Yes,80,"80,001+"
V09467,Hatchback,3,29319,85,1544,50,11.8,11.07,38,34,Moderate,High,8,Yes,80,"80,001+"
V09468,Truck,6,84289,105,2948,38,6.9,11.26,38,33,Critical,High,5,No,40,"25,001–50,000"
V09469,Hatchback,4,118060,97,1992,31,18.5,12.72,42,105,Worn,Low,12,No,90,"80,001+"
V09470,Hatchback,2,172703,106,1601,40,9.8,12.19,34,58,Moderate,Low,5,No,80,"80,001+"
V09471,SUV,3,25729,85,2665,33,7.8,12.58,30,80,Worn,High,7,No,80,"80,001+"
V09472,Sedan,14,83108,86,1502,24,7.9,11.45,31,32,Critical,Medium,12,Yes,40,"25,001–50,000"
V09473,SUV,11,154678,99,2691,38,11.3,11.19,42,43,Moderate,High,2,Yes,70,"50,001–80,000"
V09474,Sedan,11,46034,98,1816,45,6.4,11.22,32,97,Good,Low,5,No,90,"80,001+"
V09475,Truck,11,140216,101,2490,20,12.1,11.24,37,109,Moderate,Medium,6,Yes,50,"25,001–50,000"
V09476,Sedan,10,195962,93,2995,32,19.2,11.12,30,104,Worn,Low,9,No,90,"80,001+"
V09477,Sedan,6,129238,106,1732,50,17.2,12.37,43,90,Moderate,Low,9,No,70,"50,001–80,000"
V09478,Truck,3,95700,89,2420,20,9.2,11.12,36,44,Critical,Low,4,Yes,60,"50,001–80,000"
V09479,Sedan,1,37368,92,2776,22,12.3,12.58,36,58,Critical,High,6,No,40,"25,001–50,000"
V09480,Sedan,14,133627,108,2244,21,12.9,12.3,40,98,Good,Medium,9,No,40,"25,001–50,000"
V09481,Truck,11,146652,102,2944,49,6.9,12.94,43,70,Moderate,Low,10,No,60,"50,001–80,000"
V09482,Sedan,9,20590,110,2761,41,18.6,11.3,32,40,Moderate,Medium,1,Yes,80,"80,001+"
V09483,Hatchback,5,36669,89,2019,40,13.2,11.33,40,40,Worn,Medium,2,Yes,100,"80,001+"
V09484,Sedan,10,53534,102,2933,37,12.4,11.27,43,101,Worn,Medium,11,No,70,"50,001–80,000"
V09485,Sedan,11,61288,105,1954,25,15.6,11.3,41,32,Worn,Medium,2,Yes,50,"25,001–50,000"
V09486,Sedan,15,135043,106,2927,42,17.0,12.83,32,31,Critical,Medium,10,No,40,"25,001–50,000"
V09487,Sedan,15,116029,103,2875,37,15.2,12.94,39,59,Worn,Low,6,Yes,70,"50,001–80,000"
V09488,SUV,15,176249,97,2560,24,7.1,11.59,31,63,Worn,Medium,4,Yes,70,"50,001–80,000"
V09489,SUV,10,20069,107,2180,44,9.8,11.6,35,85,Moderate,Medium,12,Yes,70,"50,001–80,000"
V09490,Hatchback,7,107674,100,1682,33,5.8,11.78,38,87,Worn,High,12,No,70,"50,001–80,000"
V09491,Hatchback,4,65987,87,2196,26,17.8,11.64,37,52,Critical,High,11,No,30,"10,001–25,000"
V09492,Hatchback,3,56076,96,2319,34,14.8,11.84,43,82,Critical,Low,2,No,80,"80,001+"
V09493,SUV,10,182431,105,2160,44,9.2,11.14,41,42,Critical,High,2,Yes,40,"25,001–50,000"
V09494,Hatchback,10,31796,97,2529,42,9.9,12.96,35,95,Moderate,High,12,Yes,70,"50,001–80,000"
V09495,Hatchback,3,193512,98,1845,47,18.8,11.08,43,109,Worn,Medium,1,No,100,"80,001+"
V09496,Sedan,5,165578,99,2142,27,7.6,12.5,34,55,Worn,Low,10,Yes,70,"50,001–80,000"
V09497,Hatchback,6,134048,110,2981,45,12.4,11.14,42,93,Moderate,Medium,7,No,80,"80,001+"
V09498,SUV,11,18827,100,2983,39,7.1,12.42,39,54,Good,Medium,3,Yes,90,"80,001+"
V09499,Truck,10,171457,85,2064,41,19.5,12.37,36,82,Worn,High,7,Yes,80,"80,001+"
V09500,Truck,14,193039,102,1968,29,15.0,12.86,41,82,Critical,Medium,9,Yes,20,"10,001–25,000"
V09501,Truck,10,98118,105,2308,20,13.9,11.99,33,34,Moderate,Low,8,Yes,60,"50,001–80,000"
V09502,SUV,1,27452,94,2504,20,12.1,12.18,44,57,Worn,Medium,4,No,80,"80,001+"
V09503,Hatchback,2,192672,105,2433,44,11.2,11.29,41,103,Critical,Medium,7,Yes,60,"50,001–80,000"
V09504,Truck,1,51977,85,2752,35,16.2,12.48,30,80,Worn,High,4,No,80,"80,001+"
V09505,SUV,7,62404,105,1740,48,17.5,12.61,31,53,Moderate,High,7,Yes,60,"50,001–80,000"
V09506,Truck,10,177916,85,2866,34,12.5,11.96,39,79,Critical,Medium,3,Yes,80,"80,001+"
V09507,Sedan,12,35185,89,2876,42,12.0,12.05,40,41,Critical,Medium,9,Yes,60,"50,001–80,000"
V09508,Hatchback,4,118494,94,2777,47,17.5,11.71,39,36,Moderate,Medium,7,No,100,"80,001+"
V09509,Sedan,6,175509,98,2497,37,15.1,11.43,43,75,Critical,Medium,2,Yes,80,"80,001+"
V09510,Truck,4,67667,110,2767,40,14.5,12.01,43,53,Good,High,5,No,60,"50,001–80,000"
V09511,Sedan,5,41507,100,2293,27,5.5,12.83,36,92,Good,Medium,1,No,80,"80,001+"
V09512,Hatchback,11,73575,94,2780,31,8.1,11.2,36,68,Moderate,High,2,No,70,"50,001–80,000"
V09513,Truck,5,51400,94,1991,43,18.0,11.34,41,71,Worn,Low,7,Yes,100,"80,001+"
V09514,Truck,15,96370,89,2727,31,11.4,12.34,45,90,Worn,High,3,Yes,70,"50,001–80,000"
V09515,Truck,13,67057,87,1917,36,19.5,11.07,42,43,Critical,Low,1,Yes,70,"50,001–80,000"
V09516,Sedan,2,176163,92,2224,22,18.5,11.23,38,42,Worn,Medium,2,Yes,80,"80,001+"
V09517,Hatchback,10,8507,104,2171,50,9.9,12.05,42,70,Worn,Medium,4,Yes,80,"80,001+"
V09518,Truck,14,22815,104,2508,30,14.7,12.84,38,42,Moderate,Medium,2,No,70,"50,001–80,000"
V09519,SUV,12,50395,99,1824,38,13.8,12.52,36,104,Moderate,High,5,No,70,"50,001–80,000"
V09520,Truck,15,9940,92,1885,49,16.9,12.59,33,109,Moderate,High,7,Yes,70,"50,001–80,000"
V09521,Sedan,2,191187,95,1681,50,15.8,12.33,39,109,Worn,Medium,8,No,100,"80,001+"
V09522,SUV,7,21066,107,2303,26,15.1,12.0,37,60,Moderate,Medium,8,Yes,60,"50,001–80,000"
V09523,Sedan,10,192283,108,2973,39,14.2,12.09,42,101,Critical,High,5,No,40,"25,001–50,000"
V09524,Truck,2,147069,96,2808,37,6.4,11.68,42,72,Critical,High,6,Yes,60,"50,001–80,000"
V09525,Truck,15,124157,100,1867,50,14.6,12.12,30,86,Good,Medium,3,Yes,90,"80,001+"
V09526,Sedan,15,76169,90,1881,31,19.5,12.7,31,52,Worn,High,11,No,60,"50,001–80,000"
V09527,Sedan,9,161149,92,2646,29,7.8,11.2,33,35,Good,Low,4,Yes,80,"80,001+"
V09528,SUV,4,22171,91,1914,26,5.9,11.38,30,79,Moderate,Low,6,No,80,"80,001+"
V09529,Truck,13,147955,105,2552,43,7.0,12.38,37,105,Good,High,11,Yes,40,"25,001–50,000"
V09530,SUV,8,161183,109,2930,44,12.6,11.51,40,30,Good,Medium,12,Yes,70,"50,001–80,000"
V09531,Hatchback,8,156422,103,2491,30,10.1,12.63,36,72,Good,Low,12,Yes,70,"50,001–80,000"
V09532,Hatchback,2,163995,105,1851,49,10.1,12.84,36,77,Good,High,8,No,60,"50,001–80,000"
V09533,Hatchback,7,101939,102,2889,41,16.1,12.74,45,97,Moderate,High,2,Yes,60,"50,001–80,000"
V09534,Hatchback,15,69896,86,2073,34,7.1,11.41,45,99,Critical,High,12,No,40,"25,001–50,000"
V09535,Truck,4,8153,88,1565,26,13.7,11.61,42,93,Moderate,Low,12,No,70,"50,001–80,000"
V09536,Sedan,10,119671,101,1646,32,17.1,11.66,30,94,Critical,Medium,5,No,60,"50,001–80,000"
V09537,Sedan,4,120377,107,2982,40,17.1,11.58,39,80,Moderate,High,10,Yes,50,"25,001–50,000"
V09538,Hatchback,1,8864,90,2166,44,8.8,11.87,30,49,Moderate,Low,4,Yes,100,"80,001+"
V09539,Truck,2,126735,98,2844,48,10.6,11.68,39,66,Moderate,Medium,3,Yes,100,"80,001+"
V09540,SUV,7,147860,100,1920,43,18.7,11.1,34,40,Good,Medium,2,Yes,100,"80,001+"
V09541,Hatchback,8,45841,96,1526,43,8.0,11.73,42,62,Good,High,1,Yes,80,"80,001+"
V09542,Truck,9,12410,86,2802,42,5.9,11.64,33,97,Moderate,High,3,Yes,80,"80,001+"
V09543,Truck,2,108309,88,1590,22,15.0,12.73,31,44,Good,Medium,2,Yes,80,"80,001+"
V09544,Truck,7,60921,97,2674,23,15.1,11.87,30,49,Good,Medium,3,No,80,"80,001+"
V09545,Truck,14,100060,110,2671,43,13.4,11.82,36,44,Moderate,Low,1,Yes,70,"50,001–80,000"
V09546,Truck,11,84569,109,2626,25,19.6,12.85,37,54,Critical,Medium,2,Yes,30,"10,001–25,000"
V09547,SUV,12,112262,100,2685,45,9.2,11.81,36,84,Worn,Medium,12,No,80,"80,001+"
V09548,Truck,5,14050,91,2299,37,8.6,11.94,41,56,Critical,Low,8,No,80,"80,001+"
V09549,Hatchback,10,126907,86,1576,49,6.4,11.55,41,88,Good,Low,7,Yes,100,"80,001+"
V09550,Sedan,8,32977,97,2078,20,6.5,11.87,41,45,Good,High,2,Yes,60,"50,001–80,000"
V09551,Hatchback,12,32832,92,2434,40,8.5,12.84,32,85,Critical,Medium,5,Yes,70,"50,001–80,000"
V09552,SUV,9,35032,104,2298,44,7.0,12.57,40,67,Good,High,3,No,60,"50,001–80,000"
V09553,Truck,5,74574,89,2154,48,5.5,12.23,43,44,Worn,Low,3,No,100,"80,001+"
V09554,Sedan,15,151029,105,2877,21,5.7,11.49,36,36,Critical,Medium,9,No,20,"10,001–25,000"
V09555,SUV,9,41179,106,2297,22,11.4,11.09,31,64,Worn,Medium,8,Yes,60,"50,001–80,000"
V09556,Hatchback,13,68017,95,1815,33,19.4,11.14,31,40,Moderate,High,3,No,70,"50,001–80,000"
V09557,Sedan,10,171095,91,2713,50,7.9,11.63,36,43,Good,Medium,8,No,100,"80,001+"
V09558,Sedan,1,51422,94,2162,41,18.5,11.88,40,72,Moderate,High,12,No,70,"50,001–80,000"
V09559,SUV,10,150129,96,2146,46,18.2,11.39,40,99,Moderate,Low,7,No,100,"80,001+"
V09560,Truck,5,11635,93,2730,31,6.9,12.91,31,105,Good,Medium,9,Yes,90,"80,001+"
V09561,Sedan,2,15043,94,2940,26,10.7,12.66,41,100,Good,Low,7,No,80,"80,001+"
V09562,SUV,7,117232,90,2295,43,14.1,12.99,30,63,Moderate,High,8,Yes,80,"80,001+"
V09563,Hatchback,12,135786,89,1887,33,5.0,12.73,39,52,Moderate,Low,8,Yes,90,"80,001+"
V09564,Hatchback,1,193133,97,1529,32,5.3,11.87,33,63,Moderate,Low,9,No,90,"80,001+"
V09565,Hatchback,14,81242,106,2952,25,7.3,12.52,39,93,Critical,Low,3,Yes,30,"10,001–25,000"
V09566,Sedan,1,183317,96,2105,36,17.5,12.21,45,74,Worn,Low,4,Yes,100,"80,001+"
V09567,Sedan,3,50791,99,2628,45,13.5,11.43,33,105,Critical,Medium,7,Yes,80,"80,001+"
V09568,Truck,9,28420,103,1880,38,14.4,12.64,44,42,Good,Low,11,Yes,70,"50,001–80,000"
V09569,Sedan,7,87874,103,1691,31,19.3,11.95,44,100,Worn,Low,12,No,70,"50,001–80,000"
V09570,Truck,3,176786,103,2301,34,17.3,11.06,35,67,Critical,High,7,No,40,"25,001–50,000"
V09571,Sedan,5,56816,104,2248,35,11.2,12.66,41,30,Moderate,Low,2,No,80,"80,001+"
V09572,Hatchback,15,62439,91,2157,21,12.7,11.32,41,33,Critical,High,6,Yes,30,"10,001–25,000"
V09573,Truck,5,51319,100,1849,31,8.7,12.03,39,51,Good,High,2,No,80,"80,001+"
V09574,Sedan,9,136123,97,1847,28,13.7,11.14,41,99,Critical,Medium,6,No,60,"50,001–80,000"
V09575,Hatchback,15,60343,90,1987,36,14.6,11.55,42,92,Worn,Medium,5,No,90,"80,001+"
V09576,Truck,13,110863,107,2919,38,15.7,12.53,43,82,Critical,Medium,9,Yes,40,"25,001–50,000"
V09577,SUV,4,75521,87,2523,22,18.4,11.04,40,38,Moderate,Low,10,Yes,70,"50,001–80,000"
V09578,SUV,14,195745,92,1514,25,6.2,12.25,45,51,Worn,Low,5,Yes,70,"50,001–80,000"
V09579,Sedan,13,11092,92,2910,31,16.7,12.99,45,40,Good,High,2,No,70,"50,001–80,000"
V09580,Truck,3,152701,85,2349,37,10.9,12.78,31,86,Critical,Medium,1,No,80,"80,001+"
V09581,Truck,1,86513,108,2811,24,19.1,12.15,34,73,Worn,High,5,Yes,40,"25,001–50,000"
V09582,Sedan,11,106413,98,1971,30,14.8,11.28,33,43,Critical,Low,6,Yes,70,"50,001–80,000"
V09583,SUV,2,48199,96,2352,38,10.7,12.63,36,60,Critical,High,4,Yes,60,"50,001–80,000"
V09584,Truck,3,88683,98,1701,33,7.1,11.98,39,33,Critical,High,7,Yes,60,"50,001–80,000"
V09585,Hatchback,4,164802,105,2627,27,8.7,11.41,39,107,Worn,Low,2,Yes,60,"50,001–80,000"
V09586,SUV,12,76743,89,2197,49,12.1,12.9,40,80,Critical,High,7,Yes,50,"25,001–50,000"
V09587,Sedan,10,86198,104,1741,34,8.6,11.2,35,72,Moderate,High,5,No,60,"50,001–80,000"
V09588,Sedan,15,100432,94,2605,23,15.8,12.49,34,108,Moderate,Medium,2,No,70,"50,001–80,000"
V09589,Truck,4,22798,101,1729,40,15.1,12.42,37,47,Critical,High,2,Yes,40,"25,001–50,000"
V09590,Truck,2,17516,87,1632,42,13.1,11.11,41,43,Moderate,Medium,5,Yes,100,"80,001+"
V09591,Hatchback,13,159258,99,2974,38,14.8,11.07,39,77,Good,Low,6,Yes,90,"80,001+"
V09592,Truck,6,32235,95,2514,47,19.9,12.74,42,73,Good,Low,3,Yes,100,"80,001+"
V09593,Sedan,15,172764,107,1707,26,10.4,12.7,40,87,Worn,Medium,8,Yes,50,"25,001–50,000"
V09594,Truck,7,146700,90,2672,20,7.2,12.82,34,67,Worn,Low,6,Yes,80,"80,001+"
V09595,SUV,12,169667,91,2333,30,6.7,11.14,43,78,Good,High,9,Yes,60,"50,001–80,000"
V09596,SUV,11,157664,103,2858,48,18.2,12.67,33,31,Critical,Low,1,No,50,"25,001–50,000"
V09597,Truck,4,189974,96,2161,34,8.4,12.88,36,45,Moderate,Medium,10,Yes,90,"80,001+"
V09598,SUV,1,130986,93,1613,42,12.5,11.4,30,51,Good,Medium,4,No,100,"80,001+"
V09599,Sedan,6,181338,107,2680,47,17.3,11.75,45,89,Moderate,Low,12,No,70,"50,001–80,000"
V09600,Sedan,1,183880,105,2371,24,17.1,11.43,38,92,Moderate,Medium,11,Yes,50,"25,001–50,000"
V09601,Hatchback,11,36872,94,2547,32,6.8,12.12,34,30,Moderate,Low,6,No,90,"80,001+"
V09602,SUV,5,69112,95,2655,50,16.6,11.29,43,104,Moderate,Low,10,Yes,90,"80,001+"
V09603,Sedan,4,29465,90,2359,50,9.8,11.54,33,55,Moderate,High,12,No,70,"50,001–80,000"
V09604,Hatchback,7,83748,103,2305,37,19.5,11.05,43,107,Good,Medium,12,Yes,70,"50,001–80,000"
V09605,Sedan,2,141406,101,2250,20,5.8,12.09,39,72,Critical,Medium,6,No,40,"25,001–50,000"
V09606,SUV,6,119259,106,2592,25,5.3,12.45,38,70,Worn,High,4,No,40,"25,001–50,000"
V09607,Hatchback,1,6916,107,1670,27,18.9,11.75,30,94,Good,Medium,11,No,50,"25,001–50,000"
V09608,Truck,7,18836,109,2201,36,13.9,11.91,31,78,Critical,Low,7,Yes,60,"50,001–80,000"
V09609,SUV,5,49284,109,1565,22,10.7,11.28,36,103,Worn,High,1,Yes,40,"25,001–50,000"
V09610,Truck,8,102502,87,2677,22,6.1,12.54,37,34,Moderate,High,1,No,60,"50,001–80,000"
V09611,Hatchback,10,175038,101,2568,31,5.3,11.08,34,96,Critical,High,11,No,30,"10,001–25,000"
V09612,SUV,13,22990,85,2638,22,12.5,11.75,45,67,Moderate,Low,5,No,70,"50,001–80,000"
V09613,Truck,1,77236,89,2914,32,12.1,11.65,43,70,Critical,Medium,6,Yes,80,"80,001+"
V09614,Hatchback,14,158199,103,1997,34,11.6,11.05,44,84,Good,High,10,Yes,40,"25,001–50,000"
V09615,SUV,13,180104,94,2094,34,7.5,11.94,35,60,Good,Medium,3,Yes,90,"80,001+"
V09616,Truck,13,155098,94,1820,48,16.8,11.04,42,103,Critical,Low,12,Yes,60,"50,001–80,000"
V09617,Hatchback,7,63560,101,1822,35,7.5,12.96,39,100,Moderate,High,2,Yes,60,"50,001–80,000"
V09618,Hatchback,1,172809,95,2242,28,9.0,11.75,42,80,Worn,Medium,8,Yes,80,"80,001+"
V09619,Truck,11,168700,85,2992,31,14.8,12.78,32,67,Good,High,1,No,70,"50,001–80,000"
V09620,Sedan,4,17675,89,1540,21,7.8,12.3,35,72,Moderate,High,9,No,50,"25,001–50,000"
V09621,Truck,13,180769,110,2538,33,16.5,12.35,30,67,Good,High,4,Yes,50,"25,001–50,000"
V09622,Hatchback,7,133565,105,2762,43,11.4,12.06,41,57,Critical,Medium,6,Yes,60,"50,001–80,000"
V09623,Truck,2,17328,100,2293,34,7.0,12.23,32,64,Good,Medium,6,Yes,100,"80,001+"
V09624,Sedan,12,57661,108,1759,20,7.7,11.67,32,67,Good,High,9,No,20,"10,001–25,000"
V09625,SUV,14,87795,104,2285,42,17.8,11.96,43,71,Worn,High,11,No,40,"25,001–50,000"
V09626,Sedan,6,120362,88,1602,25,12.9,11.89,36,64,Worn,Low,12,No,70,"50,001–80,000"
V09627,Truck,12,92745,98,2928,37,14.0,11.27,37,72,Moderate,Low,4,Yes,90,"80,001+"
V09628,Truck,5,24346,88,2862,24,15.6,11.54,32,88,Good,High,6,Yes,60,"50,001–80,000"
V09629,Truck,10,49972,87,2017,39,12.2,12.52,44,48,Good,High,4,Yes,80,"80,001+"
V09630,SUV,14,86287,109,2099,46,17.8,11.14,34,62,Worn,High,11,Yes,40,"25,001–50,000"
V09631,Truck,12,117880,104,2910,30,10.7,11.15,44,92,Worn,High,1,Yes,50,"25,001–50,000"
V09632,Truck,11,136035,100,2609,45,15.4,11.24,36,45,Worn,High,9,Yes,60,"50,001–80,000"
V09633,Truck,4,45817,106,2231,37,10.8,12.21,34,55,Worn,Medium,1,Yes,80,"80,001+"
V09634,Sedan,4,37872,103,1948,26,5.4,11.08,32,37,Worn,Medium,5,Yes,60,"50,001–80,000"
V09635,SUV,7,110929,90,2981,27,17.2,11.38,35,39,Worn,High,6,No,60,"50,001–80,000"
V09636,Hatchback,7,103901,95,1894,23,8.1,11.8,45,109,Moderate,Low,10,No,70,"50,001–80,000"
V09637,SUV,11,87450,100,2396,30,16.2,12.62,35,72,Good,Medium,5,Yes,90,"80,001+"
V09638,Sedan,9,73464,90,2797,46,9.0,11.86,44,66,Worn,Medium,4,Yes,100,"80,001+"
V09639,Hatchback,14,62404,96,2161,26,18.2,12.51,30,82,Critical,High,11,No,20,"10,001–25,000"
V09640,Hatchback,6,68042,108,2995,36,11.4,11.23,30,85,Critical,Low,1,No,60,"50,001–80,000"
V09641,Hatchback,7,21291,105,2478,31,18.1,11.02,39,56,Good,Medium,10,Yes,70,"50,001–80,000"
V09642,Truck,13,87831,90,2501,33,9.2,11.36,45,52,Good,High,9,Yes,60,"50,001–80,000"
V09643,SUV,4,195285,97,1562,28,8.7,11.75,32,43,Critical,High,8,Yes,40,"25,001–50,000"
V09644,Sedan,8,43812,93,2344,34,18.3,12.23,36,43,Worn,Medium,5,Yes,100,"80,001+"
V09645,Sedan,3,86823,104,2896,45,16.4,12.61,42,55,Critical,Medium,7,Yes,60,"50,001–80,000"
V09646,Sedan,8,162272,101,2681,22,17.1,12.8,33,75,Moderate,Low,10,No,50,"25,001–50,000"
V09647,Sedan,2,106319,100,2122,34,7.7,11.71,30,96,Moderate,High,4,No,80,"80,001+"
V09648,Hatchback,7,28325,101,2034,29,10.1,12.15,31,86,Moderate,Low,12,No,50,"25,001–50,000"
V09649,Truck,7,26143,104,1523,28,7.4,12.0,45,38,Worn,Low,4,Yes,60,"50,001–80,000"
V09650,SUV,10,109420,110,2989,45,9.1,11.15,41,102,Critical,High,11,No,30,"10,001–25,000"
V09651,Truck,3,153203,87,2175,43,12.9,11.11,36,41,Worn,Low,11,Yes,90,"80,001+"
V09652,Hatchback,12,161184,109,2534,40,14.7,12.09,38,56,Moderate,Medium,8,Yes,70,"50,001–80,000"
V09653,Truck,10,15858,102,2532,42,11.4,11.42,38,54,Good,Low,7,Yes,80,"80,001+"
V09654,Sedan,12,147187,110,1893,36,12.9,11.49,43,91,Good,Low,2,Yes,70,"50,001–80,000"
V09655,Hatchback,12,154323,95,2164,32,17.6,12.44,35,63,Good,Medium,5,No,90,"80,001+"
V09656,Hatchback,14,163359,108,2109,43,11.7,12.7,45,65,Good,Low,11,Yes,60,"50,001–80,000"
V09657,Hatchback,12,92185,103,1628,25,19.1,12.67,39,36,Moderate,Medium,5,No,50,"25,001–50,000"
V09658,Sedan,9,55701,110,1791,33,11.7,12.77,40,31,Moderate,High,9,Yes,50,"25,001–50,000"
V09659,Sedan,8,148289,93,2837,45,12.4,11.78,31,43,Moderate,Low,4,Yes,100,"80,001+"
V09660,Truck,2,190451,92,1893,41,18.8,12.78,39,45,Good,Low,6,Yes,100,"80,001+"
V09661,Truck,11,33500,89,2614,47,19.5,11.43,44,91,Good,Medium,5,Yes,90,"80,001+"
V09662,SUV,9,183841,106,2302,41,17.4,11.78,44,46,Moderate,Low,3,No,80,"80,001+"
V09663,Hatchback,14,55621,87,2949,26,13.2,11.57,43,54,Good,Medium,2,Yes,70,"50,001–80,000"
V09664,Truck,5,183684,97,2205,42,12.4,11.74,35,68,Critical,Medium,5,Yes,80,"80,001+"
V09665,Sedan,8,25936,105,2066,41,7.2,12.7,31,35,Worn,Low,4,Yes,80,"80,001+"
V09666,Sedan,8,153646,103,2822,48,6.4,11.93,38,45,Critical,Medium,4,No,60,"50,001–80,000"
V09667,SUV,6,186327,88,2285,34,17.5,12.23,40,54,Good,Medium,8,No,100,"80,001+"
V09668,Truck,8,39897,92,2986,34,10.2,11.52,43,34,Good,Medium,4,Yes,100,"80,001+"
V09669,Hatchback,7,14507,109,2643,22,10.7,11.87,44,79,Worn,Low,9,Yes,50,"25,001–50,000"
V09670,Truck,1,133571,103,2229,50,11.4,12.69,41,95,Worn,High,2,Yes,60,"50,001–80,000"
V09671,Sedan,14,199988,91,1848,45,17.4,11.33,35,48,Moderate,High,12,Yes,60,"50,001–80,000"
V09672,Hatchback,12,102667,105,2540,39,16.8,11.63,41,87,Good,High,1,No,50,"25,001–50,000"
V09673,Sedan,3,65247,89,2622,29,7.8,11.22,44,35,Moderate,Low,5,Yes,80,"80,001+"
V09674,Truck,1,117912,92,2876,41,14.8,11.09,35,41,Critical,High,10,Yes,50,"25,001–50,000"
V09675,Truck,12,177374,88,1771,33,6.1,12.99,43,68,Critical,Medium,2,Yes,70,"50,001–80,000"
V09676,Sedan,10,79137,87,2821,30,17.0,12.11,38,89,Moderate,Low,2,No,100,"80,001+"
V09677,Sedan,6,175778,100,1964,29,13.2,12.39,42,73,Worn,Low,11,Yes,70,"50,001–80,000"
V09678,Sedan,6,127053,103,2269,39,6.4,11.1,37,101,Critical,High,3,Yes,40,"25,001–50,000"
V09679,Sedan,8,118600,107,2581,23,9.0,12.92,39,52,Good,Medium,5,No,60,"50,001–80,000"
V09680,Sedan,1,62537,102,1828,31,7.8,11.9,44,101,Good,High,8,Yes,60,"50,001–80,000"
V09681,Truck,8,47936,106,2530,34,5.9,12.9,30,40,Moderate,Low,11,No,70,"50,001–80,000"
V09682,Truck,8,94498,88,2419,30,16.7,12.04,45,64,Critical,Medium,2,No,80,"80,001+"
V09683,Truck,2,28166,104,1522,33,17.5,11.08,36,58,Critical,Low,1,No,60,"50,001–80,000"
V09684,SUV,15,166791,100,1563,38,8.5,12.44,38,74,Worn,Low,3,No,90,"80,001+"
V09685,Hatchback,4,40909,93,1682,49,18.4,11.27,36,43,Critical,Medium,12,Yes,70,"50,001–80,000"
V09686,SUV,8,186316,103,1670,32,13.6,12.64,37,98,Worn,Low,6,Yes,80,"80,001+"
V09687,SUV,1,16424,92,2367,23,10.1,11.95,42,74,Worn,Low,3,Yes,80,"80,001+"
V09688,Sedan,14,63101,101,2635,39,17.2,12.84,36,34,Worn,Low,12,No,60,"50,001–80,000"
V09689,Truck,11,129333,92,2269,39,18.0,11.12,40,56,Worn,High,9,Yes,60,"50,001–80,000"
V09690,Truck,13,138106,86,2260,37,19.3,11.51,44,97,Critical,Medium,3,Yes,70,"50,001–80,000"
V09691,SUV,4,137492,85,2972,44,9.3,11.65,43,52,Worn,Medium,5,Yes,100,"80,001+"
V09692,SUV,11,153728,93,1902,30,17.4,12.98,31,106,Moderate,Low,3,Yes,90,"80,001+"
V09693,SUV,15,62982,94,2494,50,11.2,11.21,43,93,Worn,Low,2,No,90,"80,001+"
V09694,Truck,1,63761,92,2412,41,19.0,11.86,38,54,Moderate,High,8,No,80,"80,001+"
V09695,Hatchback,2,84093,108,1663,22,10.8,11.14,42,105,Worn,High,7,No,40,"25,001–50,000"
V09696,SUV,14,36203,94,1646,39,10.4,12.52,30,87,Moderate,High,2,Yes,70,"50,001–80,000"
V09697,Sedan,15,70877,107,2915,33,16.3,12.54,36,107,Good,Medium,12,Yes,60,"50,001–80,000"
V09698,Sedan,14,67008,104,2359,21,10.7,11.01,30,64,Worn,Low,3,No,50,"25,001–50,000"
V09699,Truck,15,43753,86,2939,45,15.9,11.76,31,70,Worn,Low,3,No,90,"80,001+"
V09700,Hatchback,9,185407,90,1844,49,17.8,12.12,37,105,Moderate,Medium,10,Yes,90,"80,001+"
V09701,SUV,9,32322,99,2556,41,12.1,11.41,41,61,Good,Low,5,Yes,100,"80,001+"
V09702,SUV,2,44631,104,1546,30,5.8,12.67,36,69,Worn,Low,9,No,70,"50,001–80,000"
V09703,Hatchback,3,92157,106,2993,43,15.8,11.29,34,50,Worn,Low,10,No,70,"50,001–80,000"
V09704,Hatchback,11,31335,88,1948,50,11.2,11.76,38,77,Moderate,High,3,No,70,"50,001–80,000"
V09705,SUV,8,128561,107,2722,36,18.2,11.13,32,70,Good,Medium,2,Yes,80,"80,001+"
V09706,Hatchback,6,113832,104,2814,41,19.1,12.85,43,65,Critical,Medium,1,Yes,60,"50,001–80,000"
V09707,Sedan,4,113072,97,2655,43,12.2,12.87,42,79,Worn,High,8,No,80,"80,001+"
V09708,Hatchback,1,12617,99,2337,23,11.0,12.59,41,42,Moderate,Low,12,No,70,"50,001–80,000"
V09709,Sedan,9,141232,105,2816,31,5.2,12.36,37,87,Worn,High,12,No,50,"25,001–50,000"
V09710,Hatchback,8,31085,100,2869,20,5.4,11.04,31,42,Good,Low,2,No,80,"80,001+"
V09711,Truck,3,103497,93,1655,48,17.1,11.03,40,75,Good,Low,10,No,90,"80,001+"
V09712,Truck,15,189809,109,2492,33,19.1,11.49,33,98,Worn,Medium,11,No,60,"50,001–80,000"
V09713,Sedan,13,177975,87,2506,31,11.7,11.04,30,107,Moderate,Medium,3,No,90,"80,001+"
V09714,Hatchback,8,163496,108,2746,21,15.0,11.19,37,33,Moderate,High,2,No,40,"25,001–50,000"
V09715,Truck,10,43719,109,1963,22,5.6,11.31,39,55,Moderate,Medium,4,Yes,60,"50,001–80,000"
V09716,Hatchback,12,65749,87,1666,24,10.3,12.08,42,85,Worn,Medium,12,Yes,60,"50,001–80,000"
V09717,Truck,2,132225,98,2432,42,10.8,11.37,44,101,Worn,Low,11,No,90,"80,001+"
V09718,SUV,9,80391,87,2350,21,14.9,11.58,37,101,Good,Low,9,Yes,70,"50,001–80,000"
V09719,Hatchback,7,167500,98,1668,47,16.0,12.19,32,95,Good,High,4,Yes,80,"80,001+"
V09720,Hatchback,11,67207,104,1524,49,8.5,11.83,40,92,Moderate,Low,1,No,70,"50,001–80,000"
V09721,Sedan,3,186515,87,2466,45,7.7,11.34,41,75,Moderate,High,10,Yes,70,"50,001–80,000"
V09722,Hatchback,11,31589,91,1644,41,19.4,11.29,41,38,Critical,Low,8,No,70,"50,001–80,000"
V09723,Truck,15,194041,103,2436,26,13.6,11.14,42,67,Worn,Low,1,Yes,50,"25,001–50,000"
V09724,SUV,14,157189,90,1621,28,8.2,11.77,32,48,Good,Medium,10,No,60,"50,001–80,000"
V09725,Truck,12,138774,97,2816,50,13.9,11.85,39,30,Good,Low,10,Yes,80,"80,001+"
V09726,Hatchback,8,137741,96,2332,48,8.8,12.19,41,59,Good,Medium,5,Yes,100,"80,001+"
V09727,Truck,7,132402,94,1800,43,19.0,12.09,36,96,Worn,Low,9,No,90,"80,001+"
V09728,Sedan,13,146353,88,2110,49,7.6,11.53,45,51,Moderate,High,3,Yes,70,"50,001–80,000"
V09729,Truck,1,6920,94,2692,45,8.6,11.65,36,33,Moderate,High,12,Yes,70,"50,001–80,000"
V09730,SUV,5,10886,107,1752,29,8.7,11.32,39,61,Moderate,High,11,No,30,"10,001–25,000"
V09731,Sedan,2,111050,110,1764,50,19.6,12.86,45,42,Good,Medium,6,Yes,80,"80,001+"
V09732,Hatchback,10,49079,87,2444,41,15.7,12.82,30,33,Moderate,Medium,11,Yes,90,"80,001+"
V09733,Sedan,9,103179,85,2110,48,18.4,12.4,36,73,Moderate,High,12,No,70,"50,001–80,000"
V09734,Hatchback,9,122034,103,1514,50,18.4,12.4,44,47,Worn,High,3,No,60,"50,001–80,000"
V09735,Truck,7,161088,97,2360,50,12.4,11.99,35,93,Worn,Medium,7,Yes,100,"80,001+"
V09736,SUV,11,32327,91,1944,27,9.5,11.89,44,41,Critical,High,10,No,20,"10,001–25,000"
V09737,SUV,14,149065,102,2208,40,9.0,12.47,37,37,Worn,Medium,4,Yes,70,"50,001–80,000"
V09738,Sedan,4,31800,96,2908,43,13.2,12.52,43,51,Critical,Medium,11,No,70,"50,001–80,000"
V09739,Hatchback,15,129966,92,2236,24,15.8,11.98,40,39,Worn,Medium,2,No,70,"50,001–80,000"
V09740,Truck,13,16797,96,2181,47,8.2,11.6,37,76,Critical,Medium,3,No,70,"50,001–80,000"
V09741,SUV,5,135811,101,2328,34,13.0,11.94,35,80,Moderate,Low,11,No,70,"50,001–80,000"
V09742,Hatchback,10,94130,104,1581,30,11.4,11.79,34,79,Critical,Medium,5,Yes,60,"50,001–80,000"
V09743,Truck,1,72385,98,1886,29,20.0,11.72,40,43,Worn,Low,4,No,80,"80,001+"
V09744,Hatchback,4,11753,104,2173,27,12.7,12.34,32,61,Worn,High,3,No,40,"25,001–50,000"
V09745,Truck,2,85825,110,2651,32,7.3,11.06,39,33,Good,Medium,9,No,70,"50,001–80,000"
V09746,Sedan,4,38124,96,1647,39,11.8,11.39,41,97,Moderate,High,3,Yes,80,"80,001+"
V09747,Truck,10,67692,110,1912,27,7.7,12.33,41,52,Moderate,Low,9,No,50,"25,001–50,000"
V09748,Truck,3,171246,99,2757,43,16.4,11.51,37,98,Worn,Medium,12,Yes,90,"80,001+"
V09749,Sedan,1,194378,106,2555,49,14.7,12.31,43,83,Worn,High,11,No,50,"25,001–50,000"
V09750,Truck,1,190431,98,1592,34,10.9,12.1,31,78,Worn,Medium,10,No,90,"80,001+"
V09751,Sedan,12,85565,91,1591,48,9.8,12.01,42,64,Moderate,High,4,No,70,"50,001–80,000"
V09752,Sedan,4,185030,101,1714,39,5.5,11.68,34,36,Good,Medium,11,Yes,70,"50,001–80,000"
V09753,Truck,3,122650,100,1795,29,6.8,11.07,30,84,Critical,High,5,No,40,"25,001–50,000"
V09754,Truck,8,111091,88,1556,28,17.8,11.24,33,63,Critical,Low,1,No,60,"50,001–80,000"
V09755,Truck,2,5350,93,2038,49,5.2,11.69,40,77,Moderate,Medium,8,Yes,100,"80,001+"
V09756,Sedan,8,183960,109,2736,44,9.5,12.96,44,102,Worn,Low,10,Yes,70,"50,001–80,000"
V09757,Hatchback,2,143872,93,2293,45,12.7,11.4,43,64,Good,Low,8,Yes,100,"80,001+"
V09758,Sedan,2,40100,105,2024,28,6.2,11.44,34,105,Good,High,11,No,30,"10,001–25,000"
V09759,Sedan,12,154012,106,2987,20,18.8,11.85,37,77,Worn,Medium,3,No,50,"25,001–50,000"
V09760,Truck,5,115706,106,2833,42,11.9,12.37,30,70,Critical,High,10,Yes,30,"10,001–25,000"
V09761,SUV,2,59417,86,2273,31,16.3,12.61,41,65,Moderate,Medium,9,No,90,"80,001+"
V09762,Sedan,3,198296,106,1784,36,9.0,12.47,30,79,Moderate,High,7,No,60,"50,001–80,000"
V09763,Truck,10,134683,85,1927,31,6.6,12.91,41,40,Moderate,Low,4,Yes,100,"80,001+"
V09764,Sedan,9,56178,100,2002,22,9.5,11.77,44,64,Good,Medium,4,Yes,80,"80,001+"
V09765,Hatchback,12,22792,97,2173,30,15.5,12.01,32,74,Critical,Low,6,Yes,70,"50,001–80,000"
V09766,Truck,15,24739,87,2456,20,15.0,11.45,34,110,Good,Medium,2,No,70,"50,001–80,000"
V09767,SUV,6,56998,96,2514,24,17.4,11.57,30,61,Worn,Medium,6,Yes,80,"80,001+"
V09768,Truck,8,193126,110,2703,35,18.0,12.84,37,97,Critical,High,9,No,30,"10,001–25,000"
V09769,SUV,11,103161,103,2653,21,16.3,12.84,38,87,Critical,Low,1,Yes,30,"10,001–25,000"
V09770,Hatchback,11,89313,101,2821,49,15.7,12.4,36,80,Worn,Medium,8,Yes,70,"50,001–80,000"
V09771,Hatchback,8,11735,106,1884,23,16.9,12.59,31,32,Moderate,Low,3,No,60,"50,001–80,000"
V09772,Sedan,9,32150,110,2491,41,12.8,11.46,31,53,Worn,Low,11,No,70,"50,001–80,000"
V09773,Sedan,12,195386,89,2395,35,13.5,11.72,45,95,Good,Low,6,Yes,90,"80,001+"
V09774,Truck,9,152968,97,1766,31,15.0,12.45,44,74,Moderate,Medium,10,Yes,90,"80,001+"
V09775,Sedan,12,119877,110,2847,48,16.0,12.92,37,47,Critical,Low,11,Yes,40,"25,001–50,000"
V09776,SUV,10,61583,90,2564,21,13.4,12.01,40,46,Moderate,High,7,No,60,"50,001–80,000"
V09777,SUV,5,181719,108,2099,34,16.4,11.88,37,70,Good,Medium,5,No,80,"80,001+"
V09778,SUV,5,74403,86,1956,20,9.0,12.58,38,50,Moderate,Low,12,Yes,70,"50,001–80,000"
V09779,SUV,2,30515,91,2004,45,6.4,11.35,42,66,Worn,High,11,Yes,70,"50,001–80,000"
V09780,Sedan,15,153307,110,2706,45,5.9,11.23,34,30,Worn,High,6,Yes,50,"25,001–50,000"
V09781,Truck,4,144778,92,2487,23,11.4,12.14,39,88,Critical,Low,7,Yes,60,"50,001–80,000"
V09782,Truck,14,128647,107,2285,28,14.8,11.36,37,91,Good,Medium,2,No,50,"25,001–50,000"
V09783,Truck,13,11134,85,2094,47,18.3,11.27,40,77,Moderate,High,2,Yes,70,"50,001–80,000"
V09784,Truck,14,49822,98,1772,36,12.8,11.93,41,70,Moderate,Low,9,No,80,"80,001+"
V09785,SUV,4,89208,107,2576,41,13.3,11.09,45,98,Critical,Low,3,No,60,"50,001–80,000"
V09786,SUV,15,48160,106,2161,25,14.8,11.66,43,33,Worn,High,9,Yes,20,"10,001–25,000"
V09787,Truck,8,180060,102,1603,26,7.1,12.08,45,36,Critical,High,4,No,20,"10,001–25,000"
V09788,Hatchback,13,162896,87,1606,34,7.8,11.9,42,66,Worn,High,6,No,70,"50,001–80,000"
V09789,Truck,5,110829,96,2200,35,15.3,12.14,35,93,Worn,Medium,8,Yes,100,"80,001+"
V09790,Truck,6,196517,100,1610,22,6.9,11.16,35,81,Moderate,High,5,No,60,"50,001–80,000"
V09791,SUV,12,172053,95,1792,26,12.0,11.82,35,91,Worn,Medium,9,No,60,"50,001–80,000"
V09792,SUV,13,41548,108,2881,35,9.4,12.29,34,85,Moderate,Medium,7,No,70,"50,001–80,000"
V09793,SUV,7,198500,97,2888,41,13.2,11.22,30,91,Moderate,High,4,No,80,"80,001+"
V09794,Hatchback,9,15160,105,2729,32,8.9,11.79,41,58,Critical,High,12,Yes,30,"10,001–25,000"
V09795,Truck,15,137880,100,1892,38,16.2,11.99,30,93,Good,Medium,6,Yes,90,"80,001+"
V09796,SUV,15,155334,86,1732,42,8.2,11.67,33,35,Worn,Low,1,Yes,90,"80,001+"
V09797,Hatchback,12,97184,94,2748,30,15.8,12.4,32,84,Worn,High,7,Yes,70,"50,001–80,000"
V09798,Sedan,3,86148,94,1890,38,11.5,12.82,39,49,Moderate,Medium,11,Yes,90,"80,001+"
V09799,Sedan,11,68648,88,1855,28,12.1,11.61,40,69,Worn,High,10,No,40,"25,001–50,000"
V09800,Truck,4,88987,92,2663,48,15.1,11.13,31,30,Good,Medium,7,No,100,"80,001+"
V09801,Truck,4,82210,106,2171,23,10.5,11.12,32,108,Moderate,High,7,Yes,40,"25,001–50,000"
V09802,SUV,2,199360,110,1856,41,15.9,11.76,41,31,Critical,High,9,Yes,30,"10,001–25,000"
V09803,Sedan,5,185699,94,2872,20,10.3,12.69,42,56,Critical,High,4,No,40,"25,001–50,000"
V09804,Sedan,5,80620,93,2381,46,17.6,12.03,32,97,Critical,Low,9,Yes,70,"50,001–80,000"
V09805,Hatchback,3,40114,104,1702,25,18.2,12.52,36,92,Moderate,Medium,12,No,50,"25,001–50,000"
V09806,SUV,7,146506,101,2552,25,12.2,11.35,34,88,Critical,Low,11,Yes,30,"10,001–25,000"
V09807,SUV,11,189159,95,2231,25,13.4,11.98,32,103,Worn,High,12,No,40,"25,001–50,000"
V09808,Hatchback,6,110928,86,2842,48,18.3,12.72,31,99,Moderate,Low,6,No,100,"80,001+"
V09809,Sedan,11,116449,91,2806,49,6.7,12.96,42,75,Good,Low,10,Yes,80,"80,001+"
V09810,SUV,8,136936,101,1570,41,12.4,11.75,40,88,Moderate,Low,9,No,70,"50,001–80,000"
V09811,Truck,7,134805,93,2662,42,10.1,11.94,43,70,Moderate,Low,5,Yes,100,"80,001+"
V09812,Hatchback,10,186888,107,1948,39,5.6,11.86,43,79,Moderate,High,8,No,60,"50,001–80,000"
V09813,Hatchback,10,58139,102,1731,20,13.9,11.93,44,86,Good,Low,1,No,60,"50,001–80,000"
V09814,Hatchback,8,146886,107,1758,49,19.3,11.21,33,74,Moderate,Medium,2,No,80,"80,001+"
V09815,Truck,12,160724,102,1793,21,11.2,11.33,42,36,Moderate,High,1,No,30,"10,001–25,000"
V09816,Truck,9,182854,102,2610,49,17.4,12.45,40,41,Moderate,Low,3,Yes,80,"80,001+"
V09817,Sedan,13,31144,93,1817,37,19.0,11.3,36,76,Critical,Medium,12,No,60,"50,001–80,000"
V09818,Sedan,3,140281,87,2202,35,7.3,12.0,35,58,Good,Low,8,Yes,100,"80,001+"
V09819,Truck,12,21696,95,1951,23,9.8,11.37,45,41,Critical,Low,12,Yes,40,"25,001–50,000"
V09820,SUV,8,188237,96,2271,40,17.8,12.67,41,89,Worn,Low,8,No,100,"80,001+"
V09821,Truck,15,199730,94,2736,32,15.1,11.77,30,97,Worn,High,8,Yes,70,"50,001–80,000"
V09822,Truck,14,197180,87,1631,47,5.8,11.7,30,57,Worn,Low,8,Yes,90,"80,001+"
V09823,SUV,9,191778,96,2505,34,17.6,12.43,45,68,Good,Medium,2,Yes,100,"80,001+"
V09824,Sedan,10,127408,96,1815,26,5.0,11.0,34,30,Worn,Low,10,No,70,"50,001–80,000"
V09825,SUV,5,82822,86,2738,49,10.6,11.79,41,45,Good,High,11,No,70,"50,001–80,000"
V09826,SUV,1,76347,92,2925,27,7.8,11.59,36,36,Worn,Medium,1,No,80,"80,001+"
V09827,Sedan,4,137600,108,2954,48,18.4,12.23,33,91,Critical,Medium,1,Yes,60,"50,001–80,000"
V09828,Hatchback,1,142446,99,2515,38,15.2,12.89,37,56,Critical,Medium,10,Yes,70,"50,001–80,000"
V09829,Hatchback,7,195885,87,2724,37,13.7,11.1,34,97,Moderate,Low,10,Yes,90,"80,001+"
V09830,SUV,1,181007,96,2188,49,9.4,12.15,33,83,Worn,Low,9,No,90,"80,001+"
V09831,Sedan,11,197082,110,2321,23,9.3,12.78,32,30,Critical,Medium,1,Yes,30,"10,001–25,000"
V09832,Sedan,8,193057,103,2424,37,11.2,12.46,42,101,Moderate,High,1,No,60,"50,001–80,000"
V09833,Sedan,7,81663,103,2960,27,11.7,12.2,38,93,Good,High,5,Yes,40,"25,001–50,000"
V09834,Sedan,5,129202,88,2036,31,18.8,13.0,45,107,Critical,Low,12,Yes,70,"50,001–80,000"
V09835,Truck,2,72097,93,2711,31,11.0,11.09,39,107,Good,High,2,No,80,"80,001+"
V09836,Sedan,15,9708,108,2574,20,15.3,12.51,41,87,Moderate,Low,11,No,40,"25,001–50,000"
V09837,SUV,12,140031,110,2409,50,18.3,12.73,45,46,Critical,Medium,6,Yes,50,"25,001–50,000"
V09838,Hatchback,11,112396,96,2868,33,13.0,11.39,44,106,Moderate,Medium,2,No,90,"80,001+"
V09839,Sedan,13,178753,102,1875,33,19.8,11.86,30,94,Good,Low,11,Yes,60,"50,001–80,000"
V09840,SUV,14,196210,107,2434,36,8.9,12.38,44,96,Worn,Low,9,No,60,"50,001–80,000"
V09841,Sedan,13,106218,90,2519,23,13.7,11.05,42,32,Good,Medium,1,No,70,"50,001–80,000"
V09842,Sedan,10,130769,97,2733,33,6.4,12.5,40,33,Critical,Low,12,No,70,"50,001–80,000"
V09843,Truck,6,66321,104,2789,41,13.9,12.33,31,68,Good,Medium,10,No,70,"50,001–80,000"
V09844,Sedan,2,65217,88,2359,25,11.7,12.85,40,89,Worn,High,9,Yes,50,"25,001–50,000"
V09845,SUV,8,12235,85,2906,20,7.2,11.23,39,54,Critical,Low,6,Yes,60,"50,001–80,000"
V09846,SUV,3,147649,96,2176,30,19.1,12.84,34,104,Moderate,High,1,Yes,80,"80,001+"
V09847,Truck,5,111063,99,2352,31,8.9,12.0,32,52,Worn,Low,5,Yes,100,"80,001+"
V09848,SUV,11,195410,87,1747,27,19.6,12.46,42,80,Critical,Medium,3,Yes,50,"25,001–50,000"
V09849,SUV,12,127812,92,2205,34,13.8,12.93,44,48,Moderate,Low,8,Yes,90,"80,001+"
V09850,Hatchback,5,6364,90,1668,33,7.3,11.43,30,77,Critical,High,10,Yes,50,"25,001–50,000"
V09851,Truck,2,172563,91,2595,50,8.4,12.31,35,98,Critical,Medium,8,Yes,80,"80,001+"
V09852,SUV,13,104597,96,1544,36,14.8,12.41,31,48,Good,High,7,No,70,"50,001–80,000"
V09853,Sedan,4,12223,93,1645,21,11.9,11.4,38,79,Moderate,Medium,5,Yes,80,"80,001+"
V09854,Sedan,14,117172,110,2867,31,18.8,11.24,36,108,Moderate,High,9,No,40,"25,001–50,000"
V09855,Hatchback,14,92510,86,1794,41,14.8,12.15,32,88,Worn,Low,11,Yes,80,"80,001+"
V09856,Truck,8,93503,101,2093,26,12.6,12.65,45,108,Good,Low,7,No,60,"50,001–80,000"
V09857,Truck,11,6994,99,1870,48,11.6,11.23,32,30,Critical,Low,12,Yes,60,"50,001–80,000"
V09858,SUV,11,101894,88,2660,48,18.5,11.29,35,96,Moderate,Low,8,Yes,90,"80,001+"
V09859,Truck,9,6585,107,2837,22,12.2,12.94,33,106,Worn,Medium,5,Yes,60,"50,001–80,000"
V09860,Hatchback,6,123391,105,2469,33,17.6,12.02,41,88,Worn,Low,12,Yes,70,"50,001–80,000"
V09861,Truck,4,124915,99,2790,50,7.7,11.92,44,107,Critical,High,5,Yes,60,"50,001–80,000"
V09862,Hatchback,15,130950,86,1979,25,9.4,11.9,41,108,Worn,Medium,5,No,70,"50,001–80,000"
V09863,Sedan,15,129016,102,2394,32,15.9,11.95,41,86,Worn,High,6,Yes,50,"25,001–50,000"
V09864,Hatchback,13,168481,103,2148,26,14.4,12.52,40,91,Worn,Low,5,No,50,"25,001–50,000"
V09865,Hatchback,13,63923,95,2853,44,19.8,11.46,32,69,Good,Low,1,No,90,"80,001+"
V09866,Sedan,3,48321,99,2006,42,5.3,12.14,42,42,Moderate,Medium,4,No,100,"80,001+"
V09867,Truck,12,103418,107,1600,25,10.9,12.59,42,41,Worn,Medium,5,Yes,50,"25,001–50,000"
V09868,SUV,8,64352,96,2162,25,19.6,12.16,36,55,Critical,High,2,No,40,"25,001–50,000"
V09869,SUV,13,41272,102,2963,22,10.2,12.54,42,93,Good,Low,12,No,40,"25,001–50,000"
V09870,Sedan,2,89533,90,1595,24,9.1,11.53,39,51,Good,Low,9,Yes,70,"50,001–80,000"
V09871,Truck,8,196416,105,1926,35,8.3,12.37,45,81,Worn,Medium,9,Yes,70,"50,001–80,000"
V09872,SUV,8,126927,104,2827,28,7.9,11.22,30,35,Good,Low,11,Yes,50,"25,001–50,000"
V09873,Sedan,5,160538,92,2174,30,7.0,12.73,45,73,Worn,High,5,Yes,80,"80,001+"
V09874,SUV,7,144298,103,1687,46,7.8,11.52,45,70,Good,Medium,7,Yes,80,"80,001+"
V09875,Truck,2,16905,99,1685,49,19.5,12.7,31,31,Critical,Low,10,No,70,"50,001–80,000"
V09876,SUV,13,157585,105,2231,29,8.2,12.07,45,36,Critical,High,10,No,0,"0–10,000"
V09877,Hatchback,4,190325,89,2040,22,6.5,11.46,31,56,Moderate,High,1,Yes,60,"50,001–80,000"
V09878,Sedan,11,7481,104,2065,20,7.5,11.36,35,45,Moderate,Medium,2,No,50,"25,001–50,000"
V09879,Sedan,8,128941,86,1502,31,7.1,11.07,38,103,Good,Low,10,Yes,90,"80,001+"
V09880,Sedan,11,185656,89,1574,44,18.9,12.89,31,88,Critical,Medium,3,Yes,70,"50,001–80,000"
V09881,Sedan,9,95737,100,2271,37,13.2,11.98,37,46,Good,Low,5,No,100,"80,001+"
V09882,Truck,14,177752,93,1712,33,6.4,11.15,33,53,Moderate,Low,7,No,90,"80,001+"
V09883,Truck,5,119756,96,1981,45,6.7,12.44,45,43,Worn,Low,11,Yes,90,"80,001+"
V09884,Sedan,8,108900,91,1787,48,9.1,12.33,35,99,Worn,Low,2,No,100,"80,001+"
V09885,Sedan,10,59620,108,2593,41,19.0,11.07,36,74,Worn,Medium,12,No,70,"50,001–80,000"
V09886,Hatchback,12,169802,100,2252,30,14.4,11.19,41,67,Moderate,High,12,Yes,60,"50,001–80,000"
V09887,Truck,12,99651,86,2286,46,9.0,11.01,42,31,Critical,Low,5,Yes,70,"50,001–80,000"
V09888,Truck,11,107940,89,1605,48,9.5,12.3,45,110,Moderate,Medium,4,No,90,"80,001+"
V09889,Truck,3,110104,108,2040,27,6.0,11.58,43,57,Worn,Medium,1,No,60,"50,001–80,000"
V09890,SUV,14,47374,92,2657,30,17.3,12.9,32,36,Critical,Low,6,Yes,70,"50,001–80,000"
V09891,Hatchback,13,74578,110,2227,36,13.8,12.13,34,47,Good,High,7,No,50,"25,001–50,000"
V09892,Sedan,13,166789,86,2217,42,7.5,12.65,42,71,Critical,Low,3,No,70,"50,001–80,000"
V09893,Hatchback,2,126206,105,2183,43,7.1,12.5,38,97,Moderate,Low,8,Yes,80,"80,001+"
V09894,Hatchback,5,70447,94,2711,31,19.8,11.79,33,74,Good,High,4,No,80,"80,001+"
V09895,Truck,6,183363,89,1639,46,9.0,11.52,30,55,Worn,Medium,5,No,100,"80,001+"
V09896,Sedan,4,81934,106,1558,29,13.6,12.42,35,94,Critical,Low,4,Yes,40,"25,001–50,000"
V09897,Sedan,3,80619,102,1951,50,9.6,11.29,39,35,Worn,High,2,Yes,60,"50,001–80,000"
V09898,Truck,14,112778,85,2695,26,8.7,11.22,40,68,Good,High,1,No,50,"25,001–50,000"
V09899,Hatchback,6,172657,97,1750,23,16.3,12.49,30,61,Critical,Low,9,No,50,"25,001–50,000"
V09900,SUV,4,123852,109,1825,50,18.1,11.29,36,45,Critical,Medium,7,No,60,"50,001–80,000"
V09901,SUV,14,90490,93,1930,21,9.7,11.52,37,79,Critical,High,12,Yes,20,"10,001–25,000"
V09902,Sedan,13,68229,85,2049,36,10.1,12.57,35,47,Worn,High,11,No,60,"50,001–80,000"
V09903,SUV,12,69321,91,1609,32,18.8,12.84,32,37,Good,Medium,10,Yes,80,"80,001+"
V09904,SUV,5,32463,108,2146,30,17.0,11.45,42,66,Critical,Low,3,Yes,60,"50,001–80,000"
V09905,Hatchback,3,48307,107,1718,24,15.4,12.65,31,110,Good,High,9,Yes,30,"10,001–25,000"
V09906,SUV,12,84369,104,2701,21,13.5,11.44,37,41,Good,High,11,No,20,"10,001–25,000"
V09907,Sedan,8,38400,108,2099,41,15.1,12.66,37,80,Critical,High,6,Yes,40,"25,001–50,000"
V09908,SUV,15,21941,94,2214,27,7.6,11.75,37,93,Good,Low,2,No,70,"50,001–80,000"
V09909,Hatchback,8,185626,93,2607,23,11.1,11.15,35,40,Moderate,Medium,11,Yes,70,"50,001–80,000"
V09910,Sedan,3,129326,94,2039,23,5.9,12.19,42,106,Critical,High,12,Yes,30,"10,001–25,000"
V09911,Hatchback,1,141662,102,1930,48,19.2,11.32,44,78,Good,High,11,Yes,50,"25,001–50,000"
V09912,Sedan,9,38936,102,2574,26,8.2,11.46,43,36,Critical,Low,10,Yes,30,"10,001–25,000"
V09913,SUV,14,117524,88,1759,23,11.9,11.61,34,42,Moderate,Low,9,No,60,"50,001–80,000"
V09914,Hatchback,15,171153,98,2069,41,10.4,12.35,40,56,Moderate,Medium,11,Yes,80,"80,001+"
V09915,Hatchback,3,163359,99,2673,21,13.8,12.5,40,32,Critical,High,7,Yes,40,"25,001–50,000"
V09916,Hatchback,13,20968,104,1836,23,12.8,12.81,38,84,Critical,Low,12,Yes,20,"10,001–25,000"
V09917,Truck,15,31408,95,1622,46,14.1,12.12,38,83,Moderate,Low,1,Yes,90,"80,001+"
V09918,Truck,13,40102,103,2833,48,11.8,12.65,37,72,Good,Medium,11,No,60,"50,001–80,000"
V09919,SUV,14,17277,92,1727,21,5.1,12.18,31,31,Moderate,Medium,11,No,60,"50,001–80,000"
V09920,Sedan,15,168074,89,2794,27,7.8,11.74,44,94,Good,Low,12,No,60,"50,001–80,000"
V09921,SUV,1,43511,89,2726,23,19.4,12.82,40,63,Moderate,Medium,1,Yes,80,"80,001+"
V09922,Sedan,3,21283,104,2706,38,12.5,12.2,36,40,Critical,High,9,Yes,30,"10,001–25,000"
V09923,Truck,2,166313,105,1547,43,13.8,11.95,45,79,Good,Low,9,Yes,70,"50,001–80,000"
V09924,SUV,13,45151,95,2006,48,9.0,11.72,37,107,Moderate,High,2,Yes,70,"50,001–80,000"
V09925,Truck,7,187136,110,2462,28,11.9,11.46,35,72,Moderate,High,9,No,30,"10,001–25,000"
V09926,SUV,5,71782,102,1661,20,17.6,12.16,40,72,Moderate,Medium,5,No,60,"50,001–80,000"
V09927,Hatchback,13,188255,103,2331,37,16.3,11.29,40,63,Critical,High,3,No,30,"10,001–25,000"
V09928,SUV,12,195650,110,2913,28,10.9,12.19,44,75,Worn,High,9,No,20,"10,001–25,000"
V09929,Hatchback,1,79690,85,2759,32,7.2,11.51,42,49,Worn,High,7,Yes,80,"80,001+"
V09930,SUV,2,131150,101,2323,34,8.4,12.44,30,90,Moderate,High,3,No,60,"50,001–80,000"
V09931,Truck,9,11824,101,1581,37,19.7,11.99,31,97,Good,Medium,1,Yes,80,"80,001+"
V09932,Sedan,9,68426,102,2260,37,13.8,12.63,33,51,Critical,Medium,11,No,50,"25,001–50,000"
V09933,Truck,11,159118,88,2521,24,9.7,12.08,41,105,Good,High,1,Yes,50,"25,001–50,000"
V09934,SUV,12,64441,96,1538,36,10.2,12.27,38,94,Critical,High,10,No,40,"25,001–50,000"
V09935,Sedan,14,13896,94,2372,43,13.6,12.07,39,85,Good,High,9,No,60,"50,001–80,000"
V09936,Truck,2,21687,102,1928,24,16.9,11.94,37,32,Worn,Medium,8,No,60,"50,001–80,000"
V09937,SUV,12,198224,98,1664,23,17.8,12.46,39,87,Good,Medium,9,No,60,"50,001–80,000"
V09938,Truck,14,125667,95,1760,22,17.9,11.72,31,83,Good,High,12,Yes,40,"25,001–50,000"
V09939,Truck,2,167075,88,1680,36,14.6,12.02,40,62,Critical,Low,12,Yes,70,"50,001–80,000"
V09940,Truck,4,23047,101,2541,23,10.5,12.59,35,107,Critical,Low,5,Yes,40,"25,001–50,000"
V09941,SUV,12,98833,103,2814,48,17.9,11.31,44,92,Worn,Medium,1,No,70,"50,001–80,000"
V09942,Truck,4,154406,108,2005,33,18.1,11.82,40,99,Worn,Low,6,Yes,80,"80,001+"
V09943,Hatchback,10,23630,99,2812,32,14.7,12.92,42,65,Worn,Low,8,No,100,"80,001+"
V09944,Hatchback,9,106947,108,1667,22,9.2,11.79,33,90,Critical,Medium,6,Yes,40,"25,001–50,000"
V09945,Sedan,14,59862,100,2864,35,18.4,11.14,42,51,Critical,Medium,12,Yes,60,"50,001–80,000"
V09946,Truck,1,163740,96,2726,45,9.0,11.63,45,78,Worn,Medium,12,No,90,"80,001+"
V09947,SUV,14,27823,93,2854,22,5.6,11.74,33,69,Critical,Low,2,No,50,"25,001–50,000"
V09948,SUV,13,183205,97,2473,20,12.8,12.79,41,53,Moderate,Low,4,No,70,"50,001–80,000"
V09949,Hatchback,13,50318,96,1998,41,9.4,12.4,35,110,Critical,Low,8,Yes,70,"50,001–80,000"
V09950,Truck,7,94675,98,2166,25,14.8,12.56,34,47,Good,Low,11,No,70,"50,001–80,000"
V09951,Truck,7,187548,98,2675,29,15.0,12.58,44,52,Moderate,Low,12,No,70,"50,001–80,000"
V09952,Hatchback,12,184949,93,2272,44,12.8,11.25,42,57,Worn,Low,12,Yes,80,"80,001+"
V09953,Truck,8,182345,100,1828,43,15.7,11.23,44,83,Moderate,Low,1,No,100,"80,001+"
V09954,Hatchback,10,169328,98,1738,44,18.6,11.02,38,58,Critical,High,11,No,50,"25,001–50,000"
V09955,Hatchback,12,124682,109,2982,47,9.0,12.61,30,49,Moderate,Low,8,Yes,70,"50,001–80,000"
V09956,SUV,8,97015,91,1809,29,11.7,11.67,42,56,Moderate,Low,8,Yes,80,"80,001+"
V09957,Hatchback,14,118536,94,1931,46,14.9,11.77,40,95,Good,Low,5,Yes,90,"80,001+"
V09958,Sedan,1,42007,89,2894,35,16.8,11.53,41,54,Worn,Low,2,Yes,100,"80,001+"
V09959,Truck,1,138070,96,2377,49,13.1,12.48,39,44,Good,Low,1,No,100,"80,001+"
V09960,Hatchback,13,166204,106,2480,31,13.9,12.47,41,68,Moderate,Low,6,Yes,70,"50,001–80,000"
V09961,SUV,15,145955,85,2262,22,19.8,12.16,30,76,Good,High,8,No,50,"25,001–50,000"
V09962,SUV,8,165904,89,2654,35,11.7,11.63,32,57,Worn,Low,6,Yes,100,"80,001+"
V09963,Hatchback,11,96240,100,2436,48,18.9,11.86,37,97,Critical,High,4,No,50,"25,001–50,000"
V09964,Truck,5,56928,100,1917,27,13.8,12.08,37,89,Worn,Medium,5,No,80,"80,001+"
V09965,SUV,14,181415,93,2714,27,14.8,11.06,39,72,Critical,High,2,Yes,30,"10,001–25,000"
V09966,Hatchback,10,120073,85,2847,41,10.6,12.07,30,94,Good,Medium,1,No,100,"80,001+"
V09967,Truck,14,122034,101,1916,24,18.1,12.08,40,75,Moderate,Low,12,No,40,"25,001–50,000"
V09968,Truck,3,45426,87,2811,41,10.9,11.35,41,76,Good,High,12,Yes,70,"50,001–80,000"
V09969,Hatchback,8,157919,107,1570,20,17.8,12.41,34,75,Good,High,3,No,40,"25,001–50,000"
V09970,SUV,10,66901,89,1681,41,9.4,12.05,31,85,Critical,Medium,12,No,70,"50,001–80,000"
V09971,Sedan,15,29225,93,2688,45,14.2,11.53,35,103,Moderate,High,7,Yes,70,"50,001–80,000"
V09972,Sedan,9,149813,91,2906,30,9.2,12.29,42,59,Moderate,High,3,No,80,"80,001+"
V09973,Truck,2,68069,90,2600,31,18.9,12.47,39,66,Moderate,Low,2,Yes,100,"80,001+"
V09974,Sedan,10,161629,91,2058,44,8.5,12.65,45,107,Worn,High,6,Yes,80,"80,001+"
V09975,Hatchback,2,136964,104,2551,42,8.0,12.82,45,67,Worn,Medium,11,Yes,70,"50,001–80,000"
V09976,Hatchback,8,186283,110,2866,41,6.8,12.49,32,71,Worn,High,2,No,60,"50,001–80,000"
V09977,Hatchback,9,151707,95,2227,47,19.7,12.74,31,64,Good,Medium,10,No,90,"80,001+"
V09978,SUV,4,105726,90,2868,45,6.6,11.86,45,97,Worn,Medium,2,No,100,"80,001+"
V09979,Sedan,14,146781,100,1534,49,10.2,11.17,35,45,Moderate,Medium,1,Yes,90,"80,001+"
V09980,Hatchback,11,156722,106,1608,42,18.6,12.83,38,54,Worn,Medium,2,Yes,70,"50,001–80,000"
V09981,Sedan,2,178536,101,2312,40,13.3,11.32,42,62,Moderate,Medium,2,No,80,"80,001+"
V09982,Truck,15,77893,91,2683,47,9.9,12.45,40,85,Critical,High,11,Yes,40,"25,001–50,000"
V09983,Hatchback,8,179722,106,2670,47,6.1,12.2,30,84,Critical,High,9,Yes,30,"10,001–25,000"
V09984,Hatchback,2,143183,88,1621,25,10.9,12.92,35,83,Good,High,6,Yes,60,"50,001–80,000"
V09985,Truck,7,131460,102,2097,26,5.1,12.95,36,44,Good,Medium,12,No,50,"25,001–50,000"
V09986,Sedan,2,197774,92,2068,41,18.9,11.21,41,99,Worn,Low,12,No,90,"80,001+"
V09987,SUV,7,98536,91,2752,31,12.0,11.54,37,96,Good,Low,3,No,100,"80,001+"
V09988,Truck,13,125266,90,2752,50,6.0,11.03,42,67,Worn,Medium,2,No,90,"80,001+"
V09989,Hatchback,1,94066,98,1705,26,6.3,11.64,31,43,Critical,Medium,4,No,60,"50,001–80,000"
V09990,Hatchback,3,90346,101,2673,21,17.9,12.05,45,54,Worn,High,10,Yes,30,"10,001–25,000"
V09991,Truck,3,37314,96,2121,40,12.9,11.17,34,43,Moderate,Low,8,Yes,100,"80,001+"
V09992,Truck,15,179196,97,2312,44,6.8,12.19,44,96,Critical,High,1,No,50,"25,001–50,000"
V09993,Sedan,6,108869,98,1967,35,18.8,12.62,35,41,Worn,Low,2,No,100,"80,001+"
V09994,SUV,8,95732,103,1897,50,9.0,11.96,37,82,Critical,High,4,No,40,"25,001–50,000"
V09995,Truck,11,177966,107,1941,40,15.7,12.12,43,83,Worn,Medium,12,No,60,"50,001–80,000"
V09996,Hatchback,8,144653,110,1922,22,13.7,12.04,36,73,Moderate,High,7,No,40,"25,001–50,000"
V09997,Truck,4,191208,91,1572,30,16.7,11.97,38,69,Good,Low,6,No,100,"80,001+"
V09998,Truck,6,37662,109,2133,26,15.0,12.82,37,33,Worn,Medium,5,Yes,60,"50,001–80,000"
V09999,Sedan,15,62915,85,2790,46,11.0,11.96,43,32,Moderate,High,6,Yes,70,"50,001–80,000"
V10000,SUV,7,179076,102,2130,34,17.4,12.14,32,31,Worn,Low,2,No,80,"80,001+"
